Strategy,Rule,Period,WaitDays,CoreFraction,Months,Contributed,FinalValue,GainPct,Units,WeightedAverageNAV,AverageDelayDays,SignalBuys,UnitLiftVsImmediatePct
ImmediateSIP,Immediate,Development,0,1.0,104,1040000.0,2897876.037012965,178.641926635862,53212.947881269545,19.54411550964028,0.0,0,0.0
WaitAll_5,DailyDrop_0.75,Development,5,0.0,104,1040000.0,2888971.1187294866,177.7856844932199,53049.429170857715,19.60435797811215,4.346153846153846,32,-0.3072912081034884
Core50_Dip50_5,DailyDrop_0.75,Development,5,0.5,104,1040000.0,2893423.5778712262,178.213805564541,53131.18852606363,19.574190392707393,4.346153846153846,32,-0.1536456040517331
Core75_Dip25_5,DailyDrop_0.75,Development,5,0.75,104,1040000.0,2895649.8074420947,178.4278661002014,53172.068203666575,19.55914139010837,4.346153846153846,32,-0.07682280202589986
WaitAll_10,DailyDrop_0.75,Development,10,0.0,104,1040000.0,2881357.744724735,177.0536293004553,52909.62675386646,19.656158317616562,7.375,52,-0.570013764469246
Core50_Dip50_10,DailyDrop_0.75,Development,10,0.5,104,1040000.0,2889616.890868849,177.84777796815857,53061.287317567985,19.59997679241506,7.375,52,-0.28500688223466186
Core75_Dip25_10,DailyDrop_0.75,Development,10,0.75,104,1040000.0,2893746.4639409077,178.24485230201037,53137.11759941877,19.572006292102223,7.375,52,-0.14250344111731428
WaitAll_15,DailyDrop_0.75,Development,15,0.0,104,1040000.0,2876148.298003807,176.55272096190453,52813.96703160425,19.69176069234975,9.64423076923077,70,-0.7497815203839409
Core50_Dip50_15,DailyDrop_0.75,Development,15,0.5,104,1040000.0,2887012.1675083856,177.59732379888322,53013.45745643688,19.61766030549142,9.64423076923077,70,-0.37489076019200374
Core75_Dip25_15,DailyDrop_0.75,Development,15,0.75,104,1040000.0,2892444.102260676,178.11962521737271,53113.20266885323,19.580818849959492,9.64423076923077,70,-0.1874453800959741
WaitAll_20,DailyDrop_0.75,Development,20,0.0,104,1040000.0,2871115.3198895557,176.06878075861113,52721.54775670755,19.726279751862652,10.807692307692308,76,-0.9234596919126203
Core50_Dip50_20,DailyDrop_0.75,Development,20,0.5,104,1040000.0,2884495.678451259,177.35535369723644,52967.24781898853,19.634775126586142,10.807692307692308,76,-0.461729845956349
Core75_Dip25_20,DailyDrop_0.75,Development,20,0.75,104,1040000.0,2891185.857732113,177.99864016654934,53090.09785012905,19.589340425325133,10.807692307692308,76,-0.23086492297814676
WaitAll_5,DailyDrop_1.00,Development,5,0.0,104,1040000.0,2888289.860957065,177.72017893817934,53036.91941064902,19.608982036599652,4.5673076923076925,21,-0.3308000733454719
Core50_Dip50_5,DailyDrop_1.00,Development,5,0.5,104,1040000.0,2893082.948985015,178.1810527870207,53124.933645959274,19.576495039615043,4.5673076923076925,21,-0.16540003667274705
Core75_Dip25_5,DailyDrop_1.00,Development,5,0.75,104,1040000.0,2895479.4929989893,178.41148971144128,53168.940763614395,19.560291874607234,4.5673076923076925,21,-0.08270001833640128
WaitAll_10,DailyDrop_1.00,Development,10,0.0,104,1040000.0,2883510.4781286437,177.26062289698498,52949.15684037165,19.64148368094581,8.201923076923077,37,-0.49572717054967574
Core50_Dip50_10,DailyDrop_1.00,Development,10,0.5,104,1040000.0,2890693.257570803,177.95127476642335,53081.05236082058,19.592678625332415,8.201923076923077,37,-0.24786358527487673
Core75_Dip25_10,DailyDrop_1.00,Development,10,0.75,104,1040000.0,2894284.6472918843,178.2966007011427,53147.000121045065,19.568366937575888,8.201923076923077,37,-0.12393179263743281
WaitAll_15,DailyDrop_1.00,Development,15,0.0,104,1040000.0,2876522.4074125174,176.58869302043433,52820.83670588062,19.689199657911047,11.192307692307692,50,-0.736871740809808
Core50_Dip50_15,DailyDrop_1.00,Development,15,0.5,104,1040000.0,2887199.2222127398,177.61530982814807,53016.89229357505,19.61638932438962,11.192307692307692,50,-0.3684358704049595
Core75_Dip25_15,DailyDrop_1.00,Development,15,0.75,104,1040000.0,2892537.629612853,178.12861823200507,53114.92008742231,19.5801857234889,11.192307692307692,50,-0.18421793520245755
WaitAll_20,DailyDrop_1.00,Development,20,0.0,104,1040000.0,2873152.3858800596,176.26465248846728,52758.95387242778,19.71229381300359,13.067307692307692,61,-0.8531645528353948
Core50_Dip50_20,DailyDrop_1.00,Development,20,0.5,104,1040000.0,2885514.2114465097,177.45328956216437,52985.95087684861,19.627844415158204,13.067307692307692,61,-0.42658227641779733
Core75_Dip25_20,DailyDrop_1.00,Development,20,0.75,104,1040000.0,2891695.124229738,178.04760809901325,53099.44937905909,19.585890478369937,13.067307692307692,61,-0.2132911382088709
WaitAll_5,DailyDrop_1.25,Development,5,0.0,104,1040000.0,2887809.232706368,177.67396468330463,53028.09375843755,19.612245628469733,4.730769230769231,12,-0.3473856085636329
Core50_Dip50_5,DailyDrop_1.25,Development,5,0.5,104,1040000.0,2892842.634859666,178.1579456595833,53120.52081985354,19.57812129754769,4.730769230769231,12,-0.1736928042818331
Core75_Dip25_5,DailyDrop_1.25,Development,5,0.75,104,1040000.0,2895359.335936316,178.39993614772268,53166.73435056154,19.56110362435709,4.730769230769231,12,-0.08684640214091655
WaitAll_10,DailyDrop_1.25,Development,10,0.0,104,1040000.0,2881957.6861239416,177.1113159734559,52920.643322553326,19.65206646603218,8.971153846153847,22,-0.5493109672638719
Core50_Dip50_10,DailyDrop_1.25,Development,10,0.5,104,1040000.0,2889916.861568452,177.87662130465884,53066.795601911406,19.597942332936725,8.971153846153847,22,-0.27465548363199144
Core75_Dip25_10,DailyDrop_1.25,Development,10,0.75,104,1040000.0,2893896.4492907086,178.25927397026047,53139.87174159048,19.570991910882483,8.971153846153847,22,-0.13732774181598462
WaitAll_15,DailyDrop_1.25,Development,15,0.0,104,1040000.0,2874505.095575865,176.39472072844856,52783.79333057644,19.70301742973732,12.73076923076923,29,-0.8064852029071035
Core50_Dip50_15,DailyDrop_1.25,Development,15,0.5,104,1040000.0,2886190.5662944135,177.51832368215514,52998.370605922966,19.623244792430885,12.73076923076923,29,-0.4032426014536017
Core75_Dip25_15,DailyDrop_1.25,Development,15,0.75,104,1040000.0,2892033.30165369,178.08012515900867,53105.65924359627,19.583600219131224,12.73076923076923,29,-0.2016213007267842
WaitAll_20,DailyDrop_1.25,Development,20,0.0,104,1040000.0,2867252.86874179,175.6973912251721,52650.62256563835,19.75285285000107,15.451923076923077,41,-1.0567452810279931
Core50_Dip50_20,DailyDrop_1.25,Development,20,0.5,104,1040000.0,2882564.452877375,177.16965893051682,52931.785223453895,19.647929795105032,15.451923076923077,41,-0.5283726405140854
Core75_Dip25_20,DailyDrop_1.25,Development,20,0.75,104,1040000.0,2890220.244945172,177.90579278318967,53072.36655236176,19.59588515755982,15.451923076923077,41,-0.264186320256965
WaitAll_5,DailyDrop_1.50,Development,5,0.0,104,1040000.0,2889380.329392624,177.8250316723677,53056.94340038716,19.601581496163067,4.836538461538462,10,-0.29317015330643237
Core50_Dip50_5,DailyDrop_1.50,Development,5,0.5,104,1040000.0,2893628.1832027934,178.23347915411475,53134.94564082833,19.572806322791738,4.836538461538462,10,-0.1465850766532606
Core75_Dip25_5,DailyDrop_1.50,Development,5,0.75,104,1040000.0,2895752.110107879,178.4377028949884,53173.94676104894,19.558450394391684,4.836538461538462,10,-0.0732925383266303
WaitAll_10,DailyDrop_1.50,Development,10,0.0,104,1040000.0,2882472.345395463,177.16080244187145,52930.09387759512,19.648557631601395,9.173076923076923,19,-0.5315510884785768
Core50_Dip50_10,DailyDrop_1.50,Development,10,0.5,104,1040000.0,2890174.1912042117,177.90136453886652,53071.52087943229,19.596197409956815,9.173076923076923,19,-0.2657755442393661
Core75_Dip25_10,DailyDrop_1.50,Development,10,0.75,104,1040000.0,2894025.114108589,178.27164558736433,53142.23438035093,19.570121808512717,9.173076923076923,19,-0.13288777211966085
WaitAll_15,DailyDrop_1.50,Development,15,0.0,104,1040000.0,2873535.6079660766,176.3015007659689,52765.99088043976,19.709664930892558,13.153846153846153,22,-0.8399403126980509
Core50_Dip50_15,DailyDrop_1.50,Development,15,0.5,104,1040000.0,2885705.822489518,177.4717137009152,52989.4693808546,19.626541125089243,13.153846153846153,22,-0.4199701563491254
Core75_Dip25_15,DailyDrop_1.50,Development,15,0.75,104,1040000.0,2891790.9297512425,178.0568201683887,53101.20863106209,19.58524159451319,13.153846153846153,22,-0.20998507817453493
WaitAll_20,DailyDrop_1.50,Development,20,0.0,104,1040000.0,2866354.732059157,175.6110319287651,52634.13031411594,19.75904216130047,16.23076923076923,27,-1.087738210717215
Core50_Dip50_20,DailyDrop_1.50,Development,20,0.5,104,1040000.0,2882115.3845360572,177.1264792823132,52923.53909769267,19.65099117956269,16.23076923076923,27,-0.5438691053587408
Core75_Dip25_20,DailyDrop_1.50,Development,20,0.75,104,1040000.0,2889995.7107745125,177.88420295908773,53068.24348948113,19.597407632422254,16.23076923076923,27,-0.27193455267933153
WaitAll_5,ThreeDayDrop_1.50,Development,5,0.0,104,1040000.0,2884599.3519260017,177.36532230057708,52969.15154818111,19.634069446138074,4.519230769230769,21,-0.4581522783372316
Core50_Dip50_5,ThreeDayDrop_1.50,Development,5,0.5,104,1040000.0,2891237.6944694836,178.00362446821958,53091.049714725326,19.5889892098243,4.519230769230769,21,-0.2290761391686158
Core75_Dip25_5,ThreeDayDrop_1.50,Development,5,0.75,104,1040000.0,2894556.865741224,178.32277555204078,53151.99879799743,19.566526631528735,4.519230769230769,21,-0.11453806958431345
WaitAll_10,ThreeDayDrop_1.50,Development,10,0.0,104,1040000.0,2878498.394382595,176.7786917675572,52857.121243352136,19.675683721250735,8.240384615384615,33,-0.6686843185446878
Core50_Dip50_10,ThreeDayDrop_1.50,Development,10,0.5,104,1040000.0,2888187.2156977793,177.71030920170955,53035.03456231083,19.609678933613303,8.240384615384615,33,-0.33434215927237165
Core75_Dip25_10,ThreeDayDrop_1.50,Development,10,0.75,104,1040000.0,2893031.6263553724,178.17611791878582,53123.99122179019,19.576842328319206,8.240384615384615,33,-0.16717107963618583
WaitAll_15,ThreeDayDrop_1.50,Development,15,0.0,104,1040000.0,2870428.719381563,176.00276147899643,52708.93988922791,19.730998236459392,11.39423076923077,43,-0.9471529244464927
Core50_Dip50_15,ThreeDayDrop_1.50,Development,15,0.5,104,1040000.0,2884152.3781972625,177.3223440574291,52960.94388524871,19.63711225112196,11.39423076923077,43,-0.47357646222329075
Core75_Dip25_15,ThreeDayDrop_1.50,Development,15,0.75,104,1040000.0,2891014.207605115,177.98213534664566,53086.94588325915,19.59050351638258,11.39423076923077,43,-0.23678823111160652
WaitAll_20,ThreeDayDrop_1.50,Development,20,0.0,104,1040000.0,2865654.9379300964,175.54374403174003,52621.2801755863,19.763867327623647,13.586538461538462,56,-1.1118867291535772
Core50_Dip50_20,ThreeDayDrop_1.50,Development,20,0.5,104,1040000.0,2881765.4874715284,177.09283533380082,52917.11402842788,19.653377155853512,13.586538461538462,56,-0.5559433645768719
Core75_Dip25_20,ThreeDayDrop_1.50,Development,20,0.75,104,1040000.0,2889820.7622422487,177.86738098483158,53065.03095484875,19.598594051229348,13.586538461538462,56,-0.2779716822883693
WaitAll_5,ThreeDayDrop_2.00,Development,5,0.0,104,1040000.0,2883700.2173084365,177.27886704888812,52952.64097183773,19.640191327815213,4.730769230769231,12,-0.4891796447973884
Core50_Dip50_5,ThreeDayDrop_2.00,Development,5,0.5,104,1040000.0,2890788.1271607005,177.96039684237505,53082.794426553635,19.592035634803736,4.730769230769231,12,-0.24458982239869975
Core75_Dip25_5,ThreeDayDrop_2.00,Development,5,0.75,104,1040000.0,2894332.0820868323,178.3011617391185,53147.871153911576,19.5680462344061,4.730769230769231,12,-0.12229491119937208
WaitAll_10,ThreeDayDrop_2.00,Development,10,0.0,104,1040000.0,2879095.8417398133,176.8361386288282,52868.092014591275,19.6716007778939,8.923076923076923,21,-0.6480675858208884
Core50_Dip50_10,ThreeDayDrop_2.00,Development,10,0.5,104,1040000.0,2888485.939376388,177.73903263234502,53040.51994793039,19.60765092463201,8.923076923076923,21,-0.32403379291047196
Core75_Dip25_10,ThreeDayDrop_2.00,Development,10,0.75,104,1040000.0,2893180.988194677,178.19047963410358,53126.73391459997,19.5758316645585,8.923076923076923,21,-0.16201689645523043
WaitAll_15,ThreeDayDrop_2.00,Development,15,0.0,104,1040000.0,2870334.748981018,175.9937258635594,52707.214335076285,19.731644199376465,12.673076923076923,28,-0.9503956580674155
Core50_Dip50_15,ThreeDayDrop_2.00,Development,15,0.5,104,1040000.0,2884105.3929969897,177.31782624971055,52960.08110817288,19.63743216094708,12.673076923076923,28,-0.47519782903376884
Core75_Dip25_15,ThreeDayDrop_2.00,Development,15,0.75,104,1040000.0,2890990.7150049782,177.97987644278638,53086.51449472123,19.590662711589673,12.673076923076923,28,-0.23759891451684556
WaitAll_20,ThreeDayDrop_2.00,Development,20,0.0,104,1040000.0,2864684.4036740214,175.45042343019435,52603.45850615466,19.770563182234852,15.471153846153847,42,-1.1453779566484412
Core50_Dip50_20,ThreeDayDrop_2.00,Development,20,0.5,104,1040000.0,2881280.2203434915,177.04617503302802,52908.20319371207,19.656687190685012,15.471153846153847,42,-0.5726889783242872
Core75_Dip25_20,ThreeDayDrop_2.00,Development,20,0.75,104,1040000.0,2889578.128678229,177.8440508344451,53060.575537490826,19.600239715929405,15.471153846153847,42,-0.28634448916210475
WaitAll_5,ThreeDayDrop_2.50,Development,5,0.0,104,1040000.0,2884543.7372343657,177.35997473407363,52968.13030998815,19.63444799568257,4.903846153846154,5,-0.46007143191473254
Core50_Dip50_5,ThreeDayDrop_2.50,Development,5,0.5,104,1040000.0,2891209.887123665,178.00095068496776,53090.53909562884,19.589177614616226,4.903846153846154,5,-0.23003571595737737
Core75_Dip25_5,ThreeDayDrop_2.50,Development,5,0.75,104,1040000.0,2894542.962068314,178.32143866041483,53151.743488449174,19.566620617553415,4.903846153846154,5,-0.11501785797872754
WaitAll_10,ThreeDayDrop_2.50,Development,10,0.0,104,1040000.0,2879904.7730016387,176.91392048092678,52882.946210052105,19.6660752574015,9.548076923076923,9,-0.6201529596776889
Core50_Dip50_10,ThreeDayDrop_2.50,Development,10,0.5,104,1040000.0,2888890.405007301,177.77792355839432,53047.9470456608,19.604905711145133,9.548076923076923,9,-0.3100764798388833
Core75_Dip25_10,ThreeDayDrop_2.50,Development,10,0.75,104,1040000.0,2893383.221010132,178.20992509712812,53130.44746346516,19.57446341318977,9.548076923076923,9,-0.1550382399194583
WaitAll_15,ThreeDayDrop_2.50,Development,15,0.0,104,1040000.0,2870732.8273891187,176.0320026335691,52714.52414588681,19.728908054292827,13.875,15,-0.936658755487163
Core50_Dip50_15,ThreeDayDrop_2.50,Development,15,0.5,104,1040000.0,2884304.4322010404,177.33696463471543,52963.73601357815,19.636077026994062,13.875,15,-0.46832937774363703
Core75_Dip25_15,ThreeDayDrop_2.50,Development,15,0.75,104,1040000.0,2891090.234607003,177.98944563528875,53088.341947423854,19.589988344898135,13.875,15,-0.2341646888718074
WaitAll_20,ThreeDayDrop_2.50,Development,20,0.0,104,1040000.0,2863167.20915309,175.3045393416433,52575.59865572045,19.781039618972432,17.240384615384617,24,-1.1977333542414703
Core50_Dip50_20,ThreeDayDrop_2.50,Development,20,0.5,104,1040000.0,2880521.623083025,176.97323298875241,52894.27326849496,19.66186386040108,17.240384615384617,24,-0.5988666771208129
Core75_Dip25_20,ThreeDayDrop_2.50,Development,20,0.75,104,1040000.0,2889198.8300479962,177.80757981230732,53053.61057488227,19.60281286665866,17.240384615384617,24,-0.29943333856037313
WaitAll_5,FiveDayDrop_2.00,Development,5,0.0,104,1040000.0,2884911.8363134894,177.39536887629703,52974.889618137415,19.631942746775017,4.653846153846154,17,-0.44736905698833374
Core50_Dip50_5,FiveDayDrop_2.00,Development,5,0.5,104,1040000.0,2891393.9366632267,178.0186477560795,53093.91874970347,19.587930680023657,4.653846153846154,17,-0.22368452849418352
Core75_Dip25_5,FiveDayDrop_2.00,Development,5,0.75,104,1040000.0,2894634.9868380954,178.3302871959707,53153.433315486494,19.565998565458447,4.653846153846154,17,-0.11184226424711952
WaitAll_10,FiveDayDrop_2.00,Development,10,0.0,104,1040000.0,2878114.775492315,176.74180533579954,52850.07694892615,19.678306258759978,8.625,25,-0.6819222516163626
Core50_Dip50_10,FiveDayDrop_2.00,Development,10,0.5,104,1040000.0,2887995.4062526394,177.6918659858307,53031.51241509783,19.61098133237318,8.625,25,-0.3409611258082146
Core75_Dip25_10,FiveDayDrop_2.00,Development,10,0.75,104,1040000.0,2892935.721632802,178.16689631084634,53122.230148183684,19.57749132705715,8.625,25,-0.1704805629041184
WaitAll_15,FiveDayDrop_2.00,Development,15,0.0,104,1040000.0,2867395.492968521,175.71110509312703,52653.24153741172,19.75187034327314,12.288461538461538,32,-1.0518235995995995
Core50_Dip50_15,FiveDayDrop_2.00,Development,15,0.5,104,1040000.0,2882635.764990743,177.1765158644945,52933.09470934062,19.64744373459957,12.288461538461538,32,-0.5259117997998164
Core75_Dip25_15,FiveDayDrop_2.00,Development,15,0.75,104,1040000.0,2890255.901001855,177.90922125017835,53073.0212953051,19.595643410110508,12.288461538461538,32,-0.2629558998998749
WaitAll_20,FiveDayDrop_2.00,Development,20,0.0,104,1040000.0,2861965.2518416783,175.18896652323826,52553.52742460126,19.789347184964736,14.990384615384615,42,-1.2392105360139127
Core50_Dip50_20,FiveDayDrop_2.00,Development,20,0.5,104,1040000.0,2879920.6444273205,176.91544657955004,52883.23765293538,19.665966876411034,14.990384615384615,42,-0.6196052680070063
Core75_Dip25_20,FiveDayDrop_2.00,Development,20,0.75,104,1040000.0,2888898.3407201436,177.7786866077061,53048.092767102484,19.604851857086008,14.990384615384615,42,-0.3098026340034643
WaitAll_5,FiveDayDrop_2.50,Development,5,0.0,104,1040000.0,2883781.777994793,177.28670942257625,52954.138649618566,19.639635853230732,4.788461538461538,10,-0.4863651459949936
Core50_Dip50_5,FiveDayDrop_2.50,Development,5,0.5,104,1040000.0,2890828.9075038787,177.9643180292191,53083.54326544405,19.591759253889364,4.788461538461538,10,-0.24318257299750234
Core75_Dip25_5,FiveDayDrop_2.50,Development,5,0.75,104,1040000.0,2894352.4722584207,178.30312233254045,53148.24557335678,19.567908381181866,4.788461538461538,10,-0.12159128649879003
WaitAll_10,FiveDayDrop_2.50,Development,10,0.0,104,1040000.0,2877543.6752579627,176.68689185172718,52839.58998308723,19.682211772136778,9.23076923076923,14,-0.7016297969722807
Core50_Dip50_10,FiveDayDrop_2.50,Development,10,0.5,104,1040000.0,2887709.856135463,177.6644092437945,53026.26893217837,19.61292055698243,9.23076923076923,14,-0.35081489848617364
Core75_Dip25_10,FiveDayDrop_2.50,Development,10,0.75,104,1040000.0,2892792.9465742134,178.15316793982822,53119.60840672394,19.578457582687218,9.23076923076923,14,-0.17540744924311458
WaitAll_15,FiveDayDrop_2.50,Development,15,0.0,104,1040000.0,2867036.4000086025,175.6765769239041,52646.6476062992,19.754344241960116,13.39423076923077,20,-1.0642151910732145
Core50_Dip50_15,FiveDayDrop_2.50,Development,15,0.5,104,1040000.0,2882456.218510783,177.15925177988296,52929.79774378435,19.64866756216028,13.39423076923077,20,-0.5321075955366461
Core75_Dip25_15,FiveDayDrop_2.50,Development,15,0.75,104,1040000.0,2890166.127761874,177.90058920787249,53071.37281252695,19.596252082526096,13.39423076923077,20,-0.2660537977683286
WaitAll_20,FiveDayDrop_2.50,Development,20,0.0,104,1040000.0,2859943.8532776213,174.99460127669434,52516.40900577915,19.803334228080097,16.567307692307693,31,-1.3089650230326266
Core50_Dip50_20,FiveDayDrop_2.50,Development,20,0.5,104,1040000.0,2878909.9451452913,176.818263956278,52864.67844352431,19.67287100991334,16.567307692307693,31,-0.6544825115163855
Core75_Dip25_20,FiveDayDrop_2.50,Development,20,0.75,104,1040000.0,2888392.9910791293,177.73009529607015,53038.813162396946,19.608281897554438,16.567307692307693,31,-0.32724125575815943
WaitAll_5,FiveDayDrop_3.00,Development,5,0.0,104,1040000.0,2884070.057802226,177.31442863482943,52959.432257133936,19.63767275582729,4.903846153846154,5,-0.47641717707739284
Core50_Dip50_5,FiveDayDrop_3.00,Development,5,0.5,104,1040000.0,2890973.0474075954,177.97817763534573,53086.190069201744,19.590782435964677,4.903846153846154,5,-0.23820858853869087
Core75_Dip25_5,FiveDayDrop_3.00,Development,5,0.75,104,1040000.0,2894424.5422102795,178.3100521356038,53149.56897523563,19.567421148505925,4.903846153846154,5,-0.11910429426937874
WaitAll_10,FiveDayDrop_3.00,Development,10,0.0,104,1040000.0,2879195.012242989,176.84567425413354,52869.91305688206,19.670923212623357,9.557692307692308,9,-0.6446454068902097
Core50_Dip50_10,FiveDayDrop_3.00,Development,10,0.5,104,1040000.0,2888535.5246279766,177.74380044499773,53041.43046907579,19.607314335278733,9.557692307692308,9,-0.3223227034451215
Core75_Dip25_10,FiveDayDrop_3.00,Development,10,0.75,104,1040000.0,2893205.7808204703,178.1928635404298,53127.18917517266,19.575663914213095,9.557692307692308,9,-0.16116135172258295
WaitAll_15,FiveDayDrop_3.00,Development,15,0.0,104,1040000.0,2867496.1852787635,175.72078704603499,52655.09052425192,19.751176755094477,14.0,12,-1.0483489061014484
Core50_Dip50_15,FiveDayDrop_3.00,Development,15,0.5,104,1040000.0,2882686.111145864,177.1813568409484,52934.019202760726,19.64710059170719,14.0,12,-0.5241744530507408
Core75_Dip25_15,FiveDayDrop_3.00,Development,15,0.75,104,1040000.0,2890281.0740794144,177.91164173840522,53073.483542015136,19.59547274067084,14.0,12,-0.26208722652536487
WaitAll_20,FiveDayDrop_3.00,Development,20,0.0,104,1040000.0,2859194.571377573,174.9225549401513,52502.65013611516,19.808523899341456,17.48076923076923,18,-1.3348212670706072
Core50_Dip50_20,FiveDayDrop_3.00,Development,20,0.5,104,1040000.0,2878535.304195267,176.78224078800645,52857.79900869232,19.67543143120611,17.48076923076923,18,-0.6674106335353702
Core75_Dip25_20,FiveDayDrop_3.00,Development,20,0.75,104,1040000.0,2888205.670604118,177.71208371193444,53035.37344498097,19.60955363270702,17.48076923076923,18,-0.3337053167676074
WaitAll_5,TwentyDayDD_2,Development,5,0.0,104,1040000.0,2889448.819854246,177.83161729367748,53058.20107301294,19.60111686728438,3.7788461538461537,37,-0.2908066822418509
Core50_Dip50_5,TwentyDayDD_2,Development,5,0.5,104,1040000.0,2893662.4284336045,178.23677196476967,53135.57447714122,19.572574687178836,3.7788461538461537,37,-0.1454033411209643
Core75_Dip25_5,TwentyDayDD_2,Development,5,0.75,104,1040000.0,2895769.232723285,178.43934930031585,53174.26117920539,19.55833474573424,3.7788461538461537,37,-0.07270167056047105
WaitAll_10,TwentyDayDD_2,Development,10,0.0,104,1040000.0,2885118.4767724243,177.41523815119464,52978.6841034194,19.630536650737145,6.740384615384615,50,-0.4402383013488387
Core50_Dip50_10,TwentyDayDD_2,Development,10,0.5,104,1040000.0,2891497.256892692,178.02858239352807,53095.81599234442,19.58723075562021,6.740384615384615,50,-0.2201191506745248
Core75_Dip25_10,TwentyDayDD_2,Development,10,0.75,104,1040000.0,2894686.646952829,178.3352545146951,53154.38193680699,19.56564938026017,6.740384615384615,50,-0.1100595753372513
WaitAll_15,TwentyDayDD_2,Development,15,0.0,104,1040000.0,2879484.4401681344,176.87350386232063,52875.227746985925,19.668946013367925,9.192307692307692,55,-0.6346578186894547
Core50_Dip50_15,TwentyDayDD_2,Development,15,0.5,104,1040000.0,2888680.2385905473,177.7577152490911,53044.08781412769,19.606332069358498,9.192307692307692,55,-0.31732890934480507
Core75_Dip25_15,TwentyDayDD_2,Development,15,0.75,104,1040000.0,2893278.1378017575,178.19982094247672,53128.51784769864,19.575174353279074,9.192307692307692,55,-0.15866445467236368
WaitAll_20,TwentyDayDD_2,Development,20,0.0,104,1040000.0,2877030.8922581314,176.63758579405112,52830.173881537026,19.68571979967412,10.990384615384615,64,-0.719324929313403
Core50_Dip50_20,TwentyDayDD_2,Development,20,0.5,104,1040000.0,2887453.4646355445,177.63975621495618,53021.56088140322,19.614662086735542,10.990384615384615,64,-0.35966246465682916
Core75_Dip25_20,TwentyDayDD_2,Development,20,0.75,104,1040000.0,2892664.7508242563,178.14084142540926,53117.25438133641,19.57932525152167,10.990384615384615,64,-0.17983123232836462
WaitAll_5,TwentyDayDD_3,Development,5,0.0,104,1040000.0,2888720.7983343643,177.7616152244581,53044.83260220911,19.60605678217727,4.211538461538462,24,-0.31592927239351143
Core50_Dip50_5,TwentyDayDD_3,Development,5,0.5,104,1040000.0,2893298.4176736637,178.20177093016,53128.89024173931,19.575037145853113,4.211538461538462,24,-0.15796463619678347
Core75_Dip25_5,TwentyDayDD_3,Development,5,0.75,104,1040000.0,2895587.227343314,178.42184878301092,53170.91906150442,19.55956410678176,4.211538461538462,24,-0.07898231809840839
WaitAll_10,TwentyDayDD_3,Development,10,0.0,104,1040000.0,2883894.3594846916,177.29753456583572,52956.205954388635,19.638869160977197,7.855769230769231,30,-0.48248018030078166
Core50_Dip50_10,TwentyDayDD_3,Development,10,0.5,104,1040000.0,2890885.198248827,177.96973060084875,53084.57691782906,19.591377767027172,7.855769230769231,30,-0.2412400901504519
Core75_Dip25_10,TwentyDayDD_3,Development,10,0.75,104,1040000.0,2894380.6176308957,178.30582861835532,53148.7623995493,19.567718100032735,7.855769230769231,30,-0.12062004507523705
WaitAll_15,TwentyDayDD_3,Development,15,0.0,104,1040000.0,2876663.6029259018,176.60226951210595,52823.42944256046,19.688233251324263,11.278846153846153,33,-0.7319993614677944
Core50_Dip50_15,TwentyDayDD_3,Development,15,0.5,104,1040000.0,2887269.819969433,177.62209807398395,53018.18866191499,19.615909676429066,11.278846153846153,33,-0.3659996807339305
Core75_Dip25_15,TwentyDayDD_3,Development,15,0.75,104,1040000.0,2892572.9284911994,178.132012354923,53115.568271592274,19.57994678099343,11.278846153846153,33,-0.1829998403669486
WaitAll_20,TwentyDayDD_3,Development,20,0.0,104,1040000.0,2874544.0367261753,176.39846506982457,52784.50839684409,19.702750515001103,13.961538461538462,43,-0.8051414204328755
Core50_Dip50_20,TwentyDayDD_3,Development,20,0.5,104,1040000.0,2886210.036869569,177.5201958528432,52998.7281390568,19.623112412646446,13.961538461538462,43,-0.4025707102164655
Core75_Dip25_20,TwentyDayDD_3,Development,20,0.75,104,1040000.0,2892043.036941268,178.08106124435267,53105.838010163185,19.583534296191107,13.961538461538462,43,-0.2012853551082161
WaitAll_5,TwentyDayDD_4,Development,5,0.0,104,1040000.0,2886945.988347272,177.59096041800692,53012.24222562432,19.618110012658533,4.538461538461538,15,-0.3771744728238713
Core50_Dip50_5,TwentyDayDD_4,Development,5,0.5,104,1040000.0,2892411.0126801175,178.11644352693438,53112.595053446916,19.581042857225366,4.538461538461538,15,-0.1885872364119745
Core75_Dip25_5,TwentyDayDD_4,Development,5,0.75,104,1040000.0,2895143.5248465408,178.37918508139813,53162.771467358216,19.56256175693468,4.538461538461538,15,-0.09429361820600946
WaitAll_10,TwentyDayDD_4,Development,10,0.0,104,1040000.0,2879752.273493777,176.89925706670934,52880.14590104644,19.667116689619792,8.663461538461538,19,-0.6254154176266735
Core50_Dip50_10,TwentyDayDD_4,Development,10,0.5,104,1040000.0,2888814.1552533694,177.77059185128553,53046.54689115796,19.605423179267337,8.663461538461538,19,-0.3127077088133978
Core75_Dip25_10,TwentyDayDD_4,Development,10,0.75,104,1040000.0,2893345.096133167,178.20625924357375,53129.74738621375,19.574721340946223,8.663461538461538,19,-0.15635385440671
WaitAll_15,TwentyDayDD_4,Development,15,0.0,104,1040000.0,2871242.9703653706,176.08105484282407,52723.8917693671,19.725402755724613,12.663461538461538,22,-0.9190547251650916
Core50_Dip50_15,TwentyDayDD_4,Development,15,0.5,104,1040000.0,2884559.503689167,177.361490739343,52968.419825318306,19.63434067751615,12.663461538461538,22,-0.4595273625825791
Core75_Dip25_15,TwentyDayDD_4,Development,15,0.75,104,1040000.0,2891217.7703510663,178.00170868760256,53090.68385329393,19.58912420254076,12.663461538461538,22,-0.229763681291284
WaitAll_20,TwentyDayDD_4,Development,20,0.0,104,1040000.0,2865010.505028864,175.48177932969847,52609.4466209593,19.768312856301172,15.884615384615385,29,-1.1341248405496995
Core50_Dip50_20,TwentyDayDD_4,Development,20,0.5,104,1040000.0,2881443.271020912,177.06185298278,52911.197251114376,19.655574888320945,15.884615384615385,29,-0.5670624202749441
Core75_Dip25_20,TwentyDayDD_4,Development,20,0.75,104,1040000.0,2889659.65401694,177.85188980932114,53062.072566191986,19.599686738633473,15.884615384615385,29,-0.2835312101374221
WaitAll_5,SixtyDayDD_4,Development,5,0.0,104,1040000.0,2889794.8346605725,177.86488794813198,53064.554853374844,19.59876989213747,4.076923076923077,26,-0.27886639211531783
Core50_Dip50_5,SixtyDayDD_4,Development,5,0.5,104,1040000.0,2893835.435836768,178.25340729199692,53138.75136732218,19.57140454451007,4.076923076923077,26,-0.13943319605769222
Core75_Dip25_5,SixtyDayDD_4,Development,5,0.75,104,1040000.0,2895855.736424865,178.44766696392935,53175.849624295835,19.5577505079454,4.076923076923077,26,-0.06971659802889052
WaitAll_10,SixtyDayDD_4,Development,10,0.0,104,1040000.0,2884445.222347919,177.35050214883836,52966.32130661773,19.635118587517614,7.673076923076923,30,-0.46347098680211696
Core50_Dip50_10,SixtyDayDD_4,Development,10,0.5,104,1040000.0,2891160.62968044,177.99621439235,53089.63459394359,19.589511360446284,7.673076923076923,30,-0.23173549340114175
Core75_Dip25_10,SixtyDayDD_4,Development,10,0.75,104,1040000.0,2894518.333346702,178.31907051410596,53151.291237606565,19.566787104960497,7.673076923076923,30,-0.11586774670058198
WaitAll_15,SixtyDayDD_4,Development,15,0.0,104,1040000.0,2877744.6750000785,176.70621875000757,52843.280889345726,19.680837042986955,11.14423076923077,32,-0.6946936913711954
Core50_Dip50_15,SixtyDayDD_4,Development,15,0.5,104,1040000.0,2887810.35600652,177.67407269293457,53028.1143853076,19.612237999700604,11.14423076923077,32,-0.34734684568565877
Core75_Dip25_15,SixtyDayDD_4,Development,15,0.75,104,1040000.0,2892843.196509743,178.15799966439835,53120.53113328858,19.578117496424507,11.14423076923077,32,-0.17367342284281273
WaitAll_20,SixtyDayDD_4,Development,20,0.0,104,1040000.0,2874546.5816524373,176.39870977427285,52784.55512866658,19.702733071538006,13.98076923076923,39,-0.8050536000351105
Core50_Dip50_20,SixtyDayDD_4,Development,20,0.5,104,1040000.0,2886211.3093326986,177.52031820506718,52998.75150496801,19.623103761274685,13.98076923076923,39,-0.4025268000176552
Core75_Dip25_20,SixtyDayDD_4,Development,20,0.75,104,1040000.0,2892043.6731728334,178.08112242046477,53105.849693118806,19.583529987935737,13.98076923076923,39,-0.20126340000877763
WaitAll_5,SixtyDayDD_5,Development,5,0.0,104,1040000.0,2889019.255774244,177.7903130552158,53050.31309895579,19.6040313289022,4.365384615384615,19,-0.3056300934062728
Core50_Dip50_5,SixtyDayDD_5,Development,5,0.5,104,1040000.0,2893447.6463936036,178.2161198455388,53131.63049011265,19.574027569011555,4.365384615384615,19,-0.1528150467031697
Core75_Dip25_5,SixtyDayDD_5,Development,5,0.75,104,1040000.0,2895661.8417032836,178.42902324070033,53172.28918569108,19.55906010305588,4.365384615384615,19,-0.07640752335161816
WaitAll_10,SixtyDayDD_5,Development,10,0.0,104,1040000.0,2884732.3673102446,177.37811224136965,52971.594075266024,19.63316411664504,8.326923076923077,24,-0.4535621791561639
Core50_Dip50_10,SixtyDayDD_5,Development,10,0.5,104,1040000.0,2891304.2021616027,178.01001943861564,53092.27097826774,19.5885386109346,8.326923076923077,24,-0.22678108957816523
Core75_Dip25_10,SixtyDayDD_5,Development,10,0.75,104,1040000.0,2894590.119587284,178.32597303723884,53152.60942976864,19.56630184589842,8.326923076923077,24,-0.11339054478908261
WaitAll_15,SixtyDayDD_5,Development,15,0.0,104,1040000.0,2874228.4065907146,176.36811601833796,52778.712562331675,19.70491415022221,12.096153846153847,25,-0.8160331953545374
Core50_Dip50_15,SixtyDayDD_5,Development,15,0.5,104,1040000.0,2886052.221801838,177.5050213270998,52995.83022180057,19.62418544340837,12.096153846153847,25,-0.4080165976773409
Core75_Dip25_15,SixtyDayDD_5,Development,15,0.75,104,1040000.0,2891964.129407402,178.07347398148096,53104.38905153507,19.584068634905744,12.096153846153847,25,-0.2040082988386427
WaitAll_20,SixtyDayDD_5,Development,20,0.0,104,1040000.0,2871065.586148746,176.06399866814866,52720.634508892996,19.726621458331866,15.221153846153847,28,-0.9251759054488273
Core50_Dip50_20,SixtyDayDD_5,Development,20,0.5,104,1040000.0,2884470.8115808517,177.35296265200495,52966.791195081205,19.634944396944707,15.221153846153847,28,-0.4625879527245358
Core75_Dip25_20,SixtyDayDD_5,Development,20,0.75,104,1040000.0,2891173.4242969104,177.99744464393368,53089.86953817541,19.589424668903465,15.221153846153847,28,-0.23129397636221238
WaitAll_5,RSI_30,Development,5,0.0,104,1040000.0,2883571.0731785498,177.2664493440913,52950.269531594924,19.641070936937194,4.855769230769231,5,-0.49363615460793486
Core50_Dip50_5,RSI_30,Development,5,0.5,104,1040000.0,2890723.5550957564,177.9541879899766,53081.60870643222,19.592473275475108,4.855769230769231,5,-0.24681807730398964
Core75_Dip25_5,RSI_30,Development,5,0.75,104,1040000.0,2894299.79605436,178.29805731291924,53147.27829385087,19.5682645167613,4.855769230769231,5,-0.12340903865202257
WaitAll_10,RSI_30,Development,10,0.0,104,1040000.0,2876628.3770915237,176.5988824126465,52822.78259967799,19.688474344142936,9.548076923076923,9,-0.7332149356996887
Core50_Dip50_10,RSI_30,Development,10,0.5,104,1040000.0,2887252.207052243,177.62040452425413,53017.86524047374,19.616029338089344,9.548076923076923,9,-0.36660746784989984
Core75_Dip25_10,RSI_30,Development,10,0.75,104,1040000.0,2892564.1220326032,178.13116558005802,53115.40656087163,19.580006392460408,9.548076923076923,9,-0.18330373392497767
WaitAll_15,RSI_30,Development,15,0.0,104,1040000.0,2864397.896376614,175.4228746515975,52598.19744678227,19.772540704503225,14.057692307692308,10,-1.1552647597327659
Core50_Dip50_15,RSI_30,Development,15,0.5,104,1040000.0,2881136.966694788,177.0324006437296,52905.57266402589,19.657664545178754,14.057692307692308,10,-0.5776323798664218
Core75_Dip25_15,RSI_30,Development,15,0.75,104,1040000.0,2889506.5018538763,177.8371636397958,53059.26027264771,19.60072557845524,14.057692307692308,10,-0.28881618993321645
WaitAll_20,RSI_30,Development,20,0.0,104,1040000.0,2857812.6587173585,174.7896787228229,52477.274431486934,19.81810243132575,17.692307692307693,13,-1.3825083538391292
Core50_Dip50_20,RSI_30,Development,20,0.5,104,1040000.0,2877844.3478651587,176.7158026793422,52845.11115637818,19.6801554059079,17.692307692307693,13,-0.6912541769196756
Core75_Dip25_20,RSI_30,Development,20,0.75,104,1040000.0,2887860.1924390635,177.67886465760228,53029.02951882389,19.61189954703636,17.692307692307693,13,-0.34562708845978785
WaitAll_5,RSI_35,Development,5,0.0,104,1040000.0,2886657.8630422265,177.56325606175255,53006.951455196315,19.620068150477422,4.711538461538462,9,-0.38711711016810035
Core50_Dip50_5,RSI_35,Development,5,0.5,104,1040000.0,2892266.9500275953,178.10259134880724,53109.94966823292,19.582018181087893,4.711538461538462,9,-0.19355855508407238
Core75_Dip25_5,RSI_35,Development,5,0.75,104,1040000.0,2895071.49352028,178.37225899233462,53161.448774751225,19.56304848663084,4.711538461538462,9,-0.09677927754204729
WaitAll_10,RSI_35,Development,10,0.0,104,1040000.0,2878337.269201162,176.76319896165018,52854.162543334445,19.67678513773286,9.14423076923077,13,-0.6742444315162466
Core50_Dip50_10,RSI_35,Development,10,0.5,104,1040000.0,2888106.653107062,177.702562798756,53033.555212301966,19.6102259378371,9.14423076923077,13,-0.3371222157581788
Core75_Dip25_10,RSI_35,Development,10,0.75,104,1040000.0,2892991.3450600132,178.17224471730896,53123.25154678575,19.577114911425742,9.14423076923077,13,-0.16856110787909495
WaitAll_15,RSI_35,Development,15,0.0,104,1040000.0,2866648.51309729,175.63928010550867,52639.52493930728,19.75701720711019,13.442307692307692,15,-1.0776004051527122
Core50_Dip50_15,RSI_35,Development,15,0.5,104,1040000.0,2882262.2750551268,177.14060337068526,52926.236410288395,19.649989693917348,13.442307692307692,15,-0.5388002025763949
Core75_Dip25_15,RSI_35,Development,15,0.75,104,1040000.0,2890069.1560340463,177.8912650032737,53069.59214577898,19.596909603962708,13.442307692307692,15,-0.26940010128817526
WaitAll_20,RSI_35,Development,20,0.0,104,1040000.0,2859722.6252568047,174.97332935161586,52512.34665287266,19.80486621317479,16.83653846153846,21,-1.3165991667292931
Core50_Dip50_20,RSI_35,Development,20,0.5,104,1040000.0,2878799.3311348828,176.80762799373872,52862.647267071065,19.67362691364554,16.83653846153846,21,-0.6582995833647187
Core75_Dip25_20,RSI_35,Development,20,0.75,104,1040000.0,2888337.6840739246,177.72477731480043,53037.79757417032,19.60865736450726,16.83653846153846,21,-0.32914979168232605
WaitAll_5,RSI_40,Development,5,0.0,104,1040000.0,2887205.8053270006,177.61594281990392,53017.013177598936,19.61634459708543,4.586538461538462,17,-0.3682087000851486
Core50_Dip50_5,RSI_40,Development,5,0.5,104,1040000.0,2892540.9211699823,178.1289347278829,53114.98052943423,19.580163442282974,4.586538461538462,17,-0.18410435004259096
Core75_Dip25_5,RSI_40,Development,5,0.75,104,1040000.0,2895208.479091473,178.3854306818724,53163.96420535188,19.562122869221742,4.586538461538462,17,-0.09205217502131768
WaitAll_10,RSI_40,Development,10,0.0,104,1040000.0,2879512.0837873844,176.8761619026331,52875.735359613805,19.66875718941483,8.615384615384615,22,-0.633703891782389
Core50_Dip50_10,RSI_40,Development,10,0.5,104,1040000.0,2888694.060400172,177.75904426924734,53044.34162044163,19.6062382570739,8.615384615384615,22,-0.3168519458912833
Core75_Dip25_10,RSI_40,Development,10,0.75,104,1040000.0,2893285.0487065697,178.20048545255477,53128.6447508556,19.57512759598957,8.615384615384615,22,-0.15842597294561944
WaitAll_15,RSI_40,Development,15,0.0,104,1040000.0,2869649.2667929274,175.92781411470457,52694.62700301567,19.73635755957589,12.442307692307692,25,-0.9740502995819189
Core50_Dip50_15,RSI_40,Development,15,0.5,104,1040000.0,2883762.651902945,177.28487037528313,52953.78744214257,19.6397661099559,12.442307692307692,25,-0.4870251497910205
Core75_Dip25_15,RSI_40,Development,15,0.75,104,1040000.0,2890819.344457956,177.96339850557268,53083.367661706085,19.591824064889682,12.442307692307692,25,-0.24351257489546585
WaitAll_20,RSI_40,Development,20,0.0,104,1040000.0,2865182.0585999642,175.49827486538118,52612.59681479824,19.767129223081444,15.461538461538462,34,-1.1282048643702747
Core50_Dip50_20,RSI_40,Development,20,0.5,104,1040000.0,2881529.047806462,177.07010075062132,52912.77234803384,19.654989785063584,15.461538461538462,34,-0.5641024321852428
Core75_Dip25_20,RSI_40,Development,20,0.75,104,1040000.0,2889702.5424097152,177.85601369324183,53062.860114651725,19.599395843964977,15.461538461538462,34,-0.28205121609256034
WaitAll_5,DD3_RSI35,Development,5,0.0,104,1040000.0,2886657.8630422265,177.56325606175255,53006.951455196315,19.620068150477422,4.711538461538462,9,-0.38711711016810035
Core50_Dip50_5,DD3_RSI35,Development,5,0.5,104,1040000.0,2892266.9500275953,178.10259134880724,53109.94966823292,19.582018181087893,4.711538461538462,9,-0.19355855508407238
Core75_Dip25_5,DD3_RSI35,Development,5,0.75,104,1040000.0,2895071.49352028,178.37225899233462,53161.448774751225,19.56304848663084,4.711538461538462,9,-0.09677927754204729
WaitAll_10,DD3_RSI35,Development,10,0.0,104,1040000.0,2878337.269201162,176.76319896165018,52854.162543334445,19.67678513773286,9.14423076923077,13,-0.6742444315162466
Core50_Dip50_10,DD3_RSI35,Development,10,0.5,104,1040000.0,2888106.653107062,177.702562798756,53033.555212301966,19.6102259378371,9.14423076923077,13,-0.3371222157581788
Core75_Dip25_10,DD3_RSI35,Development,10,0.75,104,1040000.0,2892991.3450600132,178.17224471730896,53123.25154678575,19.577114911425742,9.14423076923077,13,-0.16856110787909495
WaitAll_15,DD3_RSI35,Development,15,0.0,104,1040000.0,2866648.51309729,175.63928010550867,52639.52493930728,19.75701720711019,13.442307692307692,15,-1.0776004051527122
Core50_Dip50_15,DD3_RSI35,Development,15,0.5,104,1040000.0,2882262.2750551268,177.14060337068526,52926.236410288395,19.649989693917348,13.442307692307692,15,-0.5388002025763949
Core75_Dip25_15,DD3_RSI35,Development,15,0.75,104,1040000.0,2890069.1560340463,177.8912650032737,53069.59214577898,19.596909603962708,13.442307692307692,15,-0.26940010128817526
WaitAll_20,DD3_RSI35,Development,20,0.0,104,1040000.0,2859390.7960492875,174.9414226970469,52506.253358991366,19.807164546466474,16.875,20,-1.3280499397533507
Core50_Dip50_20,DD3_RSI35,Development,20,0.5,104,1040000.0,2878633.4165311246,176.79167466645427,52859.60062013042,19.674760834343854,16.875,20,-0.664024969876742
Core75_Dip25_20,DD3_RSI35,Development,20,0.75,104,1040000.0,2888254.7267720453,177.7168006511582,53036.27425069999,19.60922057013222,16.875,20,-0.3320124849383488
WaitAll_5,Drop5_2_RSI35,Development,5,0.0,104,1040000.0,2884359.5032863286,177.34225993137773,52964.7472696684,19.635702115312128,4.875,5,-0.4664289829515611
Core50_Dip50_5,Drop5_2_RSI35,Development,5,0.5,104,1040000.0,2891117.7701496463,177.99209328361982,53088.847575468964,19.589801766210464,4.875,5,-0.2332144914757972
Core75_Dip25_5,Drop5_2_RSI35,Development,5,0.75,104,1040000.0,2894496.903581305,178.31700995974086,53150.89772836924,19.566931970086014,4.875,5,-0.11660724573793191
WaitAll_10,Drop5_2_RSI35,Development,10,0.0,104,1040000.0,2876251.718174566,176.5626652090929,52815.86610944131,19.691052644010142,9.509615384615385,9,-0.7462126937868852
Core50_Dip50_10,Drop5_2_RSI35,Development,10,0.5,104,1040000.0,2887063.8775937646,177.60229592247737,53014.406995355406,19.617308934364097,9.509615384615385,9,-0.37310634689348143
Core75_Dip25_10,Drop5_2_RSI35,Development,10,0.75,104,1040000.0,2892469.957303364,178.1221112791696,53113.67743831246,19.580643822071664,9.509615384615385,9,-0.18655317344677957
WaitAll_15,Drop5_2_RSI35,Development,15,0.0,104,1040000.0,2861948.020642922,175.18730967720404,52553.21101255684,19.789466332542588,14.009615384615385,11,-1.2398051507778285
Core50_Dip50_15,Drop5_2_RSI35,Development,15,0.5,104,1040000.0,2879912.028827943,176.91461815653295,52883.07944691318,19.66602570949006,14.009615384615385,11,-0.619902575388942
Core75_Dip25_15,Drop5_2_RSI35,Development,15,0.75,104,1040000.0,2888894.0329204537,177.77827239619745,53048.01366409136,19.604881091032908,14.009615384615385,11,-0.30995128769447655
WaitAll_20,Drop5_2_RSI35,Development,20,0.0,104,1040000.0,2853667.0617253683,174.39106362743922,52401.149906540406,19.846892708554726,17.567307692307693,16,-1.525564748903685
Core50_Dip50_20,Drop5_2_RSI35,Development,20,0.5,104,1040000.0,2875771.5493691643,176.51649513165043,52807.04889390493,19.694340467490854,17.567307692307693,16,-0.7627823744519202
Core75_Dip25_20,Drop5_2_RSI35,Development,20,0.75,104,1040000.0,2886823.793191065,177.57921088375625,53009.99838758725,19.618940419427084,17.567307692307693,16,-0.38139118722594345
WaitAll_5,Daily1_DD2,Development,5,0.0,104,1040000.0,2888267.1068720794,177.71799104539224,53036.50158327373,19.609136518310393,4.653846153846154,16,-0.33158527204601995
Core50_Dip50_5,Daily1_DD2,Development,5,0.5,104,1040000.0,2893071.5719425217,178.17995884062708,53124.72473227163,19.57657202444255,4.653846153846154,16,-0.16579263602303218
Core75_Dip25_5,Daily1_DD2,Development,5,0.75,104,1040000.0,2895473.804477743,178.4109427382445,53168.83630677058,19.56033030325257,4.653846153846154,16,-0.08289631801152719
WaitAll_10,Daily1_DD2,Development,10,0.0,104,1040000.0,2883285.1341461604,177.23895520636157,52945.01890712604,19.643018766776247,8.692307692307692,25,-0.503503347984624
Core50_Dip50_10,Daily1_DD2,Development,10,0.5,104,1040000.0,2890580.585579561,177.94044092111164,53078.98339419776,19.5934423286955,8.692307692307692,25,-0.251751673992362
Core75_Dip25_10,Daily1_DD2,Development,10,0.75,104,1040000.0,2894228.3112962637,178.2911837784869,53145.965637733665,19.568747834766963,8.692307692307692,25,-0.12587583699615879
WaitAll_15,Daily1_DD2,Development,15,0.0,104,1040000.0,2876432.359961976,176.58003461172848,52819.18318784489,19.689816033340932,12.384615384615385,29,-0.7399791011451606
Core50_Dip50_15,Daily1_DD2,Development,15,0.5,104,1040000.0,2887154.198487469,177.61098062379511,53016.06553455719,19.61669523216698,12.384615384615385,29,-0.36998955057263583
Core75_Dip25_15,Daily1_DD2,Development,15,0.75,104,1040000.0,2892515.1177502177,178.12645362982863,53114.50670791338,19.580338112131113,12.384615384615385,29,-0.1849947752862846
WaitAll_20,Daily1_DD2,Development,20,0.0,104,1040000.0,2871581.5975464275,176.11361514869498,52730.109892677625,19.723076665622877,15.048076923076923,44,-0.9073693674502725
Core50_Dip50_20,Daily1_DD2,Development,20,0.5,104,1040000.0,2884728.8172796927,177.37777089227814,52971.528886973516,19.63318827778353,15.048076923076923,44,-0.45368468372526394
Core75_Dip25_20,Daily1_DD2,Development,20,0.75,104,1040000.0,2891302.4271463314,178.0098487640703,53092.23838412158,19.58855063664137,15.048076923076923,44,-0.22684234186254315
WaitAll_5,Drop3_2_DD3,Development,5,0.0,104,1040000.0,2884305.8460436044,177.33710058111583,52963.761975603345,19.63606740168975,4.836538461538462,8,-0.4682805888187036
Core50_Dip50_5,Drop3_2_DD3,Development,5,0.5,104,1040000.0,2891090.9415282845,177.9895136084889,53088.35492843644,19.589983554810257,4.836538461538462,8,-0.23414029440935735
Core75_Dip25_5,Drop3_2_DD3,Development,5,0.75,104,1040000.0,2894483.4892706242,178.3157201221754,53150.65140485298,19.567022651862395,4.836538461538462,8,-0.11707014720471198
WaitAll_10,Drop3_2_DD3,Development,10,0.0,104,1040000.0,2878765.6228381516,176.80438681136073,52862.02829033976,19.673857277815696,9.288461538461538,13,-0.6594627903584116
Core50_Dip50_10,Drop3_2_DD3,Development,10,0.5,104,1040000.0,2888320.829925557,177.72315672361128,53037.48808580463,19.608771786429188,9.288461538461538,13,-0.32973139517924466
Core75_Dip25_10,Drop3_2_DD3,Development,10,0.75,104,1040000.0,2893098.433469261,178.18254167973663,53125.217983537084,19.57639026200861,9.288461538461538,13,-0.16486569758963343
WaitAll_15,Drop3_2_DD3,Development,15,0.0,104,1040000.0,2868030.3825898883,175.77215217210465,52664.899851259746,19.7474979148778,13.490384615384615,18,-1.0299148080136877
Core50_Dip50_15,Drop3_2_DD3,Development,15,0.5,104,1040000.0,2882953.2098014257,177.20703940398326,52938.923866264624,19.645280335264633,13.490384615384615,18,-0.5149574040068883
Core75_Dip25_15,Drop3_2_DD3,Development,15,0.75,104,1040000.0,2890414.6234071963,177.9244830199227,53075.9358737671,19.59456734730932,13.490384615384615,18,-0.25747870200341083
WaitAll_20,Drop3_2_DD3,Development,20,0.0,104,1040000.0,2860531.33793854,175.0510901863981,52527.19683460385,19.79926709728529,16.759615384615383,27,-1.2886920833549143
Core50_Dip50_20,Drop3_2_DD3,Development,20,0.5,104,1040000.0,2879203.687475751,176.84650841112992,52870.07235793667,19.670863942819608,16.759615384615383,27,-0.6443460416775126
Core75_Dip25_20,Drop3_2_DD3,Development,20,0.75,104,1040000.0,2888539.862244359,177.7442175234961,53041.51011960313,19.60728489168026,16.759615384615383,27,-0.3221730208387119
ImmediateSIP,Immediate,Validation,0,1.0,32,320000.0,466783.0022288443,45.86968819651385,5465.081589671279,58.55356315352792,0.0,0,0.0
WaitAll_5,DailyDrop_0.75,Validation,5,0.0,32,320000.0,464696.37304281164,45.21761657587864,5440.651396852331,58.816486604000175,4.3125,13,-0.4470233868991036
Core50_Dip50_5,DailyDrop_0.75,Validation,5,0.5,32,320000.0,465739.68763582787,45.5436523861962,5452.866493261804,58.68473038821494,4.3125,13,-0.223511693449574
Core75_Dip25_5,DailyDrop_0.75,Validation,5,0.75,32,320000.0,466261.3449323362,45.70667029135507,5458.974041466542,58.6190733953431,4.3125,13,-0.11175584672478145
WaitAll_10,DailyDrop_0.75,Validation,10,0.0,32,320000.0,463570.85327308613,44.865891647839405,5427.47384466434,58.9592891939197,6.5625,22,-0.6881460851017596
Core50_Dip50_10,DailyDrop_0.75,Validation,10,0.5,32,320000.0,465176.9277509655,45.36778992217671,5446.277717167813,58.75572576684672,6.5625,22,-0.3440730425508187
Core75_Dip25_10,DailyDrop_0.75,Validation,10,0.75,32,320000.0,465979.9649899049,45.61873905934528,5455.6796534195455,58.65447026374218,6.5625,22,-0.17203652127542046
WaitAll_15,DailyDrop_0.75,Validation,15,0.0,32,320000.0,464734.72173382173,45.22960054181928,5441.1003821929,58.81163322170358,7.84375,27,-0.438807858307233
Core50_Dip50_15,DailyDrop_0.75,Validation,15,0.5,32,320000.0,465758.86198133323,45.54964436916664,5453.090985932092,58.6823144571652,7.84375,27,-0.2194039291535721
Core75_Dip25_15,DailyDrop_0.75,Validation,15,0.75,32,320000.0,466270.93210508866,45.70966628284021,5459.086287801684,58.61786810643372,7.84375,27,-0.1097019645768138
WaitAll_20,DailyDrop_0.75,Validation,20,0.0,32,320000.0,464014.35037702246,45.00448449281953,5432.666295645249,58.90293689794781,8.34375,28,-0.5931346768416668
Core50_Dip50_20,DailyDrop_0.75,Validation,20,0.5,32,320000.0,465398.67630293354,45.437086344666724,5448.873942658266,58.72773042055109,8.34375,28,-0.2965673384207945
Core75_Dip25_20,DailyDrop_0.75,Validation,20,0.75,32,320000.0,466090.839265889,45.653387270590315,5456.977766164773,58.64051746446819,8.34375,28,-0.1482836692103917
WaitAll_5,DailyDrop_1.00,Validation,5,0.0,32,320000.0,465029.0794975354,45.32158734297982,5444.546714187782,58.77440617161417,4.46875,9,-0.3757469151477566
Core50_Dip50_5,DailyDrop_1.00,Validation,5,0.5,32,320000.0,465906.0408631898,45.5956377697468,5454.8141519295295,58.66377681938192,4.46875,9,-0.18787345757389495
Core75_Dip25_5,DailyDrop_1.00,Validation,5,0.75,32,320000.0,466344.52154601715,45.73266298313037,5459.947870800405,58.60861817222613,4.46875,9,-0.09393672878692527
WaitAll_10,DailyDrop_1.00,Validation,10,0.0,32,320000.0,464117.499987074,45.03671874596063,5433.8739682301175,58.88984578422751,7.5,16,-0.5710366977895176
Core50_Dip50_10,DailyDrop_1.00,Validation,10,0.5,32,320000.0,465450.2511079594,45.453203471237316,5449.477778950702,58.72122301994524,7.5,16,-0.28551834889469774
Core75_Dip25_10,DailyDrop_1.00,Validation,10,0.75,32,320000.0,466116.62666840194,45.66144583387561,5457.279684310991,58.63727324072481,7.5,16,-0.14275917444733777
WaitAll_15,DailyDrop_1.00,Validation,15,0.0,32,320000.0,465104.7274854669,45.34522733920841,5445.432398593954,58.76484667822267,9.6875,21,-0.35954067208184837
Core50_Dip50_15,DailyDrop_1.00,Validation,15,0.5,32,320000.0,465943.8648571559,45.60745776786121,5455.256994132619,58.659014661302805,9.6875,21,-0.17977033604087422
Core75_Dip25_15,DailyDrop_1.00,Validation,15,0.75,32,320000.0,466363.433543,45.738572982187506,5460.169291901948,58.60624147214563,9.6875,21,-0.08988516802046487
WaitAll_20,DailyDrop_1.00,Validation,20,0.0,32,320000.0,463994.0872682586,44.99815227133082,5432.42905576692,58.90550925102218,11.0,23,-0.5974756894036259
Core50_Dip50_20,DailyDrop_1.00,Validation,20,0.5,32,320000.0,465388.5447485517,45.43392023392241,5448.755322719102,58.729008929017176,11.0,23,-0.29873784470176856
Core75_Dip25_20,DailyDrop_1.00,Validation,20,0.75,32,320000.0,466085.77348869795,45.65180421521811,5456.91845619519,58.641154814528505,11.0,23,-0.14936892235090093
WaitAll_5,DailyDrop_1.25,Validation,5,0.0,32,320000.0,464912.95145752345,45.285297330476084,5443.187090528643,58.78908710612068,4.59375,6,-0.40062529320724627
Core50_Dip50_5,DailyDrop_1.25,Validation,5,0.5,32,320000.0,465847.9768431838,45.577492763494945,5454.13434009996,58.6710887642227,4.59375,6,-0.2003126466036398
Core75_Dip25_5,DailyDrop_1.25,Validation,5,0.75,32,320000.0,466315.48953601415,45.723590480004425,5459.60796488562,58.612267045204234,4.59375,6,-0.10015632330181434
WaitAll_10,DailyDrop_1.25,Validation,10,0.0,32,320000.0,463902.0111899627,44.969378496863335,5431.351031764458,58.91720091898444,8.34375,10,-0.6172013601877469
Core50_Dip50_10,DailyDrop_1.25,Validation,10,0.5,32,320000.0,465342.5067094037,45.41953334668867,5448.21631071787,58.734819205046584,8.34375,10,-0.3086006800938401
Core75_Dip25_10,DailyDrop_1.25,Validation,10,0.75,32,320000.0,466062.7544691241,45.644610771601265,5456.648950194575,58.64405112382927,8.34375,10,-0.15430034004690896
WaitAll_15,DailyDrop_1.25,Validation,15,0.0,32,320000.0,464455.06888298807,45.14220902593378,5437.826214883266,58.84704427003639,11.5625,14,-0.4987185340384337
Core50_Dip50_15,DailyDrop_1.25,Validation,15,0.5,32,320000.0,465619.03555591643,45.50594861122388,5451.453902277275,58.69993688588728,11.5625,14,-0.249359267019178
Core75_Dip25_15,DailyDrop_1.25,Validation,15,0.75,32,320000.0,466201.0188923802,45.687818403868796,5458.2677459742745,58.626658656680014,11.5625,14,-0.12467963350963895
WaitAll_20,DailyDrop_1.25,Validation,20,0.0,32,320000.0,463084.55168396694,44.71392240123968,5421.780240036423,59.021204444437295,13.875,15,-0.7923275970242449
Core50_Dip50_20,DailyDrop_1.25,Validation,20,0.5,32,320000.0,464933.77695640567,45.291805298876774,5443.430914853851,58.786453801920175,13.875,15,-0.3961637985121169
Core75_Dip25_20,DailyDrop_1.25,Validation,20,0.75,32,320000.0,465858.38959262514,45.580746747695365,5454.256252262567,58.66977736281747,13.875,15,-0.1980818992560307
WaitAll_5,DailyDrop_1.50,Validation,5,0.0,32,320000.0,465263.8407643574,45.39495023886169,5447.295292159025,58.744749979061375,4.75,5,-0.325453467078507
Core50_Dip50_5,DailyDrop_1.50,Validation,5,0.5,32,320000.0,466023.4214966008,45.63231921768776,5456.188440915151,58.649000756712745,4.75,5,-0.1627267335392757
Core75_Dip25_5,DailyDrop_1.50,Validation,5,0.75,32,320000.0,466403.2118627226,45.751003707100814,5460.6350152932155,58.60124309788121,4.75,5,-0.08136336676962674
WaitAll_10,DailyDrop_1.50,Validation,10,0.0,32,320000.0,464158.865987854,45.04964562120437,5434.358280144265,58.884597500535975,8.8125,8,-0.5621747639610652
Core50_Dip50_10,DailyDrop_1.50,Validation,10,0.5,32,320000.0,465470.93410834944,45.459666908859205,5449.7199349077755,58.71861376770278,8.8125,8,-0.28108738198047156
Core75_Dip25_10,DailyDrop_1.50,Validation,10,0.75,32,320000.0,466126.96816859685,45.664677552686506,5457.400762289527,58.635972313265,8.8125,8,-0.14054369099024688
WaitAll_15,DailyDrop_1.50,Validation,15,0.0,32,320000.0,465382.145157691,45.43192036177843,5448.680396498508,58.729816526886395,12.40625,10,-0.3001088438234545
Core50_Dip50_15,DailyDrop_1.50,Validation,15,0.5,32,320000.0,466082.5736932679,45.65080427914621,5456.8809930848965,58.64155740348973,12.40625,10,-0.15005442191168283
Core75_Dip25_15,DailyDrop_1.50,Validation,15,0.75,32,320000.0,466432.7879610559,45.760246237829975,5460.981291378085,58.59752724390814,12.40625,10,-0.07502721095589138
WaitAll_20,DailyDrop_1.50,Validation,20,0.0,32,320000.0,463898.0856992644,44.96815178102014,5431.305072235419,58.91769947444588,15.15625,13,-0.6180423271208935
Core50_Dip50_20,DailyDrop_1.50,Validation,20,0.5,32,320000.0,465340.54396405444,45.418919988767016,5448.19333095335,58.735066940806405,15.15625,13,-0.3090211635604412
Core75_Dip25_20,DailyDrop_1.50,Validation,20,0.75,32,320000.0,466061.7730964495,45.64430409264047,5456.637460312316,58.644174608896314,15.15625,13,-0.15451058178019839
WaitAll_5,ThreeDayDrop_1.50,Validation,5,0.0,32,320000.0,464939.8058905981,45.2936893408119,5443.501501437131,58.7856915104216,4.59375,8,-0.39487220602403283
Core50_Dip50_5,ThreeDayDrop_1.50,Validation,5,0.5,32,320000.0,465861.4040597211,45.58168876866284,5454.291545554203,58.66939772605889,4.59375,8,-0.19743610301204972
Core75_Dip25_5,ThreeDayDrop_1.50,Validation,5,0.75,32,320000.0,466322.20314428274,45.72568848258835,5459.686567612742,58.61142320847927,4.59375,8,-0.09871805150601931
WaitAll_10,ThreeDayDrop_1.50,Validation,10,0.0,32,320000.0,464642.81945997506,45.20088108124221,5440.0243930877905,58.82326564685973,7.78125,16,-0.45849629456302665
Core50_Dip50_10,ThreeDayDrop_1.50,Validation,10,0.5,32,320000.0,465712.9108444099,45.53528463887808,5452.552991379537,58.68810454587395,7.78125,16,-0.22924814728146892
Core75_Dip25_10,ThreeDayDrop_1.50,Validation,10,0.75,32,320000.0,466247.9565366271,45.702486417695965,5458.817290525408,58.620756652802385,7.78125,16,-0.11462407364074556
WaitAll_15,ThreeDayDrop_1.50,Validation,15,0.0,32,320000.0,465869.91988539055,45.58434996418455,5454.391248589372,58.668325284285245,9.96875,22,-0.19561173802257192
Core50_Dip50_15,ThreeDayDrop_1.50,Validation,15,0.5,32,320000.0,466326.46105711756,45.72701908034924,5459.736419130327,58.61088804191253,9.96875,22,-0.0978058690112582
Core75_Dip25_15,ThreeDayDrop_1.50,Validation,15,0.75,32,320000.0,466554.7316429807,45.79835363843148,5462.4090044008,58.582211574085974,9.96875,22,-0.048902934505690165
WaitAll_20,ThreeDayDrop_1.50,Validation,20,0.0,32,320000.0,464938.17307010415,45.293179084407555,5443.482384423062,58.78589796041304,11.25,23,-0.3952220089273428
Core50_Dip50_20,ThreeDayDrop_1.50,Validation,20,0.5,32,320000.0,465860.5876494743,45.58143364046072,5454.281987047171,58.66950054286448,11.25,23,-0.1976110044636603
Core75_Dip25_20,ThreeDayDrop_1.50,Validation,20,0.75,32,320000.0,466321.7949391593,45.725560918487275,5459.681788359225,58.611474515288236,11.25,23,-0.0988055022318357
WaitAll_5,ThreeDayDrop_2.00,Validation,5,0.0,32,320000.0,464943.28181107057,45.294775565959554,5443.542197411257,58.78525202802321,4.71875,5,-0.39412755155807666
Core50_Dip50_5,ThreeDayDrop_2.00,Validation,5,0.5,32,320000.0,465863.14201995736,45.582231881236666,5454.311893541267,58.66917885259341,4.71875,5,-0.19706377577906053
Core75_Dip25_5,ThreeDayDrop_2.00,Validation,5,0.75,32,320000.0,466323.0721244009,45.72596003887528,5459.6967416062735,58.61131398771687,4.71875,5,-0.09853188788951917
WaitAll_10,ThreeDayDrop_2.00,Validation,10,0.0,32,320000.0,463988.755025626,44.99648594550811,5432.366626027825,58.90618620378089,8.71875,10,-0.5986180280507347
Core50_Dip50_10,ThreeDayDrop_2.00,Validation,10,0.5,32,320000.0,465385.87862723536,45.43308707101106,5448.7241078495545,58.72934537812271,8.71875,10,-0.2993090140253285
Core75_Dip25_10,ThreeDayDrop_2.00,Validation,10,0.75,32,320000.0,466084.4404280398,45.65138763376244,5456.902848760416,58.64132253567439,8.71875,10,-0.14965450701267535
WaitAll_15,ThreeDayDrop_2.00,Validation,15,0.0,32,320000.0,465807.12244506704,45.564725764083455,5453.656018014668,58.67623461086785,12.0,15,-0.20906497861267193
Core50_Dip50_15,ThreeDayDrop_2.00,Validation,15,0.5,32,320000.0,466295.06233695586,45.717206980298705,5459.3688038429755,58.61483469934191,12.0,15,-0.1045324893062971
Core75_Dip25_15,ThreeDayDrop_2.00,Validation,15,0.75,32,320000.0,466539.03228289995,45.793447588406245,5462.225196757126,58.584182905893584,12.0,15,-0.05226624465318741
WaitAll_20,ThreeDayDrop_2.00,Validation,20,0.0,32,320000.0,465078.35885476513,45.3369871421141,5445.123675445285,58.768178479220936,14.09375,17,-0.3651896847013947
Core50_Dip50_20,ThreeDayDrop_2.00,Validation,20,0.5,32,320000.0,465930.68054180476,45.603337669313994,5455.1026325582825,58.660674519688996,14.09375,17,-0.1825948423506918
Core75_Dip25_20,ThreeDayDrop_2.00,Validation,20,0.75,32,320000.0,466356.84138532466,45.73651293291397,5460.092111114782,58.60706989697027,14.09375,17,-0.09129742117532924
WaitAll_5,ThreeDayDrop_2.50,Validation,5,0.0,32,320000.0,465310.4337673831,45.40951055230722,5447.840801660929,58.73886768174997,4.90625,3,-0.31547174049394444
Core50_Dip50_5,ThreeDayDrop_2.50,Validation,5,0.5,32,320000.0,466046.71799811354,45.63959937441049,5456.461195666102,58.64606904089524,4.90625,3,-0.15773587024701108
Core75_Dip25_5,ThreeDayDrop_2.50,Validation,5,0.75,32,320000.0,466414.8601134791,45.754643785462214,5460.771392668692,58.599779589677205,4.90625,3,-0.07886793512348333
WaitAll_10,ThreeDayDrop_2.50,Validation,10,0.0,32,320000.0,464319.6243663376,45.0998826144805,5436.2404344867355,58.864210267442466,9.25,6,-0.5277351254746487
Core50_Dip50_10,ThreeDayDrop_2.50,Validation,10,0.5,32,320000.0,465551.313297591,45.484785405497185,5450.661012079007,58.70847577768272,9.25,6,-0.2638675627373299
Core75_Dip25_10,ThreeDayDrop_2.50,Validation,10,0.75,32,320000.0,466167.1577632178,45.67723680100557,5457.871300875145,58.630917139561255,9.25,6,-0.13193378136864276
WaitAll_15,ThreeDayDrop_2.50,Validation,15,0.0,32,320000.0,465301.8576839819,45.40683052624435,5447.740393130019,58.73995031105784,13.21875,7,-0.31730901463639105
Core50_Dip50_15,ThreeDayDrop_2.50,Validation,15,0.5,32,320000.0,466042.42995641317,45.638259361379106,5456.410991400649,58.64660864152696,13.21875,7,-0.15865450731818997
Core75_Dip25_15,ThreeDayDrop_2.50,Validation,15,0.75,32,320000.0,466412.71609262866,45.75397377894645,5460.746290535963,58.60004896301317,13.21875,7,-0.07932725365911164
WaitAll_20,ThreeDayDrop_2.50,Validation,20,0.0,32,320000.0,463598.2419097253,44.87445059678916,5427.794510012367,58.95580597417843,16.25,10,-0.6822785542558552
Core50_Dip50_20,ThreeDayDrop_2.50,Validation,20,0.5,32,320000.0,465190.62206928467,45.37206939665146,5446.438049841821,58.75399611114527,16.25,10,-0.34113927712796643
Core75_Dip25_20,ThreeDayDrop_2.50,Validation,20,0.75,32,320000.0,465986.81214906473,45.62087879658272,5455.759819756553,58.65360840138286,16.25,10,-0.17056963856393326
WaitAll_5,FiveDayDrop_2.00,Validation,5,0.0,32,320000.0,464943.28181107057,45.294775565959554,5443.542197411257,58.78525202802321,4.71875,4,-0.39412755155807666
Core50_Dip50_5,FiveDayDrop_2.00,Validation,5,0.5,32,320000.0,465863.14201995736,45.582231881236666,5454.311893541267,58.66917885259341,4.71875,4,-0.19706377577906053
Core75_Dip25_5,FiveDayDrop_2.00,Validation,5,0.75,32,320000.0,466323.0721244009,45.72596003887528,5459.6967416062735,58.61131398771687,4.71875,4,-0.09853188788951917
WaitAll_10,FiveDayDrop_2.00,Validation,10,0.0,32,320000.0,463599.1302636365,44.874728207386404,5427.804910833695,58.95569300239439,8.75,9,-0.6820882401469497
Core50_Dip50_10,FiveDayDrop_2.00,Validation,10,0.5,32,320000.0,465191.06624624063,45.3722082019502,5446.44325025249,58.75394001124775,8.75,9,-0.34104412007343043
Core75_Dip25_10,FiveDayDrop_2.00,Validation,10,0.75,32,320000.0,465987.03423754254,45.62094819923204,5455.762419961885,58.65358044719176,8.75,9,-0.17052206003670412
WaitAll_15,FiveDayDrop_2.00,Validation,15,0.0,32,320000.0,464910.5785970441,45.28455581157629,5443.159309148305,58.78938716016942,12.03125,15,-0.40113363658479395
Core50_Dip50_15,FiveDayDrop_2.00,Validation,15,0.5,32,320000.0,465846.7904129444,45.57712200404511,5454.120449409794,58.671238189216766,12.03125,15,-0.20056681829236922
Core75_Dip25_15,FiveDayDrop_2.00,Validation,15,0.75,32,320000.0,466314.89632089424,45.72340510027946,5459.601019540535,58.612341607872715,12.03125,15,-0.10028340914620681
WaitAll_20,FiveDayDrop_2.00,Validation,20,0.0,32,320000.0,463788.1360175982,44.93379250549945,5430.01778461313,58.9316670208289,14.15625,17,-0.6415971012110444
Core50_Dip50_20,FiveDayDrop_2.00,Validation,20,0.5,32,320000.0,465285.5691232214,45.40174035100668,5447.549687142206,58.74200665948815,14.15625,17,-0.32079855060550555
Core75_Dip25_20,FiveDayDrop_2.00,Validation,20,0.75,32,320000.0,466034.28567603295,45.6357142737603,5456.315638406743,58.64763353269657,14.15625,17,-0.16039927530273612
WaitAll_5,FiveDayDrop_2.50,Validation,5,0.0,32,320000.0,464789.6832737303,45.2467760230407,5441.743870277212,58.80467872584724,4.75,4,-0.4270333207499366
Core50_Dip50_5,FiveDayDrop_2.50,Validation,5,0.5,32,320000.0,465786.34275128716,45.55823210977723,5453.412729974244,58.67885227926098,4.75,4,-0.2135166603750016
Core75_Dip25_5,FiveDayDrop_2.50,Validation,5,0.75,32,320000.0,466284.6724900658,45.71396015314557,5459.247159822762,58.61614076663072,4.75,4,-0.10675833018749525
WaitAll_10,FiveDayDrop_2.50,Validation,10,0.0,32,320000.0,463437.32279285486,44.82416337276713,5425.910473749616,58.976277170098896,8.9375,7,-0.7167526280978942
Core50_Dip50_10,FiveDayDrop_2.50,Validation,10,0.5,32,320000.0,465110.16251084977,45.34692578464055,5445.49603171045,58.7641599840606,8.9375,7,-0.3583763140489138
Core75_Dip25_10,FiveDayDrop_2.50,Validation,10,0.75,32,320000.0,465946.58236984705,45.608306990577205,5455.288810690864,58.65867254780134,8.9375,7,-0.179188157024468
WaitAll_15,FiveDayDrop_2.50,Validation,15,0.0,32,320000.0,464570.4987901512,45.17828087192226,5439.177664823651,58.8324227887443,12.84375,8,-0.4739897185905728
Core50_Dip50_15,FiveDayDrop_2.50,Validation,15,0.5,32,320000.0,465676.7505094979,45.52398453421809,5452.1296272474665,58.69266174464629,12.84375,8,-0.23699485929525865
Core75_Dip25_15,FiveDayDrop_2.50,Validation,15,0.75,32,320000.0,466229.87636917096,45.696836365365925,5458.605608459371,58.623029937185066,12.84375,8,-0.11849742964766818
WaitAll_20,FiveDayDrop_2.50,Validation,20,0.0,32,320000.0,463816.6541768339,44.942704430260605,5430.351674378323,58.92804355744312,15.71875,12,-0.6354875901321222
Core50_Dip50_20,FiveDayDrop_2.50,Validation,20,0.5,32,320000.0,465299.82820283907,45.406196313387206,5447.716632024801,58.74020651493813,15.71875,12,-0.3177437950660722
Core75_Dip25_20,FiveDayDrop_2.50,Validation,20,0.75,32,320000.0,466041.4152158419,45.637942254950595,5456.399110848042,58.64673633638671,15.71875,12,-0.15887189753299724
WaitAll_5,FiveDayDrop_3.00,Validation,5,0.0,32,320000.0,465068.8844536914,45.33402639177857,5445.012749437624,58.769375706797106,4.875,3,-0.3672194075123203
Core50_Dip50_5,FiveDayDrop_3.00,Validation,5,0.5,32,320000.0,465925.94334126776,45.601857294146164,5455.04716955445,58.661270939319216,4.875,3,-0.18360970375618235
Core75_Dip25_5,FiveDayDrop_3.00,Validation,5,0.75,32,320000.0,466354.4727850561,45.735772745330024,5460.064379612865,58.60736756050648,4.875,3,-0.09180485187808562
WaitAll_10,FiveDayDrop_3.00,Validation,10,0.0,32,320000.0,464000.22118217696,45.00006911943031,5432.500871449727,58.9047305416454,9.3125,5,-0.5961616068665521
Core50_Dip50_10,FiveDayDrop_3.00,Validation,10,0.5,32,320000.0,465391.6117055109,45.434878657972156,5448.791230560506,58.72862190153728,9.3125,5,-0.2980808034332205
Core75_Dip25_10,FiveDayDrop_3.00,Validation,10,0.75,32,320000.0,466087.30696717754,45.65228342724299,5456.936410115892,58.640961878682404,9.3125,5,-0.1490404017166269
WaitAll_15,FiveDayDrop_3.00,Validation,15,0.0,32,320000.0,465452.838775993,45.4540121174978,5449.508075291534,58.72089656145356,13.53125,5,-0.2849639867990028
Core50_Dip50_15,FiveDayDrop_3.00,Validation,15,0.5,32,320000.0,466117.92050241877,45.66185015700586,5457.294832481408,58.63711047740798,13.53125,5,-0.1424819933994792
Core75_Dip25_15,FiveDayDrop_3.00,Validation,15,0.75,32,320000.0,466450.46136563143,45.76576917675983,5461.188211076342,58.59530703427843,13.53125,5,-0.07124099669977291
WaitAll_20,FiveDayDrop_3.00,Validation,20,0.0,32,320000.0,465188.9314071971,45.371541064749096,5446.418255620084,58.75420964407139,16.6875,9,-0.34150147156939425
Core50_Dip50_20,FiveDayDrop_3.00,Validation,20,0.5,32,320000.0,465985.9668180207,45.62061463063147,5455.749922645681,58.65371480311931,16.6875,9,-0.17075073578470823
Core75_Dip25_20,FiveDayDrop_3.00,Validation,20,0.75,32,320000.0,466384.4845234326,45.74515141357269,5460.415756158482,58.60359618937273,16.6875,9,-0.08537536789232636
WaitAll_5,TwentyDayDD_2,Validation,5,0.0,32,320000.0,465462.96520094475,45.457176625295226,5449.626635175482,58.71961905325937,3.5625,13,-0.2827945794076747
Core50_Dip50_5,TwentyDayDD_2,Validation,5,0.5,32,320000.0,466122.9837148945,45.663432410904534,5457.35411242338,58.63647353788841,3.5625,13,-0.14139728970385956
Core75_Dip25_5,TwentyDayDD_2,Validation,5,0.75,32,320000.0,466452.9929718694,45.766560303709205,5461.2178510473295,58.59498901671387,3.5625,13,-0.07069864485192978
WaitAll_10,TwentyDayDD_2,Validation,10,0.0,32,320000.0,464950.96906192525,45.297177831851634,5443.63219951699,58.784280104080764,6.28125,17,-0.39248069406370156
Core50_Dip50_10,TwentyDayDD_2,Validation,10,0.5,32,320000.0,465866.9856453849,45.58343301418277,5454.356894594136,58.668694803809956,6.28125,17,-0.19624034703182858
Core75_Dip25_10,TwentyDayDD_2,Validation,10,0.75,32,320000.0,466324.9939371146,45.72656060534832,5459.719242132707,58.6110724395051,6.28125,17,-0.09812017351592539
WaitAll_15,TwentyDayDD_2,Validation,15,0.0,32,320000.0,465913.5196924085,45.59797490387765,5454.901713840911,58.662835150274645,8.28125,24,-0.18627125072767647
Core50_Dip50_15,TwentyDayDD_2,Validation,15,0.5,32,320000.0,466348.2609606264,45.733831550195745,5459.991651756095,58.608148218885745,8.28125,24,-0.09313562536383824
Core75_Dip25_15,TwentyDayDD_2,Validation,15,0.75,32,320000.0,466565.63159473543,45.80175987335482,5462.536620713688,58.58084297075002,8.28125,24,-0.046567812681908016
WaitAll_20,TwentyDayDD_2,Validation,20,0.0,32,320000.0,464982.0981578495,45.30690567432798,5443.996658051741,58.78034468054199,9.375,24,-0.3858118359913898
Core50_Dip50_20,TwentyDayDD_2,Validation,20,0.5,32,320000.0,465882.55019334686,45.5882969354209,5454.539123861509,58.66673475676857,9.375,24,-0.19290591799571155
Core75_Dip25_20,TwentyDayDD_2,Validation,20,0.75,32,320000.0,466332.77621109574,45.72899256596743,5459.810356766396,58.61009432377462,9.375,24,-0.09645295899782802
WaitAll_5,TwentyDayDD_3,Validation,5,0.0,32,320000.0,464284.52157935576,45.08891299354867,5435.829452094565,58.86866076651757,4.09375,8,-0.535255276554325
Core50_Dip50_5,TwentyDayDD_3,Validation,5,0.5,32,320000.0,465533.76190409996,45.47930059503125,5450.455520882921,58.71068918440841,4.09375,8,-0.26762763827719027
Core75_Dip25_5,TwentyDayDD_3,Validation,5,0.75,32,320000.0,466158.38206647214,45.674494395772534,5457.7685552771,58.63202089993226,4.09375,8,-0.13381381913859514
WaitAll_10,TwentyDayDD_3,Validation,10,0.0,32,320000.0,463319.6203226521,44.78738135082878,5424.532416708352,58.99125959951005,7.75,10,-0.7419682999712851
Core50_Dip50_10,TwentyDayDD_3,Validation,10,0.5,32,320000.0,465051.3112757484,45.32853477367138,5444.807003189818,58.77159646109207,7.75,10,-0.37098414998559814
Core75_Dip25_10,TwentyDayDD_3,Validation,10,0.75,32,320000.0,465917.1567522964,45.599111485092614,5454.944296430548,58.66237721426276,7.75,10,-0.18549207499281017
WaitAll_15,TwentyDayDD_3,Validation,15,0.0,32,320000.0,465648.6946221536,45.51521706942299,5451.801149747911,58.696198047281435,11.1875,11,-0.24300533679987302
Core50_Dip50_15,TwentyDayDD_3,Validation,15,0.5,32,320000.0,466215.84842549916,45.69245263296848,5458.441369709597,58.62479384239036,11.1875,11,-0.12150266839989765
Core75_Dip25_15,TwentyDayDD_3,Validation,15,0.75,32,320000.0,466499.4253271716,45.78107041474111,5461.761479690436,58.58915684800961,11.1875,11,-0.06075133419998213
WaitAll_20,TwentyDayDD_3,Validation,20,0.0,32,320000.0,464985.4093174373,45.307940411699164,5444.035425010301,58.77992610589864,13.71875,16,-0.38510247863003944
Core50_Dip50_20,TwentyDayDD_3,Validation,20,0.5,32,320000.0,465884.2057731408,45.588814304106506,5454.55850734079,58.66652627693723,13.71875,16,-0.19255123931501972
Core75_Dip25_20,TwentyDayDD_3,Validation,20,0.75,32,320000.0,466333.6040009927,45.72925125031022,5459.820048506036,58.609990284855854,13.71875,16,-0.0962756196574821
WaitAll_5,TwentyDayDD_4,Validation,5,0.0,32,320000.0,464642.7579137942,45.20086184806069,5440.023672506924,58.82327343853901,4.375,7,-0.4585094797434186
Core50_Dip50_5,TwentyDayDD_4,Validation,5,0.5,32,320000.0,465712.8800713192,45.535275022287244,5452.552631089101,58.688108423830606,4.375,7,-0.2292547398717204
Core75_Dip25_5,TwentyDayDD_4,Validation,5,0.75,32,320000.0,466247.9411500818,45.70248160940056,5458.817110380191,58.62075858733302,4.375,7,-0.1146273699358491
WaitAll_10,TwentyDayDD_4,Validation,10,0.0,32,320000.0,463544.4303057612,44.85763447055038,5427.164485344094,58.96264999230281,8.1875,9,-0.6938067383814861
Core50_Dip50_10,TwentyDayDD_4,Validation,10,0.5,32,320000.0,465163.7162673029,45.36366133353216,5446.123037507688,58.75739453481788,8.1875,9,-0.34690336919070974
Core75_Dip25_10,TwentyDayDD_4,Validation,10,0.75,32,320000.0,465973.3592480736,45.616674765023,5455.602313589483,58.655301762539544,8.1875,9,-0.17345168459537152
WaitAll_15,TwentyDayDD_4,Validation,15,0.0,32,320000.0,465751.3085606648,45.54728392520775,5453.002550706223,58.683266150050954,11.78125,9,-0.2210221158982395
Core50_Dip50_15,TwentyDayDD_4,Validation,15,0.5,32,320000.0,466267.1553947547,45.70848606086084,5459.042070188752,58.61834290442383,11.78125,9,-0.110511057949092
Core75_Dip25_15,TwentyDayDD_4,Validation,15,0.75,32,320000.0,466525.0788117994,45.78908712868732,5462.061829930014,58.58593512188422,11.78125,9,-0.055255528974584855
WaitAll_20,TwentyDayDD_4,Validation,20,0.0,32,320000.0,464530.8391970896,45.165887249090495,5438.713331480621,58.837445641372696,14.40625,13,-0.48248608475477406
Core50_Dip50_20,TwentyDayDD_4,Validation,20,0.5,32,320000.0,465656.92071296694,45.51778772280217,5451.8974605759495,58.69516114600486,14.40625,13,-0.24124304237739258
Core75_Dip25_20,TwentyDayDD_4,Validation,20,0.75,32,320000.0,466219.96147090575,45.69373795965805,5458.489525123616,58.624276647806354,14.40625,13,-0.12062152118866853
WaitAll_5,SixtyDayDD_4,Validation,5,0.0,32,320000.0,464532.83859476825,45.16651206086508,5438.73674036953,58.83719239888377,4.21875,9,-0.4820577491750466
Core50_Dip50_5,SixtyDayDD_4,Validation,5,0.5,32,320000.0,465657.9204118062,45.51810012868944,5451.909165020404,58.695035136155354,4.21875,9,-0.24102887458754552
Core75_Dip25_5,SixtyDayDD_4,Validation,5,0.75,32,320000.0,466220.4613203253,45.69389416260166,5458.495377345842,58.62421379490073,4.21875,9,-0.12051443729376166
WaitAll_10,SixtyDayDD_4,Validation,10,0.0,32,320000.0,462849.6684954915,44.640521404841095,5419.030234610066,59.05115604563997,7.75,10,-0.8426471646507117
Core50_Dip50_10,SixtyDayDD_4,Validation,10,0.5,32,320000.0,464816.33536216815,45.255104800677536,5442.055912140675,58.80130692632401,7.75,10,-0.42132358232531697
Core75_Dip25_10,SixtyDayDD_4,Validation,10,0.75,32,320000.0,465799.6687955062,45.56239649859568,5453.568750905976,58.67717353830735,7.75,10,-0.2106617911626696
WaitAll_15,SixtyDayDD_4,Validation,15,0.0,32,320000.0,464907.8009845972,45.28368780768661,5443.126788943896,58.78973839999198,11.1875,10,-0.4017286909106188
Core50_Dip50_15,SixtyDayDD_4,Validation,15,0.5,32,320000.0,465845.4016067208,45.57668800210026,5454.104189307588,58.67141310342749,11.1875,10,-0.2008643454552983
Core75_Dip25_15,SixtyDayDD_4,Validation,15,0.75,32,320000.0,466314.2019177825,45.72318809930702,5459.592889489432,58.61242888934996,11.1875,10,-0.10043217272767135
WaitAll_20,SixtyDayDD_4,Validation,20,0.0,32,320000.0,463831.86671265657,44.94745834770517,5430.529782297976,58.92611086364196,13.65625,14,-0.6322285734691291
Core50_Dip50_20,SixtyDayDD_4,Validation,20,0.5,32,320000.0,465307.4344707504,45.4085732721095,5447.805685984627,58.739246303011946,13.65625,14,-0.3161142867345701
Core75_Dip25_20,SixtyDayDD_4,Validation,20,0.75,32,320000.0,466045.21834979753,45.63913073431174,5456.443637827955,58.64625775322446,13.65625,14,-0.15805714336725174
WaitAll_5,SixtyDayDD_5,Validation,5,0.0,32,320000.0,464243.48273650574,45.07608835515804,5435.348970535789,58.873864720493934,4.375,5,-0.5440471225842902
Core50_Dip50_5,SixtyDayDD_5,Validation,5,0.5,32,320000.0,465513.24248267483,45.472888275835885,5450.215280103532,58.713277100849,4.375,5,-0.2720235612921895
Core75_Dip25_5,SixtyDayDD_5,Validation,5,0.75,32,320000.0,466148.1223557598,45.671288236174924,5457.648434887407,58.63331136436634,4.375,5,-0.13601178064606145
WaitAll_10,SixtyDayDD_5,Validation,10,0.0,32,320000.0,462260.47127156844,44.456397272365145,5412.1319309319715,59.12642265261554,8.46875,7,-0.9688722459218146
Core50_Dip50_10,SixtyDayDD_5,Validation,10,0.5,32,320000.0,464521.73675020656,45.16304273443954,5438.606760301627,58.83859857928994,8.46875,7,-0.484436122960874
Core75_Dip25_10,SixtyDayDD_5,Validation,10,0.75,32,320000.0,465652.36948952544,45.5163654654767,5451.844174986453,58.69573482459174,8.46875,7,-0.242218061480437
WaitAll_15,SixtyDayDD_5,Validation,15,0.0,32,320000.0,464079.38823710557,45.024808824095494,5433.42775698826,58.894682015129156,12.375,7,-0.5792014659551259
Core50_Dip50_15,SixtyDayDD_5,Validation,15,0.5,32,320000.0,465431.19523297495,45.44724851030466,5449.2546733297695,58.72362720835432,12.375,7,-0.2896007329775574
Core75_Dip25_15,SixtyDayDD_5,Validation,15,0.75,32,320000.0,466107.0987309095,45.65846835340923,5457.168131500523,58.63847187570738,12.375,7,-0.14480036648881756
WaitAll_20,SixtyDayDD_5,Validation,20,0.0,32,320000.0,462921.8578639178,44.6630805824743,5419.875425601324,59.0419474382101,15.4375,9,-0.827181869624638
Core50_Dip50_20,SixtyDayDD_5,Validation,20,0.5,32,320000.0,464852.43004638096,45.26638438949404,5442.4785076363005,58.79674114486817,15.4375,9,-0.41359093481234677
Core75_Dip25_20,SixtyDayDD_5,Validation,20,0.75,32,320000.0,465817.7161376129,45.568036293004035,5453.780048653793,58.674900187620985,15.4375,9,-0.20679546740611787
WaitAll_5,RSI_30,Validation,5,0.0,32,320000.0,465035.08761541866,45.32346487981833,5444.617057054329,58.77364682340539,5.0,0,-0.37445978218563214
Core50_Dip50_5,RSI_30,Validation,5,0.5,32,320000.0,465909.04492213135,45.59657653816605,5454.849323362802,58.66339857078336,5.0,0,-0.18722989109285493
Core75_Dip25_5,RSI_30,Validation,5,0.75,32,320000.0,466346.02357548795,45.73313236733998,5459.965456517042,58.60842940279895,5.0,0,-0.09361494554640526
WaitAll_10,RSI_30,Validation,10,0.0,32,320000.0,463509.8660343904,44.846833135747,5426.759807876776,58.967046880447846,9.875,1,-0.7012115220187964
Core50_Dip50_10,RSI_30,Validation,10,0.5,32,320000.0,465146.4341316175,45.35826066613047,5445.920698774029,58.7595776178007,9.875,1,-0.35060576100937046
Core75_Dip25_10,RSI_30,Validation,10,0.75,32,320000.0,465964.71818023094,45.613974431322156,5455.501144222654,58.656389493910794,9.875,1,-0.17530288050469078
WaitAll_15,RSI_30,Validation,15,0.0,32,320000.0,464850.9992021501,45.2659372506719,5442.4617553543485,58.796922125393124,14.625,2,-0.41389746787461323
Core50_Dip50_15,RSI_30,Validation,15,0.5,32,320000.0,465817.0007154973,45.567812723592915,5453.771672512815,58.67499030309801,14.625,2,-0.2069487339372844
Core75_Dip25_15,RSI_30,Validation,15,0.75,32,320000.0,466300.0014721707,45.718750460053336,5459.426631092046,58.61421384025278,14.625,2,-0.10347436696866996
WaitAll_20,RSI_30,Validation,20,0.0,32,320000.0,463788.8988016354,44.93403087551107,5430.026715266086,58.931570097131484,18.3125,4,-0.6414336882260785
Core50_Dip50_20,RSI_30,Validation,20,0.5,32,320000.0,465285.95051523973,45.40185953601241,5447.5541524686805,58.74195850902829,18.3125,4,-0.3207168441130781
Core75_Dip25_20,RSI_30,Validation,20,0.75,32,320000.0,466034.4763720423,45.63577386626323,5456.317871069983,58.647609534751695,18.3125,4,-0.16035842205648354
WaitAll_5,RSI_35,Validation,5,0.0,32,320000.0,464926.13022840477,45.2894156963765,5443.341387188492,58.787420673844835,4.9375,2,-0.3978019747019834
Core50_Dip50_5,RSI_35,Validation,5,0.5,32,320000.0,465854.5662286244,45.57955194644512,5454.2114884298835,58.6702588777171,4.9375,2,-0.19890098735103612
Core75_Dip25_5,RSI_35,Validation,5,0.75,32,320000.0,466318.78422873456,45.72462007147955,5459.646539050584,58.61185293061976,4.9375,2,-0.0994504936754792
WaitAll_10,RSI_35,Validation,10,0.0,32,320000.0,464077.1176252066,45.02409925787707,5433.401172731277,58.89497017190459,9.59375,3,-0.5796879043832859
Core50_Dip50_10,RSI_35,Validation,10,0.5,32,320000.0,465430.05992702564,45.4468937271955,5449.24138120128,58.72377045067809,9.59375,3,-0.2898439521916041
Core75_Dip25_10,RSI_35,Validation,10,0.75,32,320000.0,466106.531077935,45.658290961854696,5457.16148543628,58.63854328921644,9.59375,3,-0.14492197609580204
WaitAll_15,RSI_35,Validation,15,0.0,32,320000.0,465468.342292632,45.45885696644749,5449.689590005983,58.718940724043826,14.125,3,-0.28164263264407463
Core50_Dip50_15,RSI_35,Validation,15,0.5,32,320000.0,466125.67226073815,45.66427258148067,5457.385589838631,58.6361353311416,14.125,3,-0.14082131632203732
Core75_Dip25_15,RSI_35,Validation,15,0.75,32,320000.0,466454.33724479115,45.766980388997226,5461.233589754954,58.59482015204525,14.125,3,-0.07041065816104641
WaitAll_20,RSI_35,Validation,20,0.0,32,320000.0,464565.7591967687,45.17679974899023,5439.122173804454,58.83302300896331,17.5625,7,-0.47500509262088375
Core50_Dip50_20,RSI_35,Validation,20,0.5,32,320000.0,465674.3807128063,45.523243972751985,5452.1018817378645,58.69296042905192,17.5625,7,-0.23750254631048628
Core75_Dip25_20,RSI_35,Validation,20,0.75,32,320000.0,466228.69147082564,45.696466084633,5458.5917357045755,58.62317892486523,17.5625,7,-0.11875127315517098
WaitAll_5,RSI_40,Validation,5,0.0,32,320000.0,464144.81919331953,45.045255997912356,5434.193820689149,58.8863795733032,4.53125,5,-0.5651840411771025
Core50_Dip50_5,RSI_40,Validation,5,0.5,32,320000.0,465463.9107110818,45.45747209721307,5449.637705180213,58.71949977441996,4.53125,5,-0.282592020588579
Core75_Dip25_5,RSI_40,Validation,5,0.75,32,320000.0,466123.45646996313,45.66358014686347,5457.3596474257465,58.63641406718448,4.53125,5,-0.1412960102942784
WaitAll_10,RSI_40,Validation,10,0.0,32,320000.0,463906.2091129596,44.97069034779988,5431.400180922794,58.91666777269799,8.71875,7,-0.6163020294544408
Core50_Dip50_10,RSI_40,Validation,10,0.5,32,320000.0,465344.6056709021,45.42018927215692,5448.240885297038,58.734554278532705,8.71875,7,-0.3081510147271871
Core75_Dip25_10,RSI_40,Validation,10,0.75,32,320000.0,466063.80394987325,45.6449387343354,5456.661237484159,58.64391906937195,8.71875,7,-0.15407550736359354
WaitAll_15,RSI_40,Validation,15,0.0,32,320000.0,465495.7057980661,45.46740806189567,5450.009961118604,58.71548901432111,12.625,9,-0.27578048571423874
Core50_Dip50_15,RSI_40,Validation,15,0.5,32,320000.0,466139.35401345533,45.6685481292048,5457.545775394943,58.634414289789945,12.625,9,-0.13789024285709717
Core75_Dip25_15,RSI_40,Validation,15,0.75,32,320000.0,466461.1781211498,45.769118162859314,5461.31368253311,58.59396083097264,12.625,9,-0.06894512142856524
WaitAll_20,RSI_40,Validation,20,0.0,32,320000.0,464337.31037563994,45.10540949238748,5436.447501760761,58.8619682055898,15.40625,12,-0.5239462108788118
Core50_Dip50_20,RSI_40,Validation,20,0.5,32,320000.0,465560.15630224213,45.48754884445068,5450.76454571602,58.70736064934252,15.40625,12,-0.261973105439417
Core75_Dip25_20,RSI_40,Validation,20,0.75,32,320000.0,466171.5792655434,45.678618520482296,5457.923067693651,58.63036104230433,15.40625,12,-0.13098655271966964
WaitAll_5,DD3_RSI35,Validation,5,0.0,32,320000.0,464926.13022840477,45.2894156963765,5443.341387188492,58.787420673844835,4.9375,2,-0.3978019747019834
Core50_Dip50_5,DD3_RSI35,Validation,5,0.5,32,320000.0,465854.5662286244,45.57955194644512,5454.2114884298835,58.6702588777171,4.9375,2,-0.19890098735103612
Core75_Dip25_5,DD3_RSI35,Validation,5,0.75,32,320000.0,466318.78422873456,45.72462007147955,5459.646539050584,58.61185293061976,4.9375,2,-0.0994504936754792
WaitAll_10,DD3_RSI35,Validation,10,0.0,32,320000.0,464077.1176252066,45.02409925787707,5433.401172731277,58.89497017190459,9.59375,3,-0.5796879043832859
Core50_Dip50_10,DD3_RSI35,Validation,10,0.5,32,320000.0,465430.05992702564,45.4468937271955,5449.24138120128,58.72377045067809,9.59375,3,-0.2898439521916041
Core75_Dip25_10,DD3_RSI35,Validation,10,0.75,32,320000.0,466106.531077935,45.658290961854696,5457.16148543628,58.63854328921644,9.59375,3,-0.14492197609580204
WaitAll_15,DD3_RSI35,Validation,15,0.0,32,320000.0,465468.342292632,45.45885696644749,5449.689590005983,58.718940724043826,14.125,3,-0.28164263264407463
Core50_Dip50_15,DD3_RSI35,Validation,15,0.5,32,320000.0,466125.67226073815,45.66427258148067,5457.385589838631,58.6361353311416,14.125,3,-0.14082131632203732
Core75_Dip25_15,DD3_RSI35,Validation,15,0.75,32,320000.0,466454.33724479115,45.766980388997226,5461.233589754954,58.59482015204525,14.125,3,-0.07041065816104641
WaitAll_20,DD3_RSI35,Validation,20,0.0,32,320000.0,464565.7591967687,45.17679974899023,5439.122173804454,58.83302300896331,17.5625,7,-0.47500509262088375
Core50_Dip50_20,DD3_RSI35,Validation,20,0.5,32,320000.0,465674.3807128063,45.523243972751985,5452.1018817378645,58.69296042905192,17.5625,7,-0.23750254631048628
Core75_Dip25_20,DD3_RSI35,Validation,20,0.75,32,320000.0,466228.69147082564,45.696466084633,5458.5917357045755,58.62317892486523,17.5625,7,-0.11875127315517098
WaitAll_5,Drop5_2_RSI35,Validation,5,0.0,32,320000.0,464926.13022840477,45.2894156963765,5443.341387188492,58.787420673844835,4.9375,2,-0.3978019747019834
Core50_Dip50_5,Drop5_2_RSI35,Validation,5,0.5,32,320000.0,465854.5662286244,45.57955194644512,5454.2114884298835,58.6702588777171,4.9375,2,-0.19890098735103612
Core75_Dip25_5,Drop5_2_RSI35,Validation,5,0.75,32,320000.0,466318.78422873456,45.72462007147955,5459.646539050584,58.61185293061976,4.9375,2,-0.0994504936754792
WaitAll_10,Drop5_2_RSI35,Validation,10,0.0,32,320000.0,464077.1176252066,45.02409925787707,5433.401172731277,58.89497017190459,9.59375,3,-0.5796879043832859
Core50_Dip50_10,Drop5_2_RSI35,Validation,10,0.5,32,320000.0,465430.05992702564,45.4468937271955,5449.24138120128,58.72377045067809,9.59375,3,-0.2898439521916041
Core75_Dip25_10,Drop5_2_RSI35,Validation,10,0.75,32,320000.0,466106.531077935,45.658290961854696,5457.16148543628,58.63854328921644,9.59375,3,-0.14492197609580204
WaitAll_15,Drop5_2_RSI35,Validation,15,0.0,32,320000.0,465468.342292632,45.45885696644749,5449.689590005983,58.718940724043826,14.125,3,-0.28164263264407463
Core50_Dip50_15,Drop5_2_RSI35,Validation,15,0.5,32,320000.0,466125.67226073815,45.66427258148067,5457.385589838631,58.6361353311416,14.125,3,-0.14082131632203732
Core75_Dip25_15,Drop5_2_RSI35,Validation,15,0.75,32,320000.0,466454.33724479115,45.766980388997226,5461.233589754954,58.59482015204525,14.125,3,-0.07041065816104641
WaitAll_20,Drop5_2_RSI35,Validation,20,0.0,32,320000.0,464565.7591967687,45.17679974899023,5439.122173804454,58.83302300896331,17.5625,7,-0.47500509262088375
Core50_Dip50_20,Drop5_2_RSI35,Validation,20,0.5,32,320000.0,465674.3807128063,45.523243972751985,5452.1018817378645,58.69296042905192,17.5625,7,-0.23750254631048628
Core75_Dip25_20,Drop5_2_RSI35,Validation,20,0.75,32,320000.0,466228.69147082564,45.696466084633,5458.5917357045755,58.62317892486523,17.5625,7,-0.11875127315517098
WaitAll_5,Daily1_DD2,Validation,5,0.0,32,320000.0,464845.3834887223,45.26418234022573,5442.396006747565,58.79763244042866,4.625,6,-0.41510053512447964
Core50_Dip50_5,Daily1_DD2,Validation,5,0.5,32,320000.0,465814.19285878324,45.56693526836977,5453.738798209421,58.67534398696594,4.625,6,-0.20755026756226203
Core75_Dip25_5,Daily1_DD2,Validation,5,0.75,32,320000.0,466298.59754381387,45.71831173244183,5459.410193940351,58.614390315492805,4.625,6,-0.10377513378111436
WaitAll_10,Daily1_DD2,Validation,10,0.0,32,320000.0,464044.32723925816,45.01385226226817,5433.01726386204,58.899131819163266,8.4375,10,-0.5867126644520604
Core50_Dip50_10,Daily1_DD2,Validation,10,0.5,32,320000.0,465413.6647340515,45.44177022939109,5449.049426766663,58.72583912124292,8.4375,10,-0.29335633222596913
Core75_Dip25_10,Daily1_DD2,Validation,10,0.75,32,320000.0,466098.3334814479,45.655729212952465,5457.0655082189705,58.63957460617672,8.4375,10,-0.14667816611299012
WaitAll_15,Daily1_DD2,Validation,15,0.0,32,320000.0,465396.26171026984,45.43633178445931,5448.845672678746,58.72803511476266,11.65625,14,-0.29708462218053233
Core50_Dip50_15,Daily1_DD2,Validation,15,0.5,32,320000.0,466089.63196955726,45.65300999048665,5456.963631175015,58.64066935903261,11.65625,14,-0.1485423110902384
Core75_Dip25_15,Daily1_DD2,Validation,15,0.75,32,320000.0,466436.3170992006,45.7613490935002,5461.022610423145,58.597083884844956,11.65625,14,-0.07427115554514696
WaitAll_20,Daily1_DD2,Validation,20,0.0,32,320000.0,463836.61643731984,44.94894263666245,5430.585391933909,58.92550745547589,14.0625,15,-0.6312110289911632
Core50_Dip50_20,Daily1_DD2,Validation,20,0.5,32,320000.0,465309.80933308206,45.40931541658815,5447.833490802594,58.738946507863346,14.0625,15,-0.31560551449558716
Core75_Dip25_20,Daily1_DD2,Validation,20,0.75,32,320000.0,466046.4057809633,45.63950180655103,5456.457540236937,58.646108329490374,14.0625,15,-0.15780275724778248
WaitAll_5,Drop3_2_DD3,Validation,5,0.0,32,320000.0,464943.28181107057,45.294775565959554,5443.542197411257,58.78525202802321,4.71875,5,-0.39412755155807666
Core50_Dip50_5,Drop3_2_DD3,Validation,5,0.5,32,320000.0,465863.14201995736,45.582231881236666,5454.311893541267,58.66917885259341,4.71875,5,-0.19706377577906053
Core75_Dip25_5,Drop3_2_DD3,Validation,5,0.75,32,320000.0,466323.0721244009,45.72596003887528,5459.6967416062735,58.61131398771687,4.71875,5,-0.09853188788951917
WaitAll_10,Drop3_2_DD3,Validation,10,0.0,32,320000.0,463876.0378429942,44.96126182593569,5431.046936586052,58.92049981088021,8.84375,7,-0.6227656902607182
Core50_Dip50_10,Drop3_2_DD3,Validation,10,0.5,32,320000.0,465329.52003591944,45.41547501122483,5448.064263128667,58.73645840885018,8.84375,7,-0.31138284513032577
Core75_Dip25_10,Drop3_2_DD3,Validation,10,0.75,32,320000.0,466056.2611323819,45.64258160386936,5456.572926399974,58.644868183063586,8.84375,7,-0.15569142256515178
WaitAll_15,Drop3_2_DD3,Validation,15,0.0,32,320000.0,465009.2138402906,45.315379325090824,5444.314127660087,58.77691707284584,12.75,8,-0.38000278075338567
Core50_Dip50_15,Drop3_2_DD3,Validation,15,0.5,32,320000.0,465896.1080345676,45.59253376080239,5454.697858665685,58.66502752148359,12.75,8,-0.19000139037665953
Core75_Dip25_15,Drop3_2_DD3,Validation,15,0.75,32,320000.0,466339.5551317059,45.731110978658094,5459.889724168481,58.60924234119668,12.75,8,-0.09500069518835197
WaitAll_20,Drop3_2_DD3,Validation,20,0.0,32,320000.0,464167.7395919417,45.052418622481774,5434.462172038577,58.883471789805746,15.6875,11,-0.5602737512752198
Core50_Dip50_20,Drop3_2_DD3,Validation,20,0.5,32,320000.0,465475.370910393,45.46105340949782,5449.771880854928,58.71805407565065,15.6875,11,-0.28013687563760437
Core75_Dip25_20,Drop3_2_DD3,Validation,20,0.75,32,320000.0,466129.1865696189,45.6653708030059,5457.426735263106,58.6356932530717,15.6875,11,-0.14006843781876332
ImmediateSIP,Immediate,FinalOOS,0,1.0,25,250000.0,253895.42069291443,1.5581682771657723,2790.169948403612,89.60027690895201,0.0,0,0.0
WaitAll_5,DailyDrop_0.75,FinalOOS,5,0.0,25,250000.0,253693.69966987052,1.477479867948217,2787.953146166997,89.67152132513819,4.44,6,-0.07945043770123394
Core50_Dip50_5,DailyDrop_0.75,FinalOOS,5,0.5,25,250000.0,253794.56018139253,1.5178240725570058,2789.061547285305,89.63588496042121,4.44,6,-0.03972521885060587
Core75_Dip25_5,DailyDrop_0.75,FinalOOS,5,0.75,25,250000.0,253844.99043715338,1.5379961748613447,2789.6157478444575,89.61807739764001,4.44,6,-0.019862609425336242
WaitAll_10,DailyDrop_0.75,FinalOOS,10,0.0,25,250000.0,253593.50900936464,1.4374036037458682,2786.852106340082,89.70694908109783,7.24,13,-0.11891182705298098
Core50_Dip50_10,DailyDrop_0.75,FinalOOS,10,0.5,25,250000.0,253744.4648511396,1.4977859404558425,2788.511027371848,89.65358126470214,7.24,13,-0.059455913526462734
Core75_Dip25_10,DailyDrop_0.75,FinalOOS,10,0.75,25,250000.0,253819.942772027,1.5279771088107852,2789.3404878877295,89.62692116132308,7.24,13,-0.02972795676324802
WaitAll_15,DailyDrop_0.75,FinalOOS,15,0.0,25,250000.0,253413.81804136877,1.3655272165475019,2784.8774021979857,89.77055859000673,9.24,16,-0.18968544223102457
Core50_Dip50_15,DailyDrop_0.75,FinalOOS,15,0.5,25,250000.0,253654.6193671416,1.4618477468566482,2787.523675300799,89.68533692293134,9.24,16,-0.09484272111550673
Core75_Dip25_15,DailyDrop_0.75,FinalOOS,15,0.75,25,250000.0,253775.02003002798,1.5100080120111992,2788.846811852205,89.64278673806511,9.24,16,-0.04742136055777557
WaitAll_20,DailyDrop_0.75,FinalOOS,20,0.0,25,250000.0,253933.88535548237,1.5735541421929566,2790.5926537256682,89.5867046973802,10.48,17,0.015149805562852947
Core50_Dip50_20,DailyDrop_0.75,FinalOOS,20,0.5,25,250000.0,253914.6530241984,1.5658612096793645,2790.38130106464,89.59349028916414,10.48,17,0.007574902781404269
Core75_Dip25_20,DailyDrop_0.75,FinalOOS,20,0.75,25,250000.0,253905.03685855644,1.5620147434225684,2790.2756247341263,89.59688347054298,10.48,17,0.0037874513907132368
WaitAll_5,DailyDrop_1.00,FinalOOS,5,0.0,25,250000.0,254074.697798672,1.6298791194687912,2792.1401044290983,89.53705424861438,4.76,5,0.07061061017497039
Core50_Dip50_5,DailyDrop_1.00,FinalOOS,5,0.5,25,250000.0,253985.05924579318,1.5940236983172706,2791.1550264163548,89.5686544222455,4.76,5,0.03530530508746299
Core75_Dip25_5,DailyDrop_1.00,FinalOOS,5,0.75,25,250000.0,253940.23996935372,1.5760959877414882,2790.6624874099825,89.58446287498755,4.76,5,0.01765265254369819
WaitAll_10,DailyDrop_1.00,FinalOOS,10,0.0,25,250000.0,253587.65311902328,1.4350612476093039,2786.787753350938,89.70902060962146,7.92,11,-0.12121824531187153
Core50_Dip50_10,DailyDrop_1.00,FinalOOS,10,0.5,25,250000.0,253741.53690596888,1.4966147623875603,2788.4788508772754,89.65461578499985,7.92,11,-0.060609122655930214
Core75_Dip25_10,DailyDrop_1.00,FinalOOS,10,0.75,25,250000.0,253818.4787994416,1.527391519776633,2789.324399640443,89.62743811090104,7.92,11,-0.03030456132798731
WaitAll_15,DailyDrop_1.00,FinalOOS,15,0.0,25,250000.0,253545.98090377552,1.4183923615102012,2786.3297988027607,89.72376497118927,10.36,13,-0.13763138704323552
Core50_Dip50_15,DailyDrop_1.00,FinalOOS,15,0.5,25,250000.0,253720.70079834494,1.4882803193379868,2788.249873603186,89.66197842122779,10.36,13,-0.06881569352162886
Core75_Dip25_15,DailyDrop_1.00,FinalOOS,15,0.75,25,250000.0,253808.06074562966,1.5232242982518684,2789.2099110033987,89.63111704635534,10.36,13,-0.034407846760831085
WaitAll_20,DailyDrop_1.00,FinalOOS,20,0.0,25,250000.0,253933.38820763867,1.5733552830554665,2790.5871903464167,89.58688008919212,12.08,13,0.014953997445332767
Core50_Dip50_20,DailyDrop_1.00,FinalOOS,20,0.5,25,250000.0,253914.4044502765,1.565761780110586,2790.3785693750137,89.59357799826951,12.08,13,0.007476998722633077
Core75_Dip25_20,DailyDrop_1.00,FinalOOS,20,0.75,25,250000.0,253904.9125715955,1.5619650286381903,2790.2742588893134,89.59692732839606,12.08,13,0.0037384993613276407
WaitAll_5,DailyDrop_1.25,FinalOOS,5,0.0,25,250000.0,253999.3485569097,1.5997394227638795,2791.3120580254795,89.56361553385227,4.8,4,0.04093333535186705
Core50_Dip50_5,DailyDrop_1.25,FinalOOS,5,0.5,25,250000.0,253947.38462491203,1.5789538499648037,2790.7410032145453,89.58194247048894,4.8,4,0.020466667675922423
Core75_Dip25_5,DailyDrop_1.25,FinalOOS,5,0.75,25,250000.0,253921.40265891317,1.5685610635652658,2790.455475809078,89.59110875170434,4.8,4,0.010233333837939007
WaitAll_10,DailyDrop_1.25,FinalOOS,10,0.0,25,250000.0,253598.21564850517,1.4392862594020617,2786.9038296955173,89.70528417096966,8.52,6,-0.117058056265118
Core50_Dip50_10,DailyDrop_1.25,FinalOOS,10,0.5,25,250000.0,253746.81817070983,1.498727268283928,2788.536889049565,89.65274979209943,8.52,6,-0.0585290281325479
Core75_Dip25_10,DailyDrop_1.25,FinalOOS,10,0.75,25,250000.0,253821.11943181208,1.528447772724828,2789.353418726588,89.62650567031102,8.52,6,-0.029264514066285052
WaitAll_15,DailyDrop_1.25,FinalOOS,15,0.0,25,250000.0,253745.5546279476,1.498221851179049,2788.523003414944,89.6531962238932,12.04,7,-0.05902669081538914
Core50_Dip50_15,DailyDrop_1.25,FinalOOS,15,0.5,25,250000.0,253820.48766043107,1.528195064172433,2789.3464759092785,89.62672875498707,12.04,7,-0.029513345407683467
Core75_Dip25_15,DailyDrop_1.25,FinalOOS,15,0.75,25,250000.0,253857.95417667273,1.5431816706690915,2789.758212156445,89.61350087997533,12.04,7,-0.014756672703852836
WaitAll_20,DailyDrop_1.25,FinalOOS,20,0.0,25,250000.0,254369.197528371,1.747679011348402,2795.376493227985,89.4333913895478,14.68,7,0.18660314320106952
Core50_Dip50_20,DailyDrop_1.25,FinalOOS,20,0.5,25,250000.0,254132.30911064264,1.652923644257065,2792.7732208157977,89.51675636841449,14.68,7,0.09330157160050145
Core75_Dip25_20,DailyDrop_1.25,FinalOOS,20,0.75,25,250000.0,254013.8649017786,1.605545960711452,2791.4715846097056,89.55849716627303,14.68,7,0.046650785800284034
WaitAll_5,DailyDrop_1.50,FinalOOS,5,0.0,25,250000.0,254001.3038809992,1.6005215523996918,2791.333545953458,89.56292606536405,4.96,1,0.04170346507070821
Core50_Dip50_5,DailyDrop_1.50,FinalOOS,5,0.5,25,250000.0,253948.36228695678,1.5793449147827099,2790.7517471785345,89.58159759382087,4.96,1,0.020851732535343004
Core75_Dip25_5,DailyDrop_1.50,FinalOOS,5,0.75,25,250000.0,253921.89148993551,1.5687565959741967,2790.4608477910724,89.59093627774777,4.96,1,0.010425866267627093
WaitAll_10,DailyDrop_1.50,FinalOOS,10,0.0,25,250000.0,253320.76430333068,1.328305721332268,2783.854793193255,89.80353451310384,9.4,2,-0.22633586222841062
Core50_Dip50_10,DailyDrop_1.50,FinalOOS,10,0.5,25,250000.0,253608.09249812269,1.4432369992490646,2787.012370798435,89.70179056951189,9.4,2,-0.11316793111415535
Core75_Dip25_10,DailyDrop_1.50,FinalOOS,10,0.75,25,250000.0,253751.7565955185,1.5007026382074073,2788.591159601023,89.65100500274437,9.4,2,-0.05658396555709988
WaitAll_15,DailyDrop_1.50,FinalOOS,15,0.0,25,250000.0,253304.55346793908,1.3218213871756257,2783.6766450973787,89.8092817067316,13.72,3,-0.23272070971692704
Core50_Dip50_15,DailyDrop_1.50,FinalOOS,15,0.5,25,250000.0,253599.9870804268,1.4399948321707212,2786.923296750496,89.70465756682133,13.72,3,-0.11636035485844687
Core75_Dip25_15,DailyDrop_1.50,FinalOOS,15,0.75,25,250000.0,253747.7038866706,1.4990815546682468,2788.5466225770538,89.65243685578434,13.72,3,-0.058180177429234536
WaitAll_20,DailyDrop_1.50,FinalOOS,20,0.0,25,250000.0,254082.2638446017,1.6329055378406787,2792.2232510802814,89.53438801975368,17.08,3,0.07359059536298229
Core50_Dip50_20,DailyDrop_1.50,FinalOOS,20,0.5,25,250000.0,253988.84226875805,1.5955369075032255,2791.1965997419466,89.56732034680508,17.08,3,0.036795297681480044
Core75_Dip25_20,DailyDrop_1.50,FinalOOS,20,0.75,25,250000.0,253942.13148083625,1.57685259233451,2790.6832740727796,89.5837955968199,17.08,3,0.018397648840751124
WaitAll_5,ThreeDayDrop_1.50,FinalOOS,5,0.0,25,250000.0,253689.38486027735,1.4757539441109468,2787.9057288011104,89.67304647977035,4.36,5,-0.08114988134673151
Core50_Dip50_5,ThreeDayDrop_1.50,FinalOOS,5,0.5,25,250000.0,253792.40277659585,1.5169611106383485,2789.037838602361,89.63664692526355,4.36,5,-0.04057494067338796
Core75_Dip25_5,ThreeDayDrop_1.50,FinalOOS,5,0.75,25,250000.0,253843.9117347551,1.537564693902027,2789.603893502986,89.61845822708105,4.36,5,-0.020287470336710633
WaitAll_10,ThreeDayDrop_1.50,FinalOOS,10,0.0,25,250000.0,252972.0722660299,1.188828906411965,2780.022860970653,89.92731804828101,7.88,9,-0.3636727375250004
Core50_Dip50_10,ThreeDayDrop_1.50,FinalOOS,10,0.5,25,250000.0,253433.74647947223,1.373498591788902,2785.096404687133,89.76349959709349,7.88,9,-0.181836368762478
Core75_Dip25_10,ThreeDayDrop_1.50,FinalOOS,10,0.75,25,250000.0,253664.58358619327,1.4658334344773039,2787.633176545372,89.68181398594822,7.88,9,-0.0909181843812612
WaitAll_15,ThreeDayDrop_1.50,FinalOOS,15,0.0,25,250000.0,253236.24254791156,1.29449701916462,2782.9259459485384,89.83350791779314,10.84,10,-0.2596258503615001
Core50_Dip50_15,ThreeDayDrop_1.50,FinalOOS,15,0.5,25,250000.0,253565.83162041297,1.426332648165185,2786.547947176075,89.71674083460626,10.84,10,-0.12981292518076115
Core75_Dip25_15,ThreeDayDrop_1.50,FinalOOS,15,0.75,25,250000.0,253730.6261566637,1.4922504626654787,2788.3589477898436,89.6584710509238,10.84,10,-0.06490646259037502
WaitAll_20,ThreeDayDrop_1.50,FinalOOS,20,0.0,25,250000.0,253591.40727207894,1.4365629088315846,2786.829009412229,89.7076925622816,12.92,12,-0.11973962350554368
Core50_Dip50_20,ThreeDayDrop_1.50,FinalOOS,20,0.5,25,250000.0,253743.4139824966,1.4973655929986451,2788.4994789079196,89.65395256157957,12.92,12,-0.059869811752799595
Core75_Dip25_20,ThreeDayDrop_1.50,FinalOOS,20,0.75,25,250000.0,253819.41733770556,1.527766935082231,2789.3347136557663,89.62710669898208,12.92,12,-0.029934905876383144
WaitAll_5,ThreeDayDrop_2.00,FinalOOS,5,0.0,25,250000.0,254034.74336133464,1.6138973445338545,2791.7010273080546,89.55113658466027,4.92,2,0.054874037523000574
Core50_Dip50_5,ThreeDayDrop_2.00,FinalOOS,5,0.5,25,250000.0,253965.0820271245,1.5860328108497912,2790.935487855833,89.57570000733527,4.92,2,0.027437018761489185
Core75_Dip25_5,ThreeDayDrop_2.00,FinalOOS,5,0.75,25,250000.0,253930.25136001938,1.5721005440077596,2790.5527181297216,89.58798677258262,4.92,2,0.013718509380700183
WaitAll_10,ThreeDayDrop_2.00,FinalOOS,10,0.0,25,250000.0,253587.80531323567,1.4351221252942636,2786.7894258809765,89.70896676951776,9.0,7,-0.12115830165003727
Core50_Dip50_10,ThreeDayDrop_2.00,FinalOOS,10,0.5,25,250000.0,253741.61300307512,1.4966452012300513,2788.479687142295,89.6545888975818,9.0,7,-0.06057915082499088
Core75_Dip25_10,ThreeDayDrop_2.00,FinalOOS,10,0.75,25,250000.0,253818.51684799467,1.5274067391978674,2789.3248177729524,89.62742467533937,9.0,7,-0.030289575412534298
WaitAll_15,ThreeDayDrop_2.00,FinalOOS,15,0.0,25,250000.0,253292.4837842371,1.3169935136948308,2783.544005963281,89.81356122425818,12.4,8,-0.23747451097457795
Core50_Dip50_15,ThreeDayDrop_2.00,FinalOOS,15,0.5,25,250000.0,253593.9522385758,1.4375808954303126,2786.856977183447,89.70679229210533,12.4,8,-0.11873725548727787
Core75_Dip25_15,ThreeDayDrop_2.00,FinalOOS,15,0.75,25,250000.0,253744.68646574506,1.4978745862980203,2788.513462793529,89.65350296338549,12.4,8,-0.05936862774366114
WaitAll_20,ThreeDayDrop_2.00,FinalOOS,20,0.0,25,250000.0,253641.12446241942,1.4564497849677727,2787.375373777638,89.69010860606953,14.96,8,-0.10015786413201111
Core50_Dip50_20,ThreeDayDrop_2.00,FinalOOS,20,0.5,25,250000.0,253768.27257766688,1.5073090310667503,2788.7726610906243,89.64517025286342,14.96,8,-0.05007893206603331
Core75_Dip25_20,ThreeDayDrop_2.00,FinalOOS,20,0.75,25,250000.0,253831.84663529065,1.5327386541162724,2789.471304747118,89.62271795897321,14.96,8,-0.025039466033016655
WaitAll_5,ThreeDayDrop_2.50,FinalOOS,5,0.0,25,250000.0,254034.74336133464,1.6138973445338545,2791.7010273080546,89.55113658466027,4.92,2,0.054874037523000574
Core50_Dip50_5,ThreeDayDrop_2.50,FinalOOS,5,0.5,25,250000.0,253965.0820271245,1.5860328108497912,2790.935487855833,89.57570000733527,4.92,2,0.027437018761489185
Core75_Dip25_5,ThreeDayDrop_2.50,FinalOOS,5,0.75,25,250000.0,253930.25136001938,1.5721005440077596,2790.5527181297216,89.58798677258262,4.92,2,0.013718509380700183
WaitAll_10,ThreeDayDrop_2.50,FinalOOS,10,0.0,25,250000.0,253485.41676288578,1.3941667051543094,2785.6642324628865,89.74520227047168,9.24,4,-0.16148535838483857
Core50_Dip50_10,ThreeDayDrop_2.50,FinalOOS,10,0.5,25,250000.0,253690.41872790022,1.4761674911600853,2787.9170904332505,89.6726810341226,9.24,4,-0.08074267919238043
Core75_Dip25_10,ThreeDayDrop_2.50,FinalOOS,10,0.75,25,250000.0,253792.9197104072,1.5171678841628733,2789.04351941843,89.63646435037695,9.24,4,-0.04037133959623462
WaitAll_15,ThreeDayDrop_2.50,FinalOOS,15,0.0,25,250000.0,253282.45294516606,1.3129811780664191,2783.43377260162,89.81711814408646,13.24,5,-0.241425286866348
Core50_Dip50_15,ThreeDayDrop_2.50,FinalOOS,15,0.5,25,250000.0,253588.93681904027,1.4355747276161068,2786.8018605026164,89.70856649094924,13.24,5,-0.1207126434331629
Core75_Dip25_15,ThreeDayDrop_2.50,FinalOOS,15,0.75,25,250000.0,253742.17875597728,1.4968715023909063,2788.4859044531136,89.65438900041016,13.24,5,-0.060356321716603656
WaitAll_20,ThreeDayDrop_2.50,FinalOOS,20,0.0,25,250000.0,254026.86155720602,1.6107446228823985,2791.614410649279,89.55391512750306,16.2,5,0.05176968687850003
Core50_Dip50_20,ThreeDayDrop_2.50,FinalOOS,20,0.5,25,250000.0,253961.14112506018,1.5844564500240743,2790.892179526445,89.57709001944306,16.2,5,0.025884843439238914
Core75_Dip25_20,ThreeDayDrop_2.50,FinalOOS,20,0.75,25,250000.0,253928.28090898728,1.5713123635949122,2790.5310639650284,89.5886819639192,16.2,5,0.012942421719608355
WaitAll_5,FiveDayDrop_2.00,FinalOOS,5,0.0,25,250000.0,253957.98321216097,1.5831932848643815,2790.857475813999,89.57820389129095,4.52,4,0.024641058541252647
Core50_Dip50_5,FiveDayDrop_2.00,FinalOOS,5,0.5,25,250000.0,253926.7019525377,1.570680781015077,2790.5137121088055,89.58923904053269,4.52,4,0.012320529270626324
Core75_Dip25_5,FiveDayDrop_2.00,FinalOOS,5,0.75,25,250000.0,253911.06132272596,1.5644245290903802,2790.3418302562077,89.59475763478238,4.52,4,0.006160264635268753
WaitAll_10,FiveDayDrop_2.00,FinalOOS,10,0.0,25,250000.0,253260.5956391024,1.304238255640966,2783.1935729226916,89.82486968646943,8.2,7,-0.25003406996452204
Core50_Dip50_10,FiveDayDrop_2.00,FinalOOS,10,0.5,25,250000.0,253578.00816600848,1.4312032664034025,2786.6817606631525,89.71243273236445,8.2,7,-0.12501703498223327
Core75_Dip25_10,FiveDayDrop_2.00,FinalOOS,10,0.75,25,250000.0,253736.71442946137,1.494685771784554,2788.4258545333814,89.6563197452619,8.2,7,-0.06250851749115549
WaitAll_15,FiveDayDrop_2.00,FinalOOS,15,0.0,25,250000.0,253263.4465051249,1.3053786020499558,2783.2249023601476,89.82385857068267,11.6,8,-0.24891121945593842
Core50_Dip50_15,FiveDayDrop_2.00,FinalOOS,15,0.5,25,250000.0,253579.4335990197,1.4317734396078752,2786.6974253818803,89.71192843648635,11.6,8,-0.1244556097279581
Core75_Dip25_15,FiveDayDrop_2.00,FinalOOS,15,0.75,25,250000.0,253737.42714596703,1.4949708583868127,2788.4336868927458,89.65606791194098,11.6,8,-0.062227804863990155
WaitAll_20,FiveDayDrop_2.00,FinalOOS,20,0.0,25,250000.0,253609.99349692155,1.443997398768615,2787.03326172158,89.70111818671742,14.16,8,-0.11241919811467715
Core50_Dip50_20,FiveDayDrop_2.00,FinalOOS,20,0.5,25,250000.0,253752.70709491795,1.5010828379671715,2788.6016050625954,89.65066919065633,14.16,8,-0.05620959905736633
Core75_Dip25_20,FiveDayDrop_2.00,FinalOOS,20,0.75,25,250000.0,253824.06389391617,1.5296255575664608,2789.3857767331037,89.62546596648855,14.16,8,-0.028104799528683166
WaitAll_5,FiveDayDrop_2.50,FinalOOS,5,0.0,25,250000.0,254282.4894519588,1.7129957807835217,2794.423619527353,89.46388738379073,4.68,3,0.1524520442267141
Core50_Dip50_5,FiveDayDrop_2.50,FinalOOS,5,0.5,25,250000.0,254088.95507243657,1.6355820289746248,2792.296783965482,89.53203020381034,4.68,3,0.07622602211334595
Core75_Dip25_5,FiveDayDrop_2.50,FinalOOS,5,0.75,25,250000.0,253992.18788267544,1.5968751530701653,2791.2333661845464,89.56614055589894,4.68,3,0.03811301105665077
WaitAll_10,FiveDayDrop_2.50,FinalOOS,10,0.0,25,250000.0,253955.9662045366,1.582386481814635,2790.8353100181616,89.57891535289953,8.72,5,0.02384663396328701
Core50_Dip50_10,FiveDayDrop_2.50,FinalOOS,10,0.5,25,250000.0,253925.69344872562,1.570277379490248,2790.502629210888,89.58959485757454,8.72,5,0.011923316981676813
Core75_Dip25_10,FiveDayDrop_2.50,FinalOOS,10,0.75,25,250000.0,253910.55707081992,1.5642228283279769,2790.336288807249,89.59493556486859,8.72,5,0.0059616584908051
WaitAll_15,FiveDayDrop_2.50,FinalOOS,15,0.0,25,250000.0,254080.99016999488,1.6323960679979432,2792.209254102304,89.53483684387224,12.52,6,0.07308894212192385
Core50_Dip50_15,FiveDayDrop_2.50,FinalOOS,15,0.5,25,250000.0,253988.20543145467,1.5952821725818689,2791.1896012529583,89.56754492341746,12.52,6,0.036544471060961925
Core75_Dip25_15,FiveDayDrop_2.50,FinalOOS,15,0.75,25,250000.0,253941.81306218452,1.5767252248737984,2790.6797748282847,89.58390792629832,12.52,6,0.018272235530458758
WaitAll_20,FiveDayDrop_2.50,FinalOOS,20,0.0,25,250000.0,254686.609627813,1.8746438511252128,2798.8646762708527,89.3219318960053,15.32,6,0.31162000982110083
Core50_Dip50_20,FiveDayDrop_2.50,FinalOOS,20,0.5,25,250000.0,254291.01516036366,1.7164060641454704,2794.517312337232,89.4608878951296,15.32,6,0.1558100049105393
Core75_Dip25_20,FiveDayDrop_2.50,FinalOOS,20,0.75,25,250000.0,254093.21792663904,1.6372871706556102,2792.343630370422,89.53052814879948,15.32,6,0.07790500245525855
WaitAll_5,FiveDayDrop_3.00,FinalOOS,5,0.0,25,250000.0,254034.74336133464,1.6138973445338545,2791.7010273080546,89.55113658466027,4.92,2,0.054874037523000574
Core50_Dip50_5,FiveDayDrop_3.00,FinalOOS,5,0.5,25,250000.0,253965.0820271245,1.5860328108497912,2790.935487855833,89.57570000733527,4.92,2,0.027437018761489185
Core75_Dip25_5,FiveDayDrop_3.00,FinalOOS,5,0.75,25,250000.0,253930.25136001938,1.5721005440077596,2790.5527181297216,89.58798677258262,4.92,2,0.013718509380700183
WaitAll_10,FiveDayDrop_3.00,FinalOOS,10,0.0,25,250000.0,253362.06995925217,1.344827983700858,2784.308719457607,89.78889382952508,9.32,2,-0.2100670946355354
Core50_Dip50_10,FiveDayDrop_3.00,FinalOOS,10,0.5,25,250000.0,253628.74532608342,1.4514981304333707,2787.239333930611,89.69448620956632,9.32,2,-0.1050335473177122
Core75_Dip25_10,FiveDayDrop_3.00,FinalOOS,10,0.75,25,250000.0,253762.08300949883,1.5048332037995271,2788.7046411671104,89.64735680841828,9.32,2,-0.052516773658894955
WaitAll_15,FiveDayDrop_3.00,FinalOOS,15,0.0,25,250000.0,253369.57031489493,1.3478281259579727,2784.391144208946,89.78623585984208,13.72,2,-0.20711298241787857
Core50_Dip50_15,FiveDayDrop_3.00,FinalOOS,15,0.5,25,250000.0,253632.49550390468,1.4529982015618614,2787.280546306279,89.69315999830067,13.72,2,-0.10355649120893373
Core75_Dip25_15,FiveDayDrop_3.00,FinalOOS,15,0.75,25,250000.0,253763.95809840955,1.505583239363828,2788.7252473549456,89.64669439455191,13.72,2,-0.05177824560447242
WaitAll_20,FiveDayDrop_3.00,FinalOOS,20,0.0,25,250000.0,254244.14575062052,1.697658300248217,2794.0022435021665,89.47737983439674,17.24,2,0.13734988081091082
Core50_Dip50_20,FiveDayDrop_3.00,FinalOOS,20,0.5,25,250000.0,254069.78322176743,1.6279132887069725,2792.0860959528886,89.53878620088881,17.24,2,0.0686749404054332
Core75_Dip25_20,FiveDayDrop_3.00,FinalOOS,20,0.75,25,250000.0,253982.60195734093,1.5930407829363613,2791.1280221782504,89.56952100136745,17.24,2,0.0343374702027166
WaitAll_5,TwentyDayDD_2,FinalOOS,5,0.0,25,250000.0,254177.62637108646,1.6710505484345939,2793.2712323903634,89.50079645006782,3.4,11,0.11115036159448088
Core50_Dip50_5,TwentyDayDD_2,FinalOOS,5,0.5,25,250000.0,254036.52353200037,1.6146094128001387,2791.720590396987,89.55050905164174,3.4,11,0.05557518079721824
Core75_Dip25_5,TwentyDayDD_2,FinalOOS,5,0.75,25,250000.0,253965.97211245738,1.5863888449829444,2790.9452694002994,89.57538606757359,3.4,11,0.02778759039860912
WaitAll_10,TwentyDayDD_2,FinalOOS,10,0.0,25,250000.0,253547.66610136098,1.419066440544392,2786.348318190181,89.72316862465446,5.76,14,-0.1369676501468131
Core50_Dip50_10,TwentyDayDD_2,FinalOOS,10,0.5,25,250000.0,253721.5433971377,1.4886173588550822,2788.2591332968964,89.66168065749137,5.76,14,-0.06848382507341766
Core75_Dip25_10,TwentyDayDD_2,FinalOOS,10,0.75,25,250000.0,253808.48204502606,1.5233928180104161,2789.2145408502543,89.6309682667117,5.76,14,-0.03424191253670328
WaitAll_15,TwentyDayDD_2,FinalOOS,15,0.0,25,250000.0,253818.09944267292,1.527239777069167,2789.320230719819,89.62757206815381,7.68,16,-0.030453975904920494
Core50_Dip50_15,TwentyDayDD_2,FinalOOS,15,0.5,25,250000.0,253856.76006779366,1.5427040271174697,2789.7450895617153,89.61392241012113,7.68,16,-0.015226987952465798
Core75_Dip25_15,TwentyDayDD_2,FinalOOS,15,0.75,25,250000.0,253876.09038035406,1.550436152141632,2789.9575189826637,89.60709914004732,7.68,16,-0.007613493976232899
WaitAll_20,TwentyDayDD_2,FinalOOS,20,0.0,25,250000.0,254046.2903832467,1.618516153298688,2791.827922678773,89.54706626765297,9.2,17,0.05942198166493107
Core50_Dip50_20,TwentyDayDD_2,FinalOOS,20,0.5,25,250000.0,253970.85553808048,1.5883422152321858,2790.9989355411917,89.573663685946,9.2,17,0.02971099083244333
Core75_Dip25_20,TwentyDayDD_2,FinalOOS,20,0.75,25,250000.0,253933.1381154975,1.5732552461990013,2790.5844419724026,89.58696832097954,9.2,17,0.014855495416243869
WaitAll_5,TwentyDayDD_3,FinalOOS,5,0.0,25,250000.0,254484.23291390543,1.7936931655621713,2796.6406683550717,89.3929645051772,4.44,5,0.23191131978042012
Core50_Dip50_5,TwentyDayDD_3,FinalOOS,5,0.5,25,250000.0,254189.82680340993,1.675930721363983,2793.405308379342,89.49650065104345,4.44,5,0.11595565989022116
Core75_Dip25_5,TwentyDayDD_3,FinalOOS,5,0.75,25,250000.0,254042.6237481621,1.6170494992648443,2791.787628391476,89.54835871381832,4.44,5,0.057977829945077275
WaitAll_10,TwentyDayDD_3,FinalOOS,10,0.0,25,250000.0,254109.05259920322,1.6436210396812978,2792.5176446453183,89.52494910081504,8.16,6,0.08414169334198807
Core50_Dip50_10,TwentyDayDD_3,FinalOOS,10,0.5,25,250000.0,254002.236646059,1.6008946584235906,2791.343796524467,89.56259716602368,8.16,6,0.04207084667107175
Core75_Dip25_10,TwentyDayDD_3,FinalOOS,10,0.75,25,250000.0,253948.8286694866,1.579531467794637,2790.756872464038,89.58143307527463,8.16,6,0.021035423335491465
WaitAll_15,TwentyDayDD_3,FinalOOS,15,0.0,25,250000.0,254144.05364813775,1.6576214592550986,2792.9022867732983,89.51261960862603,11.64,9,0.09792730981312836
Core50_Dip50_15,TwentyDayDD_3,FinalOOS,15,0.5,25,250000.0,254019.73717052612,1.6078948682104466,2791.5361175884555,89.55642680918251,11.64,9,0.048963654906586385
Core75_Dip25_15,TwentyDayDD_3,FinalOOS,15,0.75,25,250000.0,253957.57893172026,1.5830315726881095,2790.8530329960336,89.57834649272816,11.64,9,0.024481827453270988
WaitAll_20,TwentyDayDD_3,FinalOOS,20,0.0,25,250000.0,254691.9445566792,1.8767778226716825,2798.923304182135,89.32006090572452,14.16,9,0.31372124065529583
Core50_Dip50_20,TwentyDayDD_3,FinalOOS,20,0.5,25,250000.0,254293.6826247968,1.7174730499187163,2794.5466262928735,89.4599494772572,14.16,9,0.15686062032764791
Core75_Dip25_20,TwentyDayDD_3,FinalOOS,20,0.75,25,250000.0,254094.55165885563,1.6378206635422554,2792.358287348243,89.53005820661072,14.16,9,0.07843031016381286
WaitAll_5,TwentyDayDD_4,FinalOOS,5,0.0,25,250000.0,254536.42931235084,1.8145717249403281,2797.2142778434186,89.37463317709921,4.6,5,0.25246954737780936
Core50_Dip50_5,TwentyDayDD_4,FinalOOS,5,0.5,25,250000.0,254215.9250026326,1.6863700010530502,2793.692113123515,89.48731280215594,4.6,5,0.12623477368889358
Core75_Dip25_5,TwentyDayDD_4,FinalOOS,5,0.75,25,250000.0,254055.67284777344,1.6222691391093669,2791.931030763563,89.543759228045,4.6,5,0.06311738684441348
WaitAll_10,TwentyDayDD_4,FinalOOS,10,0.0,25,250000.0,254125.67820369577,1.6502712814782994,2792.7003508237226,89.51909213112,8.36,6,0.0906899030131969
Core50_Dip50_10,TwentyDayDD_4,FinalOOS,10,0.5,25,250000.0,254010.54944830522,1.6042197793220803,2791.4351496136687,89.55966612177959,8.36,6,0.04534495150665396
Core75_Dip25_10,TwentyDayDD_4,FinalOOS,10,0.75,25,250000.0,253952.9850706097,1.5811940282438819,2790.802549008639,89.57996691267395,8.36,6,0.02267247575327147
WaitAll_15,TwentyDayDD_4,FinalOOS,15,0.0,25,250000.0,254095.01756958506,1.638007027834032,2792.363407448922,89.52989404355422,11.96,6,0.07861381513927235
Core50_Dip50_15,TwentyDayDD_4,FinalOOS,15,0.5,25,250000.0,253995.21913124976,1.5980876524999132,2791.266677926267,89.56507164902425,11.96,6,0.03930690756965838
Core75_Dip25_15,TwentyDayDD_4,FinalOOS,15,0.75,25,250000.0,253945.31991208205,1.5781279648328095,2790.718313164939,89.58267082014319,11.96,6,0.019653453784806985
WaitAll_20,TwentyDayDD_4,FinalOOS,20,0.0,25,250000.0,254661.32235129346,1.8645289405173848,2798.586783117722,89.33080135592272,14.76,7,0.3016602884324593
Core50_Dip50_20,TwentyDayDD_4,FinalOOS,20,0.5,25,250000.0,254278.37152210393,1.7113486088415675,2794.378365760667,89.46533621331794,14.76,7,0.15083014421621854
Core75_Dip25_20,TwentyDayDD_4,FinalOOS,20,0.75,25,250000.0,254086.89610750915,1.63475844300367,2792.274157082139,89.53275571666792,14.76,7,0.07541507210808707
WaitAll_5,SixtyDayDD_4,FinalOOS,5,0.0,25,250000.0,254651.16727514652,1.8604669100586113,2798.475184459457,89.3343637236108,4.24,6,0.29766058015916474
Core50_Dip50_5,SixtyDayDD_4,FinalOOS,5,0.5,25,250000.0,254273.29398403043,1.7093175936121696,2794.322566431534,89.46712273066612,4.24,6,0.14883029007957127
Core75_Dip25_5,SixtyDayDD_4,FinalOOS,5,0.75,25,250000.0,254084.3573384724,1.6337429353889599,2792.2462574175725,89.53365031321205,4.24,6,0.07441514503976343
WaitAll_10,SixtyDayDD_4,FinalOOS,10,0.0,25,250000.0,254221.09361242517,1.68843744497007,2793.7489132803626,89.48549342125922,7.52,10,0.12827049760169018
Core50_Dip50_10,SixtyDayDD_4,FinalOOS,10,0.5,25,250000.0,254058.25715266983,1.6233028610679323,2791.959430841988,89.54284838035989,7.52,10,0.0641352488008673
Core75_Dip25_10,SixtyDayDD_4,FinalOOS,10,0.75,25,250000.0,253976.83892279209,1.5907355691168412,2791.0646896227995,89.57155343962538,7.52,10,0.032067624400422545
WaitAll_15,SixtyDayDD_4,FinalOOS,15,0.0,25,250000.0,254239.1484171734,1.695659366869351,2793.947325577423,89.47913860485279,10.32,10,0.13538161630519685
Core50_Dip50_15,SixtyDayDD_4,FinalOOS,15,0.5,25,250000.0,254067.28455504397,1.6269138220175838,2792.058636990518,89.53966678488815,10.32,10,0.06769080815263173
Core75_Dip25_15,SixtyDayDD_4,FinalOOS,15,0.75,25,250000.0,253981.3526239792,1.592541049591678,2791.114292697065,89.5699615935197,10.32,10,0.033845404076315866
WaitAll_20,SixtyDayDD_4,FinalOOS,20,0.0,25,250000.0,254590.26153275685,1.8361046131027292,2797.805864108436,89.35573522348963,12.64,10,0.2736720646422386
Core50_Dip50_20,SixtyDayDD_4,FinalOOS,20,0.5,25,250000.0,254242.8411128356,1.6971364451342286,2793.9879062560235,89.47783898427926,12.64,10,0.1368360323211082
Core75_Dip25_20,SixtyDayDD_4,FinalOOS,20,0.75,25,250000.0,254069.13090287507,1.6276523611500338,2792.0789273298183,89.53901609045323,12.64,10,0.0684180161605763
WaitAll_5,SixtyDayDD_5,FinalOOS,5,0.0,25,250000.0,254502.9898320155,1.80119593280621,2796.8467964888227,89.3863762269179,4.64,4,0.2392989749255614
Core50_Dip50_5,SixtyDayDD_5,FinalOOS,5,0.5,25,250000.0,254199.20526246494,1.679682104985969,2793.508372446217,89.49319875532724,4.64,4,0.1196494874627696
Core75_Dip25_5,SixtyDayDD_5,FinalOOS,5,0.75,25,250000.0,254047.3129776896,1.6189251910758484,2791.8391604249136,89.54670582167434,4.64,4,0.05982474373134039
WaitAll_10,SixtyDayDD_5,FinalOOS,10,0.0,25,250000.0,253997.00141079188,1.5988005643167602,2791.286264190582,89.56444317705804,8.6,5,0.040008881452147094
Core50_Dip50_10,SixtyDayDD_5,FinalOOS,10,0.5,25,250000.0,253946.21105185326,1.5784844207413107,2790.7281062970983,89.58235645955301,8.6,5,0.020004440726117956
Core75_Dip25_10,SixtyDayDD_5,FinalOOS,10,0.75,25,250000.0,253920.8158723837,1.568326348953475,2790.449027350354,89.59131578812077,8.6,5,0.010002220363003467
WaitAll_15,SixtyDayDD_5,FinalOOS,15,0.0,25,250000.0,254118.51615801634,1.6474064632065355,2792.6216439113673,89.52161512644014,12.4,6,0.08786903855650952
Core50_Dip50_15,SixtyDayDD_5,FinalOOS,15,0.5,25,250000.0,254006.96842546543,1.6027873701861761,2791.39579615749,89.56092874544655,12.4,6,0.04393451927826586
Core75_Dip25_15,SixtyDayDD_5,FinalOOS,15,0.75,25,250000.0,253951.19455918984,1.580477823675941,2790.7828722805502,89.58059850629188,12.4,6,0.021967259639099623
WaitAll_20,SixtyDayDD_5,FinalOOS,20,0.0,25,250000.0,254633.49918817825,1.8533996752712945,2798.2810219764547,89.34056230829255,15.32,6,0.2907017752622254
Core50_Dip50_20,SixtyDayDD_5,FinalOOS,20,0.5,25,250000.0,254264.4599405463,1.7057839762185223,2794.225485190033,89.4702311338334,15.32,6,0.1453508876311016
Core75_Dip25_20,SixtyDayDD_5,FinalOOS,20,0.75,25,250000.0,254079.94031673032,1.631976126692125,2792.197716796822,89.53520680003894,15.32,6,0.0726754438155286
WaitAll_5,RSI_30,FinalOOS,5,0.0,25,250000.0,254087.49785555678,1.634999142222715,2792.2807699596556,89.53254367884077,4.8,1,0.07565207837074706
Core50_Dip50_5,RSI_30,FinalOOS,5,0.5,25,250000.0,253991.45927423556,1.5965837096942215,2791.2253591816334,89.56639748834115,4.8,1,0.037826039185362426
Core75_Dip25_5,RSI_30,FinalOOS,5,0.75,25,250000.0,253943.43998357494,1.5773759934299747,2790.697653792622,89.5833339954417,4.8,1,0.018913019592647906
WaitAll_10,RSI_30,FinalOOS,10,0.0,25,250000.0,253056.91694357808,1.2227667774312279,2780.9552569505836,89.89716730435063,9.36,2,-0.33025556232876285
Core50_Dip50_10,RSI_30,FinalOOS,10,0.5,25,250000.0,253476.16881824637,1.3904675272985445,2785.562602677099,89.74847657695233,9.36,2,-0.16512778116433147
Core75_Dip25_10,RSI_30,FinalOOS,10,0.75,25,250000.0,253685.79475558028,1.474317902232114,2787.8662755403543,89.67431551269226,9.36,2,-0.08256389058221014
WaitAll_15,RSI_30,FinalOOS,15,0.0,25,250000.0,253170.3317019573,1.2681326807829185,2782.2016222834895,89.85689534420324,13.68,3,-0.28558569074552675
Core50_Dip50_15,RSI_30,FinalOOS,15,0.5,25,250000.0,253532.87619743586,1.4131504789743454,2786.185785343551,89.72840264820091,13.68,3,-0.14279284537276338
Core75_Dip25_15,RSI_30,FinalOOS,15,0.75,25,250000.0,253714.14844517506,1.4856593780700145,2788.1778668735806,89.66429400730026,13.68,3,-0.07139642268640944
WaitAll_20,RSI_30,FinalOOS,20,0.0,25,250000.0,253786.67100327738,1.514668401310959,2788.9748495905046,89.63867136941253,17.04,3,-0.04283247383519706
Core50_Dip50_20,RSI_30,FinalOOS,20,0.5,25,250000.0,253841.04584809588,1.5364183392383435,2789.572398997058,89.6194700269773,17.04,3,-0.021416236917615183
Core75_Dip25_20,RSI_30,FinalOOS,20,0.75,25,250000.0,253868.2332705051,1.5472933082020468,2789.8711737003346,89.60987244024372,17.04,3,-0.010708118458824245
WaitAll_5,RSI_35,FinalOOS,5,0.0,25,250000.0,253959.95221534913,1.5839808861396465,2790.87911406769,89.57750937324779,4.68,3,0.025416575950276687
Core50_Dip50_5,RSI_35,FinalOOS,5,0.5,25,250000.0,253927.6864541318,1.5710745816527094,2790.524531235651,89.58889169460173,4.68,3,0.012708287975127242
Core75_Dip25_5,RSI_35,FinalOOS,5,0.75,25,250000.0,253911.55357352304,1.5646214294092076,2790.347239819631,89.59458394008342,4.68,3,0.0063541439875525185
WaitAll_10,RSI_35,FinalOOS,10,0.0,25,250000.0,253244.02990388637,1.2976119615545567,2783.011524674453,89.8307455012225,8.84,5,-0.2565586993457103
Core50_Dip50_10,RSI_35,FinalOOS,10,0.5,25,250000.0,253569.72529840053,1.42789011936022,2786.590736539034,89.71536319341311,8.84,5,-0.12827934967279964
Core75_Dip25_10,RSI_35,FinalOOS,10,0.75,25,250000.0,253732.5729956574,1.4930291982629518,2788.380342471322,89.65778311951043,8.84,5,-0.06413967483643868
WaitAll_15,RSI_35,FinalOOS,15,0.0,25,250000.0,253580.301602332,1.4321206409328102,2786.7069642571796,89.71162135328413,12.56,6,-0.12411373538067094
Core50_Dip50_15,RSI_35,FinalOOS,15,0.5,25,250000.0,253737.86114762325,1.4951444590493024,2788.438456330396,89.65591456122783,12.56,6,-0.06205686769032992
Core75_Dip25_15,RSI_35,FinalOOS,15,0.75,25,250000.0,253816.64092026875,1.526656368107493,2789.304202367003,89.62808710066476,12.56,6,-0.031028433845192716
WaitAll_20,RSI_35,FinalOOS,20,0.0,25,250000.0,253973.4370959408,1.589374838376334,2791.027305431213,89.5727531986202,15.36,7,0.030727770833149926
Core50_Dip50_20,RSI_35,FinalOOS,20,0.5,25,250000.0,253934.4288944276,1.573771557771031,2790.5986269174123,89.58651293975525,15.36,7,0.01536388541656386
Core75_Dip25_20,RSI_35,FinalOOS,20,0.75,25,250000.0,253914.924793671,1.5659699174684016,2790.384287660512,89.59339439572413,15.36,7,0.00768194270828193
WaitAll_5,RSI_40,FinalOOS,5,0.0,25,250000.0,254500.11674722386,1.8000466988895347,2796.8152228794092,89.38738532130026,4.2,6,0.23816737326696202
Core50_Dip50_5,RSI_40,FinalOOS,5,0.5,25,250000.0,254197.76872006914,1.6791074880276646,2793.4925856415107,89.49370450632101,4.2,6,0.11908368663349211
Core75_Dip25_5,RSI_40,FinalOOS,5,0.75,25,250000.0,254046.5947064917,1.6186378825966852,2791.8312670225605,89.54695899893,4.2,6,0.05954184331671275
WaitAll_10,RSI_40,FinalOOS,10,0.0,25,250000.0,253984.11358945313,1.5936454357812435,2791.1446341773208,89.56898791226078,7.72,9,0.034932846089397174
Core50_Dip50_10,RSI_40,FinalOOS,10,0.5,25,250000.0,253939.7671411839,1.5759068564735523,2790.6572912904676,89.58462967854929,7.72,9,0.017466423044742996
Core75_Dip25_10,RSI_40,FinalOOS,10,0.75,25,250000.0,253917.59391704906,1.567037566819618,2790.4136198470387,89.59245261055749,7.72,9,0.008733211522327089
WaitAll_15,RSI_40,FinalOOS,15,0.0,25,250000.0,254211.8118516182,1.6847247406472698,2793.646911873637,89.48876070824947,10.72,10,0.12461475588660953
Core50_Dip50_15,RSI_40,FinalOOS,15,0.5,25,250000.0,254053.61627226634,1.6214465089065433,2791.9084301386247,89.5444840888234,10.72,10,0.062307377943304765
Core75_Dip25_15,RSI_40,FinalOOS,15,0.75,25,250000.0,253974.51848259027,1.5898073930361134,2791.0391892711173,89.57237181083357,10.72,10,0.031153688971619076
WaitAll_20,RSI_40,FinalOOS,20,0.0,25,250000.0,254603.3568720901,1.84134274883605,2797.9497746294373,89.35113927594007,13.04,10,0.27882983365499214
Core50_Dip50_20,RSI_40,FinalOOS,20,0.5,25,250000.0,254249.3887825023,1.6997555130009223,2794.059861516525,89.47553466671545,13.04,10,0.13941491682749607
Core75_Dip25_20,RSI_40,FinalOOS,20,0.75,25,250000.0,254072.40473770833,1.6289618950833251,2792.114904960068,89.53786234079625,13.04,10,0.06970745841372583
WaitAll_5,DD3_RSI35,FinalOOS,5,0.0,25,250000.0,253959.95221534913,1.5839808861396465,2790.87911406769,89.57750937324779,4.68,3,0.025416575950276687
Core50_Dip50_5,DD3_RSI35,FinalOOS,5,0.5,25,250000.0,253927.6864541318,1.5710745816527094,2790.524531235651,89.58889169460173,4.68,3,0.012708287975127242
Core75_Dip25_5,DD3_RSI35,FinalOOS,5,0.75,25,250000.0,253911.55357352304,1.5646214294092076,2790.347239819631,89.59458394008342,4.68,3,0.0063541439875525185
WaitAll_10,DD3_RSI35,FinalOOS,10,0.0,25,250000.0,253244.02990388637,1.2976119615545567,2783.011524674453,89.8307455012225,8.84,4,-0.2565586993457103
Core50_Dip50_10,DD3_RSI35,FinalOOS,10,0.5,25,250000.0,253569.72529840053,1.42789011936022,2786.590736539034,89.71536319341311,8.84,4,-0.12827934967279964
Core75_Dip25_10,DD3_RSI35,FinalOOS,10,0.75,25,250000.0,253732.5729956574,1.4930291982629518,2788.380342471322,89.65778311951043,8.84,4,-0.06413967483643868
WaitAll_15,DD3_RSI35,FinalOOS,15,0.0,25,250000.0,253521.2292506798,1.40849170027193,2786.0577918541812,89.73252483525104,12.84,4,-0.14738014620878648
Core50_Dip50_15,DD3_RSI35,FinalOOS,15,0.5,25,250000.0,253708.32497179718,1.4833299887188733,2788.1138701288974,89.66635210937143,12.84,4,-0.07369007310437103
Core75_Dip25_15,DD3_RSI35,FinalOOS,15,0.75,25,250000.0,253801.87283235576,1.5207491329423117,2789.141909266254,89.63330233195917,12.84,4,-0.03684503655221327
WaitAll_20,DD3_RSI35,FinalOOS,20,0.0,25,250000.0,253990.308316001,1.5961233264004004,2791.21271078857,89.56680335887776,15.96,5,0.03737271937698239
Core50_Dip50_20,DD3_RSI35,FinalOOS,20,0.5,25,250000.0,253942.8645044577,1.5771458017830753,2790.691329596091,89.58353700700522,15.96,5,0.018686359688491194
Core75_Dip25_20,DD3_RSI35,FinalOOS,20,0.75,25,250000.0,253919.14259868607,1.567657039474435,2790.4306389998515,89.5919061760321,15.96,5,0.009343179844245597
WaitAll_5,Drop5_2_RSI35,FinalOOS,5,0.0,25,250000.0,254161.1992468267,1.6644796987306698,2793.0907073997073,89.50658112809495,4.76,3,0.1046803259337814
Core50_Dip50_5,Drop5_2_RSI35,FinalOOS,5,0.5,25,250000.0,254028.30996987058,1.6113239879482322,2791.6303279016597,89.55340451108852,4.76,3,0.0523401629668907
Core75_Dip25_5,Drop5_2_RSI35,FinalOOS,5,0.75,25,250000.0,253961.86533139242,1.584746132556969,2790.900138152635,89.5768345783526,4.76,3,0.026170081483400942
WaitAll_10,Drop5_2_RSI35,FinalOOS,10,0.0,25,250000.0,253445.27693536397,1.37811077414558,2785.2231180064705,89.7594158197775,8.92,4,-0.17729494936220558
Core50_Dip50_10,Drop5_2_RSI35,FinalOOS,10,0.5,25,250000.0,253670.34881413932,1.4681395256557206,2787.6965332050427,89.67977576546774,8.92,4,-0.08864747468105838
Core75_Dip25_10,Drop5_2_RSI35,FinalOOS,10,0.75,25,250000.0,253782.88475352677,1.5131539014107132,2788.933240804326,89.64000871096513,8.92,4,-0.04432373734057915
WaitAll_15,Drop5_2_RSI35,FinalOOS,15,0.0,25,250000.0,253722.47628215738,1.4889905128629533,2788.2693851861986,89.66135099005335,12.92,4,-0.06811639622528176
Core50_Dip50_15,Drop5_2_RSI35,FinalOOS,15,0.5,25,250000.0,253808.94848753596,1.523579395014396,2789.219666794906,89.63080354559351,12.92,4,-0.034058198112618676
Core75_Dip25_15,Drop5_2_RSI35,FinalOOS,15,0.75,25,250000.0,253852.1845902251,1.540873836090051,2789.694807599258,89.61553762762449,12.92,4,-0.017029099056342645
WaitAll_20,Drop5_2_RSI35,FinalOOS,20,0.0,25,250000.0,254295.18786159597,1.718075144638398,2794.563168010998,89.45941994144829,16.12,4,0.15745347733744364
Core50_Dip50_20,Drop5_2_RSI35,FinalOOS,20,0.5,25,250000.0,254095.3042772552,1.638121710902074,2792.366558207305,89.52979302276833,16.12,4,0.07872673866871072
Core75_Dip25_20,Drop5_2_RSI35,FinalOOS,20,0.75,25,250000.0,253995.36248508477,1.598144994033901,2791.268253305458,89.56502109890248,16.12,4,0.039363369334344256
WaitAll_5,Daily1_DD2,FinalOOS,5,0.0,25,250000.0,254074.697798672,1.6298791194687912,2792.1401044290983,89.53705424861438,4.76,4,0.07061061017497039
Core50_Dip50_5,Daily1_DD2,FinalOOS,5,0.5,25,250000.0,253985.05924579318,1.5940236983172706,2791.1550264163548,89.5686544222455,4.76,4,0.03530530508746299
Core75_Dip25_5,Daily1_DD2,FinalOOS,5,0.75,25,250000.0,253940.23996935372,1.5760959877414882,2790.6624874099825,89.58446287498755,4.76,4,0.01765265254369819
WaitAll_10,Daily1_DD2,FinalOOS,10,0.0,25,250000.0,253171.7684106169,1.2687073642467572,2782.217410915343,89.85638542091884,8.44,8,-0.28501982443109863
Core50_Dip50_10,Daily1_DD2,FinalOOS,10,0.5,25,250000.0,253533.59455176574,1.413437820706287,2786.193679659478,89.72814841449012,8.44,8,-0.1425099122155271
Core75_Dip25_10,Daily1_DD2,FinalOOS,10,0.75,25,250000.0,253714.50762233997,1.4858030489359964,2788.181814031544,89.66416707184348,8.44,8,-0.07125495610780241
WaitAll_15,Daily1_DD2,FinalOOS,15,0.0,25,250000.0,253071.07348797616,1.2284293951904557,2781.11082952706,89.89213854613395,11.56,10,-0.32467982395607553
Core50_Dip50_15,Daily1_DD2,FinalOOS,15,0.5,25,250000.0,253483.24709044525,1.3932988361780918,2785.6403889653357,89.7459704383655,11.56,10,-0.16233991197804887
Core75_Dip25_15,Daily1_DD2,FinalOOS,15,0.75,25,250000.0,253689.33389167982,1.475733556671921,2787.9051686844737,89.67306449593738,11.56,10,-0.08116995598903554
WaitAll_20,Daily1_DD2,FinalOOS,20,0.0,25,250000.0,253461.4382382105,1.384575295284196,2785.4007217671306,89.75369254639725,13.88,10,-0.17092961090812153
Core50_Dip50_20,Daily1_DD2,FinalOOS,20,0.5,25,250000.0,253678.4294655624,1.471371786224962,2787.7853350853707,89.67691911340951,13.88,10,-0.08546480545408297
Core75_Dip25_20,Daily1_DD2,FinalOOS,20,0.75,25,250000.0,253786.92507923843,1.5147700316953783,2788.9776417444914,89.63858162865237,13.88,10,-0.042732402727041485
WaitAll_5,Drop3_2_DD3,FinalOOS,5,0.0,25,250000.0,254034.74336133464,1.6138973445338545,2791.7010273080546,89.55113658466027,4.92,2,0.054874037523000574
Core50_Dip50_5,Drop3_2_DD3,FinalOOS,5,0.5,25,250000.0,253965.0820271245,1.5860328108497912,2790.935487855833,89.57570000733527,4.92,2,0.027437018761489185
Core75_Dip25_5,Drop3_2_DD3,FinalOOS,5,0.75,25,250000.0,253930.25136001938,1.5721005440077596,2790.5527181297216,89.58798677258262,4.92,2,0.013718509380700183
WaitAll_10,Drop3_2_DD3,FinalOOS,10,0.0,25,250000.0,253485.41676288578,1.3941667051543094,2785.6642324628865,89.74520227047168,9.24,4,-0.16148535838483857
Core50_Dip50_10,Drop3_2_DD3,FinalOOS,10,0.5,25,250000.0,253690.41872790022,1.4761674911600853,2787.9170904332505,89.6726810341226,9.24,4,-0.08074267919238043
Core75_Dip25_10,Drop3_2_DD3,FinalOOS,10,0.75,25,250000.0,253792.9197104072,1.5171678841628733,2789.04351941843,89.63646435037695,9.24,4,-0.04037133959623462
WaitAll_15,Drop3_2_DD3,FinalOOS,15,0.0,25,250000.0,253282.45294516606,1.3129811780664191,2783.43377260162,89.81711814408646,13.24,5,-0.241425286866348
Core50_Dip50_15,Drop3_2_DD3,FinalOOS,15,0.5,25,250000.0,253588.93681904027,1.4355747276161068,2786.8018605026164,89.70856649094924,13.24,5,-0.1207126434331629
Core75_Dip25_15,Drop3_2_DD3,FinalOOS,15,0.75,25,250000.0,253742.17875597728,1.4968715023909063,2788.4859044531136,89.65438900041016,13.24,5,-0.060356321716603656
WaitAll_20,Drop3_2_DD3,FinalOOS,20,0.0,25,250000.0,254026.86155720602,1.6107446228823985,2791.614410649279,89.55391512750306,16.2,5,0.05176968687850003
Core50_Dip50_20,Drop3_2_DD3,FinalOOS,20,0.5,25,250000.0,253961.14112506018,1.5844564500240743,2790.892179526445,89.57709001944306,16.2,5,0.025884843439238914
Core75_Dip25_20,Drop3_2_DD3,FinalOOS,20,0.75,25,250000.0,253928.28090898728,1.5713123635949122,2790.5310639650284,89.5886819639192,16.2,5,0.012942421719608355
