Date,Open,High,Low,Close,Volume,Bars,r5,r15,r30,r60,r_after15,r_mid,r_to1430,r_close60,r_close30,r_close15,opening15_volume_share,opening15_volume,opening30_volume_share,closing60_volume_share,closing30_volume_share,closing15_volume_share,opening15_close_position,day_close_position,position_1430,vwap_0929,vwap_1429,vwap_close,opening_range_pct,opening_range_share,or_high,or_low,break_type,first_high_break,first_low_break,close_above_or,close_below_or,PrevClose,gap,daily_return,atr20_pct,r15_atr,r_to1430_atr,ema20,ema50,trend_regime,prior_trend_regime,next_gap,opening15_rvol20,nifty_gap,nifty_r15,nifty_r_to1430,nifty_r_close60,nifty_daily_return,r15_relative_nifty,close60_relative_nifty
2024-06-26,853.98,855.45,845.55,846.75,47590118.0,375,-0.006826857771844774,-0.007295252816225228,-0.008138363896110001,-0.007587999718962957,-0.0011795930404010502,0.006843657817109161,-0.0007962715754468164,-0.007676081096917753,-0.0070709913459509055,-0.004502809847398259,0.08159080420855438,3882916,0.12355476823991064,0.3653223133424464,0.26696773477216423,0.11297379006288659,0.10744985673352407,0.1212121212121247,0.7828282828282757,850.0991722028839,851.6052484563004,851.4680277035663,0.008240850059031857,0.7050505050505004,853.98,847.0,low_then_high,12:11,09:45,False,True,,,,,,,846.75,846.75,mixed,,0.0015352819604368406,,,-0.0011465617899851788,0.005996265243581211,-0.001051733999291815,,-0.00614869102624005,-0.006624347097625938
2024-06-27,848.05,856.5,843.3,848.0,55058266.0,375,-0.0027946465420670696,-0.0011791757561464555,-0.00023583515122915788,0.00705147102175574,0.0011215394604804363,-0.004625130264744759,0.0023937267849774013,-0.0024468285337850837,-0.0057217897007785234,0.001263386584487547,0.06274618238068014,3454696,0.08303207369443855,0.41451192814535787,0.32842080424399855,0.11563785899105504,0.4672897196261662,0.3560606060606083,0.5136363636363684,847.0414496827892,848.9645986338198,848.9424091259975,0.0063347344739803635,0.4053030303030306,849.9,844.55,high_then_low,09:49,10:45,False,False,846.75,0.0015352819604368406,0.0014762326542663295,,,,846.8690476190477,846.7990196078432,uptrend,mixed,0.0009433962264151496,,0.0017323643837627856,-0.0025898653981838438,0.002594052731083263,0.0038674379267860104,0.008215098415494726,0.0014106896420373882,-0.006314266460571094
2024-06-28,848.8,853.3,839.5,842.5,26471404.0,375,0.00406456173421299,0.0013312912346843397,0.002120640904806903,0.002768614514608858,-0.008741896391467496,-0.006755565998942559,-0.004005655042412792,-0.0034303288384196495,-0.0010671093194213332,0.0023437592947306296,0.11930141672878401,3158076,0.15289653695738994,0.3953655801558542,0.3015632264915,0.1384094323066506,0.29791666666665906,0.2173913043478268,0.20762286860581286,851.1223508047306,848.9231855097684,846.3662095666203,0.005657041838538435,0.34782608695651956,853.3,848.5,low_only,,09:31,False,True,848.0,0.0009433962264151496,-0.006485849056603765,,,,846.452947845805,846.6304306036141,downtrend,uptrend,-0.0029673590504450953,,0.0020718835418391812,0.0021049659759442285,0.00044009150581869605,-0.0035980329093436847,-0.0010941874929792927,-0.0007736747412598888,0.00016770407092403516
2024-07-01,840.0,853.65,840.0,852.1,21181302.0,375,0.0050357142857142545,0.0050357142857142545,0.009857142857142787,0.008571428571428674,0.009322104165926381,0.006350330500472179,0.014976190476190476,-0.0005629970208074209,-0.00079739205891316,-0.0007388036072378812,0.1003615358489294,2125788,0.16186153240249349,0.25114065226018684,0.1512129896453013,0.07531123440853636,0.8849372384937327,0.8864468864468896,0.9318518518518549,842.3159088174989,848.9724914570521,849.8788131677019,0.005690476190476135,0.3501831501831488,844.78,840.0,high_only,09:30,,True,False,842.5,-0.0029673590504450953,0.011394658753709264,,,,846.9907623366807,846.8449235211194,uptrend,downtrend,0.006337284356296102,,-0.0007017967663203173,0.0020735257648600847,0.005745437722330937,-0.0003170222288526592,0.004720988929520553,0.00296218852085417,-0.0002459747919547617
2024-07-02,857.5,867.45,851.38,864.0,45918076.0,375,0.0008513119533528624,0.00038483965014579624,-0.0053294460641399866,0.00017492711370259428,0.007192567291887553,0.006995860782370356,0.007172011661807476,0.0004052567591037448,-0.0006130498652446859,-0.0027470624899005314,0.10266109581769062,4714000,0.16320139371693188,0.20799582282149626,0.12862342054575632,0.04912901838482954,0.3321976149914896,0.7853142501555672,0.7635345364032323,858.3205337717437,860.3161793086254,861.2038273193325,0.006858438098798825,0.3652769135034217,861.75,855.88,low_then_high,11:20,09:31,True,False,852.1,0.006337284356296102,0.013965497007393468,,,,848.6106897331874,847.5176716183305,uptrend,uptrend,0.03645833333333326,,0.004377537759372219,-0.0034628282515607456,-0.004341949130681533,-0.00023835629498980548,-0.00022177866489248022,0.003847667901706542,0.0006436130540935503
2024-07-03,895.5,897.0,882.33,883.85,123207406.0,375,-0.007671691792294766,-0.01200446677833611,-0.00795086543830259,-0.0037967615857062986,-0.001017236507487973,-0.009864364981504337,-0.01362367392518149,0.0006226650062266526,-0.0012430080795525766,-0.0014122698000226253,0.31771807613578035,39145220,0.39705501144955524,0.20558785240556074,0.14760921108914507,0.06938026111839413,0.054054054054057374,0.10361281526925603,0.05190311418685105,889.0309020588805,889.171346558238,888.1659886762554,0.014648492732311613,0.882753919563741,897.0,884.05,low_only,,14:16,False,True,864.0,0.03645833333333326,0.022974537037037113,,,,851.966814520503,848.9424688097685,uptrend,uptrend,-0.004491712394637082,,0.007212515237708272,-0.002513198925561122,-0.0016137165910237172,0.001577153742596149,0.007173125243596035,-0.009491267852774987,-0.0009544887363694965
2024-07-04,879.88,879.88,862.43,864.0,45839152.0,375,-0.008410237759694517,-0.008557985179797223,-0.008410237759694517,-0.009239896349502175,-0.009571846162664044,-0.0075136220246629914,-0.016684093285447954,-0.001386962552011095,-0.0009019635051689123,0.0004052567591037448,0.181668064016542,8327510,0.24174936744030517,0.2219628321221998,0.13257470382523656,0.06716306619284755,0.24321608040201625,0.0899713467048737,0.1037851037851066,873.1592463493488,868.500262905218,867.5545924214882,0.011437701884059681,0.5702005730659037,879.88,869.93,low_only,,09:36,False,True,883.85,-0.004491712394637082,-0.02245856197318552,,,,853.112832185217,849.5329602289933,uptrend,uptrend,-0.0248842592592593,,0.003258435292374129,-0.00021748095502860387,-0.0013951608435799345,-0.0012861630632869936,0.0005701747163535664,-0.008340504224768619,-0.0001007994887241015
2024-07-05,842.5,842.5,821.1,824.98,82229132.0,375,-0.008451038575667646,-0.010445103857566695,-0.012997032640949646,-0.015632047477744715,-0.010459397864939435,-0.008537011804709893,-0.024035608308605294,0.003320158102766868,0.0039306358381503426,0.0012136216898468444,0.2048673698756786,16846066,0.2665798296399383,0.17963818467644777,0.12266229442869468,0.054090562454192026,0.0880829015544067,0.18130841121495325,0.047954866008461806,836.4667379327612,829.4673390901306,828.391843420569,0.011586720297772635,0.45093457943925175,842.5,832.85,low_only,,09:30,False,True,864.0,-0.0248842592592593,-0.04516203703703703,,,,850.433514834244,848.5700990435425,mixed,uptrend,-0.002824310892385329,,-0.003756482812959816,-0.001127477197496396,0.0004274501463037428,0.003841279408182796,0.0004978471197898404,-0.0093176266600703,-0.000521121305415928
2024-07-08,822.65,827.48,813.58,818.18,39077954.0,375,9.724670272892588e-05,0.002710751838570502,-0.0004497660001215875,-0.0001823375676168748,-0.008122393560275443,-0.0025167173252280683,-0.002698596000729414,-0.0027424643174920327,-0.0003665330857199889,0.0011379626797185516,0.20868641178092384,8155038,0.2787390557857763,0.17576856761743462,0.12324969725897113,0.06037501349226216,0.7519083969465632,0.33093525179855515,0.4928057553956777,822.620629288709,820.4869927089533,820.0732339704035,0.012827417380661066,0.7539568345323766,827.48,817.0,low_only,,12:05,False,False,824.98,-0.002824310892385329,-0.008242624063613757,,,,847.3617515166969,847.3783304535998,downtrend,mixed,-0.006942237649416927,,0.0005222737413510536,-0.00025483518945146333,-0.0008898680405846626,0.0009564831041888322,0.0005880720079780577,0.0029655870280219654,-0.003698947421680865
2024-07-09,812.5,823.35,810.18,819.13,48546776.0,375,0.009513846153846206,0.011569230769230776,0.012283076923076841,0.012307692307692353,-0.003370239688526566,-0.005434650455927059,0.006806153846153906,0.0013446939598793506,0.0005252229143763998,0.0019938837920490116,0.20047539305184756,9732434,0.2331196205490556,0.2704299457496415,0.17008647494943846,0.07070014288899432,0.9156249999999972,0.679574791192103,0.5960516324981002,817.6047484106577,819.8258080035174,819.4462518561473,0.015798958256190154,0.9719058466211083,822.98,810.18,high_only,09:46,,False,False,818.18,-0.006942237649416927,0.0011611136913638465,,,,844.6730132770115,846.2705527887528,downtrend,downtrend,-0.005066350884474935,,0.0008199399532695661,0.0004168206644492578,0.0025543098846043666,0.00016589386069831846,0.0035427981940772124,0.011152410104781518,0.0011788000991810321
2024-07-10,814.98,820.0,810.38,814.0,45503974.0,375,-0.0015092394905397155,0.0008221060639523881,0.002024589560480017,0.0038037743257504086,-0.0020229265003370855,-0.007762077058478423,-0.003987827922157572,0.0027964963719462332,0.001476377952756014,0.0015626345772887795,0.1770672601034802,8057264,0.20592495943321346,0.3500518438235746,0.27155241430122123,0.10456396621534637,0.8632812499999912,0.3762993762993766,0.14033264033264262,813.9388473630748,814.2667584412326,813.8133543307665,0.006311403670968829,0.5322245322245325,816.35,811.23,high_then_low,09:30,13:46,False,False,819.13,-0.005066350884474935,-0.006262742177676306,,,,841.7517739172961,845.005040914684,downtrend,downtrend,-0.002481572481572436,,0.0017446682161177396,-0.002123888740118929,-0.008072412545456986,0.0020608018992349653,-0.004294095362909367,0.002945994804071317,0.000735694472711268
2024-07-11,811.98,812.93,800.5,811.5,44174760.0,375,-0.005455799403926265,-0.005849897780733526,-0.006157787137614279,-0.007487869159338967,0.0052896943869775725,0.002295570169996264,-0.005209487918421685,0.00464252553389044,0.0010732393323711342,0.0004561537608027688,0.10819680740766899,4779568,0.13993284853160493,0.21100836767421033,0.14030084147599217,0.06389282024395831,0.2328398384926016,0.884955752212393,0.5832662912308954,808.7135191116296,805.2538588713212,806.3297044724184,0.009224084419614975,0.5977473853580032,812.93,805.5,low_only,,10:16,False,False,814.0,-0.002481572481572436,-0.0030712530712531105,,,,838.8706525918394,843.6911177415592,downtrend,downtrend,-0.0006161429451633227,,0.003461196755564888,-0.002037173288846228,-0.0034492581942937584,0.0010735262664318679,0.0010735262664318679,-0.0038127244918872982,0.0035689992674585724
2024-07-12,811.0,819.2,805.58,813.78,56037222.0,375,-0.0036991368680641123,0.0036744759556104345,0.0023427866831071675,-0.006041923551171391,-0.0002457062827097012,0.015320679816400062,0.009186189889025975,-0.005705907508094632,-0.0006999447412047166,0.004418662058750744,0.05437071809162845,3046784,0.08388260217467597,0.44561084773260173,0.3610710038409827,0.23828372505689166,0.9062937062937118,0.6020558002936806,0.9750000000000054,810.4506179543195,811.7385035633968,812.1572446096636,0.00885448916408671,0.5249632892804681,814.65,807.5,high_then_low,09:32,09:56,False,False,811.5,-0.0006161429451633227,0.002809611829944547,,,,836.4810666307119,842.5181327320863,downtrend,downtrend,-0.0024945316916119564,,0.0020317603796453643,0.001900528744728458,0.007239230849661382,-0.0021209468949092702,0.007145058241058377,0.0017739472108819765,-0.0035849606131853617
2024-07-15,811.75,814.9,807.6,811.5,33372476.0,375,0.001847859562673193,0.0017000307976593465,-0.002426855558977592,-0.0011087157376039602,-0.0020045995105333336,0.0005919713880495614,-0.000517400677548463,0.0002095324960249556,0.0002465179341797352,0.0005178280810769209,0.06494166030713454,2167264,0.14047839902559223,0.32310446488897016,0.2607697433058308,0.12738976874236121,0.4380952380952398,0.534246575342466,0.5109589041095948,813.2020290252289,810.9827640530248,811.0638578951508,0.00388050508161375,0.43150684931506805,814.9,811.75,low_only,,09:36,False,True,813.78,-0.0024945316916119564,-0.002801740028017363,,,,834.1019174277869,841.3017353700437,downtrend,downtrend,-0.0013801601971658028,,0.003067835054910928,-0.0008012168735459513,0.0010899803152810694,-0.0010583235829434434,0.003098431814102076,0.002501247671205298,0.001267856078968399
2024-07-16,810.38,813.5,808.4,810.5,28947594.0,375,0.0013820676719564773,0.0028998741331227595,0.001443767121597217,0.0024309583158519388,-0.002743838667208065,-0.002917461685234213,-0.0004935955971272499,0.0006419911602755235,0.000802617768722591,8.637390027521619e-05,0.10747546065486478,3111156,0.15039488255915154,0.3831180581018236,0.3114069514723745,0.09634431103324166,0.8483754512635517,0.4117647058823556,0.14146341463415554,811.7512056376044,811.6357091029172,810.9458949368983,0.0034181495101064385,0.5431372549019547,813.15,810.38,low_then_high,10:34,09:40,False,False,811.5,-0.0013801601971658028,-0.0012322858903265343,,,,831.8541157679977,840.0938241790616,downtrend,downtrend,-0.008019740900678585,,0.0011204493184782116,0.0002681193862503761,-0.00026608817877882274,-0.0003352384357977467,0.0005185382508383629,0.0026317547468723834,0.0009772295960732702
2024-07-18,804.0,811.98,799.58,807.45,33714648.0,375,-0.0002736318407960958,0.000932835820895539,0.005261194029850813,0.007126865671641891,0.0033550792171481714,0.0009262346708160951,0.00805970149253743,-0.003738525318329855,-0.0017061681688365082,0.0006816210187137184,0.23397948571196708,7888536,0.27415940988023957,0.24201154346917697,0.18378581321685458,0.07657656695689066,0.8807495741056142,0.6346774193548402,0.8790322580645159,802.0923542577059,805.9290504065018,806.4290074958905,0.0073413542109608265,0.47338709677419477,805.45,799.58,high_only,09:32,,True,False,810.5,-0.008019740900678585,-0.0037631091918568504,,,,829.5299142662835,838.8136742112553,downtrend,downtrend,0.0006811567279707553,,-0.00232916414306672,-0.00016704829732960835,0.010399775095950803,-0.0007943852687906094,0.0072456109686152015,0.0010998841182251473,-0.0029441400495392456
2024-07-19,808.0,811.5,801.75,802.58,25992198.0,375,-0.0008663366336634226,0.0004950495049504955,-0.0007054455445545393,-0.0029084158415841888,-0.007199406234537298,-0.0021100974368521985,-0.005012376237623739,-0.0017040860750047182,-0.002733666343596952,-0.0013935548090083794,0.09202153661648776,2391842,0.13759567390183777,0.30967738857637206,0.22358386158800422,0.09263887571185785,0.5230769230769196,0.08512820512820933,0.21923474663909137,808.5220756917332,805.4564627461264,804.9511113986341,0.008074534161490732,0.6666666666666666,811.5,805.0,low_only,,09:52,False,True,807.45,0.0006811567279707553,-0.006031333209486678,,,,826.9632557647327,837.392745810814,downtrend,downtrend,0.007376211717212033,,0.0030045178747626355,-0.003399882512935659,-0.011141153465465958,-0.0020771537500662296,-0.010230292562153576,0.0038949320178861546,0.0003730676750615114
2024-07-22,808.5,825.5,806.33,821.0,53738130.0,375,0.000618429189857661,0.0018552875695732052,0.012405689548546706,0.01729128014842307,0.013580246913580174,-0.0037447719093474108,0.013481756338899142,0.001952648279228697,0.0034466743259429222,-0.001192243120270553,0.126989011340737,6824152,0.19919405457540112,0.25271698140594023,0.15487118736733116,0.0689083524119652,0.5948136142625581,0.7652582159624408,0.681794470526863,809.4268329368986,818.4880661083135,818.8728950374721,0.0076519539146502336,0.32185706833594013,812.5,806.33,high_only,09:32,,True,False,802.58,0.007376211717212033,0.022950983079568443,,,,826.3953266442819,836.7498930339193,downtrend,downtrend,0.003386114494518866,,-0.003265941853187515,0.0008856345172474356,0.0025996338831904,0.0002692855365107327,-0.0004056943999900531,0.0009696530523257696,0.0016833627427179643
2024-07-23,823.78,823.9,802.5,808.3,52019016.0,375,-0.007708368739226534,-0.006409478258758372,-0.010476097987326738,-0.011143751972613969,-0.01246182040317656,-0.00742695801620441,-0.01848794581077473,-0.00030919547337826536,-0.0034275287271293697,-0.0006181998021760338,0.07126097886972718,3706926,0.10847502382590243,0.30021121506796666,0.15510081928500916,0.05088835205956222,0.30769230769230654,0.2710280373831757,0.28271028037382995,818.4445363804584,812.7253354895694,812.0522331124708,0.009557652248498805,0.3644859813084095,823.9,816.1,low_only,,09:36,False,True,821.0,0.003386114494518866,-0.015468940316686997,,,,824.6719622019693,835.6342109541579,downtrend,downtrend,-0.00522083384881844,,0.0021618623016084193,-0.0014937583693206413,-0.005148785659919608,0.0013910254312179404,-0.0016111992625194027,-0.004915719889437731,-0.0017002209045962058
2024-07-24,804.08,810.5,794.03,804.18,61722522.0,375,0.0035071137200277658,0.003855337777335377,0.003569296587404347,0.006467018207143571,-0.0037166431279268553,-0.012331949387109575,-0.005944682121182043,0.006105342174402617,0.00218087559039426,0.002430724355857894,0.09245529532963673,5706574,0.13826473260441302,0.2756672839777999,0.16702642189507422,0.06978648733763666,0.6839285714285557,0.6162720097146303,0.31997571341833475,806.3309273304789,802.2706366807115,802.1282413233212,0.006970809734237804,0.3400121432908326,808.95,803.35,high_then_low,09:35,10:57,False,False,808.3,-0.00522083384881844,-0.005097117406903329,,,,822.7203467541627,834.4007124853674,downtrend,downtrend,-0.009550100723718535,,-0.0012849111797487156,0.00017795086510696834,-0.002327679132090754,0.002208048613972835,-0.00140952100799141,0.0036773869122284086,0.003897293560429782
2024-07-25,796.5,812.5,796.5,808.0,25533804.0,375,0.006465787821720026,0.010671688637790222,0.009516635279347208,0.011148775894538554,0.003726708074534235,0.007785144900543717,0.019020715630885032,-0.004497012258978583,-0.0010261736087929796,-0.0001237470610073732,0.15416974298071687,3936540,0.21650452083050375,0.2176451264370949,0.13191688946934815,0.062200994415089896,0.9444444444444444,0.71875,0.9468749999999986,801.5888766022956,806.221988182846,806.8215907085377,0.011299435028248483,0.5625,805.5,796.5,high_only,09:32,,True,False,804.18,-0.009550100723718535,0.004750180307891316,,,,821.318408968052,833.3653904271177,downtrend,downtrend,-0.0068069306930692575,0.829306747473658,-0.008630671101673815,0.0007118994509087706,0.007575022853004043,2.0479633004999442e-05,-0.0011005691046932498,0.009959789186881451,-0.004517491891983583
2024-07-26,802.5,810.88,798.23,808.15,43804010.0,375,0.0020934579439251255,-0.003576323987538932,-0.0015576323987538387,-0.0033644859813084516,0.010654927904155675,0.010815203800950357,0.007414330218068699,-0.0003710804626136932,-0.0011494537004994587,-0.001359283286994195,0.16066780187475987,7037894,0.22562509688039975,0.26770476036326357,0.20403657108104942,0.09938802406446351,0.10043041606887271,0.7841897233201562,0.8079051383399246,802.2453027785493,803.1867141508801,804.7309749384439,0.00872416857546976,0.5509881422924933,805.9,798.93,low_then_high,12:54,09:30,True,False,808.0,-0.0068069306930692575,0.00018564356435635254,0.019729462218548193,-0.18126819413135015,0.37579991466256435,820.0642747806186,832.3765515868387,downtrend,downtrend,-0.0008043061312874578,1.4826657374761523,0.00034200286708974126,0.002204857237029456,0.014750228776969632,0.0027498022886103257,0.017888593078025705,-0.005781181224568388,-0.003120882751224019
2024-07-29,807.5,815.93,799.15,802.5,50995910.0,375,0.0008668730650154277,0.0008668730650154277,0.0025758513931888327,0.00030959752321990663,-0.007052709725315576,-0.005657691117301189,-0.00534984520123849,-0.0008466346273562353,-0.0016794178018286754,0.0008980019456710231,0.1283134667074281,6543462,0.1634511473567194,0.2537498007193126,0.1789850205634138,0.07739185358198333,0.6074074074074107,0.19964243146603267,0.24016686531585096,807.7572503862125,807.0595660311108,806.0224393467369,0.008394478298719088,0.4022646007151377,810.85,804.1,high_then_low,10:49,12:18,False,True,808.15,-0.0008043061312874578,-0.00699127637196062,0.019732808406798544,0.043930546891478656,-0.27111423224457537,818.391486706274,831.204922112845,downtrend,downtrend,-0.0018691588785046953,1.2480208641080772,0.0036838452020480084,-0.0010002686092056567,-0.004766811127637438,0.0006666827798456065,-0.00043457704185823065,0.0018671416742210845,-0.0015133174072018418
2024-07-30,801.0,817.38,799.5,807.1,54583188.0,375,0.0012484394506866447,0.0,0.002159800249687871,0.002284644194756602,0.0076154806491886,0.016254997944770366,0.01857677902621724,-0.010761386478403634,-0.0050542406311637755,0.0009301171947664333,0.10389558044869054,5670952,0.1444996946678893,0.33513817478011726,0.2726337640813505,0.10601506090116979,0.4132231404958683,0.4250559284116345,0.9161073825503355,801.4288313108627,807.3337107245825,807.8794872958566,0.00454033771106932,0.2030201342281877,803.13,799.5,high_only,09:44,,True,False,802.5,-0.0018691588785046953,0.005732087227414251,0.019957302767900482,0.0,0.9308261362901358,817.3161070199623,830.2596310495961,downtrend,downtrend,-0.0001239003840912689,0.9258669933704685,-6.239696952003992e-05,-0.00014694396805081666,0.004512991457120474,-0.004432599242530477,-2.012805468409873e-06,0.00014694396805081666,-0.006328787235873157
2024-07-31,807.0,813.95,804.6,808.98,37815324.0,375,0.003568773234200684,0.006381660470879735,0.004684014869888342,0.007930607187112804,-0.0039032198485501324,-0.008568969756577394,-0.000706319702602265,0.003162084743871141,0.0030750154990701883,0.0013367991088006903,0.18038094821030753,6821164,0.23109351119138896,0.385185487237925,0.2947217376743883,0.11449882063684023,0.9566724436741766,0.46844919786096095,0.19572192513368158,809.425753044495,809.3422869302923,808.6913580076695,0.007153217708242954,0.6171122994652372,812.4,806.63,high_then_low,10:05,12:35,False,False,807.1,-0.0001239003840912689,0.00232932722091439,0.020261232438717754,0.3149690173182576,-0.03486064851872184,816.5221920656802,829.4251357143179,downtrend,downtrend,0.003053227521075952,1.1136561557859912,0.001843733520122015,0.0016133115278440524,0.0028991388974832777,0.0008193486478744738,0.00557145675076165,0.004768348943035683,0.002342736095996667
2024-08-01,811.45,825.03,808.98,823.83,26193760.0,375,0.00225522213321816,0.004190030192864569,0.0034875839546490983,0.003512231191077575,0.011020433208565938,0.0019034753776250302,0.005422392014295285,0.009781209781209776,0.009348198970840382,0.006880958200928822,0.11145906505976996,2919532,0.15960014904313088,0.3492854786788915,0.2615996328896653,0.13361625058792628,0.9437299035369741,0.9252336448598171,0.6856287425149717,812.2775654111686,814.9932579368941,816.2503283031276,0.007688694405300511,0.38753894080997164,815.2,808.98,high_only,10:15,,True,False,808.98,0.003053227521075952,0.018356448861529318,0.019897502293550737,0.21058071164151387,0.27251621506548657,817.2181737737106,829.2057186274818,downtrend,downtrend,-0.010111309372079269,0.4369044072015184,0.0020677120655903103,0.0008968896506125201,-0.0023131363372146385,0.0013194223372796632,0.001068885036810574,0.0032931405422520488,0.008461787443930113
2024-08-02,815.5,835.25,815.5,829.03,44112396.0,375,0.00402207234825247,0.011563458001226268,0.017020232985898165,0.01716738197424883,0.004970118676736135,0.002206148282097642,0.019411404046597136,-0.00276665102907403,6.0315086009232743e-05,-8.442889880599935e-05,0.11517646876401817,5080710,0.19805974719668368,0.22569383898349116,0.16456585128588344,0.0827517507777179,0.9199999999999952,0.6850632911392391,0.8015189873417742,819.4607525155604,829.245898476327,829.3493271835275,0.01256897608828944,0.5189873417721519,825.75,815.5,high_only,09:31,,True,False,823.83,-0.010111309372079269,0.0063119818409136386,0.01897976998455257,0.6092517459715077,1.022741796259695,818.3431096047858,829.198827700914,downtrend,downtrend,-0.01083193611811395,0.8295012357514704,-0.008677917299848015,0.0019363427326637428,-0.0008532010165800408,-0.002761644632053195,-0.012259057826121689,0.009627115268562525,-5.006397020834719e-06
2024-08-05,820.05,823.0,800.5,808.03,41327688.0,375,-0.0014877141637703595,-0.002463264435095369,-0.00518261081641358,-0.0037802573013839824,-0.012224490544356592,-0.010710569802313441,-0.014450338394000228,-0.0002103439742638935,-0.0009520276953510765,0.0012763320941759915,0.1731611020679405,7156348,0.22416492304142444,0.19685412839934333,0.12538165696566428,0.07061890323988121,0.26911764705881464,0.33466666666666545,0.34222222222222426,819.5450490930102,812.1582981456077,811.398154105144,0.008331291350159198,0.3022222222222202,823.0,816.2,low_only,,09:36,False,True,829.03,-0.01083193611811395,-0.025330808294030338,0.01896669553877459,-0.12987314685679385,-0.7618795991351609,817.3609086900443,828.3686775949957,downtrend,downtrend,0.008625917354553758,1.2579796345883982,-0.01605703770731748,-0.003551023851112056,-0.011301143693023596,0.0009821792726878442,-0.026221231646858634,0.001087759416016687,-0.0011925232469517377
2024-08-06,815.0,816.48,796.65,801.35,45113230.0,375,-0.002208588957055113,-0.0033128834355828918,-0.003742331288343448,-0.0058895705521472275,-0.013480241290163675,-0.014033571957541402,-0.019840490797545907,0.003154613622422753,0.0026274632467939707,-0.0001247738474016158,0.08587228181178781,3873976,0.11122892331140997,0.25797713885704926,0.20041992116281632,0.08084094178137988,0.23020257826887391,0.23701462430660797,0.10993444276349265,813.7150219619326,805.3867901628303,804.0297085447735,0.006695024967634522,0.27382753403933696,816.48,811.05,low_only,,09:52,False,True,808.03,0.008625917354553758,-0.008267019788869123,0.01820474227043019,-0.18197914512439872,-1.0898528802449814,815.8360602433735,827.3091216108782,downtrend,downtrend,0.008922443376801592,0.6809874132566254,0.005739695157950697,0.005332815209684982,-0.006320832911324237,-0.00016225020229276854,-0.0007795674336223968,-0.008645698645267874,0.0033168638247155213
2024-08-07,808.5,815.0,801.1,814.55,42344376.0,375,-0.00012368583797162103,-0.001941867656153451,-0.0026592455163882978,-0.006765615337043895,0.009443198294771582,0.011207551399075921,0.00436611008039578,0.0031033336206789386,0.0056172839506172245,0.00314039408866984,0.05309385123540373,2248226,0.07122003639869436,0.2989644244609957,0.2257336842087365,0.09680071799853657,0.15660377358489327,0.9676258992805722,0.8814516129032234,808.1471578835936,807.8701260885132,808.9554808750362,0.006574866641855692,0.38129496402877433,811.4,806.1,low_then_high,10:37,09:33,True,False,801.35,0.008922443376801592,0.016472203157172238,0.018589356006401957,-0.10446126565571688,0.23487150813035926,815.7135783154332,826.8087639006477,downtrend,downtrend,-0.003130562887483812,0.4182099474481248,0.01066656125627019,-0.0010024949154776586,-0.00024907984552946516,0.0013136573001666374,0.01174216339582368,-0.0009393727406757924,0.0017896763205123012
2024-08-08,812.0,826.65,809.63,820.1,33971376.0,375,0.002955665024630516,-0.00027093596059113434,0.0027093596059113434,-0.0015640394088669574,0.010249082263667608,0.01433276183192933,0.01274630541871935,-0.0027360612877728174,-0.0010718896928061383,-0.001375984803282826,0.0932463259657189,3167706,0.12208642946932735,0.2505174944930108,0.19141514903605905,0.08346155893126024,0.2759689922480558,0.6151586368977696,0.7473560517038802,813.9553397674323,818.6865691827495,819.3825585353583,0.00796296296296295,0.37896592244418636,816.45,810.0,low_then_high,10:30,10:13,True,False,814.55,-0.003130562887483812,0.006813578049229774,0.018651807338654815,-0.014525989662655097,0.683381786402187,816.1313327615824,826.5456751202302,downtrend,downtrend,0.007194244604316502,0.6425185983600057,-0.002743134452658391,-0.0011382123879571937,-0.003703314218788334,-0.0024856418481916664,-0.00890593351908775,0.0008672764273660594,-0.000250419439581151
2024-08-09,826.0,831.28,822.9,825.0,26639670.0,375,-0.00024213075060541822,0.003208232445520487,0.003970944309927393,0.001815980629539915,-0.004404754721535009,0.0010271903323262332,0.002845036319612637,-0.0040441842216454305,-0.003418576277738228,0.0005700217093373983,0.11011615384124503,2933458,0.16642120566808824,0.23042830485512772,0.16614327429731673,0.07838122619386802,0.9426229508196686,0.25059665871122005,0.6503579952267361,825.9836233732794,828.3362743697063,827.7935899638895,0.0074128083606757045,0.7279236276849673,829.0,822.9,high_only,09:32,,False,False,820.1,0.007194244604316502,0.00597488111205946,0.01910934759324774,0.16788812019171764,0.1488819179058696,816.9759677366698,826.485060409633,downtrend,downtrend,0.00121212121212122,0.6731118981086512,0.01195707652279987,8.611198248242857e-05,-0.0008795723924982513,-4.1041805182717717e-05,0.011025491001589227,0.0031221204630380583,-0.004003142416462713
2024-08-12,826.0,837.98,823.68,830.0,39190672.0,375,-0.001210653753026647,0.0006416464891041418,0.0003026634382565785,0.0021186440677967155,0.004198274714771522,0.007006946541830317,0.009140435835351068,-0.004258892687901139,0.0003615764734241633,-0.0011793304291318751,0.06935231934782848,2717964,0.10080414033216883,0.3371724781856254,0.22502630217721198,0.0802750715782572,0.5402298850574737,0.44195804195804334,0.6902097902097872,826.3794159574348,833.1503988889096,832.296137722602,0.005277973258268842,0.30419580419580433,828.53,824.18,high_then_low,09:36,09:53,True,False,825.0,0.00121212121212122,0.0060606060606061,0.018961733456181098,0.03383902060362416,0.4820464255799088,818.2163517617488,826.6229011778827,mixed,downtrend,-0.01927710843373498,0.6959755283773825,-0.0018202787673819998,-0.0018647165610267136,0.003612245862981478,-0.002421347186771561,-0.0006402784390341365,0.0025063630501308554,-0.0018375455011295783
2024-08-13,814.0,816.2,800.58,802.95,54044424.0,375,-0.005036855036855026,-0.0035872235872235203,-0.004201474201474098,-0.005675675675675729,-0.010023672140849205,-0.005992240974573182,-0.011633906633906621,-0.0019638795321491598,0.00027406475402691477,0.0019966306857179816,0.18164005226515134,9816632,0.22539383526411533,0.21277410598362562,0.13438666679100883,0.05061291799501832,0.4564755838641226,0.1517285531370041,0.14817518248174935,811.0894853625289,807.7013483990469,806.5893019056574,0.011676045514266598,0.603072983354678,816.2,806.78,low_only,,10:32,False,True,830.0,-0.01927710843373498,-0.03259036144578309,0.018989213431535385,-0.18890848745036581,-0.6126586904640396,816.7624134987251,825.6945521120834,downtrend,mixed,0.0003736222678871748,2.513696150164727,-0.00026490011828106397,-0.0007476681585795175,-0.0070432805378279895,-0.0012287502740899736,-0.008526087527927384,-0.002839555428644003,-0.0007351292580591862
2024-08-14,803.25,806.85,801.6,803.9,32319648.0,375,0.00242763772175536,9.959539371307002e-05,0.00252723311546843,-0.0003112356053532883,0.0007095465126409906,0.0014694894146949355,0.0011577964519140505,-0.0003481807555522076,0.0005849918474540861,0.00027374079235520377,0.14729009424855122,4760364,0.21988667698361072,0.3281171874149124,0.21091108418012475,0.0826325212452809,0.33582089552239525,0.43809523809522943,0.49142857142855756,804.4308288385789,804.1550569222084,803.994716411721,0.0050125938302700845,0.7657142857142822,806.0,801.98,high_then_low,09:36,11:11,False,False,802.95,0.0003736222678871748,0.0011831371816426461,0.02031297841700998,0.0049030423637761245,0.05699786747887832,815.5374217369417,824.8398637939625,downtrend,downtrend,0.012874735663639836,1.0558349829493472,0.0017894719400859405,-0.0020302343659549527,-0.001153636228312549,-0.000496760706228172,0.0001366957732009677,0.0021298297596680227,0.0001485799506759644
2024-08-16,814.25,817.08,805.5,815.25,27846692.0,375,-0.003438747313478596,-0.0032545287073993956,-0.007430150445194905,-0.006509057414798791,0.004497289305076313,0.006613511341862832,6.140620202632618e-05,0.0011666461991894916,0.0006382482540228107,-0.0016287442749026715,0.19013051891405988,5294506,0.26605106272587065,0.21958414306446167,0.14382965129215347,0.060764919581830404,0.2605042016806817,0.8419689119170954,0.7999999999999958,811.9585918283341,811.5132092668254,812.349106205026,0.00734522560335793,0.5138169257340263,816.0,810.05,low_then_high,13:54,09:37,False,False,803.9,0.012874735663639836,0.01411867147655177,0.020325664999377976,-0.1601191748215369,0.0030211165060629206,815.5100482381854,824.4637907040033,downtrend,downtrend,0.004391291015026111,1.0760016640460177,0.007883783056182425,0.002087541119012659,0.007039287277299966,0.0013486410554084394,0.016347408312452183,-0.005342069826412055,-0.00018199485621894773
2024-08-19,818.83,818.83,811.85,816.38,19500438.0,375,-0.0035172135852374886,-0.006936726793107306,-0.006411587264755769,-0.008060281132835856,0.003972206849904625,0.00217918569863218,-0.005898660283575441,0.002923832923833025,0.003047057378056328,0.00046568627450982447,0.11657020216674108,2273170,0.17246412619039633,0.2751898188133005,0.20644243990827282,0.09451756929767424,0.017301038062287413,0.6489971346704815,0.3080229226360991,815.6014295044658,813.8354317176019,814.2683134474548,0.007109033884755034,0.8280802292263713,818.83,813.05,low_only,,09:30,False,False,815.25,0.004391291015026111,0.0013860778902177184,0.02038045879879153,-0.3403616602349807,-0.2894272568547478,815.5929007869297,824.1467793038463,downtrend,downtrend,-0.0032460373845513146,0.4619759997740084,0.0039589717676207226,-0.002242621167502512,-0.0021654993535973333,-0.0001627140706992325,0.0016218947642954173,-0.004694105625604794,0.0030865469945322577
2024-08-20,813.73,823.0,813.73,817.0,31131490.0,375,0.0042028682732602185,0.0029125139788381826,0.006169122436188834,0.008012485713934536,0.0011028060286728536,0.00046327339225848974,0.00847947107763014,-0.004423430778791926,-0.004629629629629539,-0.0016862582174539398,0.08449136228301311,2630342,0.11357721715215044,0.4557760004419962,0.4063690494737001,0.16526931412534382,0.5096774193548422,0.3527508090614874,0.7443365695792871,816.3057842034736,820.0496264881115,819.6069921900088,0.005714426161011588,0.5016181229773448,818.38,813.73,high_only,09:40,,False,False,816.38,-0.0032460373845513146,0.0007594502560082095,0.020204795787538744,0.14414963702006175,0.41967615841283745,815.7269102357936,823.8665134487935,downtrend,downtrend,-0.003610771113831124,0.5345640120173876,0.002843891126571574,-0.0010568422931653831,0.0026857182267767676,-0.001709481248305722,0.00381830017494611,0.003969356272003566,-0.002713949530486204
2024-08-21,814.05,817.28,808.9,814.0,47627816.0,375,0.0016952275658743687,-0.00024568515447442874,-0.0015355322154658735,-2.4568515447409567e-05,0.0001843091478772596,-0.0036607987420611554,-0.0036852773171180964,0.0036372603415326665,0.002055814755087093,0.0009468416069253749,0.1152166204723727,5487516,0.16172952377241065,0.4012695018390094,0.3091680710280732,0.08775623891719074,0.09259259259259928,0.6085918854415305,0.25656324582338647,815.2848013576026,812.3675502186013,812.4752245859856,0.004646588813767671,0.4510739856801879,817.28,813.5,low_only,,09:30,False,False,817.0,-0.003610771113831124,-0.003671970624234966,0.01934465106139245,-0.012700417996412494,-0.19050626994627348,815.5624425942895,823.4795913527623,downtrend,downtrend,0.002457002457002533,1.2619470101084247,0.00031208393031212367,-0.00012357909365878772,0.002422960590424461,0.001679442691797206,0.004419838000069065,-0.00012210606081564102,0.0019578176497354605
2024-08-22,816.0,819.15,814.0,814.48,21290506.0,375,9.803921568640739e-05,0.002022058823529349,0.0018995098039216174,0.001225490196078427,-0.0038769644713507745,-0.00075887392900853,0.00046568627450982447,-0.0023273475587348713,-0.0016547565056446167,-0.0019239017217081988,0.09346550993198564,1989928,0.12773308440860917,0.3537124011989194,0.2726487571502528,0.1094048210972534,0.9864864864864682,0.09320388349514958,0.46213592233009826,815.9739467726135,816.5666677911996,816.2702907020312,0.00454545454545463,0.7184466019417596,817.7,814.0,high_only,09:30,,False,False,814.0,0.002457002457002533,0.0005896805896805635,0.01855421428622648,0.10898110759831003,0.025098679325673286,815.4593528234047,823.1266662016736,downtrend,downtrend,0.00309399862488946,0.404412770394776,0.003288690536238148,-0.0014700322562483104,-0.0021618121415414304,5.038362088938264e-05,0.0011702089024649975,0.0034920910797776594,-0.002377731179624254
2024-08-23,817.0,817.0,811.5,812.6,20328586.0,375,-0.0028763769889841306,-0.0036352509179926606,-0.004492044063647449,-0.0034516523867809124,-0.0017566920138077924,-0.0007737846667812409,-0.004222766217870322,-0.0011677217134778983,-0.0006763819713458963,0.0010101258961787707,0.10343572346842028,2102702,0.14647000042206576,0.3175170176617301,0.23909700359877464,0.10826203062032942,0.3355704697986557,0.20000000000000415,0.3099999999999909,814.2547477769078,814.264736529769,813.7693039020692,0.005501335335310831,0.8127272727272777,817.0,812.53,low_only,,13:56,False,False,814.48,0.00309399862488946,-0.0023082211963461052,0.017851748453394448,-0.203635566985677,-0.2365463656904362,815.18703350689,822.7138557623923,downtrend,downtrend,0.004307162195422043,0.48355184787597977,0.0013905178772233295,-0.0006339201622835855,-0.00010665958286049104,-0.0004387597991366565,0.0008443869428353956,-0.003001330755709075,-0.0007289619143412418
2024-08-26,816.1,823.98,816.1,819.5,22357976.0,375,0.003247151084425859,0.004754319323612366,0.00784217620389649,0.008062737409631149,-0.0005853801312227791,-0.0010939855107696683,0.006959931380958073,-0.002774465185329422,-6.1009090354446904e-05,-0.00024399170428213157,0.11152208053179768,2493408,0.18115861650446355,0.28556448937953954,0.20751797926610172,0.09969489188108978,0.9129411764705871,0.43147208121827146,0.7208121827411108,818.6436487436739,821.5971015732124,821.1761988398821,0.005207695135400092,0.539340101522843,820.35,816.1,high_only,09:30,,False,False,812.6,0.004307162195422043,0.00849126261383204,0.017194585033500992,0.2765009632014561,0.4047746059237674,815.5977922205195,822.5878222030829,downtrend,downtrend,0.0026845637583892135,0.5775561305206883,0.002990111489880931,0.000527983104540608,0.004707682053794127,-0.00047555583085390207,0.007232646782257657,0.004226336219071758,-0.00229890935447552
2024-08-27,821.7,823.7,816.1,817.23,35762712.0,375,-0.0017646342947548188,-0.004953145917001356,-0.005683339418279254,-0.0023366192040891187,-0.0004892188398174513,-0.0008904828124619568,-0.003225021297310615,-0.0022220865637018195,-0.002282993529483579,-0.0021611721611721757,0.05833953532383115,2086380,0.08309515229158236,0.3336044537114523,0.22905516785192354,0.07270857981911438,0.027777777777777103,0.14868421052631475,0.388157894736832,819.5268801752318,820.2989979422152,819.7913947344553,0.005724770642201671,0.6157894736842021,822.18,817.5,low_then_high,09:58,09:32,False,True,819.5,0.0026845637583892135,-0.002769981696156165,0.017112009514996643,-0.28945436903015465,-0.188465375412763,815.75324058047,822.3777115284521,downtrend,downtrend,0.0020190154546455563,0.5925800114234071,0.0005337555399627103,-0.0008831239410503899,0.0008851219590166881,-0.001992258538464853,-0.0005757363127688597,-0.004070021975950966,-0.00022982802523696666
2024-08-28,818.88,819.88,815.1,817.98,26914730.0,375,0.00039077764751871413,-0.00012211801484962592,-0.0010746385306760198,-0.0024789957014458297,-0.0009770634358434727,0.002117891901817881,-0.0003663540445485447,-0.000732976618045944,-0.0004521292845359737,-0.0006353084911423501,0.040954525644507675,1102280,0.0621319255292548,0.4602322965900085,0.31367247600105963,0.09221924202843573,0.511111111111101,0.6025104602510485,0.7280334728033553,818.89751726724,817.7967305795049,818.1387776614021,0.0027518559739736492,0.4707112970711324,819.88,817.63,low_only,,09:44,False,False,817.23,0.0020190154546455563,0.0009177342975661418,0.016537533285060746,-0.007384294425574446,-0.022152883276703197,815.9653129061395,822.2052522528265,downtrend,downtrend,0.0036920218098241975,0.3613343289903369,0.0013501593187996708,-0.0007231091295523129,0.0033498729565175633,-0.0027792543395986913,0.001912225642625831,0.000600991114702687,0.0020462777215527472
2024-08-29,821.0,822.2,815.58,820.93,49046994.0,375,-0.0011205846528623553,0.0006455542021923666,-0.0004506699147380777,-0.0026431181485991884,-0.0007303446009275794,-0.0017097566039350198,-0.004348355663824632,0.004281712195539633,0.0013417415805714317,0.0031772023511296155,0.0829502007809082,4068458,0.11344095827768771,0.2997775154171528,0.22568893824563438,0.09344662386445131,0.852747252747239,0.8081570996978709,0.2794561933534604,820.0661444376879,818.6068400044633,818.7509000426546,0.0055647281844311,0.687311178247744,822.2,817.65,low_only,,10:18,False,False,817.98,0.0036920218098241975,0.003606445145357906,0.015715965922963045,0.041076329979128356,-0.2766839585386938,816.4381402484119,822.1552423605588,downtrend,downtrend,0.00861218374282835,1.390215257500867,-0.0003813159192408433,0.0007569312131270323,-1.9971799818385705e-06,0.004853157048561485,0.004467984435922112,-0.00011137701093466568,-0.0005714448530218519
2024-08-30,828.0,831.0,810.58,813.25,445302776.0,375,0.0002777777777778212,-0.0006038647342995196,-0.004287439613526511,-0.006243961352656924,-0.017220543806646504,-0.0005833525758662805,-0.00682367149758456,-0.01106584787499243,-0.008231707317073123,-0.004711785583159989,0.03017658259556864,13437716,0.03917499943903337,0.880945327859353,0.8725744121568197,0.38210278752001314,0.4166666666666667,0.13075416258569855,0.23247559893522704,828.014056446795,824.2859485268325,819.1643603546576,0.0072727272727273196,0.2938295788442709,831.0,825.0,low_only,,09:35,False,True,820.93,0.00861218374282835,-0.009355243443411654,0.015541386997883683,-0.03885526654614222,-0.4390645119714064,816.1345078438012,821.8060171699486,downtrend,downtrend,0.012480786965877622,4.591744048768237,0.0036948333946158485,0.00013069462211423577,-0.00017029905305798732,6.337788270327493e-05,0.0035875063352777126,-0.0007345593564137554,-0.011129225757695704
2024-09-02,823.4,823.4,811.6,813.0,34041396.0,375,-0.007286859363614284,-0.00749332037891659,-0.00548943405392277,-0.00479718241437932,-0.005176021438273226,-0.006553175910671838,-0.011318921544814065,-0.0013266509433962348,-0.0010444185046384336,-0.0002828228176531278,0.14258745440404383,4853876,0.178150625785147,0.26019279585361305,0.19608490791623234,0.09218223600465739,0.26284348864994556,0.1186440677966087,0.15808491418247606,818.0768903971451,816.4223358967267,815.7072599353256,0.010269560629670105,0.7093220338983082,823.4,815.03,low_only,,11:58,False,True,813.25,0.012480786965877622,-0.00030740854595756595,0.015793108485144442,-0.47446773293332806,-0.7167000439122573,815.8359832872487,821.460683163284,downtrend,downtrend,0.004920049200491938,1.5911311349768666,0.003430110508179096,-0.0009907790444310116,-0.0029131272302396205,0.0005581991939762609,0.0010654731255199668,-0.006502541334485579,-0.0018848501373724957
2024-09-03,817.0,819.98,812.3,818.8,37277582.0,375,-0.002509179926560523,-0.001370869033047728,-0.002447980416156681,-0.002447980416156681,0.003578957689856388,-0.0014969325153374458,-0.003941248470012315,0.006168743395020826,0.0023872191956906263,-0.0005248831219560879,0.07027016934735734,2619502,0.09792861564894419,0.40364490379231144,0.2858845833938478,0.10293258827785558,0.7090909090909097,0.8463541666666596,0.31489361702127744,814.9903021821196,814.7297114332769,816.0191799623703,0.004734673799422051,0.5013020833333321,817.0,813.15,low_then_high,14:56,11:51,True,False,813.0,0.004920049200491938,0.0071340713407133105,0.015319923025161561,-0.08948276246533367,-0.2572629420878406,816.1182705932251,821.3563426470768,downtrend,downtrend,0.0008549096238397169,0.8586892599510519,0.0015628771182920609,-0.0018270955304304781,-0.0015841412058436033,-0.00017607514649853329,-0.00019981087208553738,0.0004562264973827501,0.006344818541519359
2024-09-04,819.5,822.4,816.0,820.53,24679116.0,375,-0.0015863331299572625,-0.0034777303233679557,-0.003990237949969444,6.101281269055292e-05,0.004751117369742319,-0.0001830272710633407,-0.00012202562538132788,0.0013790578472052673,0.0006463414634145792,-0.0007915438758858695,0.20412716565698708,5037678,0.25209744141564877,0.3385067763367213,0.2361110503309762,0.08635203951389507,0.03685092127303623,0.7078124999999983,0.5312499999999983,818.6802696242199,819.3103740027301,819.7541821579028,0.007312323163039203,0.9328125000000076,822.4,816.43,low_only,,09:37,False,False,818.8,0.0008549096238397169,0.002112848070346951,0.014071562127864307,-0.2471460021116919,-0.008671789547778386,816.5384352986322,821.3239370530737,downtrend,downtrend,0.003010249472901627,1.7828001518909753,-0.007079863151666865,0.0005878847905236295,0.0026325281636669917,0.002001510574018095,-0.0024734010451603616,-0.004065615113891585,-0.0006224527268128277
2024-09-05,823.0,824.95,821.0,822.2,22874464.0,375,0.0012758201701092986,-2.4301336573495647e-05,0.0002430133657351785,0.000972053462940492,-0.00094777515857003,-0.0023913571255157473,-0.0014216281895503835,0.0004502147646106014,-0.00030396984619129874,-0.001275432736106863,0.15080082313622736,3449488,0.19043174082680145,0.3178768254416803,0.24710847869484504,0.08461592804972391,0.37854889589905927,0.3037974683544384,0.21012658227848896,823.7767249651735,822.7640809405659,822.728518047024,0.0038574801041642015,0.8025316455696294,824.95,821.78,low_only,,11:43,False,False,820.53,0.003010249472901627,0.0020352698865369057,0.013235319554608355,-0.001836097456750431,-0.10741170121996732,817.0776319368576,821.358292462757,mixed,downtrend,-0.0037095597178302686,1.2207504589110494,0.0017515427660093064,-0.0013227460842359928,-0.00409496841646706,-9.14618385420285e-05,-0.0024418450112768664,0.0012984447476624972,0.0005416766031526299
2024-09-06,819.15,823.88,817.05,819.08,26026602.0,375,0.0017457120185560004,0.0034792162607582,0.0010986998718183205,0.00028077885613142506,-0.0035523114355230367,0.0007932827259635733,0.0010742843191111628,-0.001158494201431548,0.0008553483711724041,0.0013815025368297817,0.142912470863465,3719526,0.19588035349370617,0.3727427806365195,0.22826053128257004,0.09737967330502845,0.6107660455486584,0.29721815519766825,0.43631039531478777,821.3654507447096,820.4528270319163,819.8329018281634,0.005897075880593405,0.707174231332359,823.88,819.05,low_only,,09:37,False,False,822.2,-0.0037095597178302686,-0.003794697153977178,0.012637371211232979,0.2753117086301643,0.08500852757702201,817.268333657157,821.268947660296,downtrend,mixed,-9.767055721054962e-05,1.219284057927307,-0.0020322293277337256,0.0017653833432296206,-0.010351203688575228,0.001391240620199241,-0.010988355445261,0.0017138329175285794,-0.002549734821630789
2024-09-09,819.0,824.25,815.05,822.25,23788782.0,375,-0.0033211233211233315,-0.0031746031746031633,0.0012210012210012167,0.0001831501831501825,0.0071656050955415385,0.00046389550143444147,0.0006471306471305116,0.003318975510353539,2.4324094231475968e-05,-0.0016149007989509911,0.1594570920024405,3793290,0.19676022084695216,0.34761443440021433,0.27512043281577003,0.1222515721906233,0.341772151898736,0.782608695652175,0.5301775147928988,817.1022853758435,819.039844179696,820.3706085417348,0.004846328446107551,0.4293478260869593,819.0,815.05,high_only,09:36,,True,False,819.08,-9.767055721054962e-05,0.003870195829467127,0.012007971640505972,-0.26437463958479146,0.05389175345381178,817.7427780707611,821.3074203010688,mixed,downtrend,0.005776831863788301,1.1885702934037041,-0.001813539216277582,-0.0027292796313156398,0.0018490617723598834,0.0029333354778784404,0.0029655990510082386,-0.00044532354328752355,0.0003856400324750986
2024-09-10,827.0,827.0,819.0,825.4,26605026.0,375,-0.004135429262394186,-0.006432889963724375,-0.006952841596130632,-0.00725513905683195,0.004527309901664944,0.004263093788063443,-0.0030229746070132846,0.001091570648878104,0.0005454876053092583,0.00020600317487251552,0.12420217142430155,3304402,0.1682667778637014,0.4352501666414459,0.3009858362852192,0.11465397553078881,0.01845018450182838,0.7999999999999972,0.6875,824.4371906929001,823.3208215460127,824.0573782803299,0.006597044718712697,0.6774999999999949,827.0,821.58,low_only,,09:30,False,False,822.25,0.005776831863788301,0.003830951657038506,0.011887953152294833,-0.5411267929233536,-0.2542889064489402,818.4720373021172,821.4679136225955,mixed,mixed,-0.00024230676035852383,0.9218567574285669,0.0022912928865679305,-0.00016200388809339827,0.004556109346624204,-0.002436955716692002,0.004404173641110898,-0.006270886075630977,0.003528526365570106
2024-09-11,825.2,826.25,819.6,825.0,22219014.0,375,-0.0022661173048957872,-0.004847309743092554,-0.0015147842947164092,-0.0006059137178865415,0.004627374573794363,-0.0033345458954771034,-0.003938439166262686,0.003710687998053297,0.004443903329883758,0.005141450815078441,0.07959597127037231,1768544,0.10865495651607222,0.5064091502890272,0.3467923464110514,0.1645163012184069,0.09090909090910657,0.8120300751879693,0.21389396709324807,823.069861098546,823.7824464797844,822.8985933303193,0.005628792124564352,0.6947368421052662,825.4,820.78,high_then_low,09:58,15:00,False,False,825.4,-0.00024230676035852383,-0.0004846135207171587,0.011507756537315606,-0.42122108921703666,-0.3422421349888411,819.0937480352488,821.6064268138663,mixed,mixed,0.00242424242424244,0.4933855618080813,-0.0007224943218332447,-0.0011524326915394179,-0.0033134936486378663,3.0058855238657145e-05,-0.004003656380103804,-0.003694877051553136,0.00368062914281464
2024-09-12,827.0,835.0,823.53,830.73,32420388.0,375,-0.0030834340991534592,-0.0006892382103991235,0.0020918984280531294,0.0010036275695284314,0.005203102501119439,0.004529915562373921,0.005538089480048525,-0.0010221506048726514,-0.0018263742865725074,-0.004434164639334548,0.06015554163016186,1950266,0.112959536449718,0.43575178680773347,0.32172384858564923,0.14562873214225566,0.8357348703169898,0.6277244986922431,0.9306358381502994,824.9008919159404,827.5016079771077,829.8860991203024,0.004213568418879765,0.30252833478640095,827.0,823.53,high_only,09:41,,True,False,825.0,0.00242424242424244,0.006945454545454588,0.010138302369785296,-0.06798359185392099,0.5462541240191683,820.2019625080823,821.9642139976363,mixed,mixed,0.007547578635657803,0.5775237677841955,0.004322333458908867,-0.00010375244666238626,0.007667704856213042,0.0025008118233156296,0.01455406022811978,-0.0005854857637367372,-0.003522962428188281
2024-09-13,837.0,837.0,828.53,832.4,23859304.0,375,-0.005137395459976046,-0.006953405017921188,-0.006810035842294004,-0.007945041816009524,0.0014677927765345267,0.0007828024327090066,-0.007168458781361964,0.001684717208182862,-0.0005163118523588972,-0.001199904007679331,0.10279855606852573,2452702,0.13190443442943683,0.3081146876706881,0.20048153961238768,0.08720715407289333,0.07619047619046158,0.4569067296340014,0.2916174734356575,833.4353814011378,831.5116863503711,831.8178865865771,0.007583965330444142,0.7438016528925542,837.0,830.7,low_only,,09:30,False,False,830.73,0.007547578635657803,0.0020102801150794214,0.010506534400535544,-0.6618171847004809,-0.682285757423168,821.3636803644554,822.373460507533,mixed,mixed,0.0013214800576646368,0.8265569669053964,0.004562521355957694,-0.004504442508882045,-0.002373139287743742,-0.0010465075029266746,0.0011297671929038078,-0.002448962509039143,0.0027312247111095367
2024-09-16,833.5,838.9,832.03,835.0,15169912.0,375,0.0005758848230354996,0.0014757048590281485,0.0009358128374323815,0.0015956808638273312,0.0003234578845854319,0.0024555897607896338,0.004055188962207579,-0.002246439154956481,-0.00035915240033512763,-0.0005147050022143995,0.11746871043154371,1781990,0.15834304114618464,0.21095086115199613,0.12976186018745528,0.06955597369318951,0.7941176470588422,0.432314410480353,0.7059679767103376,833.8121941125745,835.33002708426,835.4192199844895,0.004086391115704968,0.4949053857350764,835.43,832.03,high_only,09:31,,False,False,832.4,0.0013214800576646368,0.0031234983181163134,0.010196573291884085,0.14472556777508078,0.39770115372340703,822.6623774726024,822.8686189190023,mixed,mixed,0.004790419161676551,0.6788735055746419,0.0024897853694529903,-0.0003660458974324987,-0.0004546053887467538,-0.000704860386452455,0.001327754004470716,0.0018417507564606472,-0.001541578768504026
2024-09-17,839.0,839.0,832.08,834.18,20121060.0,375,-0.004588796185935662,-0.0058641239570916825,-0.004970202622169184,-0.00532777115613825,0.0001198925762515568,0.0010425029657412654,-0.004290822407628125,-0.0014603782619104777,0.0004557447829216521,-0.0001198638346838754,0.08039486985278112,1617630,0.15789406721117077,0.38773026868365784,0.2665093190915389,0.11682316935588881,0.10869565217391752,0.3034682080924742,0.4797687861271613,836.0633283054016,834.4604151001821,834.4576310369999,0.006622834381148968,0.7976878612716783,839.0,833.48,low_only,,09:59,False,False,835.0,0.004790419161676551,-0.0009820359281437208,0.010181145930442581,-0.575978774605067,-0.4214478838573725,823.7592939037831,823.3122024908062,uptrend,mixed,0.0020978685655375084,0.6162583116755469,0.001564396387308431,-0.0014950682419965222,0.00046425803304095403,-0.0008474676251636337,0.0011801932443296081,-0.00436905571509516,-0.000612910636746844
2024-09-18,835.93,849.45,835.55,845.75,40915238.0,375,0.0006818752766379887,0.0028710537963705374,0.006220616558802794,0.010048688287296992,0.008850929824770537,0.0029253964682054434,0.013003481152728202,-0.0012399622106754604,-0.0024180231186600176,-0.003241013553329397,0.04094728716963592,1675368,0.08849558690089986,0.2816891838683671,0.2095525388365088,0.07033482244439102,0.9586206896551721,0.7338129496402862,0.8093525179856063,837.2116518957824,844.9793052024945,845.6505695913746,0.003470767757764559,0.20863309352518503,838.45,835.55,high_only,09:30,,True,False,834.18,0.0020978685655375084,0.01386990817329603,0.01002776687557307,0.28631038515307144,1.2967474527557838,825.8536468653276,824.1921161186177,uptrend,uptrend,0.004552172627845241,0.6553481285608391,-0.0001869552468497515,6.298617453470712e-05,-0.002332456775737679,1.1837518224755428e-05,-0.002507168257754211,0.0028080676218358303,-0.0012517997289002158
2024-09-19,849.6,859.5,849.58,853.23,30617020.0,375,0.007474105461393599,0.00694444444444442,0.009769303201506485,0.0065324858757060955,-0.0026534190531852797,0.0001754078231888112,0.0067090395480224885,-0.002420203437390356,-0.0025951253726109735,-0.0013693820224718323,0.1210865067860948,3707308,0.17387119974445586,0.3177076671733565,0.2491819256086974,0.1134962187698215,0.7030878859857468,0.367943548387096,0.5766129032258002,854.7138591038745,856.1719538301973,855.5743932995431,0.009910779443960571,0.8487903225806446,858.0,849.58,high_only,09:45,,False,False,845.75,0.004552172627845241,0.008844221105527739,0.01043018506398129,0.665802610581261,0.6432330305615489,828.4609185924393,825.3308566629858,uptrend,uptrend,0.005883524958100406,1.4990802873369173,0.005666158317040537,0.003087842649502459,-0.0028681232233623843,0.0012217699334420296,0.004006952486737214,0.0038566017949419606,-0.0036419733708323854
2024-09-20,858.25,872.48,853.78,868.6,60612368.0,375,-0.0028779493154675873,-0.0036353043984852507,-0.0039265948150305485,0.001724439265948119,0.015751990925356507,0.008374722296534909,0.010113603262452697,0.0019263377666016712,-0.0010120991857202055,-0.003075934257643853,0.026763712646897413,1622212,0.0378897917335947,0.444998123155327,0.3471585205184526,0.14057609496464485,0.17795275590551046,0.792513368983958,0.7197591680350296,856.8627489995143,864.8385881518714,867.254873926281,0.007435597189695553,0.3395721925133694,860.35,854.0,low_then_high,10:00,09:37,True,False,853.23,0.005883524958100406,0.018013900120717796,0.01092673396690028,-0.3326981703313604,0.9255833713064899,832.2836882503022,827.0276858134569,uptrend,uptrend,0.00679253971908822,0.6345552728289761,0.0031813715857733627,-0.0014749695897704473,0.004779449932323709,0.006721784782019569,0.014751424641383348,-0.0021603348087148033,-0.004795447015417897
2024-09-23,874.5,883.18,870.13,878.28,26955794.0,375,0.0005145797598629098,0.0005145797598629098,-5.7175528873631976e-05,0.00468839336763871,0.0038059317675294135,0.004416116549055271,0.009125214408233218,-0.004759314658689173,-0.0033475937042543036,-0.0013871517907902975,0.11491414424668775,3097602,0.16385939141692507,0.2645004632399253,0.18701456169311875,0.06843040869061397,0.6047678795483103,0.6245210727969353,0.94636015325671,874.7401054277902,877.7801268225197,878.4684857652489,0.009159550871708833,0.6107279693486632,878.1,870.13,high_only,10:11,,True,False,868.6,0.00679253971908822,0.011144370250978586,0.01171716151735027,0.04391675911447855,0.7787905282965496,836.6642893693211,829.0375804874388,uptrend,uptrend,0.004804845835041149,1.2116786722238413,0.0020216612090850905,0.0007517620025858651,0.002205039704242573,2.1211279773059033e-05,0.004252459784627405,-0.0002371822427229553,-0.004780525938462232
2024-09-24,882.5,890.83,877.13,883.35,33034688.0,375,-0.0028328611898017497,0.00022662889518421103,0.004566572237960198,0.005779036827195494,0.0007363770250368162,-0.0028729157278053474,0.002889518413597747,-0.0019207954352861156,-0.0011307740148130963,-0.0013001695873374741,0.11087732991454316,3662798,0.15533798896481177,0.31766438962583815,0.21019257091212729,0.071885104530123,0.9101307189542559,0.4540145985401465,0.578102189781017,880.3355156868237,884.1935206105002,884.3172178985519,0.0069773009702096545,0.4467153284671521,883.25,877.13,high_only,09:35,,True,False,878.28,0.004804845835041149,0.005772646536412074,0.011856221608730507,0.019114765450852354,0.24371325949828793,841.1105475246238,831.167479291853,uptrend,uptrend,-0.0037018169468500117,1.2813473394921624,-0.00033551676330456637,0.00042243007239184394,0.0020022028088706456,-0.0008258464926548248,0.0008387919082613049,-0.0001958011772076329,-0.0010949489426312908
2024-09-25,880.08,894.0,880.08,889.93,31961126.0,375,0.005533587855649502,0.008431051722570526,0.013316971184437643,0.013862376147622868,0.0027380281690139174,-0.0040346079705921856,0.00977183892373401,0.0014065805464285042,0.0008997559412009526,8.990279260534528e-05,0.12581978494750154,4021342,0.196618980194878,0.34876161747242573,0.2744153006374056,0.10886343616304382,0.9452229299363115,0.7076149425287311,0.6178160919540183,883.9422807062915,889.5180849074749,889.5075604257498,0.008919643668757304,0.5639367816091905,887.93,880.08,high_only,09:30,,True,False,883.35,-0.0037018169468500117,0.007448916058187427,0.012172457738680325,0.6926334766215074,0.8027827357068666,845.7600191889453,833.4718918686432,uptrend,uptrend,-0.0038205252098479914,1.2562760035763803,-0.002021046628570611,0.0015328510837102627,0.0013899909071428684,0.0030093944774429726,0.002373621969874895,0.0068982006388602635,-0.0016028139310144685
2024-09-26,886.53,894.0,884.03,889.0,31889612.0,375,0.0038915772731886733,0.0016017506457763897,0.0006429562451355508,-0.0007331957181370141,0.0011824990145841152,0.0021447600126427435,0.0014099917656480443,0.0013742143323796085,-0.0033073602780425704,-0.002636450328153961,0.1079380959542562,3442104,0.13414750859935204,0.40529072602074934,0.25979049227692075,0.10515361554101066,0.48251748251749044,0.4984954864593795,0.4921259842519682,888.7356690423454,887.9229490485154,889.2893648165626,0.008083663086489556,0.717151454363085,891.65,884.5,low_then_high,14:44,10:19,False,False,889.93,-0.0038205252098479914,-0.0010450260132819356,0.012667916071271084,0.12644152651191917,0.11130416066188599,849.878112599522,835.6494647365396,uptrend,uptrend,-0.0005624296962879471,1.01929525058892,-0.00031137678513071254,0.0016861882532088757,0.004029932244841383,0.002851376090569957,0.006579276145078472,-8.443760743248596e-05,-0.0014771617581903485
2024-09-27,888.5,889.1,875.0,876.5,35610324.0,375,-0.0022172200337647885,-0.003792909397861588,-0.002813731007315745,-0.0017445132245357264,-0.009749980228892952,-0.010147133434804667,-0.011873944850872231,-0.0016515746910417128,-0.0009460522266422355,0.001165075158769957,0.08803733434158027,3135038,0.11854315057622054,0.4936785747863457,0.4415327981851555,0.20487249708820396,0.07674418604651993,0.10638297872340409,0.10080645161290341,886.3998262817443,883.1490025144751,879.8986253786024,0.004859855334538921,0.3049645390070965,889.1,884.8,low_only,,09:30,False,True,889.0,-0.0005624296962879471,-0.014060742407199123,0.012823417117520958,-0.2957799284778189,-0.9259579363326301,852.4135304471865,837.2514465115772,uptrend,uptrend,-0.0023958927552767406,0.9293812234066049,0.002428903957089279,-0.000672425780766428,-0.002165858676292598,-0.0006261597318204526,-0.0003685365280804431,-0.00312048361709516,-0.0010254149592212602
2024-09-30,874.4,875.73,862.2,866.0,26381412.0,375,-0.00025160109789568175,0.000972095150960639,-0.002973467520585582,-0.005661024702653172,-0.010568409025992542,-0.004600609580769466,-0.010235590118938598,0.0006355075394302023,0.0006008226648794857,-0.0004616805170821747,0.12145551572448056,3204168,0.16009802659539224,0.36157768962480097,0.27849987711044427,0.11668602120311074,0.938303341902311,0.28085735402808293,0.2402069475240212,873.5642614931553,867.90923952499,867.2520216100133,0.008963649979837562,0.575018477457501,875.73,867.95,low_only,,09:53,False,True,876.5,-0.0023958927552767406,-0.01197946377638337,0.012372731588802173,0.07856754541094424,-0.8272700369740684,853.7074799284069,838.3788407660253,uptrend,uptrend,-0.004618937644341847,0.9951697663150832,-0.0043438395415472675,0.00014964717799959004,-0.00967526562374088,0.0005288821987550207,-0.01345558739255015,0.000822447972961049,0.00010662534067518159
2024-10-01,862.0,871.0,860.05,864.15,24570966.0,375,0.009837587006960469,0.005487238979118292,0.004234338747099775,0.0013921113689094877,-0.002976705548440761,-0.0011816496756257289,0.00020881670533645647,0.0022849057041454124,0.0010425716768027726,0.0013557672251962583,0.08942179969643847,2197180,0.12448521559958205,0.4154175297788455,0.3309543466870615,0.11723617215538046,0.5255555555555576,0.37442922374429277,0.19452054794520426,867.9541991825886,863.1789390472335,863.0765238873121,0.010440835266821269,0.8219178082191747,871.0,862.0,low_only,,10:27,False,False,866.0,-0.004618937644341847,-0.00213625866050815,0.012462991858448394,0.44028264171564957,0.01675494196803989,854.702005649511,839.3894744614753,uptrend,uptrend,-0.007313545102123453,0.6932035336917589,-0.0013302198057529857,0.0023867273915261222,-0.000806562627843066,0.0017424949500632891,-0.0003969360410179812,0.0031005115875921696,0.0005424107540821232
2024-10-03,857.83,863.08,836.68,840.53,48470090.0,375,-0.00034971964142083145,-0.0029726169520768453,-0.0038236014128674167,-0.007553944254689138,-0.01724581423627347,-0.013531450049920735,-0.020983178485247667,0.0008335020182654862,0.0006905172926958691,-0.0014493614493614748,0.146853863898334,7118020,0.17176510297381334,0.27028367391106556,0.15327629884739227,0.06768107919750098,0.21843687374748957,0.1458333333333337,0.021052631578947368,859.6281007733427,850.3674896320967,847.5506149869605,0.011698511311686755,0.37803030303030244,863.08,853.1,low_only,,09:54,False,True,864.15,-0.007313545102123453,-0.027333217612683036,0.012622884225270446,-0.2354942736562378,-1.6623125199263327,853.352290825748,839.4342009531822,uptrend,uptrend,-0.00390229973945011,2.245713422154131,-0.013935081965942953,0.005315711207193097,-0.008173937299752243,0.0008397769045507264,-0.021173808864292765,-0.008288328159269942,-6.2748862852402e-06
2024-10-04,837.25,845.33,826.5,830.63,48678084.0,375,0.0005971931919976914,0.0017915795759928521,0.0013735443415945348,-0.0010988354732756056,-0.009681073025335274,-0.005320866165269722,-0.006413854882054371,-0.0015026205702745044,0.0023531399333880376,0.0012053566047514064,0.17132687473894823,8339864,0.2550874434581279,0.15300922690383623,0.10001667280084402,0.04929187434739625,0.6218487394958012,0.21933085501858665,0.20083184789067066,838.827170200857,838.2564050551549,836.9511508198771,0.007125321837015752,0.3159851301115259,841.0,835.05,high_then_low,09:39,10:19,False,True,840.53,-0.00390229973945011,-0.011778282750169455,0.013821491529787417,0.1296227380476069,-0.46404940221042984,851.1882631280578,839.0889381707045,mixed,uptrend,-0.005453691776121761,2.631201446995097,-0.003328583867648116,-0.002041148602766385,-0.00572633518519261,0.00045531338741167104,-0.008584659225837177,0.003832728178759237,-0.0019579339576861754
2024-10-07,826.1,829.5,806.5,811.53,94455206.0,375,0.0013920832828955287,-0.0026873259895896506,-0.0024815397651616333,-0.0008473550417625875,-0.014990047094237013,-0.013023988369275541,-0.013860307468829491,-0.0038298655864481557,-0.0033772166822223504,0.003958779211460595,0.10465375513552953,9885092,0.134778743693598,0.5001393147138973,0.4092941155620369,0.07426985019756349,0.11773940345368908,0.21869565217391185,0.2637580565195809,826.6114768474926,820.8395292696158,816.1919860120785,0.007738753295348344,0.27695652173913066,829.5,823.13,low_only,,09:32,False,True,830.63,-0.005453691776121761,-0.02299459446444263,0.014672280005850535,-0.18315667289051776,-0.9446594164848768,847.4112856872904,838.0081954973436,mixed,mixed,0.004275873966458343,3.1187161294332446,0.001397255789629126,-0.00025115511419582237,-0.014439425771703873,0.003927691641823605,-0.009185958776962044,-0.0024361708753938283,-0.007757557228271761
2024-10-08,815.0,828.4,811.0,825.63,29733428.0,375,-0.0009815950920244454,0.0005521472392637783,0.0034969325153375586,0.006871165644171784,0.012483904592556216,0.009115281501340444,0.016049079754601348,-0.0029586513380350787,-6.055614766009576e-05,0.0007272462819534198,0.11503718979190694,3420450,0.16411662994256834,0.32321150457323655,0.2174183884885389,0.09537353042508251,0.5597484276729585,0.8408045977011502,0.9816091954023025,814.1578420110413,821.3561544768307,822.7519286232313,0.00980271270036992,0.4568965517241411,818.95,811.0,high_only,09:53,,True,False,811.53,0.004275873966458343,0.01737458873978781,0.015709442891124113,0.03514747423511392,1.021619917767366,845.3368775265961,837.5227760660753,mixed,mixed,-0.0010658527427540587,1.079141457147788,0.000531850598332051,0.00012081088264426221,0.00811446428427609,0.00023168768500059223,0.008884322494862706,0.0004313363566195161,-0.003190339023035671
2024-10-09,824.75,828.38,814.35,818.95,41123874.0,375,-0.0037223401030616055,-0.005698696574719664,-0.005031827826614044,0.0037344649893906734,-0.0013413816230716247,-0.011656982713842301,-0.00796605031827835,0.0009411132024739199,0.00222730777232516,0.0023254390796159097,0.08464061532724276,3480750,0.11387769547197815,0.37372339969721724,0.28024212893950606,0.0982486718055794,0.12499999999999492,0.32786885245901864,0.1570247933884276,823.256140552084,821.9808749303047,820.0799777861396,0.01025641025641022,0.5987170349251599,827.4,819.0,low_then_high,10:10,09:37,False,True,825.63,-0.0010658527427540587,-0.00809079127454182,0.01621988627961856,-0.3513401066122443,-0.4911286171154146,842.8238415716822,836.7944319066214,mixed,mixed,0.000671591672263272,1.098165921725844,0.0010503404620698653,-0.0004129132124248702,-0.0010133329077866016,-0.0008326544304404493,-0.0007967411489846477,-0.005285783362294794,0.0017737676329143692
2024-10-10,819.5,832.73,816.25,830.5,21753692.0,375,0.0004636973764491348,-0.0006101281269066394,-0.0010616229408175748,0.0005247101891396877,0.014041514041513992,0.014025587550156704,0.014557657107992616,-0.0011185547791154882,0.0003252110860845203,-0.0010825114265095026,0.07560564891697465,1644702,0.12784698799633643,0.25021812389363607,0.09991986647599865,0.04126637446186146,0.20887728459529237,0.8646844660194165,0.9370370370370313,819.5058191980473,822.5088717039382,824.7018570876766,0.004681007088731315,0.23240291262135454,822.03,818.2,low_then_high,11:39,09:35,True,False,818.95,0.000671591672263272,0.01410342511752849,0.016583070431387868,-0.036792229124939964,0.8778625869210795,841.6501423743791,836.5475914396951,mixed,mixed,0.002083082480433429,0.5188984235565148,0.0018985153609876182,-0.0007360259783261158,-0.0017453190542964236,-0.0006294133867236207,-0.0004796249333021141,0.0001258978514194764,-0.0004891413923918675
2024-10-11,832.23,832.23,821.63,825.75,23670048.0,375,-0.0038811386275429127,-0.007245593165350894,-0.0068851158934429835,-0.0033644545378080926,-0.0005446623093682268,-0.006606946939464287,-0.009949172704660891,0.0021845985800108547,0.0015160703456640334,0.0005088873541492234,0.12241834068101594,2897648,0.17463428887005214,0.26040209128431,0.1838502397629274,0.08687037728018127,0.14468085106384193,0.38867924528301845,0.21886792452830614,828.2115928090644,825.8765629966664,825.7213555311197,0.00854359048934783,0.6650943396226465,832.23,825.18,low_only,,09:31,False,False,830.5,0.002083082480433429,-0.005719446116797089,0.01718640187491882,-0.42158871985443547,-0.5788979436807151,840.1358431006287,836.1241564812757,mixed,mixed,0.0027611262488647093,0.9141990337591175,-0.0008897313011470009,5.803412406502062e-05,-0.0013968213309425437,0.0009879601128637283,-0.001299607518529422,-0.007303627289415915,0.0011966384671471264
2024-10-14,828.03,846.03,827.0,844.68,18525876.0,375,0.003381519993236992,0.011412629977174849,0.012620315689045203,0.012161395118534424,0.008597220232124947,0.005667581434196434,0.017897902249918607,0.0021712048407189766,0.0021117570293036625,0.0013633184356216521,0.09401639091182516,1741736,0.13121646717272642,0.4180270881657634,0.3369733231508189,0.17013921500931994,0.9980952380952398,0.9290593799264306,0.9323529411764719,832.0285888025893,839.5952112684769,841.3891163577543,0.012696493349455773,0.5517603783499745,837.5,827.0,high_only,09:30,,True,False,825.75,0.0027611262488647093,0.022924613987284292,0.01712942013700993,0.6662589793402668,1.0448632882352094,840.5686199481879,836.4596797565198,uptrend,mixed,0.0027466022635791454,0.5495123521778595,0.001937934058190205,0.0006993440153135744,0.003948296497884973,0.0007980973041825656,0.006696683289923344,0.010713285961861274,0.001373107536536411
2024-10-15,847.0,849.0,837.75,843.0,19649170.0,375,0.0001180637544273555,-0.0049586776859504855,-0.0033057851239668423,-0.0068713105076742,0.00023730422401513351,0.0013314629449108217,-0.005548996458087374,0.0008310578178796213,0.001984952396800299,0.0013065684760660279,0.08605503438567634,1690910,0.11242276391318311,0.47551596326969536,0.4003198099461708,0.18212341793571943,0.09752547307131858,0.4666666666666667,0.4044444444444404,845.6957252485349,841.9623184291836,842.0257726438313,0.00815788536211759,0.610666666666667,849.0,842.13,low_only,,09:31,False,False,844.68,0.0027466022635791454,-0.001988918880522772,0.017847602113526363,-0.2778343922286567,-0.3109099151130164,840.8001799531223,836.7161629033229,uptrend,uptrend,-0.0034994068801899036,0.5334769054673408,0.0017500387792683814,-0.0004010116611014025,-0.004903459420399159,9.376446366737845e-05,-0.003068533905012605,-0.004557666024849083,0.0007372933542122428
2024-10-16,840.05,853.98,840.05,850.25,20466702.0,375,0.005892506398428754,0.008451877864412927,0.011820724956847828,0.011546931730254117,0.003659328336186096,9.414533686391557e-05,0.011642164156895562,0.000494216490356747,0.001354375220822046,-0.00011759863585580899,0.12640717590943573,2587138,0.17519178224220003,0.3256985908135077,0.22836517578650434,0.11212710284246089,0.9726027397260214,0.7322325915290738,0.7020818377602327,843.6111307862202,849.4052975739577,849.4418066731017,0.008689958931016095,0.5240488155061045,847.35,840.05,high_only,09:30,,True,False,843.0,-0.0034994068801899036,0.008600237247924136,0.018100872592772252,0.4669320675616376,0.6431824817961718,841.7001628147298,837.2469016129966,uptrend,uptrend,-0.003257865333725407,0.8162340835745044,-0.0022581153513943075,0.00032788786235116163,0.0016714283714969191,-0.0036107279938203396,-0.0041990572567888185,0.008123990002061765,0.004104944484177087
2024-10-17,847.48,848.83,832.6,836.35,14695062.0,375,-0.002064945485439229,-0.004991268230518764,-0.008377778826639037,-0.009652145183367211,-0.008182626741772836,-0.005242463958060273,-0.014844008118185759,0.0017367349383159425,0.0007179180376908345,-0.00077658303464756,0.17297946752453308,2541944,0.20762552754115635,0.2726061312296607,0.18901628315688632,0.0946218532456685,0.1,0.23105360443622894,0.14171287738755095,846.1705246955349,838.7141212382934,838.0455082544056,0.0073579150991538445,0.38200862600123464,848.83,842.63,low_only,,09:30,False,True,850.25,-0.003257865333725407,-0.016348132902087587,0.018512717230898142,-0.2696129459692835,-0.8018276265469433,841.1906234990413,837.2117290007221,mixed,uptrend,-0.005739224009087218,0.8019755155456377,0.002704337757763353,-0.0034662010436561363,-0.010532456427755243,-0.0005491887351698477,-0.008401475967451777,-0.0015250671868626275,0.00228592367348579
2024-10-18,831.55,845.5,827.05,842.25,24805610.0,375,-0.0025855330407070776,-0.0023089411340267985,-0.00018038602609582455,0.0005411580782876957,0.015211600351964227,0.014338942307692282,0.014887860020443844,-0.0019906864313390393,0.0015101429284882784,0.0014863258026158732,0.07516549683720739,1864526,0.11129740409528328,0.3226867631959061,0.22584907204458993,0.0984943325320361,0.3543956043956058,0.8238482384823853,0.914905149051488,830.1916427624678,835.73572107963,837.4719205969947,0.008802369868810889,0.3945799457994617,834.33,827.05,high_only,11:00,,True,False,836.35,-0.005739224009087218,0.00705446284450284,0.018635377165887278,-0.12390096070893578,0.7989030695711704,841.2915164991325,837.4093082555958,uptrend,mixed,0.018106262986049337,0.5882522195997417,-0.003444416610774881,-0.003727962148717179,0.008692496842685582,-0.0006712394013508316,0.004543397629110046,0.0014190210146903803,-0.0013194470299882077
2024-10-21,857.5,874.08,855.53,862.0,46545888.0,375,0.006565597667638423,0.008746355685131268,0.004198250728862929,0.013411078717201264,-0.003468208092485603,-0.004775604142692735,0.008571428571428674,-0.003295369139157067,-0.004480990437473964,-0.0031224702208858535,0.15000354059202825,6982048,0.1970456337625356,0.2195010223029798,0.13827734901093733,0.05161680447475833,0.8045879354290605,0.34878706199460935,0.5024258760107825,863.0778976206791,867.0351930457731,866.4774220917941,0.01375755379706134,0.6345013477088915,867.3,855.53,high_only,09:58,,False,False,842.25,0.018106262986049337,0.023449094686850636,0.018925496310875655,0.46214670101439403,0.4529037669941078,843.2637530230246,838.3736491083175,uptrend,uptrend,0.003515081206496573,2.2404785131180365,0.0037606610719291833,-0.002540455959753496,-0.004792405879913475,-0.003909560707908266,-0.004955224000659619,0.011286811644884764,0.000614191568751199
2024-10-22,865.03,870.0,855.35,856.55,38874254.0,375,-0.0007282984405164727,0.0,0.0016762424424587863,0.001988370345537227,-0.009803128215206458,-0.005330256706086001,-0.0033524848849172395,-0.006472341758203548,-0.004625056651133663,0.00025691030327079645,0.07988305061751153,3105394,0.11378080721497576,0.3669124557348419,0.2778333958511461,0.08914105464248909,0.6214788732394373,0.08191126279863029,0.45724137931034453,864.0592117028199,862.3540369234557,860.8864675674553,0.006593151479976633,0.387713310580202,867.18,861.5,high_then_low,09:31,10:29,False,True,862.0,0.003515081206496573,-0.006322505800464118,0.01968701149978188,0.0,-0.17028917187123008,844.5291098779746,839.0864471825012,uptrend,uptrend,-0.004693246161928677,0.9797422579420829,0.0023929392124724114,0.0007540733064097527,-0.00883919084304996,-0.0039748651820932235,-0.010416561402941449,-0.0007540733064097527,-0.0024974765761103246
2024-10-23,852.53,873.25,852.53,868.1,38030694.0,375,0.015366028174961688,0.017852744184955416,0.017559499372456155,0.018767667999953108,0.00040334197637581504,-0.0007483909594371285,0.01800523148745503,0.0002534912660736577,0.00046098882102096894,0.00011520737327197494,0.11436919873195056,4349540,0.179701900785718,0.2939984213803724,0.2218905077041192,0.08158241866425052,0.9383477188655981,0.7514478764478779,0.7408301158301159,863.0786154888409,868.3162190673802,868.1998441248537,0.019025723434952457,0.7828185328185331,868.75,852.53,high_only,09:34,,False,False,856.55,-0.004693246161928677,0.013484326659272794,0.019697497878641536,0.9063457853859485,0.9140872408458808,846.7739565562629,840.2242335675011,uptrend,uptrend,0.0010943439695887403,1.3722664952046044,-0.0042317236308678785,0.004616839259746985,0.0031790763450056936,-0.0008034953068105644,-0.0018687389586120595,0.01323590492520843,0.001056986572884222
2024-10-24,869.05,884.33,869.05,875.25,30827686.0,375,0.008745181520050549,0.012692020021862982,0.008687647431103063,0.012715033657442198,-0.005488137442050789,-0.00513578002499715,0.0075139520165699025,-0.0003768930309052676,0.0006516668953218119,0.0002514199513159454,0.2281137157034751,7032218,0.29735310006725774,0.17273894641329876,0.11679494854073705,0.052691726521413254,0.9467811158798284,0.4057591623036656,0.4273560209424116,876.9934923775116,878.8213930236388,878.1334816175735,0.013405442724814476,0.7624345549738236,880.7,869.05,high_only,10:33,,False,False,868.1,0.0010943439695887403,0.008236378297431068,0.020127067611983483,0.630594593635998,0.37332572043908474,849.4859606937617,841.5977930354422,uptrend,uptrend,0.0025706940874035134,2.21864315499449,-0.0009535112129644974,-0.00013722365817803173,-0.0012452534951070682,0.001324731465038198,-0.0008757570797185421,0.012829243680041014,-0.0017016244959434657
2024-10-25,877.5,878.93,864.35,872.9,26128980.0,375,-0.0038974358974358525,-0.004159544159544115,-0.004125356125356139,-0.009937321937321997,-0.0010871431023631306,-0.002624369805934723,-0.012535612535612528,0.007386035776110855,0.0024691358024691024,0.0006878367534104424,0.08042242751152169,2101356,0.1290720877738052,0.29214297687854635,0.18781123488172902,0.06918639763205452,0.3712871287128746,0.5864197530864196,0.06751687921980361,873.5547741680449,870.3372318542519,870.2684592640048,0.009278291324567922,0.5541838134430704,878.93,870.85,low_only,,09:49,False,False,875.25,0.0025706940874035134,-0.0026849471579548645,0.020273958088134557,-0.20516685205039023,-0.6183110609737851,851.7158691991177,842.8253305634641,uptrend,uptrend,-0.002176652537518642,0.6629713563496753,0.00014130888894348104,0.0006265856610170317,-0.01359445164540174,0.005218777635233707,-0.008306505123983121,-0.004786129820561147,0.0021672581408771485
2024-10-28,871.0,875.5,864.45,867.5,22008164.0,375,0.004225028702640632,0.0018714121699197062,9.184845005738573e-05,0.0007807118254878898,-0.005878780239047421,-0.0058278267254037175,-0.0050516647531572145,0.001038541426263473,-0.0018409849269359624,0.00042669495923330913,0.09315161410102178,2050096,0.12567118274836556,0.245986989191829,0.16420506499315435,0.05434038023344428,0.6132075471698085,0.27601809954750833,0.1945701357466051,872.5676268298331,869.5480893128754,869.1046185885078,0.008547599299603581,0.6714932126696823,875.5,868.08,low_only,,11:05,False,True,872.9,-0.002176652537518642,-0.006186275632947602,0.020546706555656494,0.0910808827122957,-0.24586250548103022,853.2191197515826,843.7929646590146,uptrend,uptrend,-0.005095100864553226,0.6570365641353034,0.0016231754764206574,-0.00145766583783824,0.00505544078412945,-0.00024616697505919216,0.006439009078218039,0.0033290780077579463,0.001284708401322665
2024-10-29,863.08,882.0,862.55,874.88,35793578.0,375,0.0024563192288085123,0.003070399036010585,0.0022245909996754243,0.008365389071696594,0.01056911508206948,0.01014592669194525,0.018596190387913047,-0.004834324843879689,-0.0029857549857550403,-0.0011645164973169697,0.10096040133232839,3613734,0.14192020702708177,0.3021252583354478,0.2210853019499755,0.07456566650028673,0.6625000000000039,0.6339331619537282,0.8524421593830336,864.8725252273687,870.1378883895718,872.0889392274031,0.005564894788707919,0.24678663239074844,867.35,862.55,high_only,09:31,,True,False,867.5,-0.005095100864553226,0.008507204610951113,0.0203866283296689,0.15060847661318263,0.9121758677892701,855.2820607276224,845.0120640841512,uptrend,uptrend,-0.004434893928310202,1.2039675884326646,-0.001594323633334338,-0.002727214808755818,0.003643822046664802,0.0014948295280023949,0.0035415734763641904,0.005797613844766403,-0.006329154371882084
2024-10-30,871.0,877.38,862.1,868.5,32713886.0,375,0.005717566016073539,0.005430539609644125,9.184845005738573e-05,0.001033295063145756,-0.008255969305607902,-0.008372519784378918,-0.007347876004592413,0.004510756419153328,0.004104283484594351,0.0023312713507523952,0.09876142504134178,3230870,0.15399766325529166,0.346542321508365,0.25754060523411987,0.10112060670505485,0.741379310344831,0.4188481675392663,0.16361256544502648,874.1120710087375,868.99448238383,868.2645932390914,0.007324913892078122,0.41753926701570726,877.38,871.0,low_only,,09:45,False,True,874.88,-0.004434893928310202,-0.007292428675932716,0.020691921355539745,0.2624473347029339,-0.3551084444183431,856.5409120868964,845.9331596102629,uptrend,uptrend,-0.005181347150259086,1.076410926327019,-0.0033757258526212475,0.0005067404688681165,-0.0005764942176194054,-0.00029149252383264823,-0.00424061503230555,0.0049237991407760084,0.004802248942985976
2024-10-31,864.0,869.45,859.7,867.15,22890252.0,375,0.0025462962962963243,-0.0003703703703704653,0.00038194444444439313,0.0018287037037036935,0.004017691737680629,-0.001790706809307152,3.472222222211663e-05,0.0036109857296622305,0.00034608063678831513,-0.00046106852630967143,0.06590027929792996,1508474,0.09445723882812648,0.40681587952810655,0.3422715486050569,0.18858569141134837,0.06511627906976006,0.7641025641025571,0.5261239368165221,865.753531025394,864.607270440352,865.802620306379,0.004980310400741317,0.441025641025648,867.7,863.4,low_then_high,09:49,09:30,False,False,868.5,-0.005181347150259086,-0.0015544041450777923,0.020932966884343908,-0.01769316181584709,0.0016587339202301953,857.5513014119539,846.7651925667233,uptrend,uptrend,0.006169636164446768,0.47613988306042804,-1.848026513018297e-05,-0.003209465356049379,-0.006741314628221473,0.002183108200300099,-0.004591319203459454,0.002839094985678914,0.0014278775293621315
2024-11-04,872.5,872.5,855.45,858.18,28087872.0,375,-0.007415472779369714,-0.008252148997134667,-0.008653295128939753,-0.005352435530085908,-0.008228360106321553,-0.012537017618657997,-0.01782234957020057,0.0014353229476631313,0.0026638626007711164,0.0009097270818754222,0.13625596129176323,3827140,0.16029687119052666,0.3444921708558057,0.19512086924919053,0.08384501324984676,0.23566878980890904,0.16011730205278074,0.028125000000002842,866.6667472159365,863.9515147613512,861.5250104360583,0.010914399592158341,0.5524926686217,872.5,863.08,low_only,,11:12,False,True,867.15,0.006169636164446768,-0.010344231101885537,0.019904856359730633,-0.4145796808576589,-0.8953769496300829,857.6111774679582,847.2128320739106,uptrend,uptrend,-0.007783914796429592,1.2750668744279983,0.0031870784083174453,-0.009833132845994852,-0.015611280754243562,0.0022894241555138084,-0.01021309074406418,0.0015809838488601846,-0.0008541012078506771
2024-11-05,851.5,881.35,848.95,876.75,44228994.0,375,0.0008573106283029652,-0.00029359953024077345,0.0031708749266001757,0.005320023487962455,0.0299559471365638,0.02663458056376533,0.03209630064591895,-0.0023667831093613367,-0.0008888585005640826,-0.002275960170696978,0.09313193965026652,4119132,0.12405265197756929,0.32524524523438175,0.20772839644510116,0.10239238088933246,0.3865546218487363,0.8580246913580238,0.9322932917316704,852.346208380795,862.9342107924152,868.228979265954,0.007008657753695635,0.18364197530864,854.9,848.95,high_only,09:56,,True,False,858.18,-0.007783914796429592,0.021638817031392144,0.019767835348670805,-0.014852386468329986,1.6236628887177127,859.4339224710099,848.3711523847377,uptrend,uptrend,0.010265183917878451,1.3723482194527374,-0.0031032535185142596,0.0028097756778793226,0.011565237388413863,0.00020873720192948753,0.008636590047497172,-0.003103375208120096,-0.0025755203112908243
2024-11-06,885.75,885.75,872.68,878.0,27784350.0,375,-0.004933672029353686,-0.005927180355630779,-0.009957662997459815,-0.012926898108947316,-0.0028392958546280544,0.002687864577376242,-0.010273779283093476,0.0015399532310500508,0.0012772557248426075,0.0005355942246989542,0.12111731964217266,3365166,0.16262514689024576,0.2885097545920635,0.1973862264188293,0.09646516834117048,0.3018617021276579,0.4070390206579977,0.30374904361132454,881.6853055629349,876.6516011717222,876.7626381990826,0.008562677203010516,0.5753634276970124,885.75,878.23,low_only,,09:33,False,True,876.75,0.010265183917878451,0.0014257199885943095,0.02020303926371382,-0.29338062844219887,-0.5085264226331508,861.2021203309137,849.533067977493,uptrend,uptrend,-0.006662870159453327,1.1211535751374053,0.004570597339052629,0.0014439245127781941,0.008766390702936055,-0.0011397998111887242,0.012222008707277299,-0.007371104868408973,0.002679753042238775
2024-11-07,872.15,880.48,869.0,871.05,18890886.0,375,0.006879550536031731,0.003130195493894483,0.0012383190964857516,-0.001685489881327773,-0.0043777432333577115,0.0030435981072265417,0.001352978272086247,-0.002610696987393135,-0.0035463021220614177,-0.0022336769759451203,0.1731489989405473,3270938,0.2258416042529715,0.2713809188197949,0.18652094983792714,0.08452880399574694,0.32773109243697535,0.17857142857142433,0.377177700348435,876.9290250910695,873.5144382126866,873.409434562608,0.00955110932752401,0.7256097560975634,880.48,872.15,low_only,,09:39,False,True,878.0,-0.006662870159453327,-0.00791571753986342,0.019876356581295898,0.15748336376899516,0.06806973232505953,862.1400136327313,850.3768692332776,uptrend,uptrend,0.005682796624763231,1.0897601582664256,-0.00017555391342349846,-0.005549294394355031,-0.011756010714752296,-0.00029336782126887506,-0.012219368904094585,0.008679489888249514,-0.00231732916612426
2024-11-08,876.0,880.9,872.93,875.95,19900148.0,375,-0.0014840182648401257,0.00011415525114166769,-0.00019406392694054642,0.0014269406392695139,-0.00017121333181135956,0.0018010829296095654,0.0032305936073060426,-0.0032770843052695176,-0.0021984781519113206,-0.0013680670352846924,0.10727367454754608,2134762,0.15842354539272774,0.25931726738916716,0.19064923537252085,0.08633483529871235,0.6645702306079684,0.37892095357592037,0.7402760351317529,874.8321654342108,877.2437508114144,877.2713874858283,0.005464355675713017,0.5984943538268607,877.7,872.93,high_only,09:34,,False,False,871.05,0.005682796624763231,0.005625394638654635,0.01968046091998038,0.005800435853906896,0.16415233466540494,863.455250429614,851.3797371064825,uptrend,uptrend,0.0015183515040813056,0.7112267413754559,0.0005414431319386015,-0.0015367011322844348,-0.0028214163262102465,-0.001203426762885651,-0.0034821819744901283,0.0016508563834261025,-0.0020736575423838666
2024-11-11,877.28,891.4,875.6,881.95,24564456.0,375,0.002929509392668228,0.00281552070034663,0.0009689038847346954,0.003248677731169103,0.002500710429099273,0.004567507072818833,0.007831023162502282,-0.0024882655657976205,-0.0033337100237313955,-0.0024092842276717263,0.10628201984200261,2610760,0.14128430118704846,0.29169927475699037,0.2218392298205179,0.09361542547492198,0.896328293736497,0.4018987341772178,0.5411392405063278,878.5382770176756,884.7285950746732,884.4657555773534,0.005287802649611706,0.29303797468354487,880.23,875.6,high_only,09:30,,True,False,875.95,0.0015183515040813056,0.006849706033449365,0.01923970405052412,0.1463390857236149,0.40702409672922973,865.2166551506031,852.578570945444,uptrend,uptrend,0.004592097057656286,0.8698123384777251,-0.0009580947601340872,0.0004940373018922362,0.002160894249032097,-0.0007125310178837108,0.00048734257279559046,0.0023214833984543937,-0.0017757345479139097
2024-11-12,886.0,887.5,854.33,859.5,31393688.0,375,-0.006038374717832973,-0.011794582392776531,-0.013261851015801351,-0.012720090293453667,-0.018331334589686388,-0.02141232151635364,-0.033860045146726914,0.004088785046729049,0.0012231347195525988,0.0020635864432863027,0.09389492562963613,2947708,0.11915108540290009,0.3475764937206486,0.24805432225739135,0.10729341516039785,0.036290322580639724,0.1558637322882112,0.0503466988242376,881.6190459661091,869.5741372464962,865.8909529854113,0.014169809164666924,0.37383177570093434,887.5,875.1,low_only,,09:30,False,True,881.95,0.004592097057656286,-0.025454957764045605,0.01950341223435233,-0.6047445570576695,-1.7361087762421148,864.6722118029267,852.8499995358188,uptrend,uptrend,-0.001303083187899956,1.0313605966529242,0.004298962362315084,-0.002158855435114626,-0.012565116528659437,-0.0032794903308335233,-0.011572375539443014,-0.009635726957661905,0.007368275377562572
2024-11-13,858.38,864.7,836.5,844.08,35727698.0,375,0.006081222768470784,0.005533679722267593,0.005650178242736281,-0.0025979170064540646,-0.02207083521601605,-0.011388191321614172,-0.013956522752161082,-0.002741020793950777,0.003542979431696569,0.003566842630903233,0.09473842955121262,3384786,0.1449955158040129,0.4262467176026846,0.27160014619469747,0.10261293632743985,0.8269018743109106,0.26879432624113575,0.018766756032172708,861.8294441854425,856.050867867734,849.9526219821573,0.010600376330890837,0.32163120567376013,864.7,855.63,low_only,,10:13,False,True,859.5,-0.001303083187899956,-0.017940663176265192,0.020155929757166707,0.27454351096356744,-0.6924276339670541,862.7110487740765,852.5060779853947,mixed,uptrend,-0.008920955359681626,1.1183641048837438,-0.0008597929366961354,-0.0009255974931209332,-0.009381906562927034,0.00016738032836216554,-0.010067965583117844,0.006459277215388526,-0.0029084011223129425
2024-11-14,836.55,852.43,836.05,846.35,27144480.0,375,0.011296395911780666,0.010495487418564542,0.012372243141473893,0.014978184208953582,0.0012066293636805447,-0.000388655957035855,0.014583706891399206,-0.0028276877761413965,-0.0018633613623765255,-0.0007674144037780328,0.1815476295733055,4928016,0.22830756013745704,0.23606596995042822,0.1617245200497486,0.06552706111887205,0.7778709136630375,0.6288156288156331,0.7753357753357784,841.9913347535127,846.493701700196,846.6221899018387,0.014269481490341462,0.7283272283272324,847.98,836.05,high_only,09:32,,False,False,844.08,-0.008920955359681626,0.0026893185480048043,0.02113048575247284,0.4966988237521367,0.6901737642113844,861.1528536527359,852.264663162438,mixed,mixed,0.004312636616057075,1.555495793735867,-0.0025738362658825897,0.0016757178082713597,-0.0003568068337004293,0.0010984224783554541,-0.001834520334365819,0.008819769610293182,-0.003926110254496851
2024-11-18,850.0,859.45,847.5,854.15,27080736.0,375,0.0063882352941175835,0.0063882352941175835,0.006000000000000005,0.008623529411764697,-0.0014963234864336927,-0.004549006800182109,0.004035294117646915,0.0008436544297716342,0.0026058478983015387,0.0017004808256126935,0.2339143958273512,6334574,0.2800575287170925,0.2550221677874634,0.17454060332776775,0.07432951600724588,0.9519807923169161,0.5564853556485315,0.4962343096234249,851.3604378131826,854.4480756981525,853.9791943451373,0.009828908554572413,0.6970711297071137,855.83,847.5,high_only,09:30,,False,False,846.35,0.004312636616057075,0.009216045371300163,0.02127455703343286,0.30027583108209976,0.18967699827100842,860.4859152096182,852.3385979403816,uptrend,mixed,0.0033366504712286638,1.948557693490795,0.0019397612862697144,-0.005634327883992207,-0.006867101879662552,0.0009427040677039145,-0.004002614645409963,0.01202256317810979,-9.904963793228028e-05
2024-11-19,857.0,876.88,851.35,868.0,50979636.0,375,-0.0008984830805134347,9.334889148204795e-05,0.006277712952158732,0.007619603267211117,0.012740934335184528,0.009576968953018294,0.017269544924154,-0.004358797889424171,-0.0008633093525179936,-0.0034214333279753983,0.05274863084546151,2689106,0.08423673327130073,0.40038857868659555,0.2838177581338556,0.10458018962708954,0.8488888888888916,0.652173913043478,0.80101840971406,855.6453936810226,868.6372956299926,869.5111904027717,0.007928584013625395,0.2643948296122212,858.1,851.35,high_only,09:33,,True,False,854.15,0.0033366504712286638,0.016214950535620165,0.021010538515184234,0.004442955682196582,0.8219468012051842,861.2015423325116,852.9527705701706,uptrend,uptrend,0.007718894009216548,0.8104472142088189,0.0027380855987351183,0.005707716467165724,0.007214332615795849,-0.009730245197115517,0.00014489480211210548,-0.005614367575683676,0.005371447307691346
2024-11-21,874.7,879.5,867.1,869.98,35713654.0,375,-0.0048816737167030055,0.0017491711443924363,-0.002515148050760363,-0.004138561792614626,-0.007132830421236469,0.00036736005877746614,-0.0037727220761404334,-0.0016295616249712985,0.0006671267540834247,-0.0010563784590652547,0.2234431122617697,7979970,0.2679127148401001,0.2878889401795739,0.2069630847630433,0.08221320618719104,0.7705882352941257,0.2322580645161291,0.34677419354838407,873.8851648991163,872.3796587015056,871.8202175855014,0.00977370987029702,0.6854838709677432,878.18,869.68,high_then_low,09:30,09:40,False,False,868.0,0.007718894009216548,0.0022811059907834608,0.021401999585682868,0.08172933269107088,-0.17627895286308867,862.0375859198914,853.620505057615,uptrend,uptrend,0.0020690130807603513,2.405016557908074,0.0008415464000988138,-0.004638449961576918,-0.006364830374077424,0.00033420526630378866,-0.005196282708458511,0.006387621105969354,-0.001963766891275087
2024-11-22,871.78,877.15,864.78,871.05,24773250.0,375,0.0022368028631076786,0.0037853586914129433,0.0011470783913372085,0.0006538346830622377,-0.004605293230333318,-0.0006877973290537742,-3.4412351740065183e-05,-0.0008029825064526097,-0.002496478590978346,-0.002176527865284439,0.08697938300384488,2154762,0.12457509612182495,0.3593770700251279,0.23641258211982683,0.09191963105365666,0.8042553191489468,0.5068714632174599,0.5634599838318533,874.0527033364551,871.2928743098021,871.7881762540917,0.005394238494204062,0.3799514955537626,876.0,871.3,high_then_low,09:31,09:47,False,True,869.98,0.0020690130807603513,0.001229913331340926,0.020226703821785146,0.18714659218650978,-0.0017013326562384033,862.8959110703779,854.3040146631987,uptrend,uptrend,0.024659893232305885,0.6494057356545346,0.0027862550462054436,0.004123988757805952,0.018732006936672985,0.0009706356510492675,0.022562026834570093,-0.00033863006639300863,-0.0017736181575018772
2024-11-25,892.53,901.78,882.45,889.05,427568998.0,375,-0.0034508643967148256,-0.0062182783771973504,-0.007204239633401666,-0.006666442584562948,0.0023337617533651933,-0.0006541992826366583,-0.007316280685243037,0.0034424379232504965,0.004860129980220451,-0.0017740251282800656,0.02018300681379149,8629628,0.02508181849049776,0.8973691446169818,0.8885448799540887,0.44007718258375694,0.24466750313676772,0.34143817899637524,0.3364928909952578,888.4286279323588,887.6198281164819,892.3635185936781,0.009005344451600505,0.4123124676668421,893.0,885.03,low_then_high,15:20,09:31,False,False,871.05,0.024659893232305885,0.020664714999139022,0.02008787172393016,-0.30955386726159134,-0.3642138294086846,865.3867766827228,855.6666023234654,uptrend,uptrend,0.017940498284686024,2.600811560518039,0.015919324774331445,0.0024017102650952804,-0.0017049050551362077,0.0015942376157473959,0.015804134291159677,-0.00861998864229263,0.0018482003075031006
2024-11-26,905.0,905.0,884.9,893.2,30928758.0,375,-0.009889502762430946,-0.013779005524861887,-0.014751381215469594,-0.016519337016574598,0.0007506750473373902,-0.0003370597157462685,-0.016850828729281786,0.0038774936779994995,0.0021542051880443225,0.00022396416573355893,0.2992967903851813,9256878,0.34665692039751483,0.17497825163234812,0.11847129457962716,0.051599032848328404,0.038550501156514955,0.4129353233830875,0.2412935323383093,896.0240937092038,891.5522552242311,891.6628089361583,0.01453986973532273,0.6452736318407967,905.0,892.03,low_only,,09:40,False,False,889.05,0.017940498284686024,0.004667903942410456,0.020642331517310285,-0.6675120740749204,-0.8163239077500033,868.035655093892,857.1385002715648,uptrend,uptrend,0.001959247648902762,2.789853203023943,0.00381430715687725,-0.0015055477277113871,-0.006706157341034302,0.0005334976561257587,-0.002385488313787487,-0.0122734577971505,0.003343996021873741
2024-11-27,894.95,908.68,892.58,904.75,32710778.0,375,0.0012067713280070613,-0.0022347617185317636,-0.0009162523045981308,0.0008939046874125722,0.013214625678929393,0.006754116662015086,0.00765405888597126,0.003271235307163556,-0.0022386907518913146,-0.0003866976024748947,0.11607440214353813,3796884,0.14414087002149567,0.41629086290763245,0.20950171224909417,0.04995882396927398,0.030303030303048397,0.7559006211180141,0.9294354838709629,895.0274655076814,897.3700692546919,900.7855116632606,0.005544354838709742,0.3074534161490729,897.75,892.8,low_then_high,12:11,09:30,True,False,893.2,0.001959247648902762,0.012931034482758674,0.02083795149043218,-0.10724478937182776,0.3673134035985086,871.5322593706642,859.005617907974,uptrend,uptrend,0.005250069079856257,1.1443111801743915,0.0004898121146863499,-0.0014232714172396355,0.004189251718667464,-0.0011869399577063566,0.0034886196185250906,-0.0008114903012921282,0.0044581752648699124
2024-11-28,909.5,918.05,894.0,896.5,35718448.0,375,0.00571742715777912,0.004870808136338667,0.004672897196261738,0.008246289169873577,-0.01907148249865953,-0.021941112322791723,-0.013875755909840581,-0.00042369101775041607,-0.00027878449958185225,-0.0007245165245499674,0.15156554394524643,5413686,0.18228434785296382,0.20866488935913452,0.13383095480520318,0.06671504876135716,0.7397849462365532,0.10395010395010415,0.11975051975051978,911.6840210040506,906.2595126307336,904.2589925977,0.010253018025467187,0.38669438669439027,916.35,907.05,high_then_low,09:51,10:36,False,True,904.75,0.005250069079856257,-0.00911854103343468,0.02090630052460871,0.23298278576858977,-0.663711683160179,873.9101394306009,860.4759858331515,uptrend,uptrend,0.0046291132180702466,1.604066517806349,-0.00013181010283236372,0.0001318274790258478,-0.012360885963051294,-0.0006944994806894478,-0.01317689121753396,0.004738980657312819,0.0002708084629390317
2024-11-29,900.65,902.3,891.45,897.75,27666134.0,375,-0.0037195358907455844,-0.0007217009937267038,-0.0005551546105589944,-0.008349525342807973,-0.0024999999999999467,0.001757862797129306,-0.006606339865652511,0.0034089638985133064,0.0016959932160272029,-0.0003340571237681056,0.10083483294051854,2789710,0.13711550735639463,0.3919614500529781,0.3238373673748562,0.1383831221232428,0.6417445482866092,0.5806451612903233,0.299539170506915,899.2089963329523,896.4937542175725,896.9263865260917,0.007166138322096671,0.5917050691244251,902.3,895.88,low_only,,10:07,False,False,896.5,0.0046291132180702466,0.0013943112102621225,0.021602449314309685,-0.03340829473668255,-0.30581439028195767,876.1806023419723,861.9377118789104,uptrend,uptrend,0.004455583402951824,0.7972285568948864,-0.0012647422826719268,0.004260850122141502,0.008937545842275352,-0.0007186943374342114,0.006937299253468199,-0.004982551115868206,0.004127658235947518
2024-12-02,901.75,904.08,887.5,902.98,15103136.0,375,-0.01011366786803436,-0.015048516772941611,-0.012198502911006326,-0.012863875797061275,0.016663288972956103,0.009942144582373746,-0.0030496257277515815,0.004427141268075641,0.0029433652105339547,0.0005872901545791454,0.15125626889673774,2284444,0.19612655279009605,0.31028906844247445,0.23122297250054558,0.10028804613823249,0.042499999999996874,0.9336550060313619,0.71875,894.8337466009237,893.0176978229456,895.7622861887753,0.01802816901408444,0.9650180940892618,903.5,887.5,high_only,15:10,,False,False,897.75,0.004455583402951824,0.005825675299359512,0.021086542915586495,-0.7136549994555168,-0.1446242629699815,878.7329259284511,863.547213373855,uptrend,uptrend,0.009269308290327682,0.6768771096446315,0.0007129932659442062,-0.0044012534769902745,0.005084742252240426,0.0004801430950065466,0.006284289483556638,-0.010647263295951337,0.003946998173069094
2024-12-03,911.35,918.7,908.05,912.65,43408098.0,375,0.002414001207000638,0.0014593734569594563,-0.0013386733966094244,0.002523728534591596,-3.2870228338532925e-05,0.0019701198489574523,0.004498820431228401,-0.0030586050576220103,-0.0016408685664278666,7.670560389216874e-05,0.26160141824228283,11355620,0.32615656184705444,0.21121704065448801,0.15203693098923615,0.07104393286248109,0.5935897435897378,0.43192488262910644,0.6948356807511763,911.9812078794463,913.6352198713488,913.6354327700178,0.008589835361489051,0.7323943661971832,915.85,908.05,high_only,10:20,,False,False,902.98,0.009269308290327682,0.010708985802564852,0.02113669995697482,0.06904452728808705,0.21284403148959172,881.9631234590748,865.4728128493902,uptrend,uptrend,0.006957760368158761,3.3646520745629007,0.0038001668365927888,-0.002768031189083864,0.0042146301426080335,-0.0009950879028369775,0.007027734008918429,0.00422740464604332,-0.002063517154785033
2024-12-04,919.0,932.5,915.58,928.4,44661638.0,375,-0.0021762785636560977,-0.002306855277475539,0.0010663764961915678,0.004243743199129568,0.01256434866067524,0.008429949073572418,0.01270946681175178,-0.0024498216357931035,-0.0026320030080034806,-0.0018062962325822163,0.10636716906800418,4750532,0.13387328068889906,0.26790177288168426,0.19288974578137955,0.10121523084307835,0.26970954356845883,0.7576832151300217,0.8924349881796658,917.2222573289336,926.308814607196,927.343802319715,0.005264422551825021,0.284869976359335,920.4,915.58,high_only,09:44,,True,False,912.65,0.006957760368158761,0.017257437133621822,0.02144583852181354,-0.10756656938963387,0.5926309105994807,886.3856831296392,867.9405456788259,uptrend,uptrend,0.0017233950883239757,1.3229602585471067,0.0017548990933022868,0.001125006380480853,-0.0008514113623602215,-0.0002595237024837216,0.0006422357987143634,-0.003431861657956392,-0.002190297933309382
2024-12-05,930.0,939.98,917.6,932.43,39680442.0,375,-0.0030860215053764017,-0.0023333333333332984,-0.004731182795698952,-0.007096774193548372,0.004957804770270302,0.015702837340264342,0.008494623655914024,-0.00583217827060456,0.0039623149394347745,-0.001819875177973107,0.06938869279732318,2753374,0.09204776499213391,0.39185989914124447,0.21481247613118826,0.08792200449783297,0.5282608695652287,0.6626452189454839,0.971291866028707,927.8482320793809,929.4768721773485,931.1374537457693,0.0049708234277070495,0.20554066130473744,930.0,925.4,low_then_high,12:08,09:34,True,False,928.4,0.0017233950883239757,0.004340801378716064,0.021550225413068662,-0.10827419614452383,0.39417794909758325,890.7708561649117,870.4695438874994,uptrend,uptrend,-0.004214793603809386,0.7667782006135063,0.0031723255476452383,-0.001033043116815513,0.011758761000279172,-0.005081018378665814,0.00981131612673769,-0.0013002902165177854,-0.0007511598919387463
2024-12-06,928.5,932.1,922.0,927.73,17781800.0,375,-0.0008831448572967915,-0.0001615508885298711,-0.00023694130317719608,-0.0042003231017769815,-0.0006678515646039163,0.002357776335712769,-0.001852450188476018,0.0010250544897387748,-0.00123805012488154,-0.0011842856066234253,0.11593112058396787,2061464,0.1415870159376441,0.25843806588759294,0.18449763241066708,0.09462832784082602,0.40444444444445554,0.5673267326732678,0.4732673267326695,928.7278819001124,928.4943551009156,928.3572252415395,0.004856831403192485,0.44554455445544455,931.03,926.53,low_then_high,10:23,09:59,False,False,932.43,-0.004214793603809386,-0.005040592859517523,0.020867808989160463,-0.0077416315538342715,-0.08877070848397411,894.2907746253962,872.7150519703426,uptrend,uptrend,-0.0009701098379916173,0.6108084916752,0.0011294837773339061,-0.0009624152579211787,-0.0020906247409465673,-0.00035457041261865996,-0.0013177310735560388,0.0008008643693913076,0.0013796249023574347
2024-12-09,926.83,940.0,924.5,933.78,26946216.0,375,0.009138676995781303,0.0071749943355308154,0.005038680232620774,0.005340785257274661,0.00032137806916043843,0.003724055034450169,0.009084729669950109,-0.0015717722534082101,-0.0024250841301212134,-0.0003211716341213755,0.1616434752842477,4355680,0.1942279390917077,0.2586518270320404,0.20241758620208491,0.09100929050668932,0.7043137254901976,0.5987096774193531,0.6935483870967742,933.1232001830558,935.8125576840317,935.6483676453869,0.013791238507301351,0.8225806451612904,937.25,924.5,high_only,11:18,,False,False,927.73,-0.0009701098379916173,0.006521293910943804,0.020681733893216675,0.34692421692381004,0.4392634445862286,898.0516532325014,875.109755814643,uptrend,uptrend,0.005429544432307365,1.3088523502476965,-0.001422838380153224,0.0011711503253646338,-0.0013639740357800356,0.0010690926533416523,-0.0017187563338603162,0.006003844010166182,-0.0026408649067498624
2024-12-10,938.85,938.85,929.28,933.83,13324158.0,375,-0.005080683815305909,-0.00596474410182668,-0.002311338339457958,-0.004654630665175463,0.0006214840610769823,-0.0017121821761835188,-0.006358843265697467,0.001018351770860182,0.002124805494446491,-0.0003960608006851052,0.13309614010881587,1773394,0.1650520805892575,0.3318740291131342,0.267158044808535,0.11791094041364565,0.1139240506329148,0.47544409613375593,0.3761755485893421,935.5765256113418,933.5327157268104,933.5143354849638,0.006777261857527472,0.6603970741901795,938.85,932.53,low_only,,12:15,False,False,933.78,0.005429544432307365,5.354580307992407e-05,0.020863347711568257,-0.28589582958056936,-0.30478537546357587,901.4591148294061,877.4125104885786,uptrend,uptrend,-0.0031911589903944604,0.49386674687085313,0.0010577992901985578,-0.002297927403342115,-0.0037115685332003157,0.0024164177980265933,-0.00024769964185067384,-0.003666816698484565,-0.0013980660271664114
2024-12-11,930.85,935.95,928.38,931.25,14044352.0,375,0.00042971477681685855,-0.0009346296395766895,-0.00010742869420421464,0.001020572594939928,0.0013656207660379671,0.00037561708521138826,0.0013965730246547903,-0.0009655098428363873,-0.0012119522083270384,-0.0014796864780245444,0.14265734723823498,2003530,0.17110992376152348,0.2645880707062882,0.19883266953149564,0.08689599918885542,0.21739130434783627,0.37912813738441026,0.4980184940554765,931.7323263273656,932.1800481094951,932.0737019318047,0.00470383087736681,0.5772787318361923,933.4,929.03,low_then_high,11:34,10:19,False,False,933.83,-0.0031911589903944604,-0.002762815501750948,0.02081037148387254,-0.044911722998361735,0.06710947114697571,904.2963419885102,879.5237845870657,uptrend,uptrend,-0.006174496644295258,0.5579565755597236,0.0,0.0001259113340508211,0.0009849515647528673,-0.0006187930492295157,0.0003655490343412726,-0.0010605409736275107,-0.0003467167936068716
2024-12-12,925.5,934.33,924.35,929.0,17293342.0,375,0.005380875202593227,0.006753106428957212,0.008589951377633742,0.004862236628849326,-0.002951435470888164,-0.0016344086021504722,0.003219881145326786,0.000560055143891125,0.0010236517429018654,-0.0010537861029269457,0.15303311528795302,2646454,0.1766705359785286,0.3778548993017081,0.271530395917689,0.12973744461885967,0.8644536652835386,0.46593186372745177,0.41382765531062005,928.5713847157998,929.32224410371,929.3562019814719,0.007811993517017779,0.7244488977955917,932.73,925.5,high_then_low,09:30,13:15,False,False,931.25,-0.006174496644295258,-0.002416107382550381,0.020313813548930658,0.33243912634576206,0.15850697544165873,906.6490713229379,881.4640283287494,uptrend,uptrend,0.0024219590958018955,0.7370023963785582,-0.0010170730221887858,0.001987445360493556,-0.00193054508432422,-0.0007105931314760339,-0.003654154570738366,0.004765661068463656,0.0012706482753671589
2024-12-13,931.25,937.5,914.63,936.65,19006272.0,375,-0.0010201342281879189,-0.005283221476510058,-0.007302013422818776,-0.009073825503355781,0.011140738181857346,0.01370827915041195,0.004510067114094074,0.0012828050670798952,0.003395894930796617,0.0007479031999571006,0.12461160189646871,2368402,0.15225331932532588,0.3219802389442811,0.2272082605152657,0.0935149197065053,0.13833333333334016,0.9628334062090065,0.9607752653437974,929.2426949338277,926.0463804531846,929.0669725295593,0.006482982171799101,0.26235242675994747,931.5,925.5,low_then_high,13:26,09:30,True,False,929.0,0.0024219590958018955,0.008234660925726667,0.01896916038371676,-0.27851635863889934,0.23775786713077415,909.5063026255152,883.6281840805632,uptrend,uptrend,-0.004377302087225754,0.659568596162174,-0.001676888282157396,-0.0032287888776182383,0.01065173777009476,0.0008885550076132009,0.00985350149758557,-0.00205443259889182,0.0003942500594666942
2024-12-16,932.55,934.98,927.63,931.0,13104856.0,375,-0.0004825478526619964,-0.001394027129912545,0.0017478955551981645,0.0017478955551981645,-0.00026845637583894355,-0.0028367124108843456,-0.0010937751327005918,-0.0005689564479941511,-0.0018761726078799779,-0.0018761726078799779,0.1463593342803614,1918018,0.18661662516551117,0.23827274408814564,0.18674940037494497,0.08677317782049647,0.23543689320388986,0.4585034013605434,0.5306122448979544,931.8506783078506,931.3998014985018,931.685489837762,0.0044287741325192975,0.5605442176870737,934.4,930.28,low_then_high,09:44,09:36,False,False,936.65,-0.004377302087225754,-0.006032135803128114,0.018559565161321078,-0.07511098012240916,-0.05893323055758147,911.5533214230852,885.4859023519136,uptrend,uptrend,-0.0030290010741138573,0.5824005548239348,-0.0011258489264081017,-0.0020158846865481195,-0.004128725750806028,-0.00011966963068732461,-0.005368967729699414,0.0006218575566355744,-0.0004492868173068265
2024-12-17,928.18,931.18,913.25,915.13,21075770.0,375,0.001152793639164873,-0.0005925574780752951,-0.0027796332607898933,-0.003264453015578872,-0.013475200241475638,-0.008917472842241758,-0.01215281518670941,-0.0019304177118550925,-0.003126361655773402,-0.0011133547999780946,0.08939108749051636,1883986,0.11429570544753526,0.4038707957052103,0.3154397680369448,0.15494010420497092,0.23326133909288163,0.10485220301171225,0.033829499323410075,929.2017684774022,922.6384508546007,920.2384890149527,0.004997032000431778,0.258226436140547,931.18,926.55,low_only,,09:35,False,True,931.0,-0.0030290010741138573,-0.017046186895810944,0.01807078121434497,-0.03279091651028957,-0.672511887702024,911.8939574780295,886.6484159851719,uptrend,uptrend,-0.00021854818441102708,0.6797609417428998,-0.0025742192650594076,0.00028879632943934475,-0.010856301454557182,5.962685922700217e-05,-0.013343746513444166,-0.0008813538075146399,-0.0019900445710820946
2024-12-18,914.93,918.0,903.58,906.0,23415268.0,375,0.0007104368640225012,-0.0008743838326429332,0.001989223219262648,-0.007738296918889942,-0.008893702208657372,-0.003216390372859035,-0.01092979790803672,0.0011824118992629362,-0.0006948810429833197,0.0020128735428786015,0.14869076023387817,3481634,0.18697193643053756,0.24809709630485544,0.18292961669283478,0.08561764059245446,0.21818181818182444,0.16782246879334023,0.057678442682044286,915.4183211101453,909.8497677735924,908.7908871886502,0.005421389847215519,0.3432732316227503,918.0,913.05,low_only,,09:55,False,True,915.13,-0.00021854818441102708,-0.009976724618360189,0.018259812783977043,-0.047885695378553035,-0.598571192231916,911.3326281944076,887.4073016328123,uptrend,uptrend,-0.00684326710816785,1.279429230791845,-0.0008799577291332961,0.00013787171345724936,-0.00494074603001482,0.0015220511293370098,-0.004303157773542399,-0.0010122555461001825,-0.0003396392300740736
2024-12-19,899.8,900.55,889.5,897.0,25380536.0,375,-0.00646810402311615,-0.008001778172927243,-0.007523894198710801,-0.007301622582796097,0.0049294196728657536,0.003302620825543112,-0.004023116248055181,0.0009149947555178173,0.0013619415481480601,-0.00020062863639402906,0.20714440388492977,5257436,0.29707977798420016,0.24354986041271942,0.16919831795514484,0.08120671683214255,0.08620689655172481,0.678733031674211,0.604524886877826,895.4104634705334,895.1950161085599,895.5500494055765,0.009755003644110527,0.7873303167420785,900.55,891.85,low_only,,09:31,False,False,906.0,-0.00684326710816785,-0.009933774834437137,0.01755321080403348,-0.4558583761261813,-0.22919546133011323,909.9676159854164,887.7834858825059,uptrend,uptrend,-0.006577480490523979,1.896935352233522,-0.013939879494687113,0.00035808293703398775,0.0029798363707560505,0.0005699778272363343,-0.010437874514241385,-0.00835986110996123,0.000345016928281483
2024-12-20,891.1,898.78,883.53,888.55,25688974.0,375,-0.0002244417012681188,0.002637189989900257,0.004915273257771302,-0.001122208506340483,-0.005484358386031785,0.0007864284911807129,-0.0003366625519022337,-0.0025258194881006,0.002674400234715213,0.005203914248543384,0.09254343906455742,2377346,0.11627455421146832,0.5566272907590626,0.48141050709148603,0.23204546822305944,0.894736842105271,0.32918032786885126,0.2925531914893584,891.720353032331,893.2555031632132,889.3365029650462,0.004269423066119993,0.24918032786885694,893.85,890.05,high_then_low,09:30,09:49,False,True,897.0,-0.006577480490523979,-0.009420289855072483,0.017749521116237833,0.14857809248091042,-0.018967416061396944,907.9278430344244,887.8135452596626,uptrend,uptrend,0.0027573012210906356,0.8577701510567042,-5.2166038239764845e-05,-0.001990759869285985,-0.010523482202105972,-0.003256209257841647,-0.013796873793660458,0.004627949859186242,0.0007303897697410466
2024-12-23,891.0,903.0,890.65,901.0,11041722.0,375,0.005162738496071961,0.007800224466891104,0.010942760942761032,0.012154882154882252,0.003396625647307694,-0.0030271780712551877,0.009090909090909038,0.002113224335446473,0.002447708055184794,0.0003330742755633942,0.11995991204995018,1324564,0.1651854665422658,0.252541587263291,0.20162000093825944,0.10208117900450672,0.726368159203982,0.8380566801619436,0.6842105263157919,895.506791880196,898.9348139297742,899.2754899558844,0.011283893785437593,0.8137651821862388,900.7,890.65,high_only,09:33,,True,False,888.55,0.0027573012210906356,0.014011591919419253,0.01788864097401439,0.43604343550870955,0.5081945075713008,907.2680484597174,888.3306611318328,uptrend,uptrend,3.329633740278837e-05,0.4779159038542443,0.00452153601042693,0.00023169406273426674,0.00022326882408951754,0.00015583212247571865,0.004902386025343652,0.007568530404156837,0.0019573922129707544
2024-12-24,901.03,904.35,894.78,899.83,14485310.0,375,-0.0011431361885841929,-0.0041951988280078956,-0.005771172990910345,-0.0019200248604375192,0.00287545277236001,0.00220171244301115,0.00027746023994756897,-0.0016088230072784926,-0.00018888888888879407,0.0018147405922956938,0.0824037593948628,1193644,0.11616872541906248,0.3074952486346512,0.22022752706017337,0.07798549012758443,0.10126582278480466,0.5276907001044976,0.6792058516196412,900.4541133481451,899.3919324319146,899.4209481670284,0.008812538345696952,0.8254963427377153,904.35,896.45,low_only,,09:32,False,False,901.0,3.329633740278837e-05,-0.001298557158712521,0.016937800443847698,-0.24768262218673817,0.016381125805998653,906.5596628921253,888.7816155972512,uptrend,uptrend,-0.0006112265650178861,0.4421044522158854,0.0009222139873330537,-0.00017670000126202012,-0.001247417866052869,-0.00038332817314645773,-0.0007095573372861708,-0.0040184988267458754,-0.0012254948341320349
2024-12-26,899.28,906.0,890.38,896.25,10479200.0,375,0.005971443821723987,0.0025242416155146774,0.0024686415799306527,-0.0010008006405123338,-0.005878764350285559,-0.002337540906965918,-0.0033360021350413716,-3.3471682956198734e-05,-0.0002788622420524245,0.0018108044666509393,0.08807370791663485,922942,0.11542388731964272,0.3326530651194748,0.2652696770745858,0.10549335827162379,0.33779761904761496,0.3758002560819464,0.3777208706786156,903.8078898276742,897.5717956941976,896.9309017520422,0.0074726447824926545,0.430217669654291,906.0,899.28,low_only,,10:06,False,True,899.83,-0.0006112265650178861,-0.003978529277752552,0.01633845691406891,0.15449694109980938,-0.20418097942705765,905.5777902357324,889.0744934169668,uptrend,uptrend,0.0012831241283124406,0.3674278434651061,0.0019152688434853626,0.0021261114242212553,-0.0012050067715911883,0.0005537506606054787,0.0012620968506575903,0.0003981301912934221,-0.0005872223435616775
2024-12-27,897.4,902.98,894.55,900.5,7252738.0,375,0.00025629596612430916,0.00022286605749943789,0.0011143302874971894,0.003877869400490397,0.0032308377896612672,-0.004528905070597666,-0.0006685981724983137,0.0041257805530776626,0.0013566408682501585,0.0015571126682236702,0.08898653170706015,645396,0.12171899770817586,0.3054639503040093,0.17455587117582352,0.09501046363456118,0.21802325581395363,0.7058125741399763,0.2669039145907453,898.4827415519568,897.8077921320627,898.0394388647893,0.007677714540787806,0.8161328588374784,902.98,896.1,low_only,,12:07,False,False,896.25,0.0012831241283124406,0.004741980474197938,0.016305144717898946,0.01366845013370455,-0.04100535040111365,905.0941911656628,889.5225524986545,uptrend,uptrend,-0.004886174347584649,0.2719891574521024,0.0017297761391903421,0.002298184140428594,0.00167006982782536,-0.00036491528302962095,0.0030365778209870964,-0.002075318082929156,0.0044906958361072835
2024-12-30,896.1,907.5,885.5,889.03,22194504.0,375,0.0027675482647027128,-0.0014172525387791124,-0.0017297176654391677,0.0035152326749245955,-0.006481678084105491,-0.012788434806783378,-0.009318156455752735,0.0014418473669388643,-0.0010898876404494828,0.001126088082609833,0.04211024495073195,934616,0.060533184251380434,0.570823119092907,0.48849120484963304,0.23290829116974185,0.20588235294118892,0.1604545454545442,0.05817835002384481,896.3047344007235,897.4462920165738,892.6271767082513,0.005706102172794214,0.23181818181818284,898.88,893.78,high_then_low,10:09,13:26,False,True,900.5,-0.004886174347584649,-0.012737368128817317,0.015446341169448824,-0.09175328469257711,-0.6032597851834991,903.5642681975044,889.5032367143936,mixed,uptrend,-0.004364307166237369,0.40173949449433743,-0.0014916636770453406,-0.0016178577881993395,-0.006998810769470065,0.0011976123925376836,-0.00729257797666627,0.00020060524942022706,0.0002442349744011807
2024-12-31,885.15,890.9,882.8,886.0,14116628.0,375,0.0017850081907022641,0.0028808676495510888,0.0029712478111054708,0.0027452974072192937,-0.0019150613946153916,-0.0020617859798554017,0.0006778512116589752,0.00028224668360143923,0.00019191041170429912,-0.0010485607657875207,0.07031693404402241,992638,0.09063099204710927,0.3591553166946101,0.2799903773054018,0.12350555670943514,0.7777777777777838,0.39506172839506626,0.36419753086420215,886.3151274751388,886.7541525605776,886.5543499798017,0.007136384231989146,0.777777777777784,889.1,882.8,high_only,09:36,,False,False,889.03,-0.004364307166237369,-0.003408208946829694,0.016062753691091232,0.17935079532153217,0.04220018713447165,901.891480750123,889.3658548824566,mixed,mixed,0.000823927765237098,0.4568150085091539,-0.004144361575998734,-0.0008658523127593742,0.003355177711942936,0.0012330977827506029,0.000429018561921124,0.003746719962310463,-0.0009508510991491637
2025-01-01,886.73,897.0,880.55,892.48,7313528.0,375,0.0,-0.0011277389960867579,-0.0038906995364993424,-0.0002819347490217172,0.007620832533616229,0.00879884486959659,0.008514429420454883,-0.0020127924140089792,0.0016835394733889508,0.0015486477387498532,0.049421018146098575,361442,0.0904723411190878,0.26433644610371354,0.16017768715727895,0.07935212663436852,0.16479999999999564,0.7252279635258377,0.8346504559270504,886.9916229252091,890.1389993413,890.6279123226622,0.00706454165253767,0.37993920972644274,890.95,884.7,low_then_high,10:49,09:33,True,False,886.0,0.000823927765237098,0.007313769751692956,0.015594886711841357,-0.07231466421814108,0.5459757148469562,900.9951492501114,889.4879782203994,uptrend,mixed,-0.00440346002151315,0.17783150479434903,-0.0013160785506657335,0.0001353772477381554,0.006003134829392742,-0.0008768038083142304,0.003798249171905743,-0.0012631162438249133,-0.0011359886056947488
2025-01-02,888.55,901.73,886.5,896.18,18555214.0,375,0.0018907208373193374,0.0007090203139947793,0.0026222497327106353,0.00543582240729279,0.007872421781866423,0.004365443596229923,0.009824995779641021,-0.0012259272467902704,-0.0038016896398399558,3.3476538525922805e-05,0.06475107212452522,1201470,0.08408127225048442,0.29137502806488785,0.19953130155222137,0.08430007867330444,0.5826086956521601,0.6355876559422152,0.7162790697674423,888.721584636598,895.1673245518228,895.9681848253896,0.005188945290468094,0.30203545633617973,891.1,886.5,high_only,09:35,,True,False,892.48,-0.00440346002151315,0.004145751165292033,0.015652765110164002,0.045296809158298965,0.6276843554792269,900.5365636072437,889.7504104470504,uptrend,uptrend,-0.0007587761387221059,0.6127529230803754,0.0010227832330893527,-0.0007063869150233382,0.015717108859269135,0.00046156775731898136,0.01722526905933397,0.0014154072290181174,-0.0016874950041092518
2025-01-03,895.5,897.63,873.15,874.2,24420260.0,375,8.933556672263698e-05,-0.004321608040200986,-0.008375209380234505,-0.01336683417085427,-0.01954846741361327,-0.007300261451223977,-0.020569514237855913,-0.0032836229306334452,-0.001769911504424737,-0.000285893990508268,0.055463946739305804,1354444,0.08797023455114729,0.3291124664520361,0.25504888154343974,0.11161969610479168,0.013157894736848749,0.04289215686274785,0.0919133893062325,895.1484863210783,881.4752051978135,879.3685331384676,0.0068195838707869605,0.2483660130718969,897.63,891.55,low_only,,09:30,False,True,896.18,-0.0007587761387221059,-0.024526322836930015,0.01541851305192093,-0.28028695281109317,-1.334078984697765,898.0283194541729,889.140590429519,mixed,uptrend,-0.004747197437657391,0.7124895186854091,0.0011771788670533745,-0.0026078259575805784,-0.006310856160420597,-0.0022271946497418593,-0.007356850705169449,-0.0017137820826204075,-0.001056428280891586
2025-01-06,870.05,878.6,852.9,855.5,18813830.0,375,0.0009194873857825137,0.004539968967300689,0.0037354175047410454,0.0013562438940291077,-0.021167048054919868,-0.020178368513480982,-0.018849491408539754,0.002167164528788179,0.0008774495466510324,0.001170275014628519,0.2270348993267187,4271396,0.266852948070648,0.21357947850065617,0.14080439761600907,0.07621786738798002,0.5598086124401911,0.10116731517509799,0.029182879377431855,872.404413979255,864.8082438032285,862.7127456319807,0.012037090364568348,0.40661478599221895,878.6,868.15,low_only,,10:30,False,True,874.2,-0.004747197437657391,-0.021390986044383498,0.015579010661724174,0.2914157430070234,-1.2099286545101848,893.9780033156802,887.8213515891457,mixed,mixed,0.0023378141437755406,2.3357682275289964,0.0023197020443805894,-0.00040131748579785853,-0.017930366217800975,0.0006330815828308189,-0.015029084853575458,0.004941286453098548,0.0015340829459573602
2025-01-07,857.5,860.5,850.0,856.0,13524930.0,375,0.0013177842565597064,0.0005247813411080049,-0.0019241982507288702,-0.0022740524781341698,-0.0022728597237601234,0.0014610484483665864,-0.0008163265306122547,-0.0009337068160597539,-0.00035034450543025564,-0.001166861143523934,0.14731773103446746,1992462,0.17997372259967334,0.3199969241984986,0.2325693367729075,0.10733719139396655,0.5363636363636446,0.5714285714285714,0.6476190476190433,857.5231620243362,856.2625902079168,856.3558720698248,0.00643274853801179,0.5238095238095238,860.5,855.0,low_only,,09:45,False,False,855.5,0.0023378141437755406,0.0005844535359438296,0.016489634698809114,0.031824922182533535,-0.04950543450615131,890.3610506189488,886.573455448395,mixed,mixed,-0.002184579439252321,1.0895570052879384,0.0021286860547788944,0.0032411454440264276,0.0013006811684170838,-0.0006790183334951516,0.0027507871483225532,-0.0027163641029184227,-0.0002546884825646023
2025-01-08,854.13,855.83,841.68,847.1,19736896.0,375,-0.0012293210635382357,-0.004367016730474349,-0.0032781895027688135,-0.006673457202065358,-0.0038805268109124436,-0.0019801280011314537,-0.008640370903726602,0.00041334514319468774,0.00017710608654586402,-3.541369093285063e-05,0.09692608199384543,1913020,0.13699732723929842,0.22115838275684283,0.1533502532515751,0.07205783523407125,0.1024793388429748,0.3830388692579532,0.3583038869257963,852.4237705199109,846.979300431601,847.0570176380998,0.007119489750288421,0.4275618374558325,855.83,849.78,low_only,,09:34,False,True,856.0,-0.002184579439252321,-0.010397196261682229,0.016267938551057383,-0.2684431538002399,-0.5311288136851854,886.2409505600012,885.0254768033599,mixed,mixed,-0.0059261008145437,1.046114978481864,0.002196703046263737,-0.004545904369669063,-0.003632091263399251,0.0006255177427261227,-0.0008187519519214925,0.00017888763919471362,-0.00021217259953143497
2025-01-09,842.08,844.5,829.05,834.4,40416054.0,375,-0.0014250427512826347,0.0005343910317308076,-0.002018810564316964,-0.003978244347330406,-0.009649508029387688,-0.008799017562266753,-0.012742257267718049,0.0036687315811632093,0.0017408007683532567,0.00020378073193239032,0.08324701862284725,3364516,0.10286719232906805,0.31021558908249675,0.19598321003826846,0.09797364186023702,0.6351851851851786,0.346278317152104,0.14886731391586158,841.6254000397087,834.481142384587,834.0579573191392,0.006435466571326431,0.34951456310679363,844.5,839.1,low_only,,10:01,False,True,847.1,-0.0059261008145437,-0.014992326761893549,0.016591953813713062,0.03220784229095066,-0.7679781061822097,881.3037171733345,883.0401639875419,downtrend,mixed,0.001318312559923429,1.772194197217492,-1.90072311955225e-05,-0.0025512413013865087,-0.00607186981911112,0.001113424843823152,-0.00498411840237889,0.0030856323331173163,0.0025553067373400573
2025-01-10,835.5,837.45,827.0,828.5,17451662.0,375,0.00029922202274090814,0.00035906642728900096,-0.0006582884500299091,-0.0021184919210053277,-0.00873414692510166,-0.0056972880908687795,-0.007803710353081916,-0.0005790248256893893,0.0008456148828219767,0.0014505016318144826,0.17958301048920156,3134022,0.2184065907304416,0.31905488428551965,0.14984945273407196,0.07411706690170827,0.634955752212377,0.14354066985645872,0.14874371859296598,835.6397784891107,834.2019322382912,832.4427258664534,0.005426626487220032,0.4325358851674714,837.45,832.93,low_only,,09:34,False,True,834.4,0.001318312559923429,-0.0070709491850431405,0.017252033386214734,0.020812991677602106,-0.4523356857932749,876.274791728255,880.9013340272461,downtrend,downtrend,-0.0102595051297526,1.6507859086870023,-0.00022498429354933513,-0.0014054067824676997,-0.005020826345220608,0.0001578926031582384,-0.005087616524884209,0.0017644732097567006,-0.0007369174288476277
2025-01-13,820.0,823.38,812.15,816.05,21667504.0,375,-0.0023414634146341484,-0.0014634146341463428,-0.006463414634146236,-0.0018292682926829285,-0.0033585735222276814,-0.003262064752596161,-0.005085365853658486,0.0002696640231418801,6.127450980386584e-05,-0.0001592785905070171,0.1115027370019177,2415986,0.1442011041050229,0.32941099260902407,0.23721754014675617,0.13909788594016181,0.4622641509433873,0.34728406055209005,0.3276936776491592,819.0647284987026,818.1155588719151,817.2869647905301,0.0064923133459913185,0.4719501335707877,821.65,816.35,low_then_high,10:33,09:31,False,True,828.5,-0.0102595051297526,-0.01502715751357886,0.017342392926003806,-0.08438366264623415,-0.29323322769566046,870.539097277945,878.3581444575502,downtrend,downtrend,0.004779118926536485,1.2725742334881747,-0.01032326606890277,0.002638454176258964,-0.0036645196892487464,-0.0009389711991139027,-0.014875828538635893,-0.004101868810405307,0.0012086352222557828
2025-01-14,819.95,828.1,818.5,825.35,26661144.0,375,0.003390450637233977,0.0029635953411792926,0.0035368010244527515,0.003085553997195012,0.003611469150514468,0.0039149888143177325,0.007012622720897532,-0.0004238827661378064,0.003038220817888959,0.002185659644223348,0.054236082292642804,1445996,0.09365044500716098,0.27573708014929893,0.19513296203643773,0.08483094348839644,0.8255319148936081,0.7135416666666673,0.750000000000003,821.0963092244607,823.592648760896,823.5196268774766,0.005742211362248062,0.4895833333333369,823.2,818.5,high_only,09:31,,True,False,816.05,0.004779118926536485,0.011396360517125226,0.017098222485565518,0.1733276861779748,0.41013752902195855,866.2353737276644,876.279393694509,downtrend,downtrend,0.003513660871145463,0.761650626835986,0.0033436269690367837,0.0011741395758420037,0.0007424706141352377,0.0010244531576881766,0.005117221844451958,0.001789455765337289,-0.001448335923825983
2025-01-15,828.25,831.35,818.15,822.85,14021098.0,375,-0.0036462420766676384,-0.0064231814065801585,-0.00376697856927255,-0.0012073649260488928,-9.72136147666669e-05,-0.007857358718646124,-0.009055236945366696,0.0025586353944562212,-0.0008257136959187727,0.0025586353944562212,0.14806415303566098,2076022,0.19139499631198642,0.2888454242313976,0.22749873084119374,0.10111319384544634,0.10161290322580498,0.3560606060606083,0.19696969696969802,825.7520697307962,825.1663886530984,824.2191233178266,0.007539827313632452,0.4696969696969715,828.5,822.3,high_then_low,10:28,13:18,False,False,825.35,0.003513660871145463,-0.003029017992366878,0.01735503185936509,-0.3701048467458787,-0.5217643516154266,862.1034333726487,874.1841233535479,downtrend,downtrend,0.004350732211217068,1.2468667998806,0.001878755626032902,-0.001879533514405174,-0.0037569165327984155,0.002806187427416784,0.0009156779140642168,-0.0045436478921749845,-0.00024755203296056294
2025-01-16,826.43,830.28,821.43,827.43,21211790.0,375,0.0016940333724575485,-0.00021780429074447216,-0.00166983289570799,-0.002395847198189638,0.0014281391830559542,-0.0016010673782522744,-0.0039930786636496185,0.005223962193092069,0.00355366889023645,0.00018131708732238572,0.07295141051273843,1547430,0.10282639984650047,0.37309713135949396,0.2695821521898906,0.11954021796368906,0.3531300160513706,0.6779661016949136,0.19209039548023063,827.51870083084,825.5663184844858,825.4700773107788,0.007560220860384659,0.7039548022598873,830.28,824.05,low_only,,09:55,False,False,822.85,0.004350732211217068,0.00556602053837274,0.01719174953738432,-0.01266911725713813,-0.23226714971425502,858.8012016228727,872.3506283200754,downtrend,downtrend,-0.006864629032063085,0.9213591123114626,0.006421102027285963,-0.0012383834711097164,-0.003366520869648948,0.00224262883312476,0.005282395030157483,0.0010205791803652442,0.0029813333599673086
2025-01-17,821.75,825.25,814.25,817.78,23109030.0,375,0.0027380590203833766,-0.000693641618497165,-0.005354426528749623,-0.0030057803468208633,-0.004140383350787813,-0.0008910262669661329,-0.003894128384545281,-0.0009406878016003928,-0.0014042714273503343,-0.0004278048720863792,0.08304693013943035,1919134,0.11821283714634495,0.24497229005284948,0.19965995976464612,0.10294209666091567,0.26268115942027837,0.3209090909090884,0.39090909090908676,822.9022565490478,818.368262912293,818.3843715566303,0.006733924584924278,0.5018181818181802,825.25,819.73,low_only,,09:37,False,True,827.43,-0.006864629032063085,-0.011662617985811474,0.016941648417349183,-0.040942982725744544,-0.22985534161820279,854.8944205159324,870.2106036800725,downtrend,downtrend,-0.005845092812247765,1.2822324654092,-0.0031562087808555406,-0.002422982244351668,-0.002770963736891674,-0.0004092604878385142,-0.006325265087277598,0.001729340625854503,-0.0005314273137618786
2025-01-20,813.0,830.48,813.0,826.43,17604540.0,375,0.003628536285362971,0.007662976629766227,0.008179581795817903,0.009200492004920013,0.008788740646704651,0.006240249609984483,0.015498154981549828,0.0010053294573642013,0.001672625901460556,0.00042368777842338723,0.17568252280377675,3092810,0.2093645161986624,0.17846907672679888,0.12592467624828596,0.07139487882103139,0.8964028776978384,0.7683066361556028,0.7208237986270029,815.7882868286981,823.1567031011473,823.5872611667224,0.00854858548585491,0.39759725400457885,819.95,813.0,high_only,09:38,,True,False,817.78,-0.005845092812247765,0.010577416909193227,0.016827494385952352,0.45538429275384606,0.9210019404010462,852.1835233239389,868.4937172612462,downtrend,downtrend,0.0032670643611678596,2.066401507837508,0.0037624282962192,-0.0034842681963385136,0.0019278329268710426,7.499367910424048e-05,0.005772935512927235,0.01114724482610474,0.0009303357782599608
2025-01-21,829.13,830.53,816.53,822.88,31157022.0,375,-0.001965916080711061,-0.001965916080711061,-0.0034976421067866026,-0.007779238478887618,-0.005583081570996962,0.0009724315651287174,-0.006814371690808452,-0.0007286151454801715,0.004247010007322416,0.0007905330625250784,0.03600209288294626,1121718,0.05954850242105937,0.3252249845957679,0.19124318107166982,0.0724781078242972,0.45207956600361887,0.4535714285714302,0.49642857142857466,827.7202432815852,823.5283816556145,822.6573821864832,0.006703030303030211,0.3949999999999981,830.53,825.0,low_only,,09:32,False,True,826.43,0.0032670643611678596,-0.004295584623017046,0.0170461857403882,-0.11532879616893639,-0.39975932414386944,849.3927115788018,866.704944035315,downtrend,downtrend,-0.0020416099552789113,0.7494543041986005,0.003625136853201427,-0.0003351599908631986,-0.010934327854783987,-0.004856349190932252,-0.012169490145498285,-0.0016307560898478624,0.0041277340454520806
2025-01-22,821.2,835.95,812.73,835.95,30617654.0,375,0.006429615197272254,0.005333658061373647,0.002191914271797213,0.005845104724792938,0.012560866300055817,0.00784503631961253,0.013735996103263481,0.0041682683067461035,0.0014615504414601244,0.0037462627426965156,0.06316813169291155,1934060,0.09224168514021355,0.3583703702445654,0.21211030734098701,0.09259370427270489,0.7647798742138372,1.0,0.9395813510941968,824.5031499850056,824.0363521822865,826.9848576382329,0.0097010372178159,0.3423772609819137,827.45,819.5,low_then_high,14:11,11:40,True,False,822.88,-0.0020416099552789113,0.015883239354462342,0.017080079923662665,0.3122736008971727,0.8042114653242164,848.1124533332016,865.498867798636,downtrend,downtrend,0.009031640648364148,1.2922049851908817,0.001999735392930857,-0.0007164765803071571,0.000855009816378427,0.0018534618861623109,0.004715211219339821,0.006050134641680804,0.0023148064205837926
2025-01-23,843.5,843.5,825.63,832.5,34908160.0,375,-0.010100770598695852,-0.012685240071132253,-0.01057498518079425,-0.008085358624777772,-0.00036023054755041084,-0.004995936319739824,-0.01304090100770594,0.0,0.0006610974217200472,0.0,0.1569813476276034,5479930,0.20097684896597243,0.21317050225506012,0.1498831791764447,0.07370884056908185,0.0893617021276557,0.3844432008953555,0.3844432008953555,837.7102138311985,832.9023923477957,832.8248800767503,0.014126840997896073,0.6575265808617794,843.5,831.75,low_only,,10:51,False,False,835.95,0.009031640648364148,-0.004127041090974393,0.017959901650466962,-0.7063089942256133,-0.7261120501384747,846.6255530157539,864.2047945516306,downtrend,downtrend,-0.0030030030030030463,3.1671776792035717,-0.0014441913931374506,-0.000914464098096146,0.004170215709758285,-0.0003638359939289737,0.0023551760985245362,-0.011770775973036107,0.0003638359939289737
2025-01-24,830.0,835.15,822.25,822.5,24232882.0,375,0.00039759036144593196,0.002506024096385673,0.002024096385542018,0.0017469879518072773,-0.011513316027305098,-0.006735221600817853,-0.0050000000000000044,-0.004056426711872674,-0.00303030303030305,-0.00309072177443781,0.093737509224037,2271530,0.1480772282884058,0.19775377934824262,0.13698461454151428,0.06198536352382684,0.7967479674796778,0.019379844961240345,0.11428571428571861,830.7193046742356,830.3219577778714,829.280362723949,0.00743489929640484,0.4767441860465195,833.33,827.18,high_then_low,10:26,13:19,False,True,832.5,-0.0030030030030030463,-0.012012012012011963,0.01816080375851426,0.1379908141571533,-0.275318210938537,844.3278812999679,862.569312412351,downtrend,downtrend,-0.0023708206686930966,1.185510811935011,-0.0013955712150514055,0.002227839146994093,-0.0019431588300502511,-0.0020960419381257367,-0.005425067732584443,0.00027818494939158,-0.001960384773746937
2025-01-27,820.55,821.8,813.0,814.75,22799818.0,375,-0.006763756017305389,-0.005203826701602576,-0.0022789592346597054,-0.004350740357077498,-0.001874356838339697,-0.001995152880119422,-0.00633721284504285,-0.0007358802968050471,0.00024553434411633823,-0.0005887908933674968,0.11968893786783737,2728886,0.1719761096338576,0.224996796027056,0.1400328721922254,0.06777124273535867,0.2923076923076905,0.19886363636363738,0.2670454545454585,816.8651733491249,816.4890242893971,816.1574317195573,0.009582309582309545,0.8863636363636358,821.8,814.0,low_only,,10:31,False,False,822.5,-0.0023708206686930966,-0.009422492401215843,0.018465285646259745,-0.28181674528585715,-0.34319603641368474,841.5109402237805,860.6940452589255,downtrend,downtrend,0.010739490641300975,1.4164280334704145,-0.006504881909542126,0.0011530003073212391,-0.004625078737497401,-0.0007532610290333919,-0.0118447749817564,-0.0063568270089238155,1.7380732228344797e-05
2025-01-28,823.5,842.15,823.5,836.3,30173586.0,375,0.0029508196721310664,0.003982999392835529,0.0051001821493625865,0.013964784456587775,0.011514550424538639,0.005664670658682702,0.019708561020036486,-0.004084646255344104,0.00011958861516370156,0.0018568433662773387,0.09849455745830145,2971934,0.1547896892334905,0.22831207401069267,0.12078551087696371,0.04319725206012968,0.7404063205417629,0.6863270777479876,0.8702412868632728,825.5281725525085,835.0550510612345,835.290644695441,0.005379477838494129,0.23753351206434076,827.93,823.5,high_only,09:41,,True,False,814.75,0.010739490641300975,0.026449831236575516,0.01782124965814777,0.2234971996486523,1.1059023019199918,841.0146602024681,859.7374160330852,downtrend,downtrend,0.0014348917852444742,1.5137742765735172,0.006293594426925786,-0.0022691192899094714,0.006796469581388909,-0.006064931974996246,0.006988256485886524,0.006252118682745,0.0019802857196521417
2025-01-29,837.5,840.58,834.43,838.0,12619452.0,375,-0.0015164179104477649,-0.0017910447761193549,-0.0027104477611940014,0.0011940298507462366,0.0023923444976077235,-0.000381633870006004,0.0008119402985073965,-0.00021475100813661552,-0.000572464459498212,-0.0006320584832981702,0.1307922087266547,1650526,0.17525230097154773,0.1685228486942222,0.11603578348727028,0.0620713165674706,0.2552845528455328,0.5804878048780483,0.6097560975609666,837.3674867769427,837.6075378016849,837.7444425294113,0.007370300684299558,1.0,840.58,834.43,neither,,,False,False,836.3,0.0014348917852444742,0.002032763362429746,0.019047194368973862,-0.0940319472476641,0.0426278160856054,840.727549706995,858.8849683455132,downtrend,downtrend,0.002983293556085842,0.8113715084046048,0.0021957408285928626,-0.0016958537353295444,0.005035447902982382,0.0014475406931775403,0.00870026940804225,-9.519104078981044e-05,-0.0016622917013141558
2025-01-30,840.5,848.95,836.28,846.55,25742554.0,375,-0.002558001189768011,-0.0008566329565734554,-0.0024985127900060133,-0.001154074955383777,0.008061635190168781,0.004967064905363694,0.003807257584770962,0.0033779779542491006,0.0020714962121211045,0.0021308079313406836,0.09683934235895941,2492892,0.15911404905667093,0.26647410354077533,0.18417986031999778,0.0826562896595264,0.617283950617276,0.8105761641673183,0.768911917098455,839.1525895145076,842.0228835720071,842.8625774078212,0.006780025828669878,0.4475138121546993,841.95,836.28,high_only,10:27,,True,False,838.0,0.002983293556085842,0.01020286396181369,0.018486555817836682,-0.04633815866051893,0.20594737182453124,841.2820687825193,858.4012440966696,downtrend,downtrend,-0.003449294194081798,1.2254648168703626,-0.00028908966957486015,-2.1580094520246007e-06,-0.00020069487904361694,0.005745774308920648,0.005253233921005185,-0.0008544749471214308,-0.0023677963546715475
2025-01-31,843.63,852.35,841.98,849.75,15818680.0,375,0.0016002275879236638,-0.0008890153266242207,0.001090525467325687,0.00011853537688333304,0.008150626423690133,0.00444454979673603,0.004563612010004325,0.0026785292868267696,-5.883737349954288e-05,-3.530325496003961e-05,0.055387554460928475,876158,0.07633481428286051,0.33495474970098643,0.26979785923983546,0.14284314494003292,0.11014492753622912,0.7492767598842796,0.5489021956087834,844.12256198083,847.7163721794019,848.2775305933661,0.00409495548961436,0.33269045323047675,845.95,842.5,low_then_high,10:45,09:37,True,False,846.55,-0.003449294194081798,0.0037800484318706307,0.018389281996200206,-0.048344210872829,0.24816694914718848,842.0885384222794,858.0619796222906,downtrend,downtrend,-0.0011768167107972793,0.4030580887819168,-5.150667762621186e-05,0.0012576861579405296,0.0063420863425156515,0.0038111284096482567,0.010125354376672613,-0.0021467014845647503,-0.0011325991228214871
2025-02-01,848.75,856.5,838.03,846.0,5587038.0,375,-0.0004123711340205949,-0.0014727540500736325,0.0007069219440354324,0.0010603829160529266,-0.001769911504424737,-0.0020008238686517466,-0.0009425625920470582,-0.0022996638952769155,-0.0005670541536716422,-0.00011818933932161713,0.05061823456364535,282806,0.08547964055372453,0.23020570112463884,0.13118543314006456,0.04585972030260041,0.23824959481361588,0.4315105576610728,0.5370871683811618,848.1232702747939,847.3858660364066,847.1018502421736,0.007292885595073573,0.3340552246886878,852.2,846.03,high_then_low,11:14,11:58,False,True,849.75,-0.0011768167107972793,-0.0044130626654897975,0.01763597091897689,-0.08350853246695368,-0.05344546077884658,842.4610585725385,857.5889608135733,downtrend,downtrend,-0.013002364066193817,0.1300989614385291,-0.00022308292098405236,-0.0009307821119827198,0.00022738284470813497,-0.0016423082397982736,-0.001638066019796991,-0.0005419719380909127,-0.0006573556554786419
2025-02-03,835.0,843.4,831.73,839.8,20275724.0,375,0.0009341317365270108,0.006562874251496931,0.005784431137724644,0.0048263473053891115,-0.0008090614886732128,0.001692430544795842,0.0065269461077845925,-0.0007733952049497894,-0.0009873547220538015,0.0009177264221780224,0.11711719887289845,2374636,0.16502187542107005,0.3430337678693989,0.26104774359722,0.1268503161712006,1.0,0.6915167095115651,0.7472150814053177,836.0846633477018,839.9793116001598,839.7948437191855,0.010520240943575399,0.749785775492719,840.48,831.73,high_only,09:30,,False,False,846.0,-0.013002364066193817,-0.0073286052009456926,0.017252845800219966,0.38039372330176724,0.3783112759114428,842.2076244227728,856.8913545071587,downtrend,downtrend,0.005417956656346812,1.1673321069961193,-0.007488731788910963,0.0006754047604242697,0.001788214508551933,-5.778849837645428e-05,-0.005771367039365205,0.005887469491072661,-0.0007156067065733351
2025-02-04,844.35,862.9,840.03,858.15,28615216.0,375,-0.0025108071297448298,0.004678154793628098,0.006430982412506614,0.0019304790667378224,0.011611458210538661,0.011111373791342638,0.013063303132587079,0.0032383268255045117,-0.004212211933440124,-0.003599419448476082,0.04758824815440848,1361748,0.08670240336469939,0.3419594665998677,0.2089757421366311,0.07919632687728095,0.8705263157894718,0.7923043288150415,0.746958637469585,844.2090997208489,853.020501176883,855.4344063484732,0.011309119912384036,0.4153913423699168,849.53,840.03,high_only,09:34,,True,False,839.8,0.005417956656346812,0.02185044058109087,0.017482550202136092,0.2675899533842895,0.747219540716145,843.7259459063182,856.9407131539367,mixed,downtrend,0.00973023364213721,0.626443571002716,0.006429877096024272,0.00018928196206702275,0.005833712606178487,0.002564801952040563,0.01489745159398459,0.004488872831561075,0.0006735248734639487
2025-02-05,866.5,872.1,859.45,867.4,23674500.0,375,-0.0022158107328331678,-0.006947489901904191,-0.005077899596076185,-0.0037738026543565617,0.008042023056898495,0.00816700068347953,0.004362377380265459,-0.0033092797720274403,-0.00325201383542284,-0.0016114180478821183,0.13922321485142242,3296040,0.19519390061036135,0.3232728040718917,0.20837272170478785,0.10575936133814864,0.007610350076113825,0.6284584980237111,0.9376623376623351,863.3068795059121,865.3806780591706,866.7785132613857,0.007635717025208377,0.5193675889328112,867.0,860.43,low_then_high,13:06,09:30,True,False,858.15,0.00973023364213721,0.010779001340092131,0.018021429062924036,-0.38551270699155854,0.24206611834353878,845.9806177247641,857.3508812655471,mixed,mixed,0.00040350472676964344,1.516273985912072,0.003967065552541893,-0.001581816463075203,-0.0027098847773797674,-0.002127457898450702,-0.000883679142219651,-0.005365673438828988,-0.0011818218735767383
2025-02-06,867.75,874.5,862.0,873.25,26757964.0,375,-0.00011524056467882016,-0.0037453183520599342,-0.0031691155286660555,-0.001613367905502705,0.010121457489878471,0.0015351763144224595,-8.066839527520742e-05,0.00641941729669937,0.004024144869215318,0.0015713171537368176,0.11681135380853341,3125634,0.16051071748209245,0.35892573889403545,0.27566379863580054,0.11912094657127127,0.07899159663865944,0.9,0.711779448621546,866.6330528718335,865.9963050955777,867.8704313703887,0.006886334965221064,0.47600000000000364,869.98,864.03,low_then_high,15:01,09:32,True,False,867.4,0.00040350472676964344,0.006744293290292802,0.01776882443020846,-0.21078031170664197,-0.004539883636762403,848.577701750977,857.9743761178786,mixed,mixed,0.002004008016031955,1.4378822840991896,0.00317477070514105,-0.002752299369370048,-0.007909704380322347,0.0022927801815559867,-0.002478178728614111,-0.000993018982689886,0.004126637115143383
2025-02-07,875.0,883.5,862.5,866.0,23506804.0,375,0.0030285714285713805,0.003942857142857248,0.006491428571428592,0.00534857142857148,-0.014172690534464127,-0.01822253546744268,-0.012971428571428634,0.0027210096682683815,0.0020828511918535852,-0.00095751185353532,0.1399534364603542,3289858,0.19022118021658752,0.17692103103424864,0.14437556036967,0.0635304569689695,0.944134078212299,0.16666666666666666,0.05476190476190368,876.361266642309,873.8990603958376,872.5007126240273,0.006148526414619049,0.25571428571428595,878.75,873.38,high_then_low,09:34,10:25,False,True,873.25,0.002004008016031955,-0.00830231892356137,0.017863170119190707,0.22072549925622492,-0.7261549033501734,850.2369682508839,858.2891064661972,mixed,mixed,-0.008487297921478065,1.5134300866326613,0.0009078193079834485,-0.002327744772616769,-0.007718979259603742,0.004099382322798606,-0.002746735342103901,0.006270601915474017,-0.0013783726545302244
2025-02-10,858.65,861.73,854.25,858.3,17194364.0,375,0.0008152332149304886,0.0020963139812497644,-0.0025272229662842705,-0.0026436848541314673,-0.0024986925445988906,0.001576402998668902,-0.001071449368194255,0.0006645447868209864,-0.0015704065608096451,0.0004895789620924518,0.2226727315997265,3828716,0.2593504476234189,0.3197024327273751,0.24084077782696703,0.11954196154042103,0.7276595744680936,0.5414438502673723,0.46524064171123125,859.366991658126,857.7865852409275,857.8810492647475,0.005484055400627907,0.6283422459893093,861.73,857.03,low_only,,09:42,False,False,866.0,-0.008487297921478065,-0.008891454965358037,0.018078851935448448,0.11595393273504151,-0.05926534339790629,851.004876036514,858.2895336636012,mixed,mixed,-0.00792263777234059,1.761320393637615,-0.0008211975054269738,-0.0029816767046950687,-0.008709299263500392,0.0015982004177601539,-0.007940364509838593,0.005077990685944833,-0.0009336556309391675
2025-02-11,851.5,855.5,844.35,850.48,22712518.0,375,-0.0017263652378156635,0.001620669406928954,0.0008807985907222093,-0.002407516147974076,-0.00281399493480905,-0.0043793042556948825,-0.0067762771579564784,0.005616449694346937,0.0015073009891661826,-0.0008458646616541499,0.18005788702071696,4089568,0.21178136215456164,0.24978084772458958,0.1489624356048942,0.06660388777677578,0.8733333333333222,0.549775784753364,0.1237668161434976,851.095732704938,850.1834133280934,850.0400551399302,0.005300665528005233,0.4035874439461892,853.45,848.95,low_then_high,11:49,10:01,False,False,858.3,-0.00792263777234059,-0.009111033438191751,0.01801894579856675,0.0899425207804257,-0.3760640180456879,850.9548878425603,857.9832774414992,downtrend,mixed,-0.0046797102812529134,1.760405461191012,0.0003208412028550267,-0.0029657601176895643,-0.015619955053873369,0.002267760868526425,-0.013071070604315116,0.004586429524618518,0.0033486888258205116
2025-02-12,846.5,856.0,840.6,855.33,22808884.0,375,0.001712935617247613,0.0035794447725929768,0.0007088009450679778,-0.0030950974601299253,0.006827304509552379,0.00938522064748537,0.006261075014766693,0.004144165297018221,0.003908450704225297,0.0017567899933241815,0.10917500391514114,2490160,0.16536144425128385,0.20802359291230557,0.14041397202949518,0.05926006726151091,0.7825370675452983,0.9564935064935091,0.7320261437908474,847.6328984027799,847.1948246855907,848.345748854116,0.007185302682355177,0.394155844155848,850.85,844.78,low_then_high,12:34,09:49,True,False,850.48,-0.0046797102812529134,0.005702662026149996,0.01803193796714183,0.19850582777710943,0.34722141492366226,851.371565190888,857.8792273457542,downtrend,downtrend,-0.006816082681538216,1.0231723371699146,-0.0008539043367070676,-0.003106182865670548,-0.0022797473406562796,0.002589327448827561,-0.0005504865520903346,0.006685627638263525,0.00155483784819066
2025-02-13,849.5,857.13,846.78,849.48,12602076.0,375,0.004449676280164683,0.0010594467333724378,0.002507357268981769,0.0025662154208356824,-0.0010818438381937634,-0.004555701671989487,-0.00200117716303716,0.0019815994338288068,-2.354326074160973e-05,0.0005300166071871004,0.1468331090845667,1850402,0.19464205738800497,0.20996064457951213,0.12225001658456908,0.04687910150676761,0.38947368421052797,0.2608695652173951,0.03615702479337922,851.6612547075354,852.2377191720432,851.4976844164405,0.0067202716404537455,0.5507246376811626,853.88,848.18,high_then_low,10:33,14:10,False,False,855.33,-0.006816082681538216,-0.006839465469467898,0.018399543966939477,0.05758005390112192,-0.10876232403547062,851.1914161250891,857.5498458812149,downtrend,downtrend,0.0017304704054246223,0.7426781819655905,-8.890700760688652e-05,-0.0013228804094422841,3.6867158951681134e-05,-0.0016134208859934773,-0.0016653800449304423,0.002382327142814722,0.003595020319822284
2025-02-14,850.95,850.95,840.0,847.2,19954700.0,375,-0.0042893236970446,-0.004312826840589978,-0.0038192608261354843,-0.003196427522181078,-9.441979038793402e-05,-0.005753156573099272,-0.00893119454727076,0.004565127171399785,-0.00011802195208299171,-0.0008609201231232211,0.11452038868036102,2285220,0.15270066701077942,0.2432663983923587,0.11885220023352894,0.05137406225099851,0.30360531309297795,0.6575342465753439,0.30593607305936155,848.1976839924966,844.6841511271147,845.2231149266428,0.006231671554252305,0.4812785388127921,850.95,845.68,low_only,,10:42,False,False,849.48,0.0017304704054246223,-0.00268399491453597,0.018208131609529943,-0.23686267943783373,-0.490505821179163,850.811281256033,857.1439695721476,downtrend,downtrend,-0.005429650613786641,0.9171969307163561,0.0033471767291937127,-0.002905208376179136,-0.010218020518304782,0.0016097670868246983,-0.005306393737456339,-0.0014076184644108425,0.002955360084575087
2025-02-17,842.6,860.0,840.63,858.6,12935236.0,375,0.0015428435793971573,0.005257536197483814,0.0013410871113221923,0.0011037265606455016,0.013659492579955801,0.015707799366946107,0.016828863042962272,0.0021242325917971705,0.0008742787200559654,-0.0007332146223945069,0.16275141790996314,2105228,0.20990308951456316,0.20557120102022106,0.11218488785206547,0.04953894927004038,0.9343065693430592,0.9277232834279826,0.9613095238095251,844.1667368348387,849.4842269932395,851.197478839454,0.008148650416949232,0.35363964894166344,847.48,840.63,high_only,09:30,,True,False,847.2,-0.005429650613786641,0.01345609065155795,0.017783896450448235,0.2956346609491926,0.9462978537832247,851.5530639935537,857.2010688046124,mixed,downtrend,-0.002410901467505333,0.8654948737829911,-0.0038148685977572594,0.0009447652115965877,0.004627376709235964,0.002096838595794459,0.002893360556398772,0.0043127709858872265,2.7393996002711418e-05
2025-02-18,856.53,865.78,853.08,861.5,16349466.0,375,0.0022416027459635224,0.002626878217925732,0.004634980677851397,0.0014243517448309095,0.0031672838212348786,0.00813756922180131,0.009573511727551942,-0.0037352699686608037,-0.001101513131196108,0.000778318599491179,0.0791492517247964,1294048,0.12256461464857629,0.26853635464302017,0.18602112142378227,0.08502663022755605,0.5090497737556477,0.6629921259842523,0.9173228346456724,859.1022683651097,860.0259114510865,860.5489196075279,0.005160356321436632,0.3480314960629997,860.95,856.53,high_then_low,09:40,10:20,True,False,858.6,-0.002410901467505333,0.003377591427905946,0.018080057290187405,0.1452914764463395,0.5295067141600142,852.5003912322628,857.3696543416864,mixed,mixed,-0.0034822983168891763,0.5320050419380381,6.532105297551993e-06,-0.0027412889501451376,-0.0007032854097672736,-0.001061117768820119,-0.0017571363250374894,0.00536816716807087,-0.0026741521998406848
2025-02-19,858.5,868.95,856.23,861.58,11882578.0,375,0.0030867792661619653,0.005160163075131008,0.0078043098427489355,0.009668025626091925,-0.0015644374398849914,-0.007671896631287423,0.0019219569015724858,0.001662500726617555,-0.0019923549171781962,-0.0019923549171781962,0.16626021726935014,1975600,0.2105400023462922,0.19160522236841196,0.12724208500882553,0.057995663903910415,0.98966026587887,0.42059748427673044,0.3081761006289269,859.3725942903422,863.9103818465223,863.7221718586662,0.00790675402637131,0.5322327044025131,863.0,856.23,high_only,09:30,,False,False,861.5,-0.0034822983168891763,9.286128845031882e-05,0.017408735035848544,0.2964122932829444,0.11040186995865808,853.3651158768092,857.5347659361302,mixed,mixed,-0.007056802618445213,0.8122026082902551,-0.003311063270100334,0.0002472945321647657,0.0007024915471227633,0.0022350229406955524,-0.00038171019253463445,0.004912868542966242,-0.0005725222140779973
2025-02-20,855.5,857.35,842.65,842.8,26384166.0,375,-0.0015195791934540237,-0.00666277030976048,-0.008790181180596157,-0.01223845704266513,-0.008237232289950547,0.0,-0.01223845704266513,-0.002638959563565857,-0.00222569493772784,-0.0004506748262529392,0.27078862375259466,7144532,0.3114393685970593,0.2525261552705513,0.18357411790086525,0.10632217823371791,0.12918108419838467,0.010204081632651484,0.1619047619047611,854.2193772608198,848.716669493703,847.4868545124118,0.010215864636847982,0.58979591836735,857.35,848.68,low_only,,09:41,False,True,861.58,-0.007056802618445213,-0.021797163351052862,0.017078138448656417,-0.3901344593142502,-0.7166154015824812,852.3589143647322,856.9569319778506,downtrend,mixed,-0.002788324632178374,3.0664175030301366,-0.004071675452990364,0.0011349146184891357,0.0036720403486247832,5.893935358813884e-05,-0.00035567154278537405,-0.007797684928249615,-0.0026978989171539958
2025-02-21,840.45,847.48,838.63,845.0,15679904.0,375,0.003212564697483433,0.00481884704622515,-0.00020227259206384574,-0.00023796775536921722,0.000592066311426942,0.006069622136269048,0.0058302100065441564,-0.0004140296918436759,0.0003788416915282422,-0.002161000436923688,0.10783165509176587,1690790,0.15255067888170745,0.22245901505519422,0.16092624036473693,0.06916394386088077,0.867256637168141,0.7197740112994337,0.837905236907736,843.0185028773534,842.2998814970888,843.1488491842808,0.006729394949976042,0.638418079096041,845.25,839.6,low_then_high,13:54,09:44,False,False,842.8,-0.002788324632178374,0.002610346464167135,0.017401926778874796,0.2769145685680638,0.3350324409835918,851.6580653776149,856.4880326846015,downtrend,downtrend,-0.005266272189349164,0.695112395257684,-0.0021413369713505492,0.0017390581523546444,-0.0037799905500236486,-0.0002832575052260644,-0.006194815825375288,0.0030797888938705054,-0.00013077218661761147
2025-02-24,840.55,842.1,830.55,838.5,20691588.0,375,-0.005734340610314637,-0.009577062637558642,-0.01082624472071847,-0.009517577776455899,0.007207207207207134,0.006522130802954829,-0.0030575218606864185,0.000620539869686576,-0.002438879305216801,8.348937895830133e-05,0.13111018835287075,2712878,0.16903990162572347,0.25136369427034794,0.1638618553588057,0.08237192814780576,0.0,0.6883116883116882,0.643290043290045,837.5105497875933,835.2453853721112,836.16461327795,0.011531531531531636,0.8311688311688282,842.1,832.5,low_only,,09:32,False,False,845.0,-0.005266272189349164,-0.007692307692307665,0.017349454775724204,-0.5520094297694652,-0.1762315819264004,850.4049162940325,855.7826196381466,downtrend,downtrend,-0.003518187239117565,1.1643613021518262,-0.006808891973634212,0.0005329653439838378,-0.00298549051609176,0.0003105335187663094,-0.009466556260117276,-0.01011002798154248,0.0003100063509202666
2025-02-25,835.55,844.0,835.55,840.43,24135354.0,375,0.003410926934354741,0.005385674106875626,0.007037280832984161,0.007121057985757906,0.0004523540265459758,-0.0005585264408793922,0.006558554245706505,-0.0007134109365897201,-0.0016274649560465981,-0.0013902091254753834,0.13323823632336199,3215752,0.163903624533537,0.3854634160327626,0.32234488874702233,0.20662178810387452,0.6569343065693409,0.5775147928994047,0.6485207100591702,839.8019382775785,840.8826814116645,841.0190022233219,0.008198192807133076,0.8106508875739629,842.4,835.55,high_only,09:49,,False,False,838.5,-0.003518187239117565,0.0023017292784734966,0.016522986969685037,0.3259503936398909,0.39693514603258956,849.4549242660295,855.1805561229252,downtrend,downtrend,0.0010113870280690218,1.380193722724479,-0.0014368803730566704,0.0016121546691418853,0.002897881326763274,-0.002453313966619075,-0.0010000510003835839,0.003773519437733741,0.001739903030029355
2025-02-27,841.28,855.38,841.28,849.13,35748914.0,375,0.007274629136553745,0.009747052111068966,0.01024629136553834,0.010638550779764167,-0.0004120167631963545,0.0056455312092020815,0.016344142259414163,-0.006900342678034632,-0.003777790813632942,0.00047129240158816366,0.11031484760627973,3943636,0.1503031392785806,0.36229978902296167,0.2724175061653621,0.09813875744589053,0.9975669099756713,0.556737588652483,0.9751773049645375,846.8603150628844,850.3087355178513,850.5433883526267,0.00977082540890084,0.5829787234042563,849.5,841.28,high_only,09:30,,False,False,840.43,0.0010113870280690218,0.010351843699058838,0.016659171918708374,0.5850862310942931,0.9810897167739514,849.4239790978362,854.9432794122222,downtrend,downtrend,-0.007807991709161133,1.621295528116698,0.001893342448604507,-0.0005848743517089527,-0.0008307874314046337,-0.0017449956097951302,-0.0006858649667278449,0.010331926462777918,-0.005155347068239502
2025-02-28,842.5,868.63,842.5,865.08,54512258.0,375,0.00801186943620169,0.007750741839762654,0.007691394658753792,0.010029673590504551,0.01890392565633725,0.014160643986133037,0.024332344213649826,0.0024101969872538653,0.0026076979242724008,-0.0008892995322514752,0.06688495640741941,3646050,0.09345762195357969,0.4824858291505738,0.4167805707112701,0.1749960531812863,0.8824324324324314,0.8641408342900897,0.9534883720930233,847.0554365098303,855.7634496228031,860.61716649284,0.008783382789317562,0.2831993876769988,849.9,842.5,high_only,09:30,,True,False,849.13,-0.007807991709161133,0.018783931789007724,0.016792630982750963,0.4615561342188757,1.448989395327242,850.9150287075661,855.3407978666448,mixed,downtrend,0.005571739029916145,1.498952885177508,-0.003440563106235306,-0.004337282801537112,-0.01305865361469949,-0.0005894189142496842,-0.01703400804500932,0.012088024641299766,0.0029996159015035495
2025-03-03,869.9,871.53,847.05,851.98,20765616.0,375,0.0004943096907690236,-0.00735716749051607,-0.006782388780319559,-0.012530175882285333,-0.01334105385060802,-0.008207217694994107,-0.02063455569605699,3.521333411571348e-05,0.0019757732564977815,0.00162238419938876,0.09498239782532818,1972368,0.12706996026508435,0.2158342906851403,0.1580324898620874,0.08723719055577259,0.0417661097852056,0.20138888888889134,0.20016339869281402,868.2972192579342,855.443451464259,854.4281784224461,0.00970862538376882,0.34232026143790806,871.53,863.15,low_only,,09:45,False,True,865.08,0.005571739029916145,-0.015143108151847273,0.017718778670609135,-0.4152186574077877,-1.1645585781984158,851.0164545449408,855.2090018718744,downtrend,mixed,-0.003497734688607701,0.7581601364433626,0.0030346990608927094,-0.0009011221223228505,-0.002144670651128222,-0.00017158118838034309,0.0007117871959652078,-0.0064560453681932195,0.00020679452249605657
2025-03-04,849.0,857.15,846.63,855.65,19159676.0,375,0.008127208480565251,0.0025912838633688207,0.002826855123674976,0.0009776207302709672,0.00522791353383445,0.005024534318628371,0.0060070671378091856,0.001814775787378542,0.004401925108580729,-0.00015190820070576372,0.1355359036342786,2596824,0.16675428123106048,0.34672559181063395,0.24127506122754894,0.09248528002248055,0.4735751295336851,0.8574144486692012,0.7740932642487093,852.8293922370815,852.7140455943336,853.3244751616189,0.0113981314151399,0.9173003802281363,856.28,846.63,high_only,15:19,,False,False,851.98,-0.003497734688607701,0.004307612854761889,0.018046886482299365,0.14358620063967198,0.33285891966467457,851.4577445882798,855.2262959161146,mixed,downtrend,-0.0054578390697130885,0.9981952851391821,-0.007618608915172409,0.0012355258038312389,0.005049045596135615,-0.00023092178543304698,-0.002838349557312436,0.0013557580595375818,0.002045697572811589
2025-03-05,850.98,855.4,844.13,846.05,20848144.0,375,-0.0028555312698301805,-0.0011751157489012787,0.0014101388986813568,0.00393663775881925,-0.004623638203251956,-0.008837334519448015,-0.004935486145385415,-0.0008620893266255703,0.0011478203247028418,0.0015982005445718261,0.10285270477794091,2144288,0.13841615829207626,0.36436289004910943,0.23588123719790116,0.1221691484863113,0.3327586206896622,0.17036379769298687,0.199628597957287,849.8782893218323,849.5208822277497,847.8990751362165,0.006839219385649464,0.5146406388642483,853.85,848.05,high_then_low,09:47,11:34,False,True,855.65,-0.0054578390697130885,-0.0112195407000526,0.017820891252275595,-0.06594034676864016,-0.27694945642829116,850.9427212941579,854.8664411743061,downtrend,mixed,-0.003014006264405178,0.807686759068588,-0.00032834698803907436,0.005447819852716362,0.011346415651665831,0.0010370237641947888,0.012062789001961116,-0.006622935601617641,-0.001899113090820359
2025-03-06,843.5,849.95,836.13,846.2,31707480.0,375,0.005311203319502189,0.0013989330171901848,-0.004919976289270878,-0.005832839359810271,0.001799498034758873,0.005306589711178367,-0.0005572021339657063,0.003760245780102922,0.0006740536641320904,0.00023640661938539864,0.20454403818909608,6485576,0.2664365001570607,0.2318232164776261,0.15786129960501433,0.06713690271191529,0.18294573643409948,0.7286541244573093,0.49927641099854936,847.5947358887885,842.4882179161729,843.1895982783872,0.007646710136336665,0.4667149059334314,849.95,843.5,low_only,,09:33,False,False,846.05,-0.003014006264405178,0.00017729448614156595,0.01711873623535996,0.08171940953798855,-0.03254925634140947,850.4910335518572,854.5265807360981,downtrend,downtrend,-0.006145119357126028,2.4429152521177273,0.005804001942125492,-0.005076447020979757,0.0008230873785111115,0.0015270161837044327,0.008169009672590821,0.006475380038169942,0.0022332295963984894
2025-03-07,841.0,850.58,838.8,844.0,12779044.0,375,0.004458977407847842,0.0042806183115338126,0.003008323424494641,0.008240190249702684,-0.0007103954534690704,-0.002806835469909119,0.0054102259215218496,-0.0018331263674530307,-0.0026587887740029403,-0.0007103954534690704,0.1067590032556426,1364278,0.14235352816689573,0.3730856549206654,0.3098823354861287,0.14198949467581456,0.9354838709677461,0.44142614601018737,0.5730050933786036,842.3878243388323,845.9775465698775,845.5571150773617,0.007391511683357166,0.5263157894736842,845.0,838.8,high_only,09:30,,False,False,846.2,-0.006145119357126028,-0.002599858189553328,0.017122677868936665,0.2499970124007036,0.315968446228664,849.8728398802517,854.113773648408,downtrend,downtrend,0.0005924170616113944,0.5138811933325071,-0.0009121495658966916,0.00012217525262503415,0.0029077710124771894,-0.001645691301092711,0.00034399801146944853,0.004158443058908778,-0.0001874350663603197
2025-03-10,844.5,849.95,841.53,844.35,15603590.0,375,0.002309058614564874,0.001480165778567244,0.00219064535227953,9.473060982845283e-05,-0.0016553355010345827,-0.001397144142650908,-0.001302545885139117,0.0011263931705003394,0.002457615044878292,0.00023692471717118302,0.09788555069698704,1527366,0.12086269890454697,0.3800735599948473,0.2630279313927115,0.1361576406455181,0.7204545454545399,0.33491686460807907,0.20606060606059778,845.1859578778106,845.6145460552124,844.827665262502,0.005222056065892877,0.5225653206650759,846.98,842.58,low_then_high,12:53,10:55,False,False,844.0,0.0005924170616113944,0.0004146919431280427,0.017098186656557622,0.08656858228878674,-0.07618035241412896,849.3468551297516,853.7308805641568,downtrend,downtrend,-0.003730680405045317,0.6004996280703851,-0.0006700108044789266,0.002748442068480239,-0.0027417818696066076,-0.0008459445861772608,-0.004253015603264965,-0.0012682762899129951,0.0019723377566776
2025-03-11,841.2,847.0,835.03,843.95,19897002.0,375,-0.0019020446980504424,-0.004339039467427641,-0.0024964336661912334,0.002413219210651407,0.007641334845680969,-0.0005929580304305793,0.0018188302425106162,0.0014476760053636628,0.001744848542398758,0.0012456993712184339,0.1262519850980565,2512036,0.16034083928825058,0.3181537600488757,0.20468430369560198,0.08375121035822382,0.3149999999999977,0.745196324143697,0.6432748538011719,839.8238435383357,842.9742882786892,842.838724081146,0.009580494113983873,0.6683375104427721,843.03,835.03,high_only,10:14,,True,False,844.35,-0.003730680405045317,-0.0004737371942914459,0.01639459701281517,-0.26466277054787885,0.11094083258581414,848.8328689269181,853.3473166204644,downtrend,downtrend,0.0021683749037264555,1.052077949817606,-0.004239988235870684,0.0008659287253394155,0.00692742980271599,0.0008777485194937373,0.003538150981903909,-0.005204968192767057,0.0005699274858699255
2025-03-12,845.78,859.25,845.78,855.9,18782892.0,375,0.008335500957695974,0.009340490434864845,0.012118990754096837,0.007744330677008193,0.002600506044419415,0.006241713890159817,0.01403438246352473,-0.002040459394858085,0.0014274348294098793,0.0004090935655427508,0.11613621587133653,2181374,0.15798110322947073,0.41092149174898096,0.2824981371345797,0.13769817768211626,0.7335190343546881,0.7512991833704517,0.8812175204157372,852.6264708359654,855.2605855889806,855.3259846559655,0.012733807846011969,0.799554565701556,856.55,845.78,high_only,09:39,,False,False,843.95,0.0021683749037264555,0.014159606611765962,0.016425019823261073,0.5686745304037238,0.8544514779610355,849.5059290291164,853.4474218510345,mixed,downtrend,0.0024886084822992594,0.913591797930217,0.0007038032015274087,-0.0033124263689549016,-0.0031682149061403875,0.0001580239439660236,-0.0023090073488599705,0.012652916803819747,-0.0021984833388241087
2025-03-13,858.03,860.4,850.03,852.5,15735950.0,375,0.0007225854573849055,0.0006643124366281228,0.0004079111452979234,0.0013053156649533992,-0.007104588865595174,-0.007821684222778402,-0.006526578324767218,8.211817979186797e-05,0.0018214936247722413,-0.0014641288433382416,0.1113407198167254,1752052,0.14323533056472598,0.31816140747778177,0.1813180646862757,0.09565472691512111,0.8367346938775595,0.23818707810993503,0.1308615049072996,856.6603324977418,857.006548442976,855.5159377268823,0.0057343475716793435,0.4725168756026977,859.4,854.5,high_then_low,09:33,13:09,False,True,855.9,0.0024886084822992594,-0.003972426685360464,0.016518818708717957,0.04021549290794782,-0.3950995794464865,849.7910786453909,853.4102680529547,downtrend,mixed,0.0,0.7845136585057876,0.0032489930346930596,-0.002555286915245203,-0.005984517445600357,-0.0010398721805181532,-0.0037919754322718324,0.0032195993518733257,0.0011219903603100212
2025-03-17,852.5,862.0,852.5,855.23,18947844.0,375,0.006486803519061501,0.004105571847507372,0.008797653958944274,0.007953079178885547,-0.0008995327102803152,-0.005970114514477265,0.001935483870967758,0.0012644149154130702,0.0011706449082800052,-0.0007010738113878423,0.24968212742304613,4730938,0.31482938111586733,0.23199800462786163,0.1750717390326836,0.08356929685509339,0.56,0.2873684210526335,0.1736842105263134,854.6002338972384,855.9556790761108,855.6982447339836,0.007331378299120228,0.6578947368421053,858.75,852.5,high_only,09:32,,False,False,852.5,0.0,0.003202346041055737,0.016219242693671414,0.25312968829977034,0.1193325673413201,850.3090711553536,853.4816300900937,mixed,downtrend,0.010254551407223866,2.1873821856631426,-0.0013469863693019724,0.008312027611320882,0.006712700447140563,0.0005354793984855277,0.005895019947907532,-0.00420645576381351,0.0007289355169275424
2025-03-18,864.0,868.7,857.53,868.0,21906380.0,375,-0.006018518518518534,-0.0067708333333333925,-0.001296296296296351,0.0023148148148148806,0.011478179805395339,0.0008083140877599426,0.0031250000000000444,0.0014999423099111286,0.002564161796299258,0.0029696220375998728,0.16307094097701216,3572294,0.1976376745039573,0.24396472625782992,0.16458072944959415,0.07376024701479661,0.008474576271178766,0.9373321396597993,0.8209489704565813,861.154870019097,864.0489303165314,864.5074648052305,0.006875655518004953,0.5282005371530831,864.0,858.1,low_then_high,10:02,09:30,True,False,855.23,0.010254551407223866,0.014931655811886824,0.01617139780672085,-0.418691903709117,0.1932424170965166,851.9939215215104,854.0509779296979,mixed,mixed,-0.0005760368663594306,1.5995606495687766,0.006528908184452842,-0.0007942724133747081,0.005758474996966356,0.0024569216088448087,0.014812182853843447,-0.0059765609199586844,-0.0009569792989336801
2025-03-19,867.5,875.5,866.1,871.98,15220182.0,375,0.006282420749279538,0.0018789625360231543,0.001129682997118131,0.00038040345821332977,0.0032791412101758066,0.007086641392899606,0.00746974063400585,-0.0022883818851689997,-0.0007677763135277571,5.7344052848407046e-05,0.1107207522222796,1685190,0.13615251118547728,0.37570615121422335,0.28289885101242546,0.14264573183159046,0.3035714285714355,0.625531914893618,0.8382978723404271,870.2090249487197,871.735071523144,871.9392316048957,0.006455852345434332,0.5957446808510677,873.03,867.43,low_then_high,11:01,09:39,False,False,868.0,-0.0005760368663594306,0.004585253456221183,0.01631439332414177,0.11517207527678622,0.45786199251137655,853.8973575670809,854.7540768344156,mixed,mixed,0.00575701277552243,0.7181090081625087,0.001146671043273706,-0.0011366145062612354,0.0022929011866692495,-0.0006804085940840254,0.0027594507358170706,0.0030155770422843897,-0.0016079732910849742
2025-03-20,877.0,887.0,874.65,883.3,17833082.0,375,-0.0010262257696692645,-0.0004789053591789383,0.0011744583808437348,-0.0011402508551880963,0.007666157110588712,0.011815068493150616,0.010661345496009167,-0.0034410785806961997,-0.0022591212018524542,-0.00039608442256555687,0.12223663862477613,2179856,0.15265830101605543,0.2477634544606479,0.1585110190151091,0.0753520900088947,0.6762589928057604,0.700404858299592,0.9807208717518846,876.0564902238193,878.7410553589887,880.2768671020157,0.003178232536869663,0.22510121457489615,877.48,874.7,high_then_low,09:43,12:26,True,False,871.98,0.00575701277552243,0.012981949127273573,0.015712690452551754,-0.030478889699068923,0.6785181397293902,856.697609227359,855.8735248016934,uptrend,mixed,-0.00624929242612926,0.9289007352862844,0.005446974921219594,0.001241502652301163,0.007524981985188806,-0.001906509923545685,0.011081626061680172,-0.0017204080114801013,-0.0015345686571505146
2025-03-21,877.78,887.05,877.78,886.0,33505790.0,375,0.008601244047483414,0.003132903461003922,0.00412404019230328,0.004727836132060403,0.006212167671743263,0.0012472645221275336,0.005980997516461972,0.003363419136382717,0.0031135012737051326,0.0012430783139338875,0.07702692579401949,2580848,0.10335962829111028,0.4749910388622384,0.40560446418365304,0.18289310593780955,0.31609195402298684,0.8867313915857652,0.6034482758620658,882.6904268571155,882.4961786240267,883.5927352942084,0.009911367312994246,0.9385113268608481,886.48,877.78,high_only,15:26,,False,False,883.3,-0.00624929242612926,0.0030567191214763145,0.01583437268425079,0.197854599198614,0.37772241665189565,859.4883131104676,857.0549552016271,uptrend,uptrend,0.003950338600451575,1.0997752167400674,0.0001100765355677158,0.0011308579629449866,0.009087868095345897,-0.0009902133556897175,0.008199622718070287,0.0020020454980589353,0.0043536324920724345
2025-03-24,889.5,902.2,886.83,901.4,17392688.0,375,-0.0013153456998312718,0.0028442945474984604,0.001686340640809414,0.008712759977515416,0.010504131026983332,0.003733630537754218,0.012478920741989974,0.0008882966910948031,0.000999444752914913,0.0021345666385022,0.1273734111714072,2215366,0.17107349939238833,0.24359270976401118,0.17092171146863555,0.08951405326192248,0.8455284552845449,0.9479505530253697,0.9717713479181385,889.4206047337851,896.0955112518353,897.1046828031017,0.006934812760055475,0.40013012361743494,892.98,886.83,high_only,09:47,,True,False,886.0,0.003950338600451575,0.017381489841986397,0.015620862223590385,0.18208306985788855,0.7988624804042187,863.479902338042,858.7939765662692,uptrend,uptrend,0.0011648546705125273,0.8699848651569523,0.006839886708355447,-0.0006548899869872615,0.00733349209454226,-0.0005783555704717003,0.013636957224483215,0.003499184534485722,0.0014666522615665034
2025-03-25,902.45,921.85,900.75,908.0,39100220.0,375,0.0019391656047427208,0.0018837608731785416,0.008643138123995753,0.015435758213751427,0.004258143007244364,-0.003382876099434773,0.012000664856778753,-0.005781359495445004,-0.0019236053860950397,-0.002526639569372713,0.09943094949337881,3887772,0.1429945918462863,0.3221952715355566,0.20190776420183826,0.09955294369187692,0.49780380673498636,0.34360189573459676,0.5938388625592398,905.1508706340462,914.1277633570669,913.0200085660219,0.007582570080488571,0.32369668246445654,907.58,900.75,high_only,09:35,,True,False,901.4,0.0011648546705125273,0.0073219436432216956,0.015436520337558856,0.12203274002076306,0.7774203378969893,867.719911639181,860.7236245440625,uptrend,uptrend,0.004955947136563887,1.6447816369329284,0.003267276755448467,-0.0011788729132896636,-0.002084078900279951,-0.004052400641296083,-0.0028807792465621596,0.003062633786468205,-0.001728958854148921
2025-03-26,912.5,913.75,901.0,901.5,24477664.0,375,8.76712328767848e-05,-0.0022136986301369843,-0.0017205479452054862,-0.0018849315068493189,-0.009862929443809842,-0.007059882737872947,-0.008931506849315096,-0.003151434732128089,-0.0012187015289164549,-0.0027103268986117257,0.15667745092015317,3835098,0.1966820036421776,0.29204453496869637,0.2031294326125238,0.09939641299104358,0.13262599469496086,0.0392156862745098,0.23076923076923433,912.0028409930245,908.5930318130851,907.0541752480955,0.0041429481966637205,0.2956862745098025,913.75,909.98,low_only,,09:30,False,True,908.0,0.004955947136563887,-0.007158590308370072,0.016081886339440233,-0.13765167738488301,-0.5553768171716837,870.9370629116399,862.3226980913543,uptrend,uptrend,-0.0016638935108153063,1.5060613986102962,0.004024409100247928,-4.219240157044002e-05,-0.006689605268987098,-0.003317418784830828,-0.006000605779475143,-0.0021715062285665443,0.00016598405270273897
2025-03-27,900.0,920.5,899.05,910.6,41596846.0,375,0.005255555555555569,0.007088888888888922,0.008000000000000007,0.014444444444444482,0.004655883845627651,0.00635268346111717,0.020888888888888735,-0.008924684370918534,-0.008039390836401705,0.00021968365553615143,0.07555082421393199,3142676,0.09367114035520867,0.47556543109061683,0.3690739437312146,0.14273149459456613,0.9397435897435867,0.5384615384615405,0.9207459207459188,902.8910673684887,913.7495296223028,913.7881721923497,0.008675824481397143,0.36363636363636603,906.85,899.05,high_only,09:30,,True,False,901.5,-0.0016638935108153063,0.010094287298946236,0.01592894926465463,0.4450317953249268,1.3113789580107402,874.7144854914839,864.2159256171835,uptrend,uptrend,0.0042828904019327485,1.2341439545844752,-0.0012934543114432318,0.004689777011557927,0.007301372581233645,-0.0001694552648692227,0.005828002540028798,0.002399111877330995,-0.008755229106049311
2025-03-28,914.5,918.0,902.93,912.75,28765406.0,375,0.0016402405686166688,-0.001913613996719521,-0.002460360852925114,-0.009863313285948583,0.0,0.011761717542077,0.0017823947512300986,-0.0036894327224301637,-0.003199807793115461,-0.0019463549582845463,0.05415644055223834,1557832,0.08535885083631359,0.3588569547740783,0.252875137587142,0.1233963462917923,0.16267942583731815,0.6516257465162586,0.8759124087591242,915.0999462800439,908.8618469316377,910.9790280605337,0.006877035964594658,0.4160583941605814,918.0,911.73,low_only,,09:34,False,False,910.6,0.0042828904019327485,0.0023610806061937772,0.016614757155895325,-0.11517556222845686,0.10727780938992906,878.3369154446759,866.1192226518037,uptrend,uptrend,-0.01287318542864968,0.6117681062439279,-2.754114753356074e-05,-0.0016313282825715092,-0.0012118438670531972,-0.0032517669418541395,-0.004487088498181135,-0.00028228571414801173,-0.00043766578057602423
2025-04-01,901.0,904.95,882.68,884.95,28502840.0,375,0.001198668146503934,0.002830188679245227,0.0023085460599334695,-0.002275249722530459,-0.020585468430081244,-0.014183213749374257,-0.016426193118756927,-0.0014105168133604629,-0.00048566717115805513,0.0011879171852020587,0.15673932843183347,4467516,0.1987495982856445,0.32499603548277994,0.23216311076369933,0.10799983440246656,0.6455696202531456,0.10193084867535185,0.07862407862407965,903.224015430499,894.1136759058049,890.9768302793691,0.004384017758046754,0.17736865738662005,904.95,901.0,low_only,,09:32,False,True,912.75,-0.01287318542864968,-0.03045740892906046,0.0165528078939345,0.17097937083425602,-0.9923508581753089,878.9667330213734,866.8576845085959,uptrend,uptrend,0.0004520029380190582,1.8900512374450067,-0.0065566723345031885,0.005584569707511644,-0.007983771116185534,0.0010775326876775182,-0.013426175189347633,-0.002754381028266417,-0.002488049501037981
2025-04-02,885.35,899.6,885.35,899.45,11572746.0,375,0.006720506014570526,0.01152086745354941,0.010538205229570163,0.012255040379510973,0.004354865724973678,-0.0011158223610800988,0.011125543570339458,0.00474754244861475,0.003514448287403882,0.00011119141602278226,0.12826601396073153,1484390,0.17777803124686223,0.32434722061643795,0.24778406093074193,0.11446911562735412,0.9902912621359201,0.989473684210528,0.7707355242566545,890.7384192294477,894.8364659937376,895.7675681928323,0.01163381713446654,0.7228070175438565,895.65,885.35,high_only,09:30,,True,False,884.95,0.0004520029380190582,0.01638510650319236,0.016661394173342343,0.6914707937215964,0.66774385472135,880.9175203526712,868.1358145278666,uptrend,uptrend,-0.009894935794096504,0.6279939806261452,0.0005565214390177431,0.0023240171433993595,0.004699774928209832,0.0012531328320801727,0.00651863483996773,0.009196850310150051,0.0034944096165345773
2025-04-03,890.55,902.0,888.5,896.4,11240840.0,375,0.001886474650496961,0.005086744146875599,0.005872775251249296,0.008736174274325048,0.001474728515886703,-0.0014805249741186577,0.0072427151760148245,-0.0006688963210702559,-0.0028699192418074615,-0.001281265667650855,0.10677369306920123,1200226,0.14007921116215513,0.3214419918796104,0.2583657449087435,0.1316109828091139,0.8512289780077652,0.5851851851851835,0.6296296296296297,892.2363038183363,896.8818873824512,897.0694437817808,0.008700056274620227,0.572592592592594,896.23,888.5,high_only,09:34,,True,False,899.45,-0.009894935794096504,-0.003390961142920701,0.016074226509478283,0.3164534320750155,0.4505793900405787,882.3920422238455,869.2442139581464,uptrend,uptrend,0.011267291387773382,0.507774037409977,-0.007736554254461958,0.004358474836179349,0.004671645723813622,-0.0007244678815657712,-0.0038232722409862196,0.0007282693106962501,5.557156049551537e-05
2025-04-04,906.5,920.98,905.55,908.0,33535162.0,375,0.005052399338113744,0.004136789851075573,0.013899613899613916,0.009873138444567164,-0.0024718483932985036,-0.00712218034846257,0.0026806398234968665,-0.0010231811030552151,-0.0002752546105146969,-0.0007483382488884249,0.12892497731187344,4323520,0.2112218810811172,0.1857102703126945,0.1164436301217212,0.05453165844256247,0.7309486780715395,0.15878159429682667,0.21905379131561772,908.9246261102064,912.9255658927044,912.1577362459147,0.007100657059245785,0.416720674011668,911.98,905.55,high_only,09:31,,False,False,896.4,0.011267291387773382,0.01294065149486845,0.01620729973844204,0.25524238570497554,0.1653970659368177,884.830895345384,870.7640487048858,uptrend,uptrend,-0.029295154185022043,1.9666935047330523,-0.002202946440864495,-0.004930919690906643,-0.012720781012832916,0.000727220314997723,-0.014179316398182484,0.009067709541982216,-0.0017504014180529381
2025-04-07,881.4,889.93,869.1,880.03,37993768.0,375,0.0019287497163604783,0.0031540730655774674,0.002416609938733938,-0.001611073292489218,-0.004693614422402681,-0.005568308370644814,-0.00717041071023361,0.0056566256799377435,0.006553814480155573,0.0006253695365443512,0.23380002741502237,8882944,0.3094988104364905,0.23213280662239133,0.16669781212539908,0.07738690197824022,0.5959241040056192,0.5247239558329327,0.2870859337494018,885.3072409680096,880.4716637414764,879.8327644505629,0.016249857257051303,0.6831493038886199,889.93,875.7,low_only,,11:23,False,False,908.0,-0.029295154185022043,-0.0308039647577093,0.016905167010852096,0.1865744990009707,-0.4241549761460883,884.3736672172522,871.1274193439099,uptrend,uptrend,0.0028067224980967698,3.7580658467378063,-0.05035123439412881,0.013027152731818425,0.012048220457386405,0.009874866885704492,-0.029419017503889866,-0.009873079666240958,-0.0042182412057667484
2025-04-08,882.5,891.0,875.15,885.08,35562386.0,375,0.0016430594900851414,0.006062322946175591,0.0025495750708215414,-0.0016997167138810276,-0.0031198963788927614,0.010760499432463044,0.009042492917846978,-0.006064145180127545,-0.0030076034919740424,0.001391638852746624,0.15159016608165718,5390908,0.19332302393883244,0.2615917278441328,0.20462468406928602,0.09587944970846445,0.9745856353591142,0.6264984227129369,0.9671924290220832,883.2032877504124,884.3805551717793,884.5531222158897,0.010295439291036823,0.570977917981076,888.08,879.03,high_then_low,09:30,10:36,False,False,880.03,0.0028067224980967698,0.005738440734974981,0.018230500895941838,0.3325373768268255,0.4960090218837521,884.4409370060853,871.674579369639,uptrend,uptrend,-0.002914990735300771,2.280706400682658,0.009387085169529685,0.004383708109191753,0.009235189949547307,-0.004716595928763279,0.013904128069071042,0.0016786148369838383,-0.0013475492513642662
2025-04-09,882.5,887.5,876.75,882.65,22447578.0,375,-0.0016657223796033849,0.0005665722379604166,0.004645892351274883,0.0013031161473087138,-0.0003963759909400011,-0.003813727154416302,-0.0025155807365438987,0.00269232516926432,0.0006802335468512055,-3.3987402002999545e-05,0.16675313479253753,3743204,0.2010518907652309,0.2629238664411813,0.18178869898569905,0.08366140881657701,0.3877551020408182,0.5488372093023235,0.32837209302325326,882.8011130179744,880.4571289091175,880.8962861314787,0.00835084928705343,0.6837209302325603,887.5,880.15,low_only,,10:34,False,False,885.08,-0.002914990735300771,-0.002745514529760129,0.018434985435051822,0.03073353325699679,-0.13645688766104672,884.2703715769343,872.1049880218101,uptrend,uptrend,0.005358862516286145,1.4699741835863531,-0.0038541370990633483,-0.0033481298112669755,-0.0025400373102762996,0.0007655139321305349,-0.005623758160658521,0.003914702049227392,0.0019268112371337853
2025-04-11,887.38,909.7,887.38,902.6,32774782.0,375,0.014221641235998117,0.011066285018819455,0.01487525073812801,0.015292208523969508,0.0060187249219794126,0.0013097286197900626,0.01662196578692332,0.000520989214414902,-0.0004983112784452404,-0.0003876183620356022,0.26827278362980417,8792582,0.29303084304267835,0.20821008054302237,0.15353273745649934,0.07221302036425445,0.65466666666667,0.6818996415770606,0.6608422939068086,897.0296539370727,901.804378303326,902.077372139552,0.01690369402059999,0.6720430107526867,902.38,887.38,high_only,09:49,,True,False,882.65,0.005358862516286145,0.022602390528522198,0.018543460005696035,0.596775629543796,0.8963788732964353,886.0160504743691,873.3008708444842,uptrend,uptrend,0.03312652337691113,3.0724364919235074,0.01226561524326053,0.0029411246331856322,0.0032781973439550693,0.0032806612267126667,0.018915808816970303,0.008125160385633823,-0.0027596720122977647
2025-04-15,932.5,938.4,927.5,932.8,49297074.0,375,-0.0008042895442359477,0.0034852546916890326,0.002412868632707843,0.0036997319034852705,-0.0031525514293347934,-0.0032052994283883196,0.00048257372654170183,-0.00016078032048882918,0.0010194773836991189,0.0005899705014749124,0.301273864651683,14851920,0.34439131214968255,0.27876851271132236,0.2058645103358467,0.09996333656638526,0.7568807339449557,0.4862385321100886,0.5000000000000052,932.0961117530034,933.5356407130273,933.203064575394,0.011752021563342208,1.0,938.4,927.5,neither,,,False,False,902.6,0.03312652337691113,0.033458896521161074,0.019366948181861545,0.17995890002706824,0.02491738615760147,890.4716647149054,875.6341700270535,uptrend,uptrend,0.009755574614065177,4.423525347097605,0.022931121276456023,-0.0030254596494830865,-0.0019321004692243182,0.0008961034506413945,0.021869596620630816,0.006510714341172119,-0.0010568837711302237
2025-04-16,941.9,941.9,930.25,937.95,19134586.0,375,-0.004246735322221085,-0.0065824397494425035,-0.004140566939165535,-0.0052022507697208065,0.0024046168643796495,0.001867662753468613,-0.003344304066249082,-0.0008521970705724913,-0.0011713966242478113,-0.0007457518776966543,0.2844666720252009,5443152,0.3351539458444515,0.2591354733256314,0.19624892851091735,0.09669077763166656,0.09489051094891807,0.6609442060085888,0.7296137339055808,938.9125351267057,936.0814556448943,936.8369057301088,0.007325811453932962,0.5879828326180289,941.9,935.05,low_only,,09:31,False,False,932.8,0.009755574614065177,0.00552101200686117,0.020443656138536055,-0.3219795766880798,-0.16358639783346324,894.9934109325335,878.0779280652083,uptrend,uptrend,0.003251772482541604,1.4881152315262747,0.0,-0.000424090027030255,0.002895806649217736,0.0009226156152692955,0.0038210939809202316,-0.0061583497224122485,-0.0017748126858417868
2025-04-17,941.0,959.85,938.35,952.9,35694074.0,375,0.00026567481402772763,0.0007970244420829609,0.004729011689691864,0.004250797024442088,0.011839660207061398,0.010687830687830635,0.014984059511158332,-0.0023034237252643752,-0.002042205582028611,0.0008928102515624037,0.12749449670553156,4550798,0.16973775534840882,0.19546107289406078,0.1272382076643871,0.05133642071790404,0.6666666666666592,0.6767441860465095,0.7790697674418605,941.6763972164882,949.9411040575159,950.7212479939011,0.005435072201204205,0.23720930232558246,943.45,938.35,high_only,09:31,,True,False,937.95,0.003251772482541604,0.01593901593901581,0.020462325048435395,0.03895082500137997,0.7322755100258782,900.5083241770541,881.012126964612,uptrend,uptrend,0.009549795361528002,1.201007296885239,-0.0013421071722720113,-0.003956952121306534,0.018468625343722955,0.00015524008718625915,0.017259626258358862,0.004753976563389495,-0.0024586638124506344
2025-04-21,962.0,975.35,955.0,962.6,34244894.0,375,0.010758835758835739,0.008835758835758822,0.004885654885654844,0.0011434511434511574,-0.008140133951571316,0.0018689648011629423,0.00301455301455289,-0.0023836667012124835,-0.0020216681353998345,0.0,0.282080242385916,9659808,0.35519794571418445,0.13619186556687837,0.07425550798901583,0.043949792923873555,0.7616707616707609,0.37346437346437417,0.48648648648648485,969.1584784949488,965.6175526875595,965.4061720987265,0.02130890052356027,1.0,975.35,955.0,neither,,,False,False,952.9,0.009549795361528002,0.010179452198551875,0.021072579926680345,0.41930123727146107,0.1430557162455516,906.4218171125726,884.2116513973723,uptrend,uptrend,0.00509038022023689,2.549333082793481,0.004673259850447309,0.0004238146239010643,0.007895896096521193,-0.0007063478089753827,0.011890803452507148,0.008411944211857758,-0.0016773188922371007
2025-04-22,967.5,985.3,967.5,978.15,45958960.0,375,0.0051679586563306845,0.0066149870801033295,0.010904392764857773,0.015297157622738977,0.00436389773077317,-0.0014761274559705884,0.013798449612403063,-0.0027527144823368266,-0.0017349594325662965,-0.0023458615941660543,0.15997033005098463,7352070,0.2138470496286252,0.16219823076936465,0.10480424274178528,0.05218020599247677,0.882758620689652,0.5983146067415733,0.7500000000000032,971.866204207341,978.3408350681526,978.6990640584557,0.00749354005167957,0.4073033707865179,974.75,967.5,high_only,09:37,,True,False,962.6,0.00509038022023689,0.016154165800955633,0.021463055471810603,0.3082034190701039,0.642893069466546,913.2530726256609,887.8955082053185,uptrend,uptrend,0.011552420385421591,1.9039735227965768,0.002661559126411639,-0.002143855383826665,-5.168407386269003e-05,-0.00207160474939172,0.000532726398354999,0.008758842463929994,-0.0006811097329451066
2025-04-23,989.45,989.45,960.25,961.0,30566048.0,375,-0.009550760523523216,-0.01081408863510036,-0.012077416746677505,-0.02097124665218053,-0.018135376756066357,-0.00547125012903904,-0.02632775784526764,-0.002491177081170859,-0.0024394041625577234,-0.0019732059403884117,0.16085592746566385,4916730,0.2244981752302424,0.2189947486832449,0.15262843269761273,0.08105529376908653,0.02727272727272314,0.025684931506849275,0.06294964028776963,983.4583640617512,971.2751387496988,969.309485436259,0.011242270938729648,0.3767123287671227,989.45,978.45,low_only,,09:30,False,True,978.15,0.011552420385421591,-0.01753309819557325,0.022100679092936563,-0.4893102419896488,-1.1912646545635814,917.8003990422646,890.7623510207961,uptrend,uptrend,-0.00624349635796051,1.1975533204762416,0.009262846476244091,-0.0015806154957795915,-0.0019809012382172586,-0.0003496596988401546,0.0069113969681839915,-0.00923347313932077,-0.0021415173823307043
2025-04-24,955.0,961.95,952.55,957.45,25929964.0,375,0.0020942408376962707,0.003821989528795866,0.001518324607329813,0.0038743455497383117,-0.0012517602879047462,0.0017210806300198556,0.005602094240837685,-0.003019732389233032,-0.00192848952361091,-0.0012517602879047462,0.17102661615727657,4434714,0.21480245788231717,0.3954755201357009,0.31308373586635135,0.13652583551600767,0.8531468531468455,0.5212765957446854,0.8297872340425524,956.4358414093896,958.2027128755908,958.4039193382605,0.007506167655241258,0.7606382978723427,959.7,952.55,high_only,09:33,,False,False,961.0,-0.00624349635796051,-0.003694068678459894,0.02273203441451601,0.16813231315342614,0.24644051380022336,921.57655151443,893.3775529415492,uptrend,uptrend,0.0051699827667239795,1.008917265268849,-0.0009444114094773193,-0.0010215051548940757,-0.0011986209680410198,-0.00015464682788424167,-0.0022962159759843948,0.004843494683689942,-0.0028650855613487902
2025-04-25,962.4,966.5,945.9,954.0,18497038.0,375,5.195344970920779e-05,-0.0016105569409807785,-0.001298836242726531,-0.007377389858686634,-0.007129104438778233,0.001099131162985545,-0.006286367414796268,-0.0024572593715690427,-0.002822201317027373,-0.002248601160905639,0.13117754312879717,2426396,0.18297989115878985,0.2951432548281514,0.225426579109585,0.11192992088787405,0.4114583333333371,0.3932038834951463,0.5072815533980599,962.1889160988834,955.7153879553854,955.7210934637199,0.010032396279653133,0.4660194174757287,966.5,956.9,low_only,,10:03,False,True,957.45,0.0051699827667239795,-0.003603321322262265,0.02269637151336949,-0.07096098775225222,-0.27697675864590204,924.6644989892462,895.7549038065865,uptrend,uptrend,0.0016771488469602414,0.5451209416067659,0.0018127411574733188,0.00124953682737039,-0.007616616575404467,-0.004661052107533981,-0.010451617959129744,-0.0028600937683511685,0.002203792735964938
2025-04-28,955.6,964.85,954.2,960.5,13915586.0,375,0.003505650899958246,0.007220594390958457,0.00805776475512765,0.008005441607367159,-0.002077922077922123,-0.0017648585517778814,0.006226454583507568,-0.0010919868961571932,0.0009378907878281328,0.0005729465076305118,0.1534498080066481,2135344,0.22274333254812265,0.24387546453307823,0.15470969027103854,0.07869751227149184,1.0,0.5915492957746449,0.6901408450704155,958.3103629828886,961.5324221811563,961.1197333000089,0.008698386082582221,0.7793427230046922,962.5,954.2,high_only,09:30,,False,False,954.0,0.0016771488469602414,0.006813417190775661,0.02285792448627167,0.3158902023363977,0.2723980730292087,928.0774038474133,898.2939271867203,uptrend,uptrend,-0.0011452368558042547,0.47973238166167353,0.0032761398236469397,0.0019816994007124666,0.009754780278559583,0.00032297814651705004,0.013390075297030402,0.00523889499024599,-0.0014149650426742433
2025-04-29,959.4,964.4,950.1,953.0,18917736.0,375,0.0025536793829477045,0.0016677089847820792,-0.004012924744632107,-0.005680633729414186,-0.008324661810613976,-0.00015724094554236956,-0.00583698144673761,-0.0008387502621094445,-0.0013622550560620228,-0.002041991727315562,0.1095688194401275,2072794,0.1658160363375406,0.3527674770384786,0.28319985013005783,0.12404201010099729,0.4237288135593237,0.20279720279720184,0.2587412587412548,962.179114824403,955.1225977568328,954.7987611220144,0.006155451225873687,0.4125874125874123,964.4,958.5,low_only,,09:39,False,True,960.5,-0.0011452368558042547,-0.007808433107756363,0.022256181169679125,0.07493239617648759,-0.26226338661772153,930.4509844333738,900.4392633754765,uptrend,uptrend,0.003672612801678854,0.46567972294582366,0.002377338779002036,0.001903925615595714,-0.001013512127267635,-0.0008440811632300926,0.0005161868802159297,-0.00023621663081363486,5.330901120648157e-06
2025-04-30,956.5,968.45,955.15,960.05,31936194.0,375,0.008468374281233704,0.006638787245164757,0.009200209095661327,0.008834291688447404,-0.002908033442384661,-0.0028498885952640274,0.005959226346053281,-0.0022344626896696473,-0.0026490754207355582,-0.004613789528252976,0.11096037304883606,3543652,0.14773307050927859,0.543983043189179,0.46817701570825876,0.2516578525293277,0.7439613526570076,0.3684210526315754,0.5300751879699273,960.2377044453951,962.5466494926176,962.558800754404,0.010835994346437783,0.7781954887218022,965.5,955.15,high_only,09:37,,False,False,953.0,0.003672612801678854,0.007397691500524717,0.02229849261493868,0.2977235887558229,0.26724794581230793,933.2699382968619,902.7769393215362,uptrend,uptrend,0.005051820217697012,0.7961268131692846,0.0006824128638935889,-0.0007394611382360861,-0.00021567616531881217,-0.003720702803984066,-0.0032558493265284483,0.007378248383400843,0.0014862401143144188
2025-05-02,964.9,970.95,960.0,961.75,22807876.0,375,0.0025909420665353178,0.004093688465125922,0.0029018551145196803,0.004041869623795158,-0.00732827579088613,-0.007018992568125437,-0.0030054927971809864,-0.00025987525987525295,-0.0023857683730096335,-0.0018162947586922717,0.16939464244719674,3863532,0.2329566330507935,0.23814098252726382,0.17761443459268192,0.08428334142118275,0.7290322580645132,0.15981735159817284,0.057894736842100475,967.6874647257138,966.3864414959468,965.4329526724306,0.008046096345514897,0.7077625570776226,970.95,963.2,low_only,,11:44,False,True,960.05,0.005051820217697012,0.001770741107234075,0.021919406865933435,0.18676091420558577,-0.13711560789776864,935.9823251257322,905.0896083677505,uptrend,uptrend,0.008058227190018252,0.8679919525781742,0.00270763520131978,0.007226913569075011,-0.0002323964807358081,0.00030444844433019647,0.002779811311027558,-0.003133225103949089,-0.0005643237042054494
2025-05-05,969.5,976.0,966.15,967.9,15058228.0,375,0.00010314595152149941,0.0014440433212996595,0.0008251676121711071,0.0048478597215060315,-0.003089916572252549,-0.0036440156025457915,0.001186178442496022,-0.0028331530417761153,-0.0009289843104871576,-0.00036147689129872873,0.15749542376433667,2371602,0.20558753659461126,0.20966490877943939,0.14767819958629927,0.06361625019889458,0.7731958762886562,0.17766497461928893,0.4568527918781715,969.875856713451,970.7089224118059,970.3786037064484,0.005014734012304123,0.49238578680203166,972.0,967.15,high_then_low,09:54,12:38,False,False,961.75,0.008058227190018252,0.006394593189498199,0.02166221327451045,0.06666185504686357,0.054757952359917796,939.0221036851863,907.55276098078,uptrend,uptrend,-0.002996177291042401,0.5328107676391196,0.004353521581498487,0.0009684882982863297,0.0018366469419930365,-0.0001982476542397027,0.005998687979797301,0.00047555502301332986,-0.0026349053875364126
2025-05-06,965.0,970.05,962.15,964.3,17489830.0,375,0.0017616580310881869,-0.0006217616580310725,-0.000829015544041356,-0.0006735751295336989,-0.0001036914143509593,0.0030590553222376027,0.0023834196891190373,-0.003101416313449845,-0.001553116587285186,-0.0019664665700683814,0.09911245563850535,1733460,0.12961578242898875,0.3195833235657522,0.1860975206734428,0.07687884902254624,0.025862068965513525,0.2721518987341751,0.6518987341772142,967.0650908202863,965.813517395366,966.0086437241905,0.006015037593984918,0.7341772151898698,970.05,964.25,low_only,,09:31,False,False,967.9,-0.002996177291042401,-0.0037193924992251493,0.020755830350624418,-0.029956000195018335,0.11483133408090004,941.4295223818351,909.7781429031024,uptrend,uptrend,0.002799958519133172,0.3958469253048046,0.0016864612931579703,-0.002765221472812107,-0.005183514790363608,-0.0015529001487255556,-0.005053251292953642,0.0021434598147810346,-0.0015485161647242895
2025-05-07,967.0,974.35,961.2,972.5,21417344.0,375,0.004188210961737271,0.004084798345398211,0.0034126163391934305,0.00031023784901762497,0.0015963746845872873,0.0022743719631965753,0.002585315408479838,0.003094378545642096,0.003922783111386385,-0.001078527040213606,0.1969348767055336,4217822,0.22426226146435338,0.4684650907227339,0.3793281743992159,0.1573826334395152,0.9027777777777816,0.8593155893536102,0.7685185185185175,968.0224157633966,967.8933152589482,969.8597958831872,0.011235955056179803,0.8212927756653972,972.0,961.2,high_only,15:04,,True,False,964.3,0.002799958519133172,0.008503577724774392,0.02033619998070859,0.20086340364832903,0.12712873648628212,944.388615488327,912.237823573569,uptrend,uptrend,0.0050385604113110105,0.9631672321155155,-0.004215993655463879,0.008001386521852227,0.006581852244638586,0.0006764291102292486,0.0030161202174563417,-0.003916588176454017,0.0024179494354128472
2025-05-08,977.4,977.4,959.55,960.75,34803122.0,375,-0.008594229588704705,-0.011970534069981498,-0.013505217925107393,-0.01319828115408228,-0.005125815470643058,0.0031104199066873672,-0.0101289134438306,-0.006976744186046546,-0.0025953802232027146,-0.0061549601737871384,0.11573013478503452,4027770,0.1333458532829325,0.48573561877580984,0.3644503501726081,0.13689467283998258,0.04878048780488008,0.06722689075630499,0.37539432176656384,972.6678166495769,968.7188061414957,966.7361000985296,0.012744793285669909,0.6890756302520974,977.4,965.1,low_only,,09:31,False,True,972.5,0.0050385604113110105,-0.01208226221079689,0.02026758311760398,-0.5906246443160829,-0.49975931442130594,945.9468425846768,914.1402618648016,uptrend,uptrend,-0.005932864949258487,0.9197676152521159,0.0009094894159193956,-0.0016044860119108773,-0.0033460900886150835,-0.008034990092300798,-0.0104550314839017,-0.01036604805807062,0.0010582459062542515
2025-05-09,955.05,959.5,943.4,946.65,17187226.0,375,0.0015182451180566492,-0.002879430396314331,-0.0053923878330977,-0.004868855033767883,-0.005933004305365919,-0.006681397306397385,-0.011517721585257323,0.002754091414649773,0.0016400380912071633,0.0030728476821191286,0.11556827145928028,1986298,0.17290806555985241,0.341732051466595,0.21416417052990402,0.11922412610388669,0.070967741935478,0.2018633540372668,0.022151898734171522,956.038840076699,948.9405894512307,947.5702955264571,0.008142894667717337,0.4813664596273285,959.5,951.75,low_only,,09:30,False,True,960.75,-0.005932864949258487,-0.014676034348165556,0.019814281192393857,-0.14532096160115376,-0.5812838464046151,946.0138099575647,915.415153556378,uptrend,uptrend,0.012834733005862686,0.4591250472693786,-0.009039873147829947,0.0060599730528603235,0.0012408217833157487,0.0030543970590997116,-0.004779726837265574,-0.008939403449174654,-0.00030030564444993857
2025-05-12,958.8,979.95,956.15,978.1,18615846.0,375,0.00886524822695045,0.012411347517730542,0.014132248644138645,0.017834793491864787,0.007623364582260095,0.002203094579362519,0.020077179808093426,5.112213077040906e-05,-0.0001533350370559461,0.0008185818070194362,0.1970107616919478,3667522,0.26558019442146225,0.1916528531660608,0.13488981376403736,0.08735009947976578,0.9417475728155357,0.9222689075630245,0.9201680672268872,965.8277932075117,973.6164852900923,974.4799870586954,0.016158552528368952,0.6491596638655462,971.6,956.15,high_only,09:31,,True,False,946.65,0.012834733005862686,0.03322241588760377,0.01857515111894949,0.6681693967522596,1.0808622594521795,949.0696375806538,917.8733828286769,uptrend,uptrend,-0.003169410080768875,0.8895715431954431,0.0158681955933464,0.007170322807851015,0.019569944431022,0.0008936460759900733,0.036674272473703695,0.005241024709879527,-0.0008425239452196642
2025-05-13,975.0,980.85,960.0,962.45,24241376.0,375,0.002564102564102555,-0.004051282051282135,-0.007282051282051283,-0.007487179487179474,-0.00885639256474946,-0.006148599772656915,-0.01358974358974363,0.0007278398752275095,0.00046777546777554413,0.0019258796585468474,0.11370781922610333,2756434,0.16590246362252703,0.33491456920597246,0.20864409677074436,0.10160330832705206,0.0622009569377966,0.11750599520383899,0.037783375314861416,976.5199296506526,967.3632886643204,965.413092874761,0.010768755152514409,0.5011990407673877,980.85,970.4,low_only,,09:30,False,True,978.1,-0.003169410080768875,-0.01600040895613941,0.019433447419557635,-0.20846955065754125,-0.699296593977816,950.3439578110678,919.6214854628464,uptrend,uptrend,-0.0014546210192738496,0.6986005604651805,-0.0022551940690803685,-0.0038871382578460345,-0.011158680906771079,0.0002867415584100197,-0.013105807526007873,-0.00016414379343610008,0.0004410983168174898
2025-05-14,961.05,965.1,951.5,956.75,15423896.0,375,0.002393215753602851,0.0013526871650799688,5.2026429426144105e-05,0.0014047135945061129,-0.005819088689146379,-0.008624272651704068,-0.007231673690234586,0.0027774866366208073,0.0030928915915287014,0.0013606154168193108,0.13090038988852104,2018994,0.17676558503765846,0.2910595351524673,0.18933620921717834,0.09166127676172091,0.4021739130434812,0.38602941176470523,0.19117647058823664,962.6611115733874,958.4710580202242,957.4030947887619,0.004789172306090661,0.3382352941176482,965.1,960.5,low_only,,09:33,False,True,962.45,-0.0014546210192738496,-0.0059223855784716894,0.01989199962148874,0.06800156800821074,-0.36354684435155643,950.9540570671566,921.077505640774,uptrend,uptrend,0.0,0.5117011109193388,0.0008193171814674383,0.004237460286505845,-0.00010563180004707906,0.003029108698478611,0.003744869102390247,-0.0028847731214258765,-0.00025162206185780356
2025-05-15,956.75,972.4,948.5,966.9,32236304.0,375,-0.0030310948523647463,-0.005539587143976954,-0.00637575124118106,-0.006062189704729493,0.016238373009616724,0.019559387980440546,0.013378625555265256,-0.002733226754680018,0.00015515903801399666,0.0003103662321539691,0.07983291136601764,2573518,0.1302132527351771,0.236501430188771,0.14561042729960605,0.05523071131231422,0.03401360544217729,0.7698744769874475,0.8807531380753127,953.8158651050172,959.7085721062024,961.4473999386946,0.007727081581160533,0.3075313807531346,958.55,951.2,low_then_high,10:40,09:31,True,False,956.75,0.0,0.010608831983276668,0.019066212377726148,-0.29054470988944314,0.701692884261305,952.472718298856,922.8744662038808,uptrend,uptrend,0.0,0.6834416537180585,0.0003524300456740903,-0.0033448811372597254,0.016643415828252905,-0.002794214005325646,0.01415999108797572,-0.0021947060067172286,6.098725064562771e-05
2025-05-16,966.9,971.9,964.2,967.25,15866742.0,375,-0.0010342331161443674,0.00046540490226498754,0.0001551349674215885,0.0004136932464577914,-0.00010337520028946834,-0.0003101416313449068,0.00010342331161439233,0.0002585315408478728,-0.0009812022309441115,-0.0002067290299240243,0.1274027144324903,2021466,0.15660656737218012,0.19655793230897686,0.1462567425625248,0.07241650491323298,0.37241379310345457,0.3961038961038937,0.3636363636363609,968.1550032666061,966.7886721203816,966.8924920923697,0.007515679261908437,0.9415584415584499,971.9,964.65,low_only,,13:45,False,False,966.9,0.0,0.0003619815906505952,0.018332072737233404,0.02538746757859659,0.0056416594619076625,953.8800784608696,924.6146832154933,uptrend,uptrend,0.0012923235978288261,0.5606482384144384,0.001172344649355228,-0.001238796472322723,-0.002455649689902084,0.0003999504061495962,-0.0008867479119483157,0.0017042013745877105,-0.00014141886530172343
2025-05-19,968.5,972.5,965.5,969.0,10201510.0,375,0.0016520392359318237,0.0007743933918431534,-0.0010841507485802593,-0.00010325245224573898,-0.00025793139025021006,-0.0013940520446097393,-0.0014971605575633262,0.0020164417558554693,0.0015503875968991832,5.16022498580071e-05,0.07710956515260976,786634,0.1071159073509706,0.35073415602200064,0.2835882139016675,0.12838687606050478,0.39534883720930664,0.5,0.22142857142856492,969.5325420292875,969.1655105544527,969.113326746073,0.004444214769262711,0.614285714285724,971.85,967.55,low_then_high,10:54,09:33,False,False,967.25,0.0012923235978288261,0.0018092530369604454,0.018105788507532177,0.04277048699210192,-0.08268960818472465,955.3200709884059,926.3552838737093,uptrend,uptrend,-0.005108359133127016,0.2497216704660857,-0.0003098376450739737,0.00036392212066616025,-0.002659430881791325,-0.0001403432796620585,-0.0031083712134841734,0.0004104712711769931,0.0021567850355175278
2025-05-20,964.05,967.3,956.5,958.85,23877624.0,375,0.0010891551268088495,-0.0031637363207301927,-0.0050308593952594904,-0.005756962813132094,-0.002237252861602479,-5.216484089720641e-05,-0.00580882734298005,0.0004173404976786088,0.0017761061484615759,0.0015668250900924274,0.17711075440336946,4228984,0.19629984959977592,0.42894460520862543,0.33130540961697025,0.13233745535150399,0.038167938931297975,0.2175925925925956,0.18055555555556052,965.1734635395484,960.7510491283772,959.3571220765798,0.006817590424147646,0.6064814814814798,967.3,960.75,low_only,,09:30,False,True,969.0,-0.005108359133127016,-0.010474716202270362,0.01730019948594618,-0.18287282313133177,-0.3357664949296597,955.6562547037958,927.6295864668972,uptrend,uptrend,0.004849559367992917,1.5868750787999593,0.0024403106433237287,-0.0024223681999663293,-0.011685776237988277,0.0003946713298601523,-0.008882971363947223,-0.0007413681207638634,2.2669167818456515e-05
2025-05-21,963.5,973.45,960.55,962.6,15123708.0,375,0.001141670991178012,0.00020757654385050728,0.004670472236637302,0.007576543850544848,-0.0011414340562415637,-0.00674701277297074,0.0007784120394396243,-0.0017111744879440005,-0.0010377750103777172,0.00020781379883638706,0.14998517559318125,2268332,0.18227170215135072,0.31055743736919544,0.23539240509007447,0.1040292499696503,0.5737704918032872,0.1589147286821747,0.2868217054263581,963.4634283693922,965.9514336693102,965.1819961259945,0.0031706429648110657,0.2364341085271266,965.0,961.95,high_then_low,09:33,12:15,False,False,958.85,0.004849559367992917,0.00391093497418793,0.016767211326722056,0.012379908608874671,0.04642465728329326,956.3175637796248,929.0009752329013,uptrend,uptrend,-0.005194265530853892,0.8511641380635323,0.001230079489840774,-0.00024045990482635116,0.002606666195176688,-0.0003144051997783226,0.0035243395909581032,0.00044803644867685843,-0.001396769288165678
2025-05-22,957.6,962.1,952.6,962.0,21305100.0,375,-0.00046992481203012026,-0.003550543024227193,-0.0026106934001670634,-0.0011487050960735656,0.008174386920980936,-0.0006795608991113644,-0.001827485380117011,0.006434063922163391,0.0008322929671242818,0.0029713809101810096,0.13511318886088308,2878600,0.18338041126303092,0.38131330057122476,0.2340504386273709,0.10421241862277107,0.14545454545455097,0.989473684210524,0.37572254335260213,957.1748153153154,956.3852175599029,957.4798147814372,0.008656873032528933,0.868421052631579,961.25,953.0,low_then_high,14:58,09:30,True,False,962.6,-0.005194265530853892,-0.0006233118637024582,0.016349441726193452,-0.2171660099279638,-0.11177662275704468,956.8587481815653,930.2950546355327,uptrend,uptrend,-0.002027027027027062,1.1514598051086478,-0.00270150941798597,-0.005799720626911586,-0.009767950529535385,0.005905925727829331,-0.006610633866847904,0.0022491776026843935,0.0005281381943340602
2025-05-23,960.05,968.5,957.25,966.1,9561162.0,375,-0.002239466694442971,-0.00015624186240292826,0.005103900838498099,0.005624707046508082,0.006459006146473545,0.0007768398156300371,0.006405916358523056,-0.00010349824052990897,0.0011398963730571143,-0.0007240380637152377,0.07592591779116388,725940,0.12203244752050012,0.27295824503339655,0.1969287833424431,0.08882204903546242,0.5698924731182775,0.7866666666666687,0.7955555555555596,960.1604390169988,964.5261536536814,965.0519993350879,0.004857665186732696,0.41333333333333133,961.9,957.25,high_only,09:36,,True,False,962.0,-0.002027027027027062,0.004261954261954193,0.0153762546719589,-0.010161243146412025,0.41661096900308797,957.7388674023686,931.6991701400216,uptrend,uptrend,0.001449125349342717,0.2903809945531063,0.00010147339367616581,0.0030154832687352418,0.009462448507477905,-0.0011056320898658045,0.00844867475747857,-0.00317172513113817,0.0010021338493358956
2025-05-26,967.5,974.95,963.45,970.15,10792664.0,375,0.004289405684754444,0.00568475452196382,0.005839793281653627,0.004806201550387579,-0.0029290853031860298,-0.004166023761765114,0.0006201550387596733,0.0021175498398924297,0.0007220588993759325,0.00010308746971809946,0.15777272413928572,1702788,0.1964360235804617,0.2585700805658362,0.1811630566836881,0.09303300834715136,0.8251748251748247,0.582608695652168,0.4043478260869545,970.8555817870459,969.8674385608075,969.825840713038,0.007393237514217832,0.6217391304347807,974.25,967.1,high_then_low,09:45,10:27,False,False,966.1,0.001449125349342717,0.004192112617741328,0.015471900125304661,0.3674244582710477,0.04008266817502234,958.9208800307144,933.207045820805,uptrend,uptrend,-0.0044838427047364515,0.7097910420137733,0.002986498370909363,0.004861683791912874,0.0026385118391931695,0.00045026835994255165,0.006085694793551033,0.0008230707300509454,0.001667281479949878
2025-05-27,965.8,974.0,958.15,963.4,26046928.0,375,-0.001346034375647065,-0.003727479809484291,-0.00144957548146607,-0.004607579208945833,0.0012471419663271366,-0.0026525198938992522,-0.007247877407330683,0.004797663746349601,-0.0006224066390041472,-0.0007260657608132437,0.09279190236944641,2416944,0.12118772701333531,0.374656389421432,0.2919649488031756,0.1261161393005732,0.18750000000000777,0.3312302839116715,0.041009463722395986,963.6207916967321,963.969606309976,963.5602424388262,0.006659729448491136,0.4037854889589885,967.4,961.0,low_then_high,11:05,10:00,False,False,970.15,-0.0044838427047364515,-0.006957686955625375,0.014991302416206612,-0.24864282675364036,-0.4834721631320863,959.347462884932,934.3910832395969,uptrend,uptrend,-0.0034253684866099032,1.0418010256180368,-0.0015882318818546404,-0.006659547655634923,-0.009027653951952819,0.004300210057275544,-0.006346926651290996,0.002932067846150632,0.0004974536890740566
2025-05-28,960.1,967.25,958.85,964.2,18157222.0,375,0.005207790855119354,0.0016664930736380867,0.0036975315071345882,0.0008332465368190434,0.0025995632733699647,-0.0002601727547091315,0.0005728569940630646,0.0036954145630563318,0.002338998908467227,0.0032776650538475227,0.11063311336943504,2008790,0.15448001902493674,0.2320646847849302,0.15604038987902444,0.08077072583019583,0.22377622377622766,0.6369047619047663,0.21428571428570944,963.4635061239186,961.5859989965269,961.6043871028293,0.0074471409228205054,0.8511904761904758,967.25,960.1,low_only,,09:37,False,False,963.4,-0.0034253684866099032,0.0008303923603902863,0.0152395281222965,0.10935332513346593,0.03759020551462709,959.8096092768433,935.5600603674559,uptrend,uptrend,-0.00020742584526034502,0.8389978920532454,-0.0002093591596645794,-0.0025510923185341206,-0.0024484043088693896,-0.0005873638062788844,-0.0032430539059574714,0.004217585392172207,0.004282778369335216
2025-05-29,964.0,970.4,953.65,968.8,28909306.0,375,0.003319502074688785,5.1867219917012264e-05,-0.0013485477178423189,-0.003112033195020736,0.004927130335563579,-0.0042663891779396446,-0.0073651452282157415,0.012435991221653175,0.011009653013305476,0.003885809025439002,0.05285273883779846,1527936,0.09491787869276419,0.4660510356077036,0.37867031467306755,0.17265589149736074,0.052238805970136214,0.9044776119402972,0.19402985074626866,967.2614846869675,958.968677581258,960.6642519136682,0.006952371069834928,0.3999999999999959,970.4,963.7,low_only,,09:34,False,False,964.2,-0.00020742584526034502,0.004770794440987158,0.014931080155228626,0.0034737754655244546,-0.49327611610447253,960.665836964763,936.8635874118694,uptrend,uptrend,-0.002941783649876073,0.638162816019727,0.0027446616432018622,-0.00100905937941842,-0.0031520517540715165,0.005414830574396401,0.004996536354143988,0.0010609265993354322,0.0070211606472567745
2025-05-30,965.95,974.4,962.7,970.75,28746888.0,375,-0.0015011128940422003,0.0005693876494641259,-5.1762513587738646e-05,0.0018634504891557047,0.004397309881013944,0.0034099715835700373,0.005279776385941126,-0.0003089439266772409,-0.0001544958286125997,-0.0017994858611825038,0.0445383862072305,1280340,0.06269972596685944,0.5409859321120255,0.4949648114954217,0.20092560975643695,0.6551724137931008,0.6880341880341881,0.9076086956521707,965.802790196354,966.5421956648053,969.6536979411475,0.006024722135659966,0.49572649572649474,968.5,962.7,high_only,10:12,,True,False,968.8,-0.002941783649876073,0.0020127993393890264,0.014989077771028508,0.03798683669282584,0.35224157660627325,961.6262334443094,938.1924663368942,uptrend,uptrend,-0.0058717486479527015,0.5518785396516416,-0.0027430734882449848,0.0014266945019869581,-0.0017007488131028925,-0.0013625133223524877,-0.005795621934137962,-0.0008573068525228322,0.0010535693956752468
2025-06-02,965.05,968.0,954.0,965.5,14667442.0,375,-0.0063727268017200744,-0.008756023003989366,-0.008237915133930795,-0.006165483653696624,0.009303784235835222,0.005838807215097441,-0.0003626755090408995,0.000829273349227666,-0.00010356255178134433,-0.0005693287096940614,0.18673562847564013,2738934,0.22686437076076388,0.28692024144360007,0.2349391257180359,0.09802949962236088,0.16911764705882826,0.8214285714285714,0.769784172661875,961.0913045245583,960.9964321509199,962.3661467827867,0.014251283663418324,0.9714285714285731,967.9,954.3,low_then_high,15:05,09:32,False,False,970.75,-0.0058717486479527015,-0.005408189544166886,0.015022634775074234,-0.5828553469540165,-0.024141937447794165,961.9951635924704,939.2633500099572,uptrend,uptrend,0.0036250647332987107,1.2769524345901602,-0.0027065103803466384,-0.004223804910477247,0.0012424147841278987,-0.00040485256281797,-0.0018717166633316351,-0.004532218093512119,0.001234125912045636
2025-06-03,969.0,976.0,960.0,961.75,24376836.0,375,-5.159958720324376e-05,-0.0009803921568627416,0.0008771929824562541,0.0019091847265222395,-0.006507928309488098,-0.00695267034042335,-0.005056759545923661,-0.002437506482730001,-0.002178762255537703,-0.000363787548071981,0.09038547906709468,2203312,0.12541307657810882,0.24285112309078996,0.14646978795771526,0.06786065262940605,0.19819819819818343,0.109375,0.15302491103202734,969.838841722522,968.1825594382243,966.9696832339799,0.005739696985366249,0.34687499999999716,972.5,966.95,low_then_high,10:19,09:30,False,True,965.5,0.0036250647332987107,-0.003883997928534444,0.01514453275793006,-0.06473571502886964,-0.3339000038331202,961.9718146789018,940.1451794213315,uptrend,uptrend,-0.0012997140629061876,1.0272334501531308,0.0038861336514064426,-0.005539350366936535,-0.009035233173164237,-0.0009750695678547583,-0.006154226246286365,0.0045589582100737935,-0.0014624369148752425
2025-06-04,960.5,971.65,960.45,969.75,12961076.0,375,0.004164497657470179,0.004685059864653729,0.0026028110359188616,0.0038521603331598264,0.004922279792746176,0.005756067205973769,0.009630400832899566,0.0,-0.0003092624091540763,-0.0009786751828577689,0.1460309313825488,1892718,0.19780502791589216,0.3639705530621069,0.23626078575575052,0.10696673640367513,0.664233576642338,0.8303571428571439,0.8815165876777246,964.7277643579234,966.5663642956791,967.9196734617818,0.007132073507210013,0.6116071428571385,967.3,960.45,high_only,10:45,,True,False,961.75,-0.0012997140629061876,0.008318170002599379,0.01556501897235243,0.3009993031794968,0.6187207898689807,962.7125942332921,941.3061527773577,uptrend,uptrend,0.004382572828048437,0.8465423454997759,0.0008985915952139933,0.0005170915028023249,0.002133511397388821,-3.453480600579262e-05,0.0029993805627097636,0.004167968361851404,3.453480600579262e-05
2025-06-05,974.0,979.45,970.1,976.0,22252922.0,375,-0.002156057494866581,-0.0009240246406571062,0.0030287474332648667,0.0035934291581107836,0.002980166478265378,-0.0037851662404092545,-0.0002053388090349495,0.002259190798931998,0.002259190798931998,0.0017962535283551073,0.12500407811612335,2781706,0.18447509949479893,0.38781540689353067,0.3185988788348784,0.15950696272606357,0.5555555555555579,0.6310160427807447,0.3957219251336816,973.1712632224014,975.2911309925092,975.0766950545488,0.005566436449850443,0.5775401069518679,975.5,970.1,high_only,09:39,,True,False,969.75,0.004382572828048437,0.006444960041247727,0.0154654491220418,-0.05974767582663732,-0.013277261294810687,963.978061449169,942.6666958056967,uptrend,uptrend,-0.004098360655737654,1.3168530985533442,0.0032179424670892853,0.0009841562986003805,0.0015653350181439318,0.0012636550565410243,0.006058020477815562,-0.0019081809392574867,0.0009955357423909739
2025-06-06,972.0,998.15,971.35,989.5,30125672.0,375,0.002006172839506215,0.0022633744855966587,0.0008230452674897748,0.001388888888888884,0.015705194005337653,0.02157497303128375,0.022993827160493918,-0.004877558203851828,-0.0016143678740793144,0.00020216314565857374,0.04966833602915148,1496292,0.059412583393990345,0.23246113812830466,0.19005265675069422,0.08269398936561481,0.5876288659793834,0.6772388059701495,0.8582089552238821,972.8644372221465,987.4748733707722,988.0458985910745,0.004993050908529417,0.1809701492537325,976.2,971.35,high_only,10:06,,True,False,976.0,-0.004098360655737654,0.01383196721311486,0.015047840232039538,0.15041191630793171,1.5280483315828908,966.4087222635338,944.5032959701791,uptrend,uptrend,0.008084891359272373,0.708341124669746,-0.0005007855062980626,-0.000777818632897942,0.010840973465272796,-0.0006675460686733636,0.009660313960203837,0.0030411931184946006,-0.004210012135178465
2025-06-09,997.5,997.5,987.95,990.05,13202124.0,375,-0.00656641604010022,-0.006666666666666599,-0.007218045112782012,-0.00586466165413535,-0.0008073875965081134,-0.002773155851358844,-0.008621553884711752,0.0011629082819293313,0.0012135308691914037,0.0006063974935568428,0.2772087279289302,3659744,0.3276428853417829,0.19344690293773942,0.1204612227547628,0.06194806229664257,0.1890243902439097,0.2198952879581067,0.09947643979056925,993.2957397111204,991.2311369149182,990.8765922134963,0.008288688972000413,0.8586387434555063,997.5,989.3,low_only,,09:40,False,False,989.5,0.008084891359272373,0.0005558362809499062,0.015517850640574538,-0.4296127615273767,-0.5555894359602204,968.6602725241496,946.2894412262506,uptrend,uptrend,0.001363567496591056,1.7325142291500286,0.00639192329692051,-0.002573519183151074,-0.0025397355336425065,0.0002749420230949706,0.004111950656592089,-0.004093147483515525,0.0008879662588343606
2025-06-10,991.4,991.4,980.55,981.5,15531300.0,375,-0.004539035707080918,-0.008775469033689642,-0.007262457131329336,-0.0045894694371595435,-0.001221125470642126,-0.002735978112175186,-0.007312890861408072,-0.0026926789615403512,-0.0022364542035173685,-0.0011194789334418864,0.14625562573641615,2271540,0.17820903594676557,0.40803281116197615,0.29732952167558413,0.11970897477996047,0.07936507936507994,0.08755760368663995,0.33179723502304287,986.7675876571254,984.4502275790857,983.8855731458406,0.009623707928102077,0.8709677419354758,991.4,981.95,low_only,,09:30,False,True,990.05,0.001363567496591056,-0.008635927478410133,0.014241583811296199,-0.6161863139638359,-0.5134885949698659,969.8831037123258,947.6702474526721,uptrend,uptrend,0.002343352012226241,1.0753417102626457,0.003702729941720273,-0.004238759646849388,-0.002863544087267522,-0.0012896086992864042,-0.00046209432301180797,-0.004536709386840254,-0.001403070262253947
2025-06-11,983.8,983.8,973.5,973.95,11088714.0,375,-0.004116690384224353,-0.005387273836145567,-0.005844683878837187,-0.004726570441146549,-0.00464997445068982,-0.0021957820558647922,-0.0069119739784508916,-0.003121801432958038,-0.0025092175337975142,-0.0011281472744986143,0.11967050462298874,1326992,0.14590059767074884,0.375310969333324,0.28316015725538596,0.14073137786762288,0.03636363636364463,0.04368932038835412,0.06206896551724765,980.426847134974,979.4895673999031,977.9739126617077,0.0056219973423286,0.5339805825242742,983.8,978.3,low_only,,09:32,False,True,981.5,0.002343352012226241,-0.007692307692307665,0.013723693996474218,-0.39255275128763606,-0.5036525865577198,970.2704271682948,948.7008259839399,uptrend,uptrend,0.001078084090559095,0.6281949016019304,0.0016997788095571842,9.946626402723702e-05,0.00033619597241196786,-0.0006284155178859496,0.001406850925612213,-0.0054867401001728044,-0.0024933859150720883
2025-06-12,975.0,980.5,967.65,970.0,16348610.0,375,0.0016923076923076597,0.004102564102564044,0.0015897435897436196,0.0003076923076923421,-0.009193054136874323,-0.004870296319081313,-0.004564102564102557,-0.0005666889907783856,-0.002160271576998274,-0.0007211290821057537,0.08557596028041528,1399048,0.11776683155326355,0.35491787986868606,0.25017527483987934,0.07983504408020009,0.8775510204081668,0.18287937743190807,0.22568093385213792,976.0668787870987,973.0679702773082,972.5855931462472,0.007557452059020031,0.5719844357976661,979.9,972.55,high_then_low,09:30,10:46,False,True,973.95,0.001078084090559095,-0.004055649674007955,0.01354187086811116,0.30295401148927625,-0.3370363377818241,970.2446721998857,949.5360877100599,uptrend,uptrend,-0.010309278350515427,0.6623060430630912,0.0014984001146187698,0.0003675820453059586,-0.01198317467697485,-0.0002775219302656451,-0.010777337344986204,0.003734982057258085,-0.00028916706051274055
2025-06-13,960.0,966.5,956.5,959.75,12116720.0,375,0.005156249999999973,0.002239583333333295,0.00031249999999993783,-0.0014583333333333393,-0.0024944135529803013,0.001982057166701523,0.0005208333333333037,-0.0007808433107756585,0.001983609124601937,0.0013041210224309374,0.14918459781194912,1807628,0.22351510969965468,0.3375307839085165,0.2711941845647997,0.13299473784984717,0.33076923076922726,0.325,0.3442622950819656,963.6077013633335,960.9129761675476,960.209199098436,0.0067708333333333925,0.65,966.5,960.0,low_only,,09:36,False,True,970.0,-0.010309278350515427,-0.010567010309278313,0.01295253553665943,0.17290694374044563,0.04021091714893925,969.2451796094205,949.9366332900576,uptrend,uptrend,0.002344360510549537,0.8970288736000889,-0.015408754425490834,0.006997507457197738,0.009796510440076789,0.0009226006818341403,-0.004845912455745172,-0.004757924123864443,-0.0017034439926097988
2025-06-16,962.0,969.45,960.05,968.45,16512744.0,375,0.00046777546777554413,0.0016112266112264795,0.0018711018711017324,0.002027027027027062,0.005085361423901258,0.003319674256963445,0.005353430353430388,0.0013441555084527934,0.0017584690974916661,0.00020655822359927356,0.05678062955496676,937604,0.09732252858761693,0.33018776285758444,0.2703424700340537,0.17047960048311778,0.8333333333333243,0.8936170212765968,0.7553191489361654,962.524495238217,966.2423029057873,966.691650230877,0.0043747721472839896,0.4468085106382984,964.25,960.05,high_only,09:30,,True,False,959.75,0.002344360510549537,0.009064860640791927,0.01325023207560364,0.12159987855556688,0.4040254029427256,969.1694482180471,950.6626476708396,uptrend,uptrend,5.162889152754424e-05,0.4806367179049742,-0.00012936845956534881,0.002153050559287717,0.008452492383457466,-1.8042291130448973e-05,0.008303837998346664,-0.0005418239480612375,0.0013621977995832424
2025-06-17,968.5,970.8,959.55,964.05,16978396.0,375,-0.003252452245740778,-0.006711409395973145,-0.0076406814661847955,-0.007898812596799143,0.0021309771309769854,0.004058906176822585,-0.0038719669592153227,-0.0007255765742421039,-0.0022768434670117355,-0.0008809203026221013,0.13952024678891928,2368830,0.17389510764149924,0.3824877214549596,0.3115711283916337,0.14142725849956617,0.016759776536310438,0.4,0.46222222222222625,967.2249742699984,963.0686818032333,963.777800333239,0.009304985184800163,0.7955555555555495,970.8,961.85,low_only,,09:30,False,False,968.45,5.162889152754424e-05,-0.004543342454437549,0.013393721400485583,-0.5010862325186057,-0.2890882110684299,968.6818817210902,951.1876418798263,uptrend,uptrend,-0.005756962813132094,1.2143150802202636,0.0014794945661651404,-0.003813378653486965,-0.004676143062753546,-0.0007863706480618626,-0.003987418281982125,-0.0028980307424861795,6.0794073819758765e-05
2025-06-18,958.5,968.15,958.5,966.25,18433556.0,375,0.0027125717266562877,0.004642670839853924,0.00657276995305156,0.0059467918622848615,0.0034269692092008253,-0.001037129226301614,0.004903495044340067,0.003166528239202604,-0.0010854957097073958,-0.0003620939375129639,0.14233564050257042,2623752,0.1722733258845987,0.39650906206051617,0.2153260065502283,0.09944765947492713,0.9569892473118424,0.8031088082901573,0.6666666666666774,960.600386787064,962.5744266790268,964.0661219029043,0.00485133020344275,0.48186528497409203,963.15,958.5,high_only,09:30,,True,False,964.05,-0.005756962813132094,0.0022820393133136108,0.013329551590130917,0.34829910132095643,0.36786646656370436,968.4502739381293,951.7783225904213,uptrend,uptrend,0.0007244501940490977,1.3449937818915148,-0.002139564841092567,0.004391175693420513,-0.0008935649206178731,0.0013142912517867256,-0.0017209105730330299,0.0002514951464334114,0.0018522369874158784
2025-06-19,966.95,973.4,962.8,966.7,16871640.0,375,-0.002533740110657323,0.0010341796370030298,0.002533740110657101,0.004705517348363442,-0.0012913890180278331,-0.002367472979927898,0.0023269041832565396,-0.00257944696657042,-0.0022706161626586674,-0.00015514299012253652,0.061302042954923176,1034266,0.08190383388929588,0.37353570844328116,0.2966873404126688,0.15218473130057303,0.7686567164179188,0.3679245283018946,0.6037735849056677,965.3470673888537,969.4077062195432,968.8245345739945,0.006958869962609082,0.6320754716981162,969.5,962.8,high_only,09:41,,False,False,966.25,0.0007244501940490977,0.0004657179818887691,0.013068715628189237,0.07913399192590151,0.17805148183325714,968.2835811821169,952.3634864104048,uptrend,uptrend,-0.000931002379228385,0.5301878145578581,0.0001814607591108519,0.0005160614032435618,0.0005624262949412984,-0.0029213609915703653,-0.002179545339986877,0.0005181182337594681,0.0003419140249999453
2025-06-20,965.8,984.95,965.8,981.55,32897612.0,375,0.005384137502588482,0.006367778007869251,0.006937254089873779,0.010302340028991663,0.009877051288646355,0.003996925441967614,0.014340443155932858,0.0019394681774103084,0.0020417538665713497,-0.0006109046479662039,0.040555101689447856,1334166,0.05914447528896626,0.6536977820760972,0.6127067824862181,0.3054215606895722,0.854166666666674,0.8224543080939909,0.887820512820513,970.0355378316242,976.5293377219458,980.3063466754571,0.007454959618968804,0.37597911227154107,973.0,965.8,high_only,09:49,,True,False,966.7,-0.000931002379228385,0.015361539257266799,0.013097801364883924,0.48617152073642583,1.0948740751543644,969.547049640963,953.5080555707812,uptrend,uptrend,-0.007488156487188591,0.7211033779003369,0.0017357252260079559,0.0017165806359213942,0.010039273589872222,0.0017274778822917725,0.01354027327063978,0.004651197371947857,0.00021199029511853595
2025-06-23,974.2,978.95,970.9,974.05,11737530.0,375,0.0025148840073905276,0.0015910490659001297,0.0008725107780742647,-0.0006158899609937096,-0.0017422495516270509,0.0001540673788003044,-0.00046191747074531,0.000308087291399195,0.0,-0.00025659447808679126,0.13470858008456635,1581146,0.16283459978377052,0.25241324196828463,0.1680022969057374,0.09551754074323984,0.3263157894736746,0.3913043478260808,0.3540372670807452,976.734141776492,974.3226469855081,974.2148725328068,0.004875795524532878,0.5900621118012372,978.95,974.2,low_only,,10:01,False,True,981.55,-0.007488156487188591,-0.007640976007335376,0.013503565116954705,0.1178243709805533,-0.03420707544597531,969.9759020561094,954.3136220189859,uptrend,uptrend,0.008675119347056226,0.8545935974635885,-0.005582192804952202,-0.0012630439358854995,0.002409807636403638,-0.0016380098280588395,-0.004818628574846162,0.002854093001785629,0.0019460971194580345
2025-06-24,982.5,989.5,977.8,981.85,22620530.0,375,0.003562340966921207,0.0009160305343511865,-0.0005089058524172518,0.002442748091602942,-0.0015761643278421333,-0.004010559447659601,-0.0015776081424936361,0.0009174779550435996,0.0012236781726406853,0.0013768485466598701,0.07501168186598633,1696804,0.09678473492884561,0.44693833433610974,0.3636791887723232,0.15159582909861086,0.5801104972375647,0.34615384615385064,0.26923076923077593,984.0247941423994,983.3042651235849,982.0924884135491,0.009252159689209227,0.7735042735042763,987.2,978.15,high_then_low,11:15,13:46,False,False,974.05,0.008675119347056226,0.008007802474205628,0.013450897930709754,0.06810181291018473,-0.11728645556753486,971.1067685269561,955.3934799790258,uptrend,uptrend,0.001171258338850123,0.9171055895854063,0.008854556891529697,0.0007783986433622658,-0.005609633080353782,0.0013139686045373633,0.004513420062582707,0.0001376318909889207,-0.00039649064949376367
2025-06-25,983.0,991.0,981.95,990.0,18405444.0,375,0.0008138351983721925,0.0043743641912512565,0.005188199389623671,0.005188199389623671,0.0027347310847767314,0.001669871470499018,0.0068667344862665125,0.0002525890376356976,-0.0002524614996213259,-0.00035341041046099697,0.12685822738098576,2334882,0.15583085091563126,0.29805735737752376,0.21203139679759966,0.1066810450212448,0.9639639639639555,0.8895027624309386,0.8965517241379328,984.1828484694297,987.9369643557163,988.5860272011546,0.005652018941901371,0.6132596685082854,987.5,981.95,high_only,09:30,,True,False,981.85,0.001171258338850123,0.00830065692315518,0.013427094381046648,0.3257863590670816,0.511408819465768,972.9061239053412,956.750598411221,uptrend,uptrend,0.0007070707070706561,1.3325309208453753,0.0031430047204898948,0.0003797163856567032,0.00429019874474923,-0.0008670434412518802,0.006573187537268321,0.003994647805594553,0.0011196324788875778
2025-06-26,990.7,1013.55,990.0,1008.85,50076010.0,375,0.0005551630160491872,0.0030281619057233033,0.0047945896840617674,0.0065610174624002315,0.015246050115728993,0.011231448054552784,0.01786615524376689,0.00044625148750498944,-0.0022746377886564417,-0.0016328550222661775,0.05723523100183102,2866112,0.08408497402249102,0.5041183992095217,0.3867282557056762,0.20382290841462808,0.9736842105263394,0.8004246284501086,0.9813333333333322,991.6751655552888,1000.7466846063186,1005.6411422841663,0.003838383838383752,0.16135881104033808,993.8,990.0,high_only,09:30,,True,False,990.0,0.0007070707070706561,0.01904040404040397,0.013457095513601691,0.22502343857651927,1.3276382876014192,976.3293502000706,958.7937121990162,uptrend,uptrend,-0.0023293849432521885,1.6357070132905989,0.001291787441527914,0.003156047243751736,0.009531460547430592,0.0008075327913195096,0.01165184347181758,-0.00012788533802843283,-0.00036128130381452017
2025-06-27,1006.5,1009.9,996.7,1005.75,28212184.0,375,-0.006905116741182327,-0.008296075509190315,-0.0060606060606061,-0.004421261798311038,0.007614086059209546,0.002943964872012428,-0.0014903129657227732,0.0007462686567163423,-0.0006955139351185746,-0.001538767000893393,0.14129866727085008,3986344,0.17109685659217308,0.5159412684959094,0.45663263787021946,0.20152222174646245,0.1479591836734631,0.6856060606060607,0.6287878787878786,1000.4304565285884,1004.1290982278288,1005.7618288774336,0.009832447075348583,0.7424242424242428,1006.5,996.7,high_only,10:48,,False,False,1008.85,-0.0023293849432521885,-0.003072805669822043,0.01377789372596804,-0.6021294454865909,-0.10816696625507345,979.1313168476829,960.6351352500353,uptrend,uptrend,0.0,2.154579058282658,0.0018115658195718698,-0.0014876850564872202,0.0015150537697470323,0.0006656152158466266,0.003997195500266226,-0.006808390452703095,8.065344086971571e-05
2025-06-30,1005.75,1006.9,997.75,1000.0,13647784.0,375,-0.002386278896346017,-0.0037285607755406236,-0.004325130499627128,-0.004225702212279359,-0.001996007984031989,-0.00259610584123815,-0.006810837683320914,0.001101211332465768,0.0006504227748036495,-0.0014977533699450651,0.09292805337481895,1268262,0.13567770416061684,0.4355784059888404,0.3257623362151687,0.14430225449054587,0.048543689320388564,0.2459016393442629,0.12568306010928745,1003.506400333685,1000.7453644877007,1000.5544163799775,0.0051410032443224285,0.5628415300546438,1006.9,1001.75,low_only,,09:30,False,True,1005.75,0.0,-0.005717126522495675,0.013828264163532833,-0.26963331994867346,-0.4925301977729132,981.1188104812369,962.1788554363085,uptrend,uptrend,0.0024999999999999467,0.6192640190623604,0.0011391809990852764,-0.0011320394440732517,-0.006640258907747665,0.0006355121855539103,-0.0048766309892342985,-0.002596521331467372,0.00046569914691185765
2025-07-01,1002.5,1008.0,1002.0,1005.75,14388286.0,375,0.0029925187032417977,0.0020448877805485655,0.0010972568578553332,0.0,0.0011945647304762996,0.0044887780548628076,0.0044887780548628076,-0.0012413108242304016,-0.0002485089463221124,-0.00019881703862023592,0.09956154610771568,1432520,0.12210446748139424,0.31769148875689573,0.21275932379993004,0.08992523501409411,0.5099999999999909,0.625,0.9090909090909091,1004.0430569439402,1004.548424966259,1005.0902942481599,0.004990019960079861,0.8333333333333334,1007.0,1002.0,high_only,14:17,,False,False,1000.0,0.0024999999999999467,0.005749999999999922,0.013420413579436455,0.15237144283555185,0.3344738989073166,983.4646380544525,963.8875277721395,uptrend,uptrend,0.0041759880686056405,0.7742627311067668,0.0017210658062642992,0.0008688386327924125,-0.0006516289745942538,-6.657607099358476e-05,0.0010016681400923932,0.001176049147756153,-0.0011747347532368169
2025-07-02,1009.95,1009.95,988.95,992.75,18877660.0,375,-0.00925788405366601,-0.009851972869944103,-0.010644091291648117,-0.009851972869944103,-0.007249999999999979,-0.009850000000000025,-0.01960493093717519,0.0026258647679644476,0.001563761097659322,-0.0006040167111290851,0.10037027894347075,1894756,0.11882669780046891,0.32456512088892375,0.20402729999374922,0.07810692638812225,0.10762331838565342,0.18095238095237878,0.007518796992480046,1003.1631675529726,996.4878141393789,995.0104721824624,0.011163396075290377,0.5309523809523853,1009.95,998.8,low_only,,09:45,False,True,1005.75,0.0041759880686056405,-0.012925677355207554,0.012991827354682442,-0.7583207966809465,-1.5090202788223852,984.3489582397427,965.019389428134,uptrend,uptrend,0.004734323847897404,1.0813484182315423,0.0021658246191202934,-0.0007581590023564289,-0.007173200251677447,0.00149971954063699,-0.0035307249441899335,-0.009093813867587675,0.0011261452273274575
2025-07-03,997.45,1004.0,992.15,993.05,16858328.0,375,-0.0022056243420722765,-0.0031580530352399716,-0.001353451300817099,0.0014035791267732467,-0.0012571658453183199,-0.0021024177804475075,-0.0007017895633867344,-0.0037120642086782007,-0.001056231767427862,-5.034739703968505e-05,0.10491894569852954,1768758,0.1218261977107101,0.4635610364206937,0.3467966692782345,0.12109006302404367,0.14864864864863453,0.07594936708860553,0.2926829268292683,995.1282176155999,998.9015229341326,996.5604783997561,0.003723270440251669,0.31223628691983446,997.45,993.75,high_then_low,09:45,14:38,False,True,992.75,0.004734323847897404,0.0003021908839082599,0.013453552471651867,-0.23473748230397443,-0.052163884956444265,985.1776288835767,966.1186290584033,uptrend,uptrend,0.0005034993202759352,1.009440616910244,0.0024466598671140094,-0.0027308263837427793,-0.002019204002336794,-0.002207939152025551,-0.0017863564812903299,-0.0004272266514971923,-0.0015041250566526498
2025-07-04,993.55,1001.75,990.0,996.35,7862064.0,375,0.005284082331035167,0.004680187207488418,-5.032459362885877e-05,0.0013084394343516603,-0.0018533360048086367,-0.0031663064783635786,-0.0018620099642694399,0.004688918019562394,0.001960981496379688,0.0022633537873453236,0.14958336640352965,1176034,0.29975029457913344,0.25923396197232684,0.1672710881010381,0.0988559747160542,0.5670731707317153,0.5404255319148955,0.14468085106383366,997.7111489407051,993.8159363146997,993.9062092261432,0.00825323335514061,0.6978723404255358,1001.75,993.55,low_only,,09:36,False,False,993.05,0.0005034993202759352,0.0033230955138210394,0.013550250568170002,0.34539488284315095,-0.13741516844296328,986.2416642279981,967.3041730168973,uptrend,uptrend,-0.0018567772369147972,0.6786974233904919,0.0012383157331063988,-0.00015533537694378818,-0.0015572863106274593,0.003093829081205701,0.0027719372849188684,0.004835522584432206,0.0015950889383566924
2025-07-07,994.5,999.2,991.9,992.75,11348802.0,375,0.002966314731020603,0.0039215686274509665,0.002513826043237799,-0.00040221216691804784,-0.005659054487179516,0.0007041545116184267,0.0003016591251885359,-0.002060715721753037,-0.0007549068948162763,-0.0008051934980624065,0.0659098643187184,747998,0.12191207494852761,0.3007029288201521,0.19843169349504908,0.10026256515885994,0.8596491228070067,0.1164383561643856,0.3972602739725959,996.7371133345277,995.192755607312,994.6902922646219,0.005737292400604055,0.7808219178082181,999.2,993.5,low_only,,10:05,False,True,996.35,-0.0018567772369147972,-0.003613188136698975,0.012768911449822076,0.3071184762194909,0.02362449817073007,986.8615057300934,968.3020485848621,uptrend,uptrend,-0.004281037522034792,0.4316748625475464,-0.0006812524049976121,-0.00041453098078814143,0.00010608849745286086,7.071816258497066e-05,-0.0005045586976495375,0.004336099608239108,-0.0021314338843380076
2025-07-08,988.5,1002.5,988.5,999.7,15223092.0,375,0.004602933737986703,0.004957005563985817,0.006069802731411222,0.005058168942842611,0.006341856251258271,0.00352289884247603,0.008598887202832639,0.0027081243731195137,-0.0002500125006250631,-0.0016477755030708252,0.11457370158440874,1744166,0.14185134005627767,0.4287548153817897,0.2575771072000353,0.11169517992796733,0.7538461538461504,0.8000000000000033,0.9497206703910567,991.3552550808429,994.2095977308494,996.4984771140232,0.006575619625695417,0.4642857142857143,995.0,988.5,high_only,11:29,,True,False,992.75,-0.004281037522034792,0.007000755477209797,0.012652681627341936,0.3917750963775084,0.6796098610630327,988.0842194700846,969.5333407972205,uptrend,uptrend,0.003801140342102549,1.0641809667627633,-0.0010646259371950295,0.001830669915073635,0.0011601452737843854,0.0025827511504536993,0.0026772788789606317,0.003126335648912182,0.0001253732226658144
2025-07-09,1003.5,1006.9,999.05,1004.25,13861102.0,375,-0.0034877927254608476,-0.0030393622321872593,-0.003986048829098143,0.00024912805181864783,0.0037982907691538337,0.0002988792029887666,0.000548081714000892,0.00019919326726758335,0.0004482964734011663,-0.0012431626056688128,0.07249019594545945,1004794,0.0929451352424937,0.2880921011908,0.24001035415510252,0.1257937500207415,0.3146067415730509,0.662420382165609,0.6369426751592339,1001.0517525648708,1002.7976734630292,1003.507269150269,0.004454231519944063,0.566878980891724,1003.5,999.05,high_only,10:11,,True,False,999.7,0.003801140342102549,0.004551365409622754,0.012809841566164598,-0.23726774577878534,0.04278598694370843,989.6238176157908,970.8947784130157,uptrend,uptrend,0.0037341299477222645,0.6130624323128785,-0.00033303164584241873,-0.0012306679313019986,-0.0008838077022567115,-0.0010748449026264373,-0.0022900823175866503,-0.0018086943008852607,0.0012740381698940206
2025-07-10,1008.0,1008.5,1000.0,1001.4,17030088.0,375,-0.005456349206349187,-0.00694444444444442,-0.006249999999999978,-0.005456349206349187,0.00039960039960029725,0.004887780548628484,-0.0005952380952380931,-0.005955926146515744,-0.0021921084097250576,-0.0011968880909635216,0.05899934281020744,1004764,0.07396109755862683,0.3612413511897296,0.2647709160398936,0.14505068910976854,0.04458598726114926,0.1647058823529385,0.870588235294115,1003.9534226279338,1004.4410761814515,1004.1930401925504,0.007844900814470535,0.9235294117647086,1008.5,1000.65,low_only,,09:32,False,False,1004.25,0.0037341299477222645,-0.002837938760268832,0.012677752270501729,-0.5477662204050615,-0.04695139032043385,990.7453587952393,972.0910616125053,uptrend,uptrend,-0.002396644697423622,0.6130441281898747,0.0018456958960755276,-0.0023812650298981053,-0.003931537160473897,-0.0024870776247620796,-0.004574969614740465,-0.0045631794145463145,-0.0034688485217536646
2025-07-11,999.0,1002.4,990.45,991.45,12515382.0,375,0.0019019019019019812,0.0025025025025025016,0.0013013013013012387,-0.0018018018018017834,-0.010034947578631992,-0.004462494985960741,-0.006256256256256254,-0.0013094938302694592,-0.0008565957875641406,0.00010087254753621266,0.04747038484322732,594110,0.06213489927834404,0.3563640326759503,0.29384592495858297,0.15815354257664688,0.7352941176470638,0.08368200836820132,0.1924686192468592,1000.5751374324622,994.7844251625731,993.76618012139,0.0034034034034033933,0.2845188284518826,1002.4,999.0,low_only,,09:49,False,True,1001.4,-0.002396644697423622,-0.009936089474735343,0.012441268875830053,0.20114527927004072,-0.5028631981751018,990.812467481407,972.8502356669169,uptrend,uptrend,5.043118664582735e-05,0.36248875059107066,-0.0036550990900716673,0.0021737839282534033,-0.004084258874304636,-0.00046914105441442366,-0.008189946800851389,0.00032871857424909834,-0.0008403527758550355
2025-07-14,991.5,994.35,985.3,991.45,13088202.0,375,-0.0001512859304084735,-0.001865859808371173,-0.0036308623298033638,-0.002420574886535576,0.0018188248370636373,-0.0008088160954403678,-0.0032274331820474345,0.003187291308307305,-0.001057934508816083,0.0,0.049070147297543235,642240,0.07646993834600047,0.49018069861696817,0.3888665532515467,0.18245959223428856,0.24193548387096597,0.6795580110497287,0.3314917127071798,991.0143901033881,987.9154762493519,989.4095979901082,0.0062743510600618,0.6850828729281767,994.35,988.15,low_only,,09:32,False,False,991.45,5.043118664582735e-05,0.0,0.012342057256633008,-0.15117899468246282,-0.2614988016129086,990.8731848641302,973.5796381897829,uptrend,uptrend,-0.004992687477936353,0.4262184329650333,0.0003559985760057671,-0.003033857531958839,-0.0036064335275055592,0.0011293437834214437,-0.002126047361732386,0.001167997723587666,0.0020579475248858614
2025-07-15,986.5,1001.8,986.5,999.0,14498028.0,375,0.00684237202230098,0.005372529143436333,0.0059807399898630376,0.007247845919918783,0.007259528130671544,0.0067931364162432395,0.014090217942219985,-0.0013994402239103643,0.0009017132551847329,0.00035047313873737274,0.15793609999925506,2289762,0.18514035150159733,0.35500979857398535,0.26513688620273046,0.1179727339469892,0.7464788732394279,0.81699346405229,0.908496732026145,990.415885493776,995.8318908662948,996.6672262232262,0.0071971616827166685,0.4640522875817022,993.6,986.5,high_only,09:54,,True,False,991.45,-0.004992687477936353,0.007615109183519042,0.012293119563503667,0.4370354583865372,1.1461873342590452,991.6471672580225,974.576515123517,uptrend,uptrend,0.010010010010010006,1.5195857802424024,9.56666972269371e-05,0.0023077382968972326,0.0036768369238127097,0.001505058226692002,0.005283591965592027,0.0030647908465391005,-0.0029044984506023663
2025-07-16,1009.0,1011.35,996.3,998.0,17990112.0,375,-0.003914767096134808,-0.006342913776015813,-0.004459861248761188,-0.005450941526263575,-0.0045880710153600734,-0.006228201295465863,-0.011645193260654163,0.0007520681875157198,0.0005514060855180691,-0.0004006410256409687,0.3029086200241555,5449360,0.3656540882013408,0.18506744149230422,0.14862709025936024,0.08504883126908826,0.09326424870466107,0.11295681063123175,0.027586206896550156,1007.5119919892733,1003.8527650059392,1002.7817980658853,0.009633622841169975,0.6411960132890321,1011.35,1001.7,low_only,,09:35,False,True,999.0,0.010010010010010006,-0.0010010010010009784,0.012483891689498126,-0.5080878570383375,-0.9328175500313333,992.2521989477347,975.4950831578889,uptrend,uptrend,0.004008016032064132,3.61643261064763,-0.0009139698608030544,-0.0019804259304826433,0.0011251518061961008,-0.0010465828475378913,-0.0008366492001277148,-0.0043624878455331695,0.0017986510350536111
2025-07-17,1002.0,1002.4,991.35,993.0,22520132.0,375,-0.0030439121756486998,-0.002844311377245501,-0.00339321357285427,-0.004341317365269437,-0.00615523194715506,-0.0020548288477922894,-0.006387225548902142,-0.002611490558457219,-0.0011065285182577655,-0.0013074524791309994,0.08515278684867389,1917652,0.1036200853529633,0.46816324167194046,0.3395254521598719,0.13637078148565027,0.4491525423728792,0.14932126696832435,0.19047619047619369,999.5995017691774,997.6819424631066,995.9187665611074,0.005920722528850897,0.5339366515837105,1002.4,996.5,low_only,,10:22,False,True,998.0,0.004008016032064132,-0.00501002004008011,0.012736652229717826,-0.22331703228961566,-0.5014838619836955,992.3234180955694,976.1815504850306,uptrend,uptrend,0.00045317220543816816,1.2726373791919874,0.001277851304936295,-0.0008303359987317238,-0.0038405517077376716,-0.0009688129753300245,-0.0035339335001418615,-0.002013975378513777,-0.0016426775831271945
2025-07-18,993.45,998.5,976.5,978.0,16116438.0,375,0.00035230761487725637,-0.003523076148774451,-0.0028687905782878165,-0.00644219638633059,-0.012071316733168413,-0.0035965756547287064,-0.010015602194373141,-0.005592272496187101,-0.0006641802483011716,-0.0002555583950932805,0.10816608483834951,1743252,0.17992350418870473,0.3474402966710138,0.24673578615820693,0.1280612998976573,0.19718309859155186,0.06818181818181818,0.13043478260869565,993.985093472812,987.3006509404163,984.427179715518,0.010780989016551112,0.4840909090909081,998.5,987.85,low_only,,10:12,False,True,993.0,0.00045317220543816816,-0.015105740181268867,0.012741747154366604,-0.2764986705584635,-0.7860462205876365,990.9592830388485,976.2528622307157,uptrend,uptrend,0.011349693251533788,1.0636233011485836,-3.783428582815329e-05,-0.0015273681674170536,-0.004860893998259508,-0.0007624117023192767,-0.0056572213703975915,-0.0019957079813573975,-0.004829860793867824
2025-07-21,989.1,1001.0,988.25,1000.75,22307392.0,375,0.007734303912647844,-0.000556061065615232,0.005611161662117059,0.00849256900212314,0.012341307976329041,-0.00025062656641605674,0.008239813972298116,0.0035096515417398777,0.002403966544798797,0.0003498600559777021,0.20565021675326278,4587520,0.2508399009619771,0.22224426772972833,0.160019512814407,0.08078174266180466,0.0043478260869525675,0.9803921568627451,0.708661417322832,994.8853821236748,996.1424712616582,996.8182279622827,0.01163378856853825,0.9019607843137255,1000.0,988.5,low_then_high,09:50,09:33,True,False,978.0,0.011349693251533788,0.023261758691206502,0.012859018347536205,-0.04324288608871716,0.6407809484055109,991.891732273244,977.2135343000994,uptrend,uptrend,0.005795653260054934,2.667119372475332,0.0012636452661365372,-0.0038981559262371013,0.0013500540021600393,0.002418831330956328,0.00504056281278209,0.0033420948606218692,0.0010908202107835496
2025-07-22,1006.55,1009.0,1001.5,1002.5,14832258.0,375,-0.004619740698425301,-0.0037255973374398232,-0.0015895881973075898,-4.9674631165785854e-05,-0.0002991623454327019,-0.0024838549428712886,-0.0025334061894589643,-0.0014940239043824688,-0.001891676622859384,-0.000847162007275637,0.10364800828033062,1537334,0.13804452430641376,0.3607497927827307,0.28919345928313817,0.14710019202740404,0.17333333333332726,0.13333333333333333,0.3333333333333333,1004.414597673635,1005.0200759990342,1004.5056591698084,0.007488766849725437,1.0,1009.0,1001.5,neither,,,False,False,1000.75,0.005795653260054934,0.0017486884836372951,0.013492378171669794,-0.27612606836521464,-0.1877657264883374,992.902043485316,978.205160405978,uptrend,uptrend,0.0029925187032417977,0.881645962715109,0.0029230910242974417,-0.0016947031090749354,-0.0038602674571308615,-0.00018348989808325555,-0.0011317762111797691,-0.002030894228364888,-0.0013105340062992132
2025-07-23,1005.5,1014.9,1001.5,1012.5,13634166.0,375,-0.001989060169070078,-0.002834410740924942,-0.0009945300845350946,-0.0010939830929885819,0.00982396648880468,0.007666268418956568,0.006563898557931491,0.00039521786384733026,0.0005929439667951009,4.938515482244554e-05,0.06066040269716534,827054,0.08090879926208908,0.28356761975760014,0.19701549768427346,0.10140656934938301,0.2323232323232256,0.8208955223880611,0.791044776119406,1003.6535252031106,1009.129531716523,1009.9802058593098,0.0049425861208187705,0.3694029850746309,1006.45,1001.5,high_only,11:49,,True,False,1002.5,0.0029925187032417977,0.009975062344139696,0.013111488591177936,-0.21617764613181106,0.5006219173578819,994.7685155343336,979.5500560763318,uptrend,uptrend,0.006271604938271613,0.474307352889731,0.0029702891294198785,-0.0010183238627887725,0.0022295723636451825,0.0005477190280764876,0.005757054686035046,-0.0018160868781361694,-0.00015250116422915738
2025-07-24,1018.85,1018.85,1004.2,1005.85,19104376.0,375,-0.007164940864700431,-0.008588114050154583,-0.009029788487019741,-0.010158512047897195,-0.0042075042075041535,-0.0007436787307882886,-0.01089463610933894,-0.0018853882411311584,-0.0009435836313070878,-0.0017368003175863844,0.20231783545298732,3865156,0.2752131762900814,0.21547021478220488,0.1438755183629133,0.06923523699491677,0.05913978494624346,0.11262798634812149,0.21554770318020916,1014.2412409313706,1009.9098318524995,1009.3266688166101,0.009212025159724746,0.6348122866894255,1018.85,1009.55,low_only,,09:32,False,True,1012.5,0.006271604938271613,-0.006567901234567852,0.013313860646475351,-0.6450506189148194,-0.8182927851376554,995.8238950072542,980.5814264262797,uptrend,uptrend,0.001043893224635939,2.356381451362653,0.001352680767338743,-0.0021649308925535404,-0.0065799637923725784,-0.001008884564464907,-0.006239785475143922,-0.006423183157601042,-0.0008765036766662515
2025-07-25,1006.9,1006.9,999.5,1002.5,8251940.0,375,-0.003376700764723406,-0.002085609295858548,-0.0036249875856588787,-0.0028304697586651884,-0.002289012738853513,-0.00253971415766141,-0.005362995332207743,0.0009985022466301174,0.0005489295873046807,0.00034924911440414874,0.11212369454940292,925238,0.13972568874713098,0.2317016362213007,0.19133052348902196,0.10213598256894742,0.6347826086956482,0.40540540540540665,0.2702702702702711,1003.7390715686126,1002.2600310380899,1002.2223480741093,0.005743395095640036,0.7770270270270294,1006.9,1001.15,low_only,,10:37,False,False,1005.85,0.001043893224635939,-0.003330516478600165,0.012847923497204868,-0.16233045723787842,-0.4174211757545482,996.4597145303729,981.4409783311314,uptrend,uptrend,-0.0009975062344139696,0.5640687365001252,-0.002277272382533946,-0.00016003296679112378,-0.006363310842033454,-0.0001449520450317321,-0.008769793907847379,-0.0019255763290674244,0.0011434542916618495
2025-07-28,1001.5,1010.7,1000.25,1004.95,12058582.0,375,0.0031452820768846923,0.0029455816275587576,0.003794308537194091,0.007338991512730875,0.0004977848573846089,-0.005055260940675099,0.002246630054917542,0.0011955168119552884,-0.0002984332255657751,0.0010957812422174307,0.0687624797011788,829178,0.10314048534064785,0.34032707991702504,0.25895101098951767,0.13926430155718145,0.6511627906976769,0.44976076555024164,0.3349282296650703,1003.5264204227961,1006.1894642007095,1005.5701891980328,0.006448387903024377,0.6172248803827768,1006.7,1000.25,high_only,09:34,,False,False,1002.5,-0.0009975062344139696,0.002443890274314242,0.012561561346504612,0.2344916803179405,0.17884958668316267,997.2683131465279,982.3629007495184,uptrend,uptrend,-0.004975371909050175,0.5583964733619902,-0.0020034471371848106,0.00011500073640813291,-0.004428537130106158,5.0663283710283835e-05,-0.0063727740594873294,0.0028305808911506247,0.0011448535282450045
2025-07-29,999.95,1013.25,999.7,1011.6,19072100.0,375,0.0018500925046252004,0.0018500925046252004,0.004350217510875387,0.005100255012750576,0.0097823916949491,0.007014576389234417,0.012150607530376556,-0.0004940223298093294,0.002974419988102328,0.0016833349836617995,0.12629086466618777,2408632,0.18481415261035755,0.2216573948332905,0.16163579259756397,0.09092674639919045,0.6461538461538182,0.8782287822878242,0.946564885496188,1001.0963290088869,1007.152153580407,1007.8238426672124,0.0032509752925877766,0.23985239852398604,1002.95,999.7,high_only,09:34,,True,False,1004.95,-0.004975371909050175,0.006617244639036679,0.012627873939369955,0.14650862952132918,0.9622053236130729,998.6332357040014,983.509453661302,uptrend,uptrend,0.0023724792408066353,1.622054148116372,-0.002421582276044165,0.00390831308756745,0.008324463114787406,0.0004552945110822826,0.006340695348738379,-0.0020582205829422495,-0.000949316840891612
2025-07-30,1014.0,1016.3,1008.5,1012.25,15151404.0,375,-0.002465483234713961,-0.0032544378698224907,-0.002218934911242587,-0.0034516765285995676,0.0015335905807856154,0.0023255813953488857,-0.0011341222879683865,-0.0005923878165572383,-0.001134793763568176,-0.0003950032094010014,0.16292971925242045,2468614,0.21577907895532322,0.22492833007422944,0.16691337647652985,0.08533149799186927,0.034482758620697766,0.48076923076923356,0.5576923076923138,1012.6027848015119,1011.6286530402036,1011.9302473244942,0.005739732805541742,0.7435897435897421,1016.3,1010.5,low_only,,09:31,False,False,1011.6,0.0023724792408066353,0.0006425464610517739,0.012902036833046254,-0.2522421778774365,-0.08790257713910223,999.9300703988584,984.6365339098785,uptrend,uptrend,-0.004890096320079085,1.5049835608638213,0.0024163928088150044,-0.002298074759746749,-0.0005383601709896269,-0.0013044177352574682,0.0005698659707453757,-0.0009563631100757419,0.0007120299187002299
2025-07-31,1007.3,1015.7,1004.0,1009.0,22182284.0,375,0.002184056388365052,0.0017373175816539632,0.003127171646977178,-0.0004467388067109779,-4.9551558396476736e-05,0.004668024035357821,0.004219199841159593,-0.002520883792200057,-0.0026194830227845856,9.911785112493021e-05,0.08690078983751177,1927658,0.10046864425683126,0.4121718935705629,0.3244511701319846,0.1435164205813973,0.46511627906976416,0.42735042735042567,0.6452991452991389,1009.6553415941349,1010.9168331982291,1010.435727463111,0.0064112121663932875,0.551282051282053,1012.5,1006.05,low_then_high,12:16,10:20,False,False,1012.25,-0.004890096320079085,-0.0032106693010619525,0.012243567692525952,0.1418963512338404,0.3446054244250384,1000.7938732180148,985.5919639526285,uptrend,uptrend,-0.001982160555004997,1.1751912615611968,-0.008142630878804402,0.0027249946737819553,0.009126601669896317,-0.004083700785976752,-0.0031777593073732957,-0.000987677092127992,0.0015628169937766945
2025-08-01,1007.0,1014.15,1004.65,1008.45,11316778.0,375,0.0018867924528300772,0.0003972194637535953,-0.001340615690168856,0.0043694141012908805,0.001042287075640358,-0.003608859007316556,0.000744786494538241,0.0006946167204167075,0.00059532668551876,0.0026347186319348737,0.11886704855392587,1345192,0.1546646934312929,0.34513109650114193,0.29792667135469125,0.1584438609646668,0.14814814814814034,0.4000000000000072,0.29281767955801,1009.0598727418344,1008.4391048079942,1007.6815874388753,0.0053645936817008355,0.5684210526315766,1012.0,1006.6,low_then_high,10:19,09:31,False,False,1009.0,-0.001982160555004997,-0.0005450941526262687,0.01222466117099815,0.032493290259525624,0.06092491923663098,1001.5230281496324,986.4883575231136,uptrend,uptrend,-0.0033715107342953132,0.8200925078629245,-0.001239622702458143,-0.0019405778879235669,-0.004303635753530433,-0.0022859741477843087,-0.0078112381690731425,0.002337797351677162,0.0029805908682010163
2025-08-04,1005.05,1009.25,994.05,997.45,13933174.0,375,0.002736182279488686,0.001641709367693256,-0.0033829162728222784,-0.005671359633849016,-0.009188437468958033,-0.0039525691699605625,-0.009601512362569009,0.002059473578460924,0.001656959228760968,0.0017575574972381602,0.07938435276843596,1106076,0.10154297936708463,0.3080168237330561,0.19069854435177513,0.08630452759722947,0.5188679245283063,0.2236842105263211,0.04152249134948241,1007.4355676885374,1000.5070084785365,999.0387141293147,0.005279147367896808,0.34868421052631177,1009.25,1003.95,low_only,,09:39,False,True,1008.45,-0.0033715107342953132,-0.01090782884624919,0.012103812601487622,0.13563572254014253,-0.7932634681892656,1001.1351207068102,986.9182258555405,uptrend,uptrend,-0.004210737380319851,0.6743161130359028,0.0009726458612697719,0.0026203394447483763,0.005112609545028679,0.00020629565808327754,0.006297780210522852,-0.0009786300770551204,0.0018531779203776466
2025-08-05,993.25,997.2,982.75,990.5,23977774.0,375,-0.005638056883966791,-0.006493833375283198,-0.00795368738988167,-0.0028693682355902528,0.003749493311714591,-0.0009592084006461166,-0.003825824314120263,0.0010611956137247525,0.0030379746835442756,0.0005050505050505638,0.4454602833440669,10681146,0.4690724835424673,0.21402845818798694,0.16585117534263188,0.09297084875351648,0.2802768166089925,0.5363321799307942,0.4636678200692058,988.2305151151382,988.706819751491,988.697237797526,0.01470363775120842,1.0,997.2,982.75,neither,,,False,False,997.45,-0.004210737380319851,-0.006967767807910197,0.0124911072821566,-0.5198765192385757,-0.30628384079171334,1000.1222520680664,987.0586875866959,uptrend,uptrend,-0.0049974760222110115,6.511730526192577,-0.0002689378773724771,-0.0019113884366056544,-0.003960315935316205,0.0011026567326026804,-0.003130194241898532,-0.004582444938677543,-4.1461118877927916e-05
2025-08-06,985.55,994.0,985.0,993.5,14079606.0,375,0.0010146618639339522,0.0029425194054082393,0.0004058647455735809,0.003094718684998332,0.005109009054580449,0.0033886303864050227,0.006493835929176628,0.0015625787590098916,0.0025732882587414796,0.0007554772097708717,0.15515519397346772,2184524,0.2106298997287282,0.21731701867225545,0.1536010311652187,0.07959768192376974,0.8734177215189888,0.9444444444444444,0.8687500000000057,986.6069526359059,988.4599305877949,989.2597787419144,0.004010152284263935,0.43888888888889394,988.95,985.0,high_only,09:31,,True,False,990.5,-0.0049974760222110115,0.003028773346794633,0.012522874261259786,0.23497156834921581,0.5185579439430829,999.4915613949172,987.3112880734922,uptrend,uptrend,-0.003472571716155004,1.3317888938134834,-0.0003306355098481317,0.00040379281167624015,-0.0027190068725941874,-0.00019329097209086488,-0.0032414450597375577,0.002538726593731999,0.0017558697311007565
2025-08-07,990.05,1000.8,988.4,999.7,13076984.0,375,0.0034846724912882543,0.0021211049946971983,0.001111054997222416,0.0012120599969698276,0.007609736430983283,0.0007061790668347889,0.001919094995202375,0.007812893795050124,0.005734406438631767,0.002004610604390056,0.06041438912825771,790038,0.07569008266737957,0.2795734857517605,0.20608620458662333,0.10230646454870634,0.488636363636361,0.9112903225806523,0.5071428571428669,992.4672890417928,991.8489546233176,993.117771720146,0.004444444444444473,0.35483870967741815,994.4,990.0,low_then_high,12:02,10:21,True,False,993.5,-0.003472571716155004,0.006240563663814758,0.012584572477943368,0.16854803756065614,0.15249584350727208,999.5114126906394,987.7971199137475,uptrend,uptrend,-0.006151845553666213,0.43160814924401186,-0.004289854128679216,0.002520008829227871,0.0002227745031515571,0.006416111386962964,0.0023219751237302244,-0.0003989038345306728,0.0013967824080871605
2025-08-08,993.55,996.4,985.0,986.0,13894454.0,375,-0.0003019475617733747,-0.0013084394343515493,-0.0015097378088672064,-0.0029188264304765843,-0.00629881582262537,-0.002876899005703315,-0.005787328267324199,-0.0018222312208948654,-0.0030837672514028025,-0.00015210667748311035,0.14138360528596516,1964448,0.17763778267213667,0.2687280838815257,0.19122161979160893,0.09525728754796697,0.0879120879120838,0.08771929824561421,0.15686274509803136,993.4860150875292,990.3309620944539,989.54186816073,0.004587387205726712,0.39912280701754066,996.4,991.85,low_only,,09:31,False,True,999.7,-0.006151845553666213,-0.013704111233370009,0.012785427450249664,-0.10233834100916189,-0.45265035446360363,998.2246114820072,987.7266446230122,mixed,uptrend,0.001977687626774971,1.0732037769906013,-0.0033459686965138236,-0.0011713537793984763,-0.0058160261568391824,-0.002075692068110646,-0.011199249593428329,-0.000137085654953073,0.00025346084721578066
2025-08-11,987.95,998.8,986.55,996.0,9104776.0,375,0.0013664659142669233,0.005314034111038035,0.0032896401639759265,0.0034920795586821374,0.002819170358437262,0.0030764575347992373,0.006579280327951853,0.0015586505103322157,0.00020084354288019135,-0.0018539860700506061,0.094352019203987,859054,0.11987225166220454,0.34336001237152897,0.22662918890041886,0.10750335867680874,0.8750000000000093,0.7714285714285751,0.9349112426035561,989.9070492658204,991.6134950445152,993.4560141695595,0.007703613602959791,0.620408163265308,994.15,986.55,high_only,09:34,,True,False,986.0,0.001977687626774971,0.010141987829614507,0.012923983346956769,0.4111761806230847,0.5090752712476286,998.012743721816,988.0510899319137,uptrend,mixed,-5.0200803212829825e-05,0.44680610926037173,0.0008480196789846239,0.0012288944053504558,0.007026649980510058,0.000790457467072736,0.008677315165589894,0.004085139705687579,0.0007681930432594797
2025-08-12,995.95,998.0,983.75,984.95,12935056.0,375,-0.0031628093779809685,-0.0010542697926603228,0.0008032531753601191,-0.0002510166173000927,-0.010001005126143214,-0.008335844129758074,-0.008584768311662327,-0.002481263925460775,-0.0010649087221095144,-5.076142131976713e-05,0.06459747835649107,835572,0.09976439220672875,0.37436590920054774,0.2803125088905684,0.11670857860994185,0.8108108108108009,0.08421052631579266,0.06607929515418488,993.0838660223176,991.6017912552005,989.2588510478809,0.0056037964458806044,0.3894736842105311,995.95,990.4,high_then_low,09:35,10:32,False,True,996.0,-5.0200803212829825e-05,-0.011094377510040165,0.01311666832890741,-0.08037633995340501,-0.654493053906275,996.768672891167,987.9294785620348,mixed,uptrend,0.012234123559571541,0.434592789658051,4.885565799406244e-05,0.0022757482183823896,-0.0007511190452441641,-0.0024057950938892736,-0.0031064055874588936,-0.0033300180110427124,-7.54688315715013e-05
2025-08-13,997.0,997.0,984.55,989.05,13576860.0,375,-0.009428284854563707,-0.010130391173520548,-0.008776328986960902,-0.01038114343029084,0.0021785388590536137,0.0028885623067957944,-0.0075225677031093285,-0.00045477513895908483,-0.002068408838664215,-0.0013630856219709608,0.13118128934083434,1781030,0.1688929546301575,0.25930620187583875,0.20103720595189167,0.09585544816695465,0.08181818181817975,0.3614457831325288,0.39759036144578536,989.9311846890093,987.7461534710858,988.403203384288,0.011156186612576002,0.8835341365461815,997.0,986.0,low_only,,10:18,False,False,984.95,0.012234123559571541,0.004162647850144641,0.013060432619009474,-0.7756551003353251,-0.5759815101499948,996.0335611872463,987.9734205792099,uptrend,mixed,-5.055356149841206e-05,0.9730001114478828,0.004098285336224805,-0.001600491332536258,0.001925877118058139,-0.00012787438270156493,0.005903409520192415,-0.00852989984098429,-0.0003269007562575199
2025-08-14,989.0,998.0,985.6,994.6,17509532.0,375,0.0019716885743175094,0.004701718907987873,0.007532861476238661,0.0045500505561173465,0.0009560710511749004,0.0017111222949171,0.006268958543983905,-0.000602893890675249,-0.001706313359429834,-0.0008036970062286208,0.09014678404882552,1578428,0.13034340380999332,0.3013023991732046,0.2142460460964919,0.1093893314795621,0.9470588235294064,0.7258064516129046,0.7741935483871,990.2254043263298,994.861587864116,995.0778189483683,0.008624188311688208,0.6854838709677432,994.1,985.6,high_only,09:35,,True,False,989.05,-5.055356149841206e-05,0.005611445326323405,0.012939191143003795,0.36337038815058287,0.4844938508674495,995.8970315503657,988.2332864388487,uptrend,uptrend,0.010456464910516772,0.8957444381579,-0.0009398954137976867,0.001109429131658235,0.0008026089871886466,-0.00044463393836036147,-0.0005826133558529678,0.003592289776329638,-0.00015825995231488754
2025-08-18,1005.0,1013.3,997.8,1002.5,19284020.0,375,0.0011940298507462366,0.0065174129353233745,0.005024875621890468,0.0009452736318409372,-0.00894666600761207,-0.00392663651274916,-0.0029850746268657025,0.0004990019960080527,-0.0014442950346132966,0.0006987422639250784,0.14634676794568768,2822154,0.2356704670499201,0.2429324383608812,0.18124488566180702,0.0959984484562866,0.9746835443037918,0.30322580645161584,0.2709677419354868,1005.7779521599458,1005.0152714793426,1004.3137540737526,0.011849999999999916,0.7645161290322595,1011.85,1000.0,high_then_low,09:30,12:14,False,False,994.6,0.010456464910516772,0.007942891614719505,0.01301244809115519,0.5008598604710965,-0.2294014628111919,996.5258856884261,988.7927654020311,uptrend,uptrend,-0.003341645885286848,1.699232918282315,0.013086989992301845,0.0010245326446975955,-0.00033081778155596986,-0.0018411589273144013,0.010887205705220726,0.005492880290625779,0.002340160923322454
2025-08-19,999.15,1003.05,993.35,995.0,12350420.0,375,0.002051743982385057,0.00125106340389336,0.00045038282540166286,-0.00010008507231151764,-0.005397840863654468,-0.0026525198938991412,-0.0027523394885652364,-0.0014050582095543884,-0.0003014166582939737,-0.0005022601707684871,0.09646230654504058,1191350,0.11241803922457698,0.31429020227652177,0.18791733398540292,0.09702876501365945,0.5,0.170103092783504,0.29255319148936243,1000.131559099621,998.8101735341453,997.7709688334484,0.0030033036339973673,0.3092783505154661,1001.9,998.9,low_then_high,12:22,10:00,False,True,1002.5,-0.003341645885286848,-0.007481296758104716,0.012844770223823663,0.09739865969520942,-0.21427705132944863,996.3805632419094,989.0361863666574,uptrend,uptrend,-0.0015075376884422509,0.7092513137535876,0.00029336060649298723,0.0011409586061021937,0.003346544080574221,0.0006026110476022861,0.004245691517257066,0.00011010479779116622,-0.0020076692571566745
2025-08-20,993.5,996.0,989.5,994.15,9949818.0,375,-0.0016607951685958522,-0.0015098137896326635,-0.0012581781580272011,-0.00025163563160546243,0.0021673387096774466,5.033979360669072e-05,-0.00020130850528443656,0.0008557334138730166,-0.00070362366185861,0.0004025157232703247,0.07180955470743285,714492,0.10915395638392582,0.2462193780830966,0.13727487276651693,0.08094620424212784,0.28571428571429347,0.7153846153846118,0.5846153846153777,992.9043525563152,992.1661676564471,992.5864222474555,0.004238998788857584,0.6461538461538532,995.0,990.8,low_then_high,14:01,09:55,False,False,995.0,-0.0015075376884422509,-0.0008542713567839533,0.012152691626860035,-0.12423698683307768,-0.01656493157775039,996.1681286474418,989.2367280777689,uptrend,uptrend,0.004627068349846608,0.45863066562850435,-0.0009563940343422228,-0.0011115205601262002,0.004031515112674189,-0.0007699534636934624,0.002298947166232468,-0.0003982932295064634,0.001625686877566479
2025-08-21,998.75,998.75,991.6,995.45,12436250.0,375,-0.005456821026282865,-0.005156445556946165,-0.006608260325406734,-0.0027534418022527873,0.0018619162640902687,0.0015562248995983907,-0.001201501877346689,-0.0021051576362086655,-0.001003562647398315,0.00030146209114212397,0.10470857372600262,1302182,0.15112288672228363,0.35459467283144036,0.260447482159011,0.11895949341642376,0.16935483870968718,0.5384615384615433,0.8321678321678253,994.4459079964754,995.5992668837997,995.7203569511172,0.006246536698403249,0.8671328671328763,998.75,992.55,low_only,,09:36,False,False,994.15,0.004627068349846608,0.0013076497510435825,0.012067133935831824,-0.42731319502759096,-0.09956812311322588,996.0997354429235,989.4803858002093,uptrend,uptrend,-0.0005022853985634512,0.8908011301058277,0.0037868579858386653,-0.0030506721820062754,-0.0007278657226950092,-0.0018607927972392746,0.0011897561199576412,-0.00210577337493989,-0.0002443648389693909
2025-08-22,994.95,998.0,978.55,982.75,19832592.0,375,-0.004824363033318346,-0.006331976481230295,-0.007487813457962789,-0.012362430272878089,-0.005967733778384665,0.00035617971810930626,-0.012010653801698634,-0.00025432349949139343,-0.00025432349949139343,0.00025445292620873694,0.10434158076765761,2069364,0.17205315371788013,0.24123513457040816,0.17839130659270355,0.10716461065704372,0.0053191489361653875,0.21593830334190414,0.22879177377892213,992.6322312555935,984.9511840937153,984.3390420542776,0.00950839571110662,0.48329048843187433,998.0,988.6,low_only,,09:30,False,True,995.45,-0.0005022853985634512,-0.012758049123511972,0.011758408440311457,-0.5385062539180322,-1.0214523387810208,994.8283320674069,989.2164491021618,mixed,uptrend,-0.002696514881709411,1.4156176247255114,-0.0005104288998462048,-0.0030860811158568424,-0.006321778316839,-0.0014554901086899497,-0.008274530993601648,-0.0032458953653734524,0.0012011666091985562
2025-08-25,980.1,988.7,978.5,984.6,17517088.0,375,0.004030200999897815,0.008570554025099542,0.0055606570758084395,0.0027548209366390353,-0.003945371775417317,0.0006105006105006083,0.0033670033670032407,0.0012202562538132788,5.078462241647763e-05,0.0038743882544862718,0.17531247202731412,3070964,0.2066305769543431,0.26724065095751076,0.1813987576017201,0.09244904175853887,0.9852216748768495,0.598039215686274,0.4803921568627407,982.5681157121996,984.163671636876,983.6468821111512,0.010373019928461957,0.9950980392156796,988.65,978.5,high_only,09:30,,False,False,982.75,-0.002696514881709411,0.0018824726532689073,0.01201189675039394,0.7135054690524594,0.28030571998488224,993.8542052038443,989.0354118824692,mixed,mixed,-0.005179768433881793,2.1007955890300383,0.003204735126832281,-7.415082277362206e-05,0.001466983845140879,-0.00028816425362454545,0.004386908435851877,0.008644704847873164,0.0015084205074378243
2025-08-26,979.5,985.7,968.0,972.3,16916733.0,375,-0.007452782031648786,-0.00939254721796845,-0.010311383358856618,-0.010515569167942829,0.002061218179944424,0.005365249690466367,-0.005206738131699917,-0.0021551724137931494,0.00020574015019025893,-0.0006167129201356536,0.07752489798118821,1311468,0.12112397825277493,0.4471070743978758,0.36335668358660034,0.16328566514586476,0.01282051282050843,0.24293785310734145,0.3615819209039526,976.0788595934735,973.2416617823897,973.2692155019926,0.016080816410679377,0.8813559322033888,985.7,970.1,low_only,,09:30,False,False,984.6,-0.005179768433881793,-0.012492382693479631,0.012163000582343613,-0.7722228700377698,-0.4280800692600693,991.8014237558592,988.3791212204117,mixed,mixed,-0.005450992492029183,0.7807616585770681,-0.0031647153257494676,-0.0040181529749593325,-0.004528203377577866,-0.0030681715029198253,-0.010723200506034147,-0.005374394243009117,0.0009129990891266759
2025-08-28,967.0,972.2,955.0,960.2,25436503.0,375,-0.008479834539813935,-0.009410548086866588,-0.007032057911065093,-0.0066184074457084074,0.0024010857083203163,0.0002082032063293049,-0.006411582213030065,-0.0006244796003329611,0.00198267765835336,0.002296450939457184,0.1561973750872909,3973115,0.19379538924827835,0.3284578858972871,0.24350399109500231,0.1012283410184175,0.19727891156462368,0.3023255813953507,0.3372093023255779,961.3385291138061,963.7025162118592,961.8930080719036,0.015392670157068133,0.8546511627906981,969.7,955.0,high_only,10:47,,False,False,972.3,-0.005450992492029183,-0.012444718708217506,0.012540645744271214,-0.750403789307699,-0.5112641201876695,988.7917643505392,987.2740576431406,mixed,mixed,-0.006456988127473529,2.3653309551719355,-0.0006029776574520973,-0.006752160286364495,-0.005079811141975643,-0.0015160549198526274,-0.007187169930435111,-0.0026583878005020933,0.0008915753195196663
2025-08-29,954.0,963.3,950.1,953.4,14822846.0,375,0.005765199161425594,0.008071278825995787,0.007861635220125729,0.007232704402515777,-0.008630550067588727,-0.007492975335622765,-0.00031446540880497587,-0.0003145643284052646,0.0016810254255095192,0.0028400126222782873,0.08596028050213839,1274176,0.13986558316803668,0.37306391768490343,0.2764592575541836,0.13919391728147212,0.86516853932585,0.24999999999999784,0.15044247787611081,960.3554689200446,957.463115382724,955.3293569489512,0.009329140461215912,0.674242424242426,962.9,954.0,high_then_low,09:40,12:59,False,True,960.2,-0.006456988127473529,-0.007081857946261261,0.012756125964860055,0.6327374665498088,-0.024652109086351893,985.4211201266783,985.9456632257626,downtrend,mixed,-0.003985735263268286,0.7585604582643986,-0.0027065474807503875,0.002660759317766548,0.0002983647161243219,-0.0016486884040205485,-0.0040537070325396,0.005410519508229239,0.001334124075615284
2025-09-01,949.6,957.45,946.35,950.8,20176953.0,375,0.007898062342038825,0.006107834877843166,0.004106992417860056,0.0014743049705139288,-0.004814737282813453,-0.0017350157728706073,-0.0002632687447345905,0.0015273608258281612,-0.00015773699984233946,0.000578795053933101,0.16892104570992458,3408312,0.20086050653931742,0.24187665996942154,0.1639965657847347,0.08220934052827501,0.7388535031847054,0.4009009009008939,0.27027027027026973,953.0669059053279,950.7019215106726,950.6841573221352,0.008266638584667252,0.7072072072072078,957.45,949.6,low_only,,10:20,False,False,953.4,-0.003985735263268286,-0.00272708202223626,0.013057954888895504,0.4677481986890056,-0.020161560288317008,982.1238705908041,984.5674019227915,downtrend,downtrend,0.00021034917963813626,2.3315697662486916,-3.888080577407749e-05,0.003992600081038855,0.006886263081853361,0.0009491503376901633,0.007802763811382896,0.0021152347968043106,0.0005782104881379979
2025-09-02,951.0,954.8,944.0,944.7,14195278.0,375,0.0011566771819138122,0.002155625657202842,0.000525762355415349,0.0012092534174552583,-0.008761345155028466,-0.007929422885049608,-0.006729758149316534,0.00010586491636677131,-0.0008989477023952919,0.00026470432526859433,0.05876263923820301,834152,0.08115677621811986,0.26602846383142337,0.16256307203000886,0.07918231682394666,0.5833333333333266,0.0648148148148193,0.05116279069768077,952.1628156099447,950.2564821723536,948.820784321143,0.004418262150220897,0.38888888888888423,954.8,950.6,low_only,,13:24,False,True,950.8,0.00021034917963813626,-0.006415649978964932,0.013062161538681689,0.16502824978999614,-0.515210145685868,978.5596924392989,983.0039743964076,downtrend,downtrend,0.00031756113051750745,0.5706295619813793,0.0011655153649037242,2.2309658053831782e-05,-0.004555226544436741,0.0013976781428401974,-0.002002087368980998,0.0021333159991490103,-0.0012918132264734261
2025-09-03,945.0,956.3,940.0,953.95,16081320.0,375,-0.004761904761904745,-0.002433862433862344,-0.004761904761904745,5.291005291008233e-05,0.011933807149676401,0.004602931061848503,0.00465608465608458,0.00479250052664848,0.0010493729996328138,-0.0013086264656616553,0.09295822730969845,1494891,0.12440968776194988,0.39171952302422935,0.2950048254745257,0.13543502647792593,0.3676470588235319,0.8558282208589009,0.9126213592233028,943.0312502606097,943.7627927759758,947.6520276735159,0.0072325037226121935,0.4171779141104278,947.0,940.2,low_then_high,14:05,09:39,True,False,944.7,0.00031756113051750745,0.009791468190960106,0.013159341191891147,-0.18495321295887535,0.3538235378343776,976.2159122069847,981.8646028514504,downtrend,downtrend,0.006551706064259033,1.0345638735788416,0.001688708036622577,-0.0007738711839619938,0.002057563016675923,0.001883071210091014,0.005639877924720205,-0.00165999124990035,0.002909429316557466
2025-09-04,960.2,965.7,956.25,960.95,17595114.0,375,-0.002395334305353103,0.00020828993959587372,0.0013018121224743773,-0.001562174546969386,0.0005726780508121809,0.0009387712527380021,-0.0006248698187877322,0.0014068361817423103,0.0005726780508121809,0.0005726780508121809,0.1118931653412419,1968773,0.14766258405600555,0.24288771303215198,0.13339953352959236,0.06318305184041434,0.5324675324675323,0.49735449735449977,0.3544973544973552,958.9763994122228,961.4360346216367,961.3916687562619,0.008051866569068311,0.8148148148148157,964.0,956.3,low_then_high,11:42,10:40,False,False,953.95,0.006551706064259033,0.007337910791970215,0.013268417118601956,0.01569817542921958,-0.04709452628766712,974.7620158063195,981.0444223474719,downtrend,downtrend,0.006816171496956125,1.2812031552858651,0.010809837498381603,-0.0033445753229986996,-0.01030993865276264,0.0006714341185607431,0.0010601450213647556,0.0035528652625945734,0.0007354020631815672
2025-09-05,967.5,967.5,954.05,962.6,11601186.0,375,-0.002015503875969049,-0.008372093023255811,-0.007855297157622787,-0.01126614987080099,0.0033354179695643804,0.00794480451599422,-0.003410852713178203,-0.0016594067620825381,-0.0022285566208861685,-0.0005710429320457955,0.12554681909246176,1456492,0.1468265399761714,0.2183700873341743,0.1429457298589989,0.062119769478741226,0.05813953488372078,0.6356877323420104,0.7546468401487031,963.82223514902,959.7803918885146,960.5987185634868,0.008968609865470878,0.639405204460966,967.5,958.9,low_only,,09:48,False,False,960.95,0.006816171496956125,0.0017170508351109781,0.013147398447086345,-0.6367870462700694,-0.2594317595915029,973.6037285866701,980.3211116671789,downtrend,downtrend,0.006648659879493035,0.9478300169946563,0.003195256226808496,-0.0014364082139179946,-0.0025726413592893627,-0.00044637446980400064,0.0001677458993201153,-0.0069356848093378165,-0.0012130322922785375
2025-09-08,969.0,973.15,960.45,967.35,11710365.0,375,-0.003560371517027927,-0.005056759545923661,-0.0023735810113518774,-0.006191950464396245,0.0033710196037755047,0.007217030114226475,0.0009803921568627416,-0.0026805505438425303,-0.001805799195129465,0.001086619062403038,0.11242689702669387,1316560,0.15382620439243355,0.27285562832584637,0.15879581891768532,0.07650991237250077,0.3836477987421448,0.5433070866141744,0.8370044052863503,964.4790280984787,967.4323797968461,967.4576976009432,0.008272202278757579,0.6259842519685109,969.0,961.05,low_then_high,11:31,10:35,False,False,962.6,0.006648659879493035,0.004934552254311164,0.013392910739983655,-0.37756986842501966,0.07320232142933987,973.0081353879395,979.8124406214072,downtrend,downtrend,0.006874450819248423,0.8921647918958672,0.0023702763705875096,-0.0005866320466402231,0.0023304008450728553,-0.002783543305819758,0.0019095576898595645,-0.004470127499283438,0.00010299276197722751
2025-09-09,974.0,974.4,962.7,966.4,13984708.0,375,-0.0004620123203286086,-0.0024127310061602403,-0.003798767967145844,-0.004466119096509291,-0.005403180157464105,-0.0029392048677358007,-0.007392197125256739,-0.00041373603640870726,0.0005176519308416339,0.0009321595028481955,0.14842233388069312,2075643,0.1841916899516243,0.37119995640952963,0.2754071089650209,0.128412620413669,0.47619047619047616,0.31623931623931223,0.16939890710382058,972.2260508350106,969.188521488486,967.7305411203433,0.005417118093174356,0.44871794871795134,974.4,969.15,low_only,,10:00,False,True,967.35,0.006874450819248423,-0.0009820644027498382,0.013428526096020622,-0.179672064447581,-0.5504846229883208,972.3787891605167,979.2864625578226,downtrend,downtrend,0.007760761589403975,1.4065561806109204,0.0029405595533897877,-0.0005570280042309639,0.00047055795303263537,0.00012059913651008003,0.0035335118913162322,-0.0018557030019292764,-0.0005343351729187873
2025-09-10,973.9,973.9,961.7,965.5,18090802.0,375,-0.006828216449327407,-0.006006776876475994,-0.0059040969298695956,-0.008060375808604636,-0.002634161458602291,-0.001707986129082295,-0.00975459492761066,0.0011406055578597751,0.0017118846293511236,-0.0013962869111030507,0.13600690560871762,2460474,0.15821233353833622,0.26726454692279533,0.18585853739375402,0.10116676972087804,0.303571428571424,0.3114754098360636,0.2213114754098317,968.9409003373606,966.862019643217,966.5060609391455,0.008700155359917083,0.6885245901639364,973.9,965.5,low_only,,11:20,False,False,966.4,0.007760761589403975,-0.0009312913907284504,0.01329805045154405,-0.45170357101318875,-0.7335357136111665,971.7236663833246,978.7458169673198,downtrend,downtrend,-0.0053858104609011415,1.6673362962380687,0.004509863819798454,-1.4005041815035035e-05,-0.0018366611980313863,0.0013008566812720002,0.003969242889528379,-0.005992771834660959,-0.00016025112341222503
2025-09-11,960.3,969.25,959.9,966.5,15113309.0,375,0.0034364261168384758,0.003957096740601962,0.0031760908049569547,0.0048943038633759706,0.0024893683227880103,0.0021243523316061275,0.007029053420805953,-0.0005687399824206851,-0.0013948442423930008,-0.0009819628921391432,0.1024100016746829,1547754,0.11612043398305427,0.409282242558529,0.2319031523804615,0.0866143873588504,0.7304347826087035,0.7058823529411772,0.794444444444442,962.6503360245447,964.918363860046,966.0261337760863,0.0059902073132618305,0.614973262032084,965.65,959.9,high_only,13:04,,True,False,965.5,-0.0053858104609011415,0.0010357327809424888,0.01328017183972024,0.2979702964962027,0.5292893424603478,971.2261743468175,978.2655888509544,downtrend,downtrend,0.0035178479048112443,1.0072198818280822,-0.001283152270739052,0.0016014912509270118,0.002994528071195157,-0.00048360924373114234,0.0012230983423113795,0.00235560548967495,-8.51307386895428e-05
2025-09-12,969.9,970.75,962.25,965.6,14342031.0,375,-0.005412929167955438,-0.006547066707908056,-0.007217238890607325,-0.006598618414269453,0.0021275491671424174,0.0027503892060196655,-0.0038663779771110907,-0.0005692697821249038,-0.0011895526247737154,-0.0024278113538922508,0.11155163449305053,1599877,0.15521107156998892,0.2623648631076031,0.16415896744331399,0.07440543114151685,0.07692307692306571,0.3941176470588262,0.458823529411762,966.0951911094835,966.4458580083578,966.5850333157148,0.008100109039929304,0.917647058823524,970.75,962.95,low_only,,09:36,False,False,966.5,0.0035178479048112443,-0.0009311950336264863,0.013049015469027734,-0.5017287873899554,-0.29629652798619677,970.6903482185492,977.7688990920934,downtrend,downtrend,0.0041425020712511085,1.0235341384474737,0.0026531403825160726,-0.0006121769370814878,0.0017767089607150233,-0.00044985867271785107,0.0039827096020890185,-0.005934889770826568,-0.00011941110940705268
2025-09-15,969.6,972.35,965.0,966.1,14484648.0,375,-0.00381600660066006,-0.002939356435643581,-0.00314562706270638,-0.00190800330033003,-0.0006723558313938005,0.0009816584861792599,-0.0009282178217822068,-0.002684009497264439,-0.0031470876541298543,-0.0007757149506127936,0.09719545825345566,1407842,0.12004889590689398,0.26405833265675493,0.18421414175891607,0.1022410071684172,0.3763440860215072,0.14965986394558087,0.5034013605442224,967.1436481390193,968.8813480438505,968.5710076144063,0.004818652849740923,0.6326530612244847,969.65,965.0,high_only,11:28,,False,False,965.6,0.0041425020712511085,0.0005178127589062775,0.012856734679881552,-0.22862386981067115,-0.07219701151916114,970.2531721977349,977.311295206129,downtrend,downtrend,-0.005071938722699509,0.9006782074748048,0.00044607829470644234,-0.0002249302318175772,-0.001787498656390274,-0.00017149238254765553,-0.0015134799284681755,-0.0027144262038260036,-0.0025125171147167835
2025-09-16,961.2,969.35,961.2,966.3,18660139.0,375,0.0034332084893882175,0.0034332084893882175,0.00504577611319168,0.006918435289221758,0.0018662519440124647,-0.0003099653871985186,0.0066063254265500415,-0.0012919228980414754,-0.00046547711404199,-0.0007238883143744212,0.11816375001279465,2204952,0.18893042543788124,0.33729346817834527,0.25145879138413707,0.13130046887646443,0.7857142857142877,0.6257668711656348,0.7791411042944696,963.9516451151771,966.0358051160879,966.394906504538,0.004369538077403146,0.5153374233128765,965.4,961.2,high_only,09:34,,True,False,966.1,-0.005071938722699509,0.00020701790704880096,0.01261046289509749,0.2722507903118235,0.5238765207515381,969.8766796074744,976.8794797078494,downtrend,downtrend,-0.001190106592155571,1.4493652726492903,0.00015556628120783067,0.0015394678067768286,0.005033182311275697,0.0021686680053016882,0.007369453962353001,0.001893740682611389,-0.0034605909033431637
2025-09-17,965.15,974.4,964.35,967.0,17360342.0,375,0.0038854064135107613,0.00554317981660879,0.008133450758949445,0.00652748277469839,-0.003606388459556964,-0.00571310926964852,0.0007770812827021523,0.0011388342478517721,0.0006726341387695012,0.00036207520819320216,0.11133847478350369,1932874,0.1558080480211738,0.2661905508543553,0.1939287832002388,0.10503312665153716,0.8425196850393707,0.2636815920397999,0.08602150537633961,969.2098563417312,969.2922048402426,968.4682559172319,0.006579288193545141,0.6318407960199056,971.5,965.15,high_then_low,09:30,14:28,False,False,966.3,-0.001190106592155571,0.000724412708268618,0.012092185468081555,0.4584100889984302,0.06426309658856379,969.6027101210483,976.492049131071,downtrend,downtrend,0.006514994829369236,1.2705221936834563,0.0008770731494844863,0.0010523567251925492,0.0011552186607375337,0.0009622300026081998,0.0029974915311954398,0.004490823091416241,0.00017660424524357232
2025-09-18,973.3,979.65,969.25,976.0,17789524.0,375,0.00015411486694749676,0.0031850405835816,0.002825439227370774,0.002825439227370774,-0.0004096681687832948,-0.004559192664310152,-0.0017466351587382967,0.0045286125977768155,0.001128320853420961,-0.0008701438296565556,0.19512540076957652,3471188,0.22534043069392976,0.28722887695027705,0.1892081541923213,0.08676246761858271,0.6242774566473979,0.649038461538463,0.22596153846154113,974.2318155580547,974.2717986283079,974.6583719824848,0.0089083419155509,0.8317307692307688,979.65,971.0,low_only,,13:00,False,False,967.0,0.006514994829369236,0.009307135470527417,0.012128419781397923,0.2626096920281969,-0.14401176659610798,970.2119758238056,976.4727530867152,downtrend,downtrend,-0.0011270491803279103,2.2055876308245788,0.0043781817320465155,-0.0006269395327630489,-0.0037046426935994914,0.002917528050878193,0.0035767652382634463,0.0038119801163446487,0.0016110845468986223
2025-09-19,974.9,976.7,962.1,966.0,31240791.0,375,-0.00041029849215301617,-0.0021540670838035014,-0.004308134167606892,-0.005795466201661714,-0.006990131578947345,-0.0033531080732525087,-0.00912914145040511,0.0,0.0003106554830691888,-0.0019630127079243165,0.07062161134140298,2206275,0.09019803627891496,0.650069743752647,0.6190802595235184,0.2738855747922644,0.29090909090907435,0.2671232876712309,0.2671232876712309,973.9561516734466,967.881464861547,967.1941879715314,0.005663097199340994,0.3767123287671227,976.7,971.2,low_only,,09:33,False,True,976.0,-0.0011270491803279103,-0.010245901639344246,0.012455871413914174,-0.17293587997361962,-0.7329187294119904,969.8108352691575,976.0620568872362,downtrend,downtrend,-0.0020703933747412417,1.2490407617179926,-0.0004150152926251094,-0.0017788132324815242,-0.003136535721875444,0.000868518189534262,-0.0026848145707738524,-0.0003752538513219772,-0.000868518189534262
2025-09-22,964.0,971.2,961.95,965.4,10852852.0,375,0.00435684647302903,0.0063796680497925085,0.0054979253112033,0.006690871369294582,-0.0048961500798845314,-0.005564428873203298,0.0010892116182572575,0.0003626755090408995,0.0016600954554886194,0.002336084722005971,0.13671475479440795,1483745,0.1662910357572369,0.30530325116384155,0.1960557464526375,0.08918770844751223,0.9784172661870534,0.3729729729729656,0.2165605095541308,966.7549739454332,967.5895827864866,966.490477417057,0.0072144080552238865,0.751351351351344,970.3,963.35,high_then_low,09:30,14:44,False,False,966.0,-0.0020703933747412417,-0.0006211180124223725,0.012844218552049317,0.4966956941708705,0.08480170388283155,969.390755719714,975.6439370093054,downtrend,downtrend,0.0016573441060701022,0.7605736756810649,-0.004512375505374311,0.0019771694382699767,-6.735847785677151e-05,-0.0014344359734351775,-0.006007297110738552,0.004402498611522532,0.001797111482476077
2025-09-23,967.0,968.2,955.5,958.45,21020263.0,375,-0.0002585315408479838,-0.0020682523267838704,-0.005170630816959676,-0.005118924508790146,-0.0067875647668392824,-0.002182838729795633,-0.0072905894519130765,-0.0015625813844470926,0.0006264028814533251,0.0009921671018278122,0.07533978047753256,1583662,0.10625047840743002,0.4482904424173951,0.2981536910361207,0.13240709690454397,0.0,0.23228346456693189,0.3503937007874039,966.6736936922144,962.013766827512,960.1003816365196,0.003316062176165868,0.25196850393701054,968.2,965.0,low_only,,09:30,False,True,965.4,0.0016573441060701022,-0.007199088460741576,0.012346051919752282,-0.1675233783420999,-0.5905199086558968,968.3487789845032,974.9696649697249,downtrend,downtrend,-0.0065209452762272635,0.8965602161035409,0.0003492035777492575,-0.0008806378674283133,9.322067515560306e-05,-0.0010134324421341434,-0.0005714240363172696,-0.001187614459355557,-0.0005491489423129492
2025-09-24,952.2,956.45,943.0,951.0,15115914.0,375,0.0033081285444234165,0.0023104389834067707,-0.0018378491913463302,-0.005040957781978661,-0.003562447611064501,0.0006333122229258414,-0.004410838059231259,0.0031645569620253333,0.002160282417408732,-0.0014699706005879554,0.10363303204821091,1566508,0.13427127198527328,0.4048188551482894,0.2880962408227514,0.14436063872816424,0.5176470588235134,0.5947955390334553,0.37174721189590954,954.9491297203716,948.6955101016406,949.3262055627821,0.004463348036126913,0.31598513011152307,956.45,952.2,low_only,,09:36,False,True,958.45,-0.0065209452762272635,-0.007772966769262868,0.012484858441217939,0.18505928555657536,-0.3532949996989287,966.6965143193123,974.0296781081671,downtrend,downtrend,0.001577287066246047,0.9841299258466757,-0.003059263553272018,-0.0014397371434261563,-0.0007786130333050645,-0.0011279753838304707,-0.004959143644434505,0.003750176126832927,0.004292532345855804
2025-09-25,952.5,958.0,947.4,951.2,31411456.0,375,-0.003937007874015741,-0.0005249343832021136,-0.00041994750656160207,-0.0010498687664042272,-0.0008403361344537785,0.0023646873357856535,0.001312335958005173,-0.0026736566186107424,-0.0008928102515622927,0.002159827213823018,0.0725539433765821,2279025,0.09128841401048077,0.43844987637631316,0.3429710485244619,0.16236331101621013,0.696969696969698,0.35849056603774154,0.5990566037735857,950.5899162653619,953.3384574230431,952.0313079289714,0.006966434452184922,0.6226415094339631,954.0,947.4,high_only,09:40,,False,False,951.0,0.001577287066246047,0.00021030494216622841,0.012392005107950728,-0.0423607300537114,0.10590182513426954,965.2206558127112,973.1343966137291,downtrend,downtrend,-0.006412952060555144,1.4317556656287234,-0.0010534338351775308,0.000966666000918659,-0.0030737582136651787,-0.002123605882788926,-0.006238802277651723,-0.0014916003841207726,-0.0005500507358218165
2025-09-26,945.1,951.45,941.3,944.9,14873566.0,375,0.005396254364617548,0.0020632737276478075,0.0006348534546609663,0.0020632737276478075,-0.0022702074864051625,-0.0023757985322844233,-0.00031742672733048316,0.0001058425063504842,0.0003705468212376051,-0.0005817335660268652,0.13910537661244116,2068993,0.1609700054445585,0.2508219615928016,0.17487917826834534,0.0937914283635814,0.40136054421767653,0.3546798029556641,0.34482758620689347,947.4616967287953,946.419440085684,946.028532601619,0.007785192246584138,0.7241379310344785,951.45,944.1,low_only,,14:03,False,False,951.2,-0.006412952060555144,-0.006623212783852028,0.012059670090425861,0.17108873726867826,-0.02632134419518552,963.2853552591197,972.027165373975,downtrend,downtrend,0.0012170600063499126,1.2998069129983958,-0.003453184257495079,-0.0010778228381593813,-0.006962534072296744,0.0011097248004219296,-0.009293482516247065,0.0031410965658071888,-0.0010038822940714454
2025-09-29,946.05,956.8,939.1,952.05,32397784.0,375,-0.0062893081761005165,0.0007399186089531717,0.0049151736166166415,0.0054436869087257644,0.005598098758911929,0.004520605550883072,0.00998890122086582,-0.0036106750392465026,0.00047288776796960974,0.002105152360402096,0.11376657736837803,3685785,0.13501778393238253,0.38677920070088745,0.3230511383124228,0.14984160645061403,0.9386503067484661,0.731638418079095,0.9265536723163864,941.8944757584433,949.5595861712693,950.1081868449197,0.008678521989138543,0.4604519774011304,947.25,939.1,high_only,09:31,,True,False,944.9,0.0012170600063499126,0.0075669383003491575,0.011905849875125194,0.06214748352396735,0.8389910275733914,962.2153214249179,971.2437471240153,downtrend,downtrend,0.006302190011028941,2.086637297675381,0.0022473868301915445,-0.0006652229912389451,-0.00041450064803638664,-0.001648576156127235,0.00018035836599383792,0.0014051416001921169,-0.0019620988831192676
2025-09-30,958.05,960.0,946.3,952.5,28293912.0,375,-0.003183549919106521,-0.004697040864255486,-0.005010176921872556,-0.008611241584468465,-0.0011011483404120836,-0.0010528532322594542,-0.009655028443191882,0.0038996627318719224,0.00331805972507504,0.0009457755359394415,0.08078105282860851,2285612,0.10483124426201651,0.4187400809050371,0.28279843381148567,0.11772267475773587,0.03007518796991466,0.4525547445255493,0.08196721311475379,956.422234650209,952.4038208127382,951.4688247663781,0.006975402527927832,0.48540145985401134,960.0,953.35,low_only,,09:30,False,True,952.05,0.006302190011028941,0.0004726642508272594,0.012260329799512752,-0.38310885115359256,-0.7875015273712777,961.2900527177828,970.5086982171912,downtrend,downtrend,0.00020997375328080103,1.2939559000903262,0.0005835263225077991,-0.000878828930076403,-0.0032378973714105586,0.0008776206728424718,-0.0017809709634870607,-0.0038182119341790832,0.0030220420590294506
2025-10-01,952.7,969.6,946.0,965.5,25345624.0,375,-0.006297890206780732,-0.0034113571953395816,-0.0014695077149156077,-0.0017844022252545555,0.016904523671599225,0.014563617245005211,0.012753227668730993,0.0006736798466082661,0.00046629708305268025,0.00056997771905265,0.0722626517303342,1831542,0.08681486792355161,0.3043362830601448,0.17513224373564446,0.0790564477718126,0.5149253731343316,0.8262711864406772,0.7987288135593222,948.6681050266203,960.192966990965,961.7054090040688,0.0070824524312897985,0.2838983050847474,952.7,946.0,high_only,09:47,,True,False,952.5,0.00020997375328080103,0.01364829396325451,0.012411887040748745,-0.2748459750028302,1.0275011065490374,961.691000077994,970.3122786792621,downtrend,downtrend,-0.013982392542723932,0.9388558216568541,-0.0005297642244738165,0.0014114225717947182,0.008350747647798418,0.0010976329394609685,0.008922772148610036,-0.0048227797671343,-0.00042395309285270244
2025-10-03,952.0,966.75,952.0,964.0,26642569.0,375,0.0037815126050420034,0.00588235294117645,0.0061449579831933665,0.006039915966386644,0.006683375104427736,0.00819629339598027,0.014285714285714235,-0.001657000828500399,-0.0018120631633445905,-0.001243265644426117,0.21540306417147687,5738891,0.24992390936474632,0.2527899618088631,0.1689620096320291,0.08457746698525957,0.7179487179487251,0.8135593220338984,1.0,955.5125088540624,959.6635374673169,961.092254792822,0.00819327731092434,0.5288135593220308,959.8,952.0,high_only,10:02,,True,False,965.5,-0.013982392542723932,-0.0015535991714137332,0.01278802444719949,0.4599891848396219,1.1171165917533674,961.9109048324708,970.0647383388989,downtrend,downtrend,0.008195020746887938,2.941778689871226,-0.003776143304336732,0.0008057497006206393,0.002800939435490646,0.002662220235290169,0.0016738152526414307,0.00507660324055581,-0.004319221063790568
2025-10-06,971.9,977.4,962.0,973.9,17978326.0,375,-0.0018005967692149571,-0.009105875090029913,-0.0016462599032822656,-0.0006173474637308773,0.01126628939307417,0.0012354576340987133,0.0006173474637307663,0.001439588688946003,-0.000666974501051798,0.0007192766132346762,0.15341328219323647,2758114,0.202613357884377,0.20229998054323856,0.12251324177790524,0.0665110311160227,0.04150943396226072,0.7727272727272724,0.6818181818181829,970.2883892701072,973.2450069511304,973.3526696200744,0.01376623376623387,0.8603896103896117,975.75,962.5,low_then_high,10:56,09:30,False,False,964.0,0.008195020746887938,0.010269709543568428,0.012936017003104237,-0.703916444129966,0.047723148754568144,963.0527234198545,970.2151407569813,mixed,downtrend,0.00010267994660639879,1.3784136254403256,0.0008656356698131251,-0.0005899693175821508,0.00475386841276193,0.0014999001398041667,0.007131954207672209,-0.008515905772447763,-6.0311450858163695e-05
2025-10-07,974.0,989.85,971.0,981.8,25223940.0,375,-0.0030287474332649778,-0.0002566735112936591,0.006211498973305973,0.007238193018480388,0.008267008985879176,0.0063197594414148295,0.013603696098562601,-0.005520384907571563,-0.0024892049784099868,0.00030565461029041785,0.06480101839760165,1634537,0.10942687779942388,0.2649003684594873,0.15559305960924424,0.06507516272239786,0.49549549549549954,0.572944297082225,0.8620689655172403,973.4758666113606,983.6527203153285,983.655169793723,0.005715756951596207,0.2944297082228089,976.55,971.0,high_only,09:42,,True,False,973.9,0.00010267994660639879,0.008111715781907725,0.013034943894909737,-0.019691186503218664,1.043632884670487,964.8381783322493,970.66944896259,mixed,mixed,-0.005907516805866764,0.7887481554471852,0.00050852426258996,0.0013454094629126168,0.0027087577186639678,-0.001608142088994513,0.0016053412995487015,-0.0016020829742062759,-0.00391224281857705
2025-10-08,976.0,985.9,974.55,977.7,15415505.0,375,0.006147540983606481,0.00886270491803276,0.006557377049180246,0.004098360655737654,-0.007058345605037264,-0.000612244897959191,0.003483606557377117,-0.0017357565856646051,-0.0021942134000101365,-0.00046005213924238397,0.07484140156290696,1153718,0.1072492273201559,0.23775458539957012,0.1386753142371917,0.07241222392649478,0.9611111111111086,0.2775330396475845,0.42731277533039763,981.9907884335687,979.8804825589734,979.6863712865709,0.009221311475409832,0.7929515418502187,985.0,976.0,high_then_low,09:30,11:07,False,False,981.8,-0.005907516805866764,-0.0041760032593195495,0.013343030669256873,0.664219781676209,0.2610806078264926,966.063113729178,970.94515684641,mixed,mixed,-0.003272987624015622,0.5567282627473197,-0.0013160619285782493,0.003861681236854375,-0.0006618885754442472,-0.0015700340938789026,-0.00354400942945432,0.005001023681178385,-0.00016572249178570253
2025-10-09,974.5,979.0,970.15,975.0,14651866.0,375,-0.0015392508978963049,0.0025141097998975237,-0.0005130836326321386,-0.00333504361210879,-0.001996007984031989,0.004890604890604999,0.001539250897896416,-0.0010245901639344135,-0.002149217070924192,-0.0020470829068577334,0.0644049024199375,943652,0.0817410560538842,0.40969484705907083,0.251189780195915,0.10521315169003047,0.9909090909090992,0.5480225988700577,0.6610169491525433,974.3086927702163,975.5243273883411,976.0943455347826,0.005661348430262558,0.6214689265536707,977.0,971.5,high_then_low,09:30,10:00,False,False,977.7,-0.003272987624015622,-0.0027615833077632157,0.013316305710896249,0.18879934528991169,0.11559143589178063,966.9142457549706,971.1041703034135,mixed,mixed,0.004102564102564044,0.4716058779564638,0.0020180787889929608,0.0013479937625378025,0.002522503120725217,0.001302831819329997,0.005854426585890193,0.0011661160373597212,-0.0023274219832644105
2025-10-10,979.0,986.2,978.1,981.45,13544317.0,375,0.004239019407558775,0.00413687436159349,0.004034729315628205,0.0010725229826353821,-0.0016275876099892672,0.005101780521401977,0.006179775280898747,-0.003654636820465851,-0.0024900904563470716,0.0010709914320685687,0.0751879921298357,1018370,0.09934129568881177,0.22049070469924767,0.12758015040551693,0.06487421994036317,0.7674418604651139,0.4135802469135819,0.9455782312925048,982.8661174884046,982.7108592859647,982.6445433707233,0.006594417748696291,0.7962962962962856,984.55,978.1,high_only,09:49,,False,False,975.0,0.004102564102564044,0.00661538461538469,0.013137689921508124,0.3148859796744695,0.4703852288964168,968.2986033021162,971.5098891150444,mixed,mixed,-0.0072851393346580195,0.5410507234057023,-0.00010528281347454982,0.002544933674776928,0.005588523362332065,-0.0011893331436721999,0.00428679832977763,0.001591940686816562,-0.002465303676793651
2025-10-13,974.3,981.0,972.0,977.1,18415146.0,375,0.0018987991378425217,-0.0004105511649389326,0.002258031407164074,0.0006671456430258349,0.0032857582914056493,0.00512846812657064,0.005799035204762548,-0.002908311648553541,-0.0036200479273950092,0.0006656766859542973,0.05062180880890111,932208,0.07295804225500031,0.2305029240604446,0.14165600424780775,0.060000393154634776,0.13245033112582663,0.5666666666666692,0.9352941176470642,976.1526007786532,976.911703244437,977.1951330044668,0.007760304245040706,0.8388888888888965,980.45,972.9,low_then_high,14:27,09:32,False,False,981.45,-0.0072851393346580195,-0.0044322176371695,0.013227843820776474,-0.03103689236896609,0.43839610471165547,969.1368315590576,971.7291091497486,mixed,mixed,-0.007266400573124554,0.4952736360699774,-0.003991581679075318,0.0007606057837814539,0.0029431273408984104,-0.000564325146328537,-0.0016239289189894368,-0.0011711569487203866,-0.002343986502225004
2025-10-14,970.0,980.45,967.0,977.0,22047953.0,375,0.007577319587628972,0.009278350515463885,0.005670103092783485,0.008247422680412342,-0.002042900919305368,-0.0018404907975460016,0.006391752577319609,0.0008195041999590202,-0.0008181632235630953,-0.0005626310674645696,0.15803693884869946,3484391,0.19057029920192592,0.2142831128132394,0.1088256129718709,0.04599710458381329,0.9486166007905156,0.7434944237918191,0.6840148698884769,974.0866202587481,975.269539219163,975.647549037772,0.013081695966908002,0.9405204460966494,979.65,967.0,high_only,10:33,,False,False,977.1,-0.007266400573124554,-0.000102343670044025,0.013269543369126249,0.6992215374231698,0.4816859480026315,969.8857047439092,971.9358107517194,mixed,mixed,-0.0020470829068577334,1.8512252630952584,0.0016008146720212224,0.0005795656620202205,-0.005231915276599164,-0.0008729265508863326,-0.004509225487030144,0.008698784853443664,0.0016924307508453529
2025-10-15,975.0,984.9,973.35,978.5,22477480.0,375,0.002974358974358937,0.002666666666666595,0.0008717948717948953,0.0037948717948719235,0.0009206219312603015,0.002247879840604705,0.006051282051282136,-0.0024467325925170424,0.0011254348270923753,-0.0005107252298263143,0.10445610450993617,2347910,0.1683939213826461,0.3418571832785526,0.24217096400486177,0.11855750733623165,0.6589147286821775,0.44588744588744567,0.6536796536796523,978.0354852400644,980.0151845679934,979.4544804637059,0.00662659885960859,0.5584415584415547,979.8,973.35,high_only,10:22,,False,False,977.0,-0.0020470829068577334,0.0015353121801433556,0.013577212172376013,0.1964075270247418,0.44569400363308614,970.7061138159178,972.1932299379265,mixed,mixed,0.004241185487991794,1.17340731213706,0.0023324914870033187,0.002807566530788952,0.006028127289586349,-0.00023683820989783833,0.008135857678215785,-0.0001408998641223569,-0.002209894382619204
2025-10-16,982.65,996.6,981.5,993.6,22462832.0,375,0.00020353126749106387,0.0009667735205820538,0.0013738360555639595,-0.0005597109856001481,0.010166734444896353,0.012524182873434375,0.011957461965094396,-0.0008045052292839916,-0.0016578749058024922,-0.00010063399416326835,0.08191122116748235,1839958,0.1054994757562181,0.31917520462246257,0.18853344048515344,0.07871834682287612,0.3962264150943473,0.8013245033112586,0.9555555555555538,983.7290679098836,986.8874951370169,989.3880764374081,0.005399898115129753,0.35099337748344017,986.8,981.5,high_only,12:32,,True,False,978.5,0.004241185487991794,0.015431783341849803,0.013746508376118927,0.07032866049545917,0.8698544850754577,972.8864839286874,973.0327111168314,mixed,mixed,0.0003522544283414142,0.9195498001307889,0.002651242214567029,0.0011537749705650135,0.00733808756876364,-0.0005844124114341431,0.009418523161354608,-0.00018700144998295976,-0.00022009281784984847
2025-10-17,993.95,1009.0,986.0,1000.55,24400573.0,375,-0.0012073041903516435,0.0008551738014990207,-0.0004527390713818802,0.0033200865234668253,0.005780056292722158,0.0050639257959388395,0.008400824991196654,-0.0017459842362566036,-0.0034858821771823756,-0.0019949129719215586,0.07556822538552681,1843908,0.10839343813770275,0.2106762410866335,0.13435696776465045,0.07540490954864051,0.9887640449438176,0.6326086956521719,0.7086956521739111,991.8129177630698,1001.7014071322706,1002.0469175512115,0.009026369168356974,0.3869565217391294,994.9,986.0,high_only,09:30,,True,False,993.6,0.0003522544283414142,0.006994766505636019,0.01415136856721603,0.06043046631406175,0.5936404632028697,975.5211045069077,974.1118204847988,uptrend,mixed,-0.0035480485732846123,0.9434285566639234,-0.0007607671035699815,0.0022527239170389013,0.005192420983408885,0.0009813275180592385,0.00541337620226634,-0.0013975501155398806,-0.002727311754315842
2025-10-20,997.0,1020.0,997.0,1003.6,21356769.0,375,0.01775325977933795,0.020712136409227755,0.011835506519558558,0.011434302908726046,-0.013806318478848278,-0.007933359777865912,0.0034102306920762437,0.003198720511795372,0.0032488628979856493,0.00019932230416586094,0.1391093381213235,2970926,0.1774282430081067,0.2574700789243916,0.1512092021035579,0.06544730619130637,0.8978260869565208,0.28695652173913144,0.14782608695652075,1014.1496771601403,1006.6935032797237,1005.4209204905161,0.02306920762286868,1.0,1020.0,997.0,neither,,,False,False,1000.55,-0.0035480485732846123,0.0030483234221179156,0.01465469117627804,1.4133451302443734,0.23270573573030867,978.1952850300593,975.2682196814734,uptrend,uptrend,0.012355520127540931,1.6129392328602614,0.004664516605912494,0.0020929656219264015,-0.0002884846231886451,0.0012995237661785897,0.00567989511645739,0.018619170787301353,0.0018991967456167824
2025-10-23,1016.0,1020.5,1006.0,1007.0,41395684.0,375,-0.0022637795275589623,-0.004872047244094513,-0.0032480314960628975,-0.003297244094488172,-0.004005736610454447,-0.002765022465807454,-0.006053149606299213,-0.002822201317027262,-0.0033650039588282166,-0.0007442322004465041,0.08450931744478482,3498321,0.1625787123121338,0.21427414993311864,0.12169307312327536,0.05174882482917784,0.22777777777777272,0.06896551724137931,0.10878661087866638,1012.4217658032715,1014.0015721100877,1013.0699658173701,0.008919722497522375,0.6206896551724138,1018.0,1009.0,low_then_high,12:21,10:43,False,True,1003.6,0.012355520127540931,0.0033878039059385134,0.015056108204289684,-0.32359273578456366,-0.40203945961112253,980.9385912176728,976.5126032233765,uptrend,uptrend,0.003972194637537285,1.89926615137467,0.007988178269834112,-0.00015734614617080034,-0.004380746972046157,-0.002804219241762218,0.0007581999713739407,-0.0047147010979237125,-1.7982075265043918e-05
2025-10-24,1011.0,1011.95,991.3,995.9,17554768.0,375,-0.00103857566765575,-0.0021760633036598254,-0.0026706231454006746,-0.005984174085064242,-0.01278747026169702,-0.01019951241355288,-0.016122650840751707,0.0012063938876041291,0.003931451612903203,0.0007536552278550879,0.05830091289158592,1023459,0.09325432270024873,0.24508509596936856,0.18067883323778475,0.08095008717859445,0.14864864864863453,0.22276029055690086,0.16464891041162596,1010.0751403492144,1000.9871779591496,999.3616783324436,0.003669724770642313,0.17917675544794331,1011.95,1008.25,low_only,,09:30,False,True,1007.0,0.003972194637537285,-0.011022840119165878,0.015419298648297877,-0.14112595866349856,-1.0456150573704253,982.36348729218,977.2728932930479,uptrend,uptrend,0.0006024701275229027,0.5231203140585463,0.0025048028047607307,-0.0018777641111851207,-0.006149966647516325,0.0008477009264575841,-0.0028159704371421013,-0.0002982991924747047,0.00035869296114654503
2025-10-27,996.5,1009.05,996.2,1003.5,15336986.0,375,0.003662819869543421,0.005218263923733035,0.008931259407927827,0.01053687907676859,0.0017969451931716396,-0.0024826216484608032,0.008028098344204704,-0.0009955201592832807,0.0007479431563202077,0.00024919013207069796,0.07574897701543185,1161761,0.12384480236208079,0.24921128571154724,0.17057308391622708,0.08073867968582614,0.9090909090909159,0.5680933852140083,0.6459143968871606,1000.1098202498911,1004.5315470262306,1004.0993768995207,0.006073077695241791,0.47081712062256786,1002.25,996.2,high_only,09:31,,True,False,995.9,0.0006024701275229027,0.007631288281956028,0.015786862947015638,0.33054470297529887,0.5085303122696927,984.3764885024486,978.3014072815558,uptrend,uptrend,-0.005829596412556093,0.5938105768584485,0.001773431094933775,0.0017741610946011566,0.005208333333333259,-0.00014627874569816957,0.006843699667990366,0.0034441028291318787,-0.0008492414135851112
2025-10-28,997.65,1008.0,995.0,1004.9,33000042.0,375,0.0043101288026863305,0.005613190998847273,0.009622613140881198,0.00225529995489393,0.001644654871667095,-0.001250125012501213,0.0010023555355085367,0.006258448906023117,0.0046990601879624005,0.0006472491909383926,0.08316622748540745,2744489,0.11965778710221035,0.38265908873691734,0.267487720167144,0.11318549230937343,0.8823529411764685,0.7615384615384598,0.280769230769229,1001.6356476803753,1000.6686636346697,1001.2682087424816,0.009396984924623153,0.719230769230771,1004.35,995.0,high_only,09:33,,True,False,1003.5,-0.005829596412556093,0.0013951170901842502,0.015641080958951066,0.3588748765880507,0.06408479939072942,986.3311086450725,979.3444893489458,uptrend,uptrend,0.0,1.4027898993611134,-0.0013109263109263303,0.0018851231401755264,-0.004103708758112501,0.0051057735111386116,-0.0003311003311002869,0.0037280678586717464,0.0011526753948845059
2025-10-29,1004.9,1012.5,1000.0,1008.5,17506862.0,375,-0.001293661060801976,-0.0011941486715095762,-0.004279032739576083,-0.0023882973430191523,0.004782305469761772,0.008179551122194484,0.005771718578963192,-0.002176709211437644,-0.0003469296723992432,0.0009925558312655625,0.046350568137225275,811453,0.0655792568651081,0.27251954119476124,0.17337298940266965,0.07720915375925166,0.3157894736842105,0.68,0.8560000000000036,1004.3329497826738,1007.7440588153701,1007.9681331801977,0.004739572939532977,0.38,1006.95,1002.2,low_then_high,11:21,09:35,True,False,1004.9,0.0,0.0035824460145288395,0.01573150579693924,-0.07590809722371984,0.3668891365813279,988.4424316312561,980.4878427078106,uptrend,uptrend,-0.008428358948934012,0.4147577462348268,0.0006393123156198666,0.001077669155569172,0.0029963051343238067,0.0003242535931711199,0.003962966101042076,-0.002271817827078748,-0.002500962804608764
2025-10-30,1000.0,1009.5,997.1,999.95,19219910.0,375,0.004899999999999904,0.0041999999999999815,0.0037000000000000366,0.008499999999999952,-0.004232224656442907,-0.005999008428358876,0.0024500000000000632,-0.0024938899695745587,0.001452178267401072,0.001953907815631206,0.06212521286520072,1194041,0.08635378625602305,0.40108730998220077,0.26838393103817865,0.11302024827379524,0.7564102564102615,0.22983870967742162,0.3705357142857209,1003.9668649708567,1003.4846489100447,1001.5980357252802,0.007813282580386716,0.6290322580645228,1006.1,998.3,high_then_low,10:05,14:51,False,False,1008.5,-0.008428358948934012,-0.008477937530986579,0.015819921644651302,0.2654880406073311,0.15486802368761451,989.5383905235175,981.2510645624063,uptrend,uptrend,-0.005950297514875746,0.6482543067527429,-0.003218468407989672,-0.0002193623866627581,-0.0034078139191208168,-0.0001795654516070222,-0.00679369195536339,0.00441936238666274,-0.0023143245179675365
2025-10-31,994.0,1004.45,981.15,987.95,22578416.0,375,0.0064889336016096255,0.008501006036217396,0.0058350100603621335,0.0010563380281689572,-0.014464561823532396,-0.0048741269282949196,-0.0038229376257544745,-0.0022722682286406837,-0.00020239842129221586,0.0009625126646404247,0.05950191545766541,1343459,0.085392837123738,0.40016624726907324,0.3440842794286366,0.1502292277722228,0.9602272727272828,0.2918454935622338,0.38841201716738377,999.5279032333699,990.5017625337777,989.2564699416172,0.008853118712273567,0.3776824034334733,1002.8,994.0,high_then_low,09:30,10:18,False,True,999.95,-0.005950297514875746,-0.012000600030001474,0.015498089013738059,0.5485196290124416,-0.2466715491416836,989.3871152355634,981.5137679129002,uptrend,uptrend,-0.0029859810719166102,0.731831131690045,-0.001058274626127842,0.001975734424175979,-0.0031588552339563147,-0.001921876030269054,-0.006127564577926181,0.006525271612041417,-0.0003503921983716296
2025-11-03,985.0,994.55,983.3,993.4,16288753.0,375,-0.00015228426395941241,0.0002538071065989467,0.0035532994923856975,0.004060913705583813,0.00827201217964979,0.0036905965621840675,0.007766497461928923,0.0007555533168790429,0.001613228473482664,0.000856380031232673,0.054984687900909296,895632,0.08642374281198813,0.20151769751803592,0.13254476877388957,0.06359031903792758,0.4020618556701106,0.8977777777777798,0.8311111111111131,985.073492498407,990.9707678774583,991.2616299991367,0.004932370588833557,0.4311111111111131,988.15,983.3,high_only,09:42,,True,False,987.95,-0.0029859810719166102,0.005516473505744246,0.01594364724039158,0.01591901167732516,0.4871217573262224,989.7692947369384,981.979894661414,uptrend,uptrend,-0.0064425206361988785,0.5167983764940153,-0.0013873479309279846,-0.0007102037798407679,0.0033778459227493673,-0.00036263290883964405,0.0016224587147406488,0.0009640108864397146,0.001118186225718687
2025-11-04,987.0,997.0,983.7,985.7,19633336.0,375,0.003698074974670673,0.0016717325227963986,0.0024822695035462417,0.004103343465045484,-0.002983866889192277,-0.0022703193582563896,0.0018237082066869803,-0.0031351132686082694,-0.00202490634808139,0.0016767440678828738,0.05432897394513087,1066659,0.08383674582862535,0.34723777966210123,0.26515442918106225,0.09339890072680465,0.35106382978722583,0.15037593984962458,0.17999999999999544,989.5833299583088,992.7229728280236,990.2856257769953,0.004761904761904745,0.3533834586466212,991.7,987.0,high_then_low,09:57,14:42,False,True,993.4,-0.0064425206361988785,-0.007751157640426776,0.01527416289364584,0.10944838904997217,0.11939824259996963,989.3817428572299,982.1257811452801,uptrend,uptrend,-0.004768185046160167,0.7163602637478358,-0.0011464908843304977,-0.0005515687664475744,-0.005037920352693348,-0.0011243390116356666,-0.007296027438184471,0.002223301289243973,-0.002010774256972603
2025-11-06,981.0,991.05,974.0,987.5,20864240.0,375,-0.00010193679918457654,-0.003873598369011133,-0.004281345565749328,-0.001172273190621742,0.010540319279574328,0.006123386232586681,0.004943934760448521,0.0016736826089160939,0.0009122237989052095,0.0037609270176865994,0.08957460228601664,1868906,0.13159127770769508,0.3542223919970246,0.24416015153199924,0.11837589099818636,0.03361344537815865,0.7917888563049874,0.6950146627566014,980.1831520329719,984.5223703845646,984.7025281997645,0.0060900716479017625,0.34897360703812674,982.95,977.0,low_then_high,11:21,09:30,True,False,985.7,-0.004768185046160167,0.0018261134219335062,0.015179728127555771,-0.255182328462088,0.3256932350108295,989.2025292517794,982.3365348258575,uptrend,uptrend,-0.0075949367088608,1.4730293596059114,0.0002774927939810379,0.0012991656035650223,-0.002022009623593668,-0.0008476367964418419,-0.002591235526894331,-0.005172763972576155,0.0025213194053579358
2025-11-07,980.0,984.9,974.75,984.3,14878003.0,375,-0.003367346938775495,-0.0014285714285714457,-0.00040816326530612734,-0.0035714285714285587,0.0058246474555487815,0.007014848950332775,0.0034183673469387887,0.0009660853205877284,0.0029038667278005192,0.0019850358833408688,0.09111666397701358,1355634,0.11964730750491179,0.2386784032776442,0.18424293905573214,0.08483275611652989,0.49677419354839003,0.9408866995073868,0.8472906403940929,977.3340350837076,979.3014222796468,979.9653929193323,0.007950756604257592,0.7635467980295584,982.5,974.75,high_only,11:31,,True,False,987.5,-0.0075949367088608,-0.00324050632911399,0.01524584054761069,-0.09370237240185027,0.22421639110442562,988.7356217039909,982.4135334601376,uptrend,uptrend,-0.0020319008432388985,1.06848,-0.0033757903130688938,-0.003340043564076134,0.003908185170914402,-0.0009066626979775672,-0.0003879317945372218,0.0019114721355046882,0.0018727480185652956
2025-11-10,982.3,990.95,980.2,984.6,15652408.0,375,0.0007635142013642238,-5.09009467575261e-05,0.002239641657334923,0.0041229766873664975,0.0023924662764063243,0.0013686825163481409,0.005497302249821923,-0.0031386048395262156,-0.0015211439002129623,0.0005080784473121547,0.125437312904187,1963396,0.19066069578559414,0.3035229467568185,0.21852100967467752,0.10068974690667404,0.3693693693693642,0.40930232558139323,0.6976744186046512,982.641699738616,986.7945749575699,986.269599787245,0.005662109773515667,0.5162790697674376,985.75,980.2,high_only,09:47,,False,False,984.3,-0.0020319008432388985,0.00030478512648590694,0.014923651671098274,-0.003410756822748876,0.36836173685748863,988.3417529702775,982.4992772460146,uptrend,uptrend,-0.0011172049563275,1.547504236453202,-0.00025676155083975694,0.0014017683847316054,0.00522673358558623,-0.0024398520876239838,0.0025166552005975174,-0.0014526693314891315,-0.0006987527519022319
2025-11-11,983.5,993.5,978.0,992.0,9768341.0,375,0.0022877478393492634,-0.0012201321809862664,-0.002135231316725994,-0.002491103202847067,0.009874783670976273,0.010091228785485074,0.007574987290289936,0.0010595892830111975,0.0022733013387219447,0.0005547430531041009,0.0848364118328793,828711,0.11747378597860168,0.34354595114973974,0.26475580653869474,0.11727354726867131,0.08379888268156382,0.9032258064516129,0.9250000000000033,985.8271873829757,985.3485201795187,987.3870149803334,0.009118231368753449,0.5774193548387127,990.5,981.55,low_then_high,14:25,09:30,True,False,984.6,-0.0011172049563275,0.007515742433475525,0.014891705059386057,-0.08193367892531771,0.5086715899946941,988.6901574492987,982.871854608916,uptrend,uptrend,0.006854838709677402,0.6140662807839522,0.00167160327282323,-0.0035289065854706703,0.0028516219697856116,0.0006033464317898307,0.0051340704028466355,0.002308774404484404,0.00045624285122136676
2025-11-12,998.8,999.0,987.7,990.25,12793535.0,375,-0.005456547857428884,-0.004605526631958234,-0.0039046856227472615,-0.0052563075690829075,-0.003973043653188513,-0.0022142821196717843,-0.007458950740888981,-0.0011095980228981173,-0.0006055406973810573,0.0009096881791075262,0.07067100687964663,904132,0.09645559260986115,0.4579275391828764,0.34845294908717567,0.19510408968279683,0.26153846153846855,0.22566371681415617,0.11560693641618527,994.5351032813792,993.6383703053331,991.9655901594045,0.006549118387909392,0.5752212389380554,999.0,992.5,low_only,,10:23,False,True,992.0,0.006854838709677402,-0.0017641129032257563,0.01522623391327881,-0.30247313013769944,-0.48987496076649817,988.8387138826988,983.1611936438605,uptrend,uptrend,-0.006311537490532704,0.6699524618084668,0.005008645992791383,-0.0015599416279906686,0.002097986010846098,-0.0005600942503428685,0.0065530595532872216,-0.003045585003967566,-0.0005495037725552487
2025-11-13,984.0,990.1,982.6,985.75,13242867.0,375,0.0007621951219511924,0.001626016260162677,0.00010162601626029222,0.0014227642276423147,0.00015219155844148347,0.00045666734321092584,0.0018800813008130746,-0.00010143530963135916,-0.00035493357671634307,-0.0011652649711216823,0.12131557313080317,1606566,0.16586672659326715,0.2848672421160765,0.1697273709688393,0.07696649071534133,0.6122448979591865,0.419999999999997,0.43333333333333335,985.0593402636433,986.4962020450092,986.5168075236277,0.004986769794423029,0.6533333333333303,987.5,982.6,high_only,11:05,,False,False,990.25,-0.006311537490532704,-0.004544306993183533,0.015221431390532733,0.10682413620929301,0.12351540749199368,988.5445506557752,983.2627154617484,uptrend,uptrend,-0.00984022318031963,1.1904487915014415,0.0012406276571075292,-0.0011792589390143826,0.0005983146826422647,-0.0014466699586445086,0.00039035325036707036,0.0028052751991770597,0.0013452346490131495
2025-11-14,976.05,991.65,976.05,989.0,20587005.0,375,0.007940166999641507,0.006659494902925056,0.007735259464166866,0.004098150709492376,0.006564551422319598,0.00423447783276365,0.008349982070590789,0.004877057508636318,0.005899104963384749,-0.0014639810187289104,0.08684580394282704,1787895,0.10707890730098914,0.4414203037304358,0.3722057190931852,0.17382275857998772,0.6161137440758254,0.8301282051282068,0.7725118483412359,982.7102110116458,982.6652915048442,985.2578019580804,0.010808872496286037,0.6762820512820547,986.6,976.05,high_only,15:01,,True,False,985.75,-0.00984022318031963,0.0032969819934061118,0.015126266948502162,0.44026030517625464,0.5520186903363902,988.5879267837965,983.4877070122681,uptrend,uptrend,0.0022750252780585623,1.2071399635406117,-0.004489242430681273,0.002146080976719089,0.0006248083856270625,0.00515048091839887,0.001263323816551587,0.004513413926205967,-0.0002734234097625521
2025-11-17,991.25,997.95,985.6,996.45,18209408.0,375,-0.003581336696090731,5.0441361916675476e-05,-0.00030264817150060797,-0.0018663303909205453,0.005195198224553721,0.005609460278956924,0.0037326607818410906,0.0015076134479119485,0.0008537565287263238,-0.00040126398154183285,0.04913526019077611,894724,0.07511012988450805,0.39225448735071455,0.3154845561151686,0.18179624510582662,0.7702702702702634,0.8785425101214577,0.7570850202429155,988.6851748323136,992.3794139862648,993.8789159775724,0.007508116883116811,0.5991902834008068,993.0,985.6,high_only,12:48,,True,False,989.0,0.0022750252780585623,0.007532861476238661,0.015229281445873658,0.0033121301287883454,0.2450976295308041,989.3366956615301,983.9960322274733,uptrend,uptrend,0.0012042751768779336,0.6040942542704747,0.0012115693295469132,0.0006301015099312579,0.00178239723757323,0.0007636245429312183,0.0037620385232743914,-0.0005796601480145824,0.0007439889049807302
2025-11-18,997.65,999.0,990.0,990.85,19410684.0,375,-0.0021550644013431652,-0.0027063599458727605,-0.0007016488748557981,-0.003808951034932062,-0.004120810090959326,0.001811138501786047,-0.0020047110710168514,-0.004820971224827941,-0.0033695433514383533,-0.001108926861232984,0.07285838046716953,1414231,0.10153753468965854,0.3929777023828733,0.2819594610885428,0.11679454469507618,0.32500000000000756,0.09444444444444697,0.45528455284552277,996.3648180884171,995.4787921598403,994.5788114490633,0.0060422960725075026,0.6666666666666666,999.0,993.0,low_only,,10:03,False,True,996.45,0.0012042751768779336,-0.00561995082543032,0.015262554305052365,-0.17732025005649768,-0.13134833337518292,989.4808198842416,984.2648152773763,uptrend,uptrend,-0.0008578493212898497,1.0479305455573409,0.0002883029718270258,-0.0022596438370904304,-0.0021251412277397685,-0.0027651011880691634,-0.004597471390735075,-0.00044671610878233015,-0.002055870036758778
2025-11-19,990.0,996.55,984.0,994.8,19316324.0,375,-0.0029292929292928926,-0.004040404040404066,-0.004040404040404066,-0.003131313131313207,0.008924949290060713,0.004559732495693636,0.0014141414141413122,0.003429493645350057,-0.0009540547326136739,-5.025883298992451e-05,0.10874041044248378,2100465,0.13802631390941672,0.3223717411242429,0.18890908021629788,0.08212411429835201,0.13385826771653853,0.8605577689243022,0.9866666666666636,988.1173150389714,987.3978109337304,989.6545489219379,0.0064457189260518355,0.5059760956175335,991.5,985.15,low_then_high,14:30,09:50,True,False,990.85,-0.0008578493212898497,0.003986476257758387,0.014789272468277343,-0.27319829620224,0.09561940367077648,989.9874084666948,984.6779597763027,uptrend,uptrend,0.0005026135906713858,1.5564228427845948,0.000903659822280245,-0.0005247298220162344,0.00490197969758599,0.00028988122548723183,0.006101634697447844,-0.003515674218387832,0.003139612419862825
2025-11-20,995.3,1011.6,992.45,1008.6,19300576.0,375,0.0010549583040289079,0.0002511805485783114,-0.0011554305234602325,0.0,0.013108332077746088,0.012609263538631676,0.012609263538631676,0.000744158356898339,-0.0020777678836449986,-9.913750371770558e-05,0.06033716299451374,1164542,0.0850660104651799,0.3526691638632961,0.19193194026955465,0.07580203823968777,0.6813186813186681,0.8433420365535246,0.9058823529411751,995.0359803253126,1001.1908846690909,1004.0407114015662,0.00458461383445008,0.23759791122715196,997.0,992.45,high_only,10:32,,True,False,994.8,0.0005026135906713858,0.013872135102533267,0.014265159706880933,0.017607973113483763,0.883920250296916,991.7600362317714,985.6160790007614,uptrend,uptrend,-0.005453103311520935,0.8629135787466382,0.003047668763698219,-0.0010389520934023233,0.002619383822961119,-0.00012022648379506062,0.005554126827545636,0.0012901326419806347,0.0008643848406933996
2025-11-21,1003.1,1008.3,996.55,998.0,17199844.0,375,0.003688565447113934,0.0017445917655267706,0.00019938191606017064,-0.0037882564051441303,-0.006816937851420679,0.00310217152006409,-0.0006978367062108193,-0.00438946528331996,-0.0019500975048752922,-0.00010019036168718021,0.10256366278670899,1764079,0.13666211158659347,0.22715892074369975,0.18092803632405038,0.08663816950897926,0.45238095238095927,0.1234042553191528,0.49787234042553385,1005.9913113774005,1001.7103618469797,1001.0410484081516,0.006287425149700487,0.5361702127659536,1008.3,1002.0,low_only,,10:05,False,True,1008.6,-0.005453103311520935,-0.010509617291294848,0.014078296885333064,0.12392065458885917,-0.049568261835551554,992.3543184954123,986.1017229615159,uptrend,uptrend,0.002004008016031955,1.390407093596059,-0.0033533862138991344,0.0018633028910877147,0.0015473265529279967,-0.00328872521744783,-0.005094016963515524,-0.0001187111255609441,-0.00110074006587213
2025-11-24,1000.0,1011.45,993.6,997.85,31761357.0,375,0.0023999999999999577,0.0027000000000001467,0.0009999999999998899,0.00395000000000012,-0.004836940261294553,0.00164350814283587,0.005600000000000049,-0.007706841686555332,-0.008249267007901406,0.0,0.03808675429075653,1209687,0.05124160784440035,0.6804184720445037,0.6362549937649075,0.2889294371144155,0.6279069767442033,0.2380952380952378,0.48908296943231444,1002.8353414560955,1006.563572301613,1001.7994882738586,0.0042999999999999705,0.2408963585434145,1004.3,1000.0,high_then_low,10:20,15:06,False,True,998.0,0.002004008016031955,-0.00015030060120235778,0.01383369065435985,0.19517568141869718,0.4048088207202424,992.8777167339445,986.5624397081231,uptrend,uptrend,0.006163250989627667,0.953447881773399,0.00225790795332248,-0.0003483546939837545,-0.003699833095992644,-0.0031814156146799943,-0.004627080699587061,0.0030483546939839012,-0.004525426071875338
2025-11-25,1004.0,1006.1,988.4,989.45,24501733.0,375,-0.004432270916334691,-0.00836653386454178,-0.007470119521912344,-0.004880478087649354,-0.006177179590196813,-0.0033530177159443175,-0.008217131474103634,-0.006326889279437586,-0.0020675743822490267,-0.00030310684516288156,0.06656884229372674,1631052,0.0787555721058588,0.4043236860021289,0.29610146351688676,0.1099830367100972,0.07488986784141155,0.059322033898308785,0.2787456445993027,1000.4993322612238,997.3403607650934,994.8317380012808,0.011409901985423465,0.6412429378531069,1006.1,994.75,low_only,,09:31,False,True,997.85,0.006163250989627667,-0.008418098912662209,0.013702656490699855,-0.6105775088370814,-0.5996743390364264,992.5512675211878,986.6756773666281,uptrend,uptrend,-0.008236899287483057,1.2776801640015887,0.0021257856059453406,-0.0016654807008096295,-0.0009558243744830497,-0.004364038169452633,-0.0032012057039665365,-0.006701053163732151,-0.0019628511099849533
2025-11-26,981.3,1006.95,981.3,1005.0,18123735.0,375,0.010751044532762766,0.009782940996637235,0.014521553041883184,0.019260165087129355,0.014229488343929786,0.0029494101179763366,0.022266381330887652,0.0018441907989832362,0.0010458688181682607,0.0005973715651135247,0.11693423016834002,2119285,0.15997000618250046,0.30486756730883563,0.16822404432640403,0.07421974554362001,0.8888888888888854,0.923976608187133,0.8518518518518498,988.6201941142101,999.5704507343638,1000.8847569857978,0.011005808621216806,0.4210526315789485,992.1,981.3,high_only,09:30,,True,False,989.45,-0.008236899287483057,0.01571580170801945,0.013929356492349656,0.7023254090747312,1.5985218946127837,993.7368610905985,987.3942782542113,uptrend,uptrend,-0.002885572139303405,1.5703682681552655,-0.0006709125570855123,0.005299317608864262,0.012564355075562306,0.0013700122097322076,0.013271307757450668,0.0044836233877729725,0.0004741785892510286
2025-11-27,1002.1,1016.8,1001.0,1009.2,25244021.0,375,0.0033928749625784516,0.007683863885839637,0.006336692944815869,0.013371918970162655,-0.0005941770647651667,-0.0031511570654850773,0.010178624887735577,-0.0030623333004049513,-0.0003961965134706702,4.954664816936294e-05,0.1527525666374624,3856089,0.17936698753340444,0.2298593001487362,0.1449158198687919,0.049989817390819,0.9119170984455933,0.5189873417721562,0.7151898734177207,1006.0523112320974,1011.3527934621952,1011.0657031672312,0.009640359640359586,0.6107594936708864,1010.65,1001.0,high_only,09:53,,False,False,1005.0,-0.002885572139303405,0.00417910447761205,0.014577798200099357,0.5270935830204637,0.6982278632219098,995.209540986732,988.2494045971835,uptrend,uptrend,-0.0021799445105034065,2.857322070784519,0.0022039040586181446,0.0009100861535533689,-0.002120995763720379,0.0005456859329415753,0.0006239624477646366,0.006773777732286268,-0.0036080192333465266
2025-11-28,1007.0,1012.05,1004.2,1006.7,15916844.0,375,0.00034756703078442364,0.0004965243296921606,-0.0012909632571995733,-0.001042701092353493,-0.0007940446650123167,0.003529002435508577,0.0024826216484608032,-0.0027736503219415454,-0.0028230399683025764,-0.0004964257347100931,0.050981086451560374,811458,0.08165249342143455,0.3224419363537143,0.2371850851839724,0.10748368206662075,0.8666666666666667,0.31847133757962154,0.6751592356687919,1006.7874736585259,1009.3029324661452,1008.928557157227,0.0037341299477222645,0.4777070063694323,1008.0,1004.25,low_then_high,10:32,09:39,False,False,1009.2,-0.0021799445105034065,-0.0024772096710266034,0.014741915418762727,0.033681127288263425,0.16840563644131712,996.3038704165671,988.9729573580782,uptrend,uptrend,0.010728121585377837,0.5859188083173729,0.0006712471657923658,-0.00029728498767978007,-0.0012329704296721866,-2.0988280907130452e-05,-0.0005835273657172069,0.0007938093173719407,-0.002752662041034415
2025-12-01,1017.5,1017.5,999.3,1002.9,15674116.0,375,-0.006683046683046645,-0.0073710073710073765,-0.006977886977887038,-0.00835380835380839,-0.007029702970297036,-0.0049554013875123815,-0.013267813267813233,-0.0010956175298805215,0.0020983213429257574,0.000698463380562675,0.09202483891276549,1442408,0.13411946166533412,0.2524500903272631,0.16449476321344056,0.07521929785386301,0.09638554216866975,0.19780219780219857,0.2582417582417601,1011.531979647922,1005.7170233593101,1004.8270662579419,0.008224336107808039,0.4560439560439524,1017.5,1009.2,low_only,,09:46,False,True,1006.7,0.010728121585377837,-0.003774709446707103,0.014516062919662232,-0.507782820438401,-0.9140090767891186,996.9320732340369,989.5191158930556,uptrend,uptrend,-0.014856914946654642,1.041500578548052,0.0046270590412733625,-0.001585896724885849,-0.0045164819302736525,-0.0011809866867122931,-0.0010914135140652759,-0.005785110646121527,8.53691568317716e-05
2025-12-02,988.0,994.4,985.0,991.0,25474083.0,375,0.0008097165991902688,0.0015182186234816708,-0.0012145748987855143,0.0026315789473685403,0.001515917129863542,0.002119927316777792,0.004757085020242968,-0.0017125012591922006,0.0005047955577990315,0.0021235716452623343,0.14151206149402906,3604890,0.18452613191218697,0.3012866841958551,0.20768645528869478,0.09366303784124437,0.6617647058823574,0.6382978723404271,0.8191489361702196,988.4762370557771,990.6053637488363,990.4626988038519,0.0069035532994923265,0.7234042553191459,991.8,985.0,high_only,10:08,,False,False,1002.9,-0.014856914946654642,-0.011865589789610054,0.014254948244776805,0.10650467454611527,0.33371464691118924,996.3671138784144,989.5771897796025,uptrend,uptrend,-0.005045408678102881,2.5238680841366374,-0.003361864612363652,0.0016195216565502157,-0.0017843487127198188,0.0005990461342324505,-0.0045442476777347585,-0.00010130303306854493,-0.002311547393424651
2025-12-03,986.0,1002.3,986.0,1000.1,15022842.0,375,0.004766734279918916,0.0032454361054767844,0.0036511156186613825,0.00588235294117645,0.011019005256773129,0.00282314982859444,0.008722109533468636,0.0055298612507541645,0.00020002000200025627,-0.001198442025367008,0.06884010362353542,1034174,0.09765336012986091,0.2890834503884152,0.21443272850769515,0.10008532340285546,0.477611940298511,0.8650306748466295,0.8600000000000023,990.1240949782144,991.7395097578303,994.0649156109522,0.006795131845841906,0.41104294478528003,992.7,986.0,high_only,09:59,,True,False,991.0,-0.005045408678102881,0.00918264379414735,0.01457799945235055,0.22262561581819046,0.5983063425113716,996.722626842375,989.9898490039318,uptrend,uptrend,-9.999000099991662e-05,0.6783750861765302,-0.0019994627163525402,-0.0016093120911828684,-0.0032090106095390425,0.002455495352304604,-0.002759335303373467,0.004854748196659653,0.0030743658984495603
2025-12-04,1000.0,1004.7,993.0,998.5,14046512.0,375,-0.0013999999999999568,0.0020000000000000018,0.0012000000000000899,0.0020999999999999908,-0.003493013972055925,-0.007184911685460538,-0.005099999999999993,0.0036184541159915984,0.0034167420359763057,0.0016049754238138814,0.0857841434229366,1204968,0.1164615813520111,0.3006452420358876,0.19578511733019557,0.08731612517043377,0.9259259259259298,0.47008547008546825,0.16239316239315982,1000.4174749315612,999.0107532129183,998.2166697397909,0.005416248746238583,0.4615384615384578,1002.4,997.0,high_then_low,09:35,12:18,False,False,1000.1,-9.999000099991662e-05,-0.0015998400159984438,0.014730982907026286,0.13576826560881114,-0.3462090773024677,996.8919004764346,990.3235804155423,uptrend,uptrend,-0.006509764646970506,0.7904088391701601,-0.0001250716756910908,0.0005388376886172885,0.0012374022635033288,0.00011916660259858602,0.0012314749606505693,0.0014611623113827132,0.0034992875133930124
2025-12-05,992.0,1008.0,990.2,1001.2,11587136.0,375,0.003931451612903203,0.002520161290322509,0.0035282258064515126,0.009374999999999911,0.006737053795877301,-0.000299610506341752,0.009072580645161255,0.00019980019980025965,-0.0009978048293753927,-0.002093092793780449,0.10554627131329088,1222979,0.13718325218587232,0.26759537473280715,0.2088107017989605,0.10119705162690763,0.6323529411764681,0.6179775280898893,0.6067415730337069,994.5339633795836,1001.5021566912609,1001.8248785175787,0.006867299535447291,0.3820224719101108,997.0,990.2,high_only,09:48,,True,False,998.5,-0.006509764646970506,0.0027040560841262717,0.014451056806098794,0.17439287134065676,0.6278143368263797,997.302195669155,990.7501066737564,uptrend,uptrend,-0.001198561725928915,0.8562362972710238,-0.0006649472846704807,0.0014480880622158576,0.00648466526665592,0.0003152657403586723,0.006132505160068025,0.0010720732281066514,-0.00011546554055841263
2025-12-08,1000.0,1006.5,997.5,1001.8,12444691.0,375,9.999999999998899e-05,-0.0007999999999999119,0.001100000000000101,0.0037000000000000366,0.0026020816653322676,-0.0025904154627877096,0.001100000000000101,0.0006992308460691543,-0.001395534290271172,-0.0008975765433331118,0.10490642154152321,1305528,0.14033196967285086,0.26985113571723074,0.1676342144614117,0.08231477985270988,0.37777777777778787,0.47777777777777275,0.4000000000000025,999.7995896424029,1002.0109211230422,1002.2760609617924,0.004511278195488799,0.5,1002.0,997.5,high_only,10:01,,False,False,1001.2,-0.001198561725928915,0.0005992808629644575,0.014696824191353892,-0.054433528603448224,0.07484610182975641,997.7305579863784,991.1834358238051,uptrend,uptrend,-0.00688760231583152,0.9140307893296983,-0.0006437034532685848,-0.0007339505653712886,-0.009008096392174147,0.00033366571324422445,-0.009315554129348147,-6.604943462862334e-05,0.00036556513282492986
2025-12-09,994.9,1002.8,994.0,997.0,14708302.0,375,0.004623580259322635,0.006633832545984486,0.00442255503065625,0.004925118102321768,-0.004493260109835195,-0.0011002200440086707,0.0038194793446577613,-0.0017022128767397726,-0.002601040416166489,0.0,0.101566652629243,1493873,0.13127314084249833,0.42981664368871403,0.3468500986721649,0.14345728011295933,0.9375,0.34090909090909266,0.534090909090917,998.9673658782687,999.7586414233442,998.8010043738107,0.008048289738430636,0.9090909090909138,1002.0,994.0,high_only,10:02,,False,False,1001.8,-0.00688760231583152,-0.004791375524056618,0.014600211486956782,0.4543655105209177,0.26160438484537873,997.6609810352948,991.4115363797343,uptrend,uptrend,0.0005015045135405849,1.0985333626986802,-0.002533471125370168,-0.00259016279366453,-0.001789918467860696,0.0008113613830711408,-0.003510997655478798,0.009223995339649016,-0.0025135742598109134
2025-12-10,997.5,998.5,985.3,991.7,14569877.0,375,-0.0003007518796992459,0.0006015037593984918,-0.0007017543859649811,-0.0005012531328321135,-0.006412183147981088,-0.007723169508525585,-0.008220551378446128,0.002425957747902663,0.0014137130162577005,0.0023246411966848513,0.053734290275751814,782902,0.06769405122637617,0.30917598000312563,0.21458636884854965,0.08142313075120676,0.9200000000000046,0.4848484848484901,0.303030303030302,996.7863686217007,990.8689313958762,990.5867919658252,0.0050327126321088045,0.3787878787878775,998.5,993.5,low_only,,10:49,False,True,997.0,0.0005015045135405849,-0.005315947843530511,0.014252299236219157,0.04220398052476328,-0.5767877338384366,997.0932685557428,991.4228486785684,uptrend,uptrend,-0.0017142280931733422,0.5481280623838014,0.0008629446535159957,0.000902797512377207,-0.004832963128357681,0.0001398653019439866,-0.0038348796037419586,-0.0003012937529787152,0.0022860924459586762
2025-12-11,990.0,1002.7,988.5,999.9,11527407.0,375,0.0,0.0029292929292930037,0.00010101010101015717,0.004444444444444473,0.007050055393292398,0.007341110217216507,0.01181818181818195,-0.0017969451931716396,-0.0005997001499250532,-9.999999999998899e-05,0.08814610258837915,1016096,0.1461730291990211,0.23824412550021007,0.13170021670962082,0.07049356373033415,0.8461538461538344,0.8028169014084465,0.9295774647887326,991.3792252241259,996.1052659413947,997.1347738278578,0.005260495700556422,0.36619718309859356,993.7,988.5,high_only,09:32,,True,False,991.7,-0.0017142280931733422,0.008268629625894919,0.01434472874247988,0.20420692380318897,0.8238693132749231,997.3605763123387,991.7552859852913,uptrend,uptrend,0.003100310031003195,0.7113926540945495,0.0011168236370382445,0.0010418525962887504,0.005630272317375118,-0.0006983967742557606,0.006050270659780477,0.0018874403330042533,-0.001098548418915879
2025-12-12,1003.0,1004.7,998.2,1002.9,11575804.0,375,-0.00029910269192423566,-0.00029910269192423566,9.970089730804155e-05,-0.0011964107676969427,0.00019946145407390148,-0.0015971251746854653,-0.0027916251246260515,0.002699460107978391,0.0028999999999999027,0.001597922700489418,0.07909273515688414,915562,0.11687533755754675,0.29473443054149845,0.2398889960472724,0.12313373654218748,0.444444444444448,0.7230769230769126,0.3076923076923077,1002.4561138040532,1001.5396290461293,1001.4781399402866,0.003596044351213745,0.5538461538461573,1004.7,1001.1,low_only,,10:06,False,False,999.9,0.003100310031003195,0.003000300030002956,0.014674404969325794,-0.020382611257455146,-0.19023770506957127,997.8881404730683,992.1923335937113,uptrend,uptrend,-0.010868481403928598,0.6732670063781386,0.0028109844623604996,0.0014670096106454977,0.002421913504189188,0.00034185933064723173,0.005583356500787673,-0.0017661123025697334,0.002357600777331159
2025-12-15,992.0,1001.8,992.0,995.0,8144932.0,375,0.007862903225806406,0.0035282258064515126,0.003931451612903203,0.0040322580645162365,-0.0005022601707684871,0.0005020080321285203,0.004536290322580738,-0.0015052684395383542,-0.0023062268123934526,-0.0011043067965064157,0.16545491110300245,1347619,0.18263798887455415,0.3303766071957384,0.1991764940456225,0.09944908072897356,0.3571428571428588,0.30612244897959323,0.4591836734693899,998.5782793949921,996.8350329245418,996.7326996386633,0.009879032258064413,1.0,1001.8,992.0,neither,,,False,False,1002.9,-0.010868481403928598,-0.00787715624688401,0.01420816179415867,0.24832387592194047,0.31927355475679625,997.6130794756332,992.3024381586638,uptrend,uptrend,-0.004924623115577842,1.0659404937380044,-0.004337057942633393,-0.0004415726155561073,0.0033397544547735247,-0.00010185784872385195,-0.0011135429865990476,0.00396979842200762,-0.0014034105908145023
2025-12-16,990.1,998.7,990.1,994.2,19552163.0,375,0.004847995152004847,0.005150994849005164,0.006463993536006463,0.0039389960610038965,-0.001004823151125378,0.0019114688128771817,0.005857994142005829,-0.0017069986946479654,-0.0008040201005025116,0.0004024954719259455,0.052369755714495626,1023942,0.07927977073431722,0.33572664057679963,0.21490788512759432,0.08074231991621592,0.9622641509434088,0.47674418604651303,0.6744186046511558,993.4791208225988,994.9698550683122,994.8705115302754,0.005352994647005227,0.616279069767435,995.4,990.1,high_only,09:32,,False,False,995.0,-0.004924623115577842,-0.0008040201005025116,0.014127217815821224,0.36461495222622736,0.4146601417474712,997.2880242874777,992.3768523485202,uptrend,uptrend,0.0018105009052504784,0.7718697833176978,-0.0024025524717460334,-0.0010943490742346684,-0.0031886403483420978,-0.0006726262382218406,-0.006252402552471836,0.006245343923239832,-0.0010343724564261247
2025-12-17,996.0,996.0,980.8,985.7,18519103.0,375,-0.0063253012048192225,-0.006224899598393674,-0.007028112449799173,-0.008132530120481984,-0.004142250959789817,-0.004555116914667479,-0.012650602409638556,0.002338824486475488,0.0017276422764227473,0.0020331401850157693,0.08328691729831623,1542399,0.11794043156409897,0.3278372068020789,0.20686174702954024,0.1018659489069206,0.1506849315068378,0.3223684210526366,0.17105263157894834,990.7362387855976,985.467160992917,984.9102429079132,0.0073834327905328845,0.4802631578947324,996.0,988.7,low_only,,09:45,False,True,994.2,0.0018105009052504784,-0.008549587608127185,0.014107775428512107,-0.4412389203341742,-0.896711354227501,996.1844029267655,992.1150150015194,mixed,uptrend,-0.012579892462209696,1.2200076962412998,0.00197475180213047,4.2467107294941187e-05,-0.004275665575390719,0.0011689829848031685,-0.0011430737659735568,-0.006267366705688615,0.0011698415016723196
2025-12-18,973.3,987.4,973.3,980.0,14169924.0,375,0.00729477036884818,0.009246892016849806,0.009555121750745021,0.01089078393095666,-0.0023414435508499754,-0.0020327269031406026,0.008835919038323148,-0.0019350239331907826,0.00010205122971740366,0.00030621618862913813,0.11066064997949178,1568053,0.13475689777870367,0.3220383539107196,0.16690759950441514,0.06843939318234875,0.8910891089108891,0.47517730496454147,0.609929078014185,979.2230540676876,982.5709021358259,981.8798695885735,0.010377067707798338,0.7163120567375891,983.4,973.3,high_only,09:30,,False,False,985.7,-0.012579892462209696,-0.0057826925027899545,0.014238914498051303,0.6494098983539306,0.6205472362048671,994.6430312194545,991.6399163740089,mixed,mixed,0.0071428571428571175,1.2402995127163974,-0.002211309823482388,0.0005957763917296965,0.0009644979370999618,0.001012037821520817,-0.0002381708478881306,0.00865111562512011,-0.0029470617547115996
2025-12-19,987.0,988.0,978.7,985.2,25552803.0,375,-0.007396149949341346,-0.005268490374873425,-0.003343465045592686,-0.001519756838905817,0.0034630270930944285,0.0017250126839167823,0.00020263424518751627,-0.0020259319286871635,-0.0020259319286871635,-0.0007100111573181689,0.05172790632792809,1321793,0.0674509172242278,0.3393187823660676,0.3106068637558079,0.1463430450271933,0.37349397590360556,0.6989247311827991,0.9139784946236604,980.8227707364165,984.5525363897326,984.9248851251258,0.008480637580463801,0.8924731182795693,987.0,978.7,high_only,10:26,,False,False,980.0,0.0071428571428571175,0.0053061224489796555,0.013991637228839412,-0.37654566715138016,0.014482525659673963,993.7436949128398,991.3873706338517,mixed,mixed,0.002842062525375555,0.9963963549701543,0.0037128640960037984,0.0014974046272890895,0.00229820735966646,-0.0003715675723545697,0.005645800125117839,-0.006765895002162514,-0.0016543643563325938
2025-12-22,988.0,992.9,983.9,987.3,13078234.0,375,0.0026315789473685403,0.004655870445344101,0.003441295546558587,0.00030364372469637857,-0.005339512391698609,0.00010118385105739591,0.0004048582995950234,-0.0011129097531363819,0.00020261371694862973,-0.000809634652363167,0.08460400693243446,1106471,0.11743496866625876,0.2803481723908595,0.16869594166918866,0.07539779453403266,0.9523809523809592,0.37777777777777527,0.5,990.5116847165449,987.6225728798948,987.6280527172099,0.006385566592337355,0.699999999999995,992.9,986.6,low_only,,12:12,False,False,985.2,0.002842062525375555,0.0021315468940314997,0.013868764343813891,0.33570910355981604,0.02919209596171478,993.1300096830456,991.227081589387,mixed,mixed,0.0032411627671427024,0.8422807871592394,0.0036380934772390905,0.0026750230754322146,0.003899316276383402,0.00020261913909802587,0.007755745067677289,0.0019808473699118867,-0.0013155288922344077
2025-12-23,990.5,998.9,987.7,997.0,17531074.0,375,-0.000403836446239203,-0.000807672892478517,-0.00010095911155982851,0.003634528016153382,0.007375972516924234,0.0036213660597526065,0.007269056032306986,-0.0007016137115365417,0.0007025996185887617,-0.00020056157240277983,0.06517957770299755,1142668,0.07914569295640415,0.37583031136597794,0.2491129180106136,0.06955204227647434,0.43478260869566077,0.8303571428571439,0.8928571428571483,989.6153226192271,993.7625565070566,994.9092856585211,0.00465728460058723,0.4107142857142801,992.3,987.7,high_only,10:02,,True,False,987.3,0.0032411627671427024,0.009824774637901434,0.013431235815380655,-0.06013392241640326,0.5412053017476541,993.4985801894222,991.453470546666,uptrend,mixed,-0.004012036108325012,0.8698350905732494,0.0016225358572781179,-0.002119808282325608,0.00031863904873841165,-0.0018158547773956535,0.00012231130137307922,0.001312135389847091,0.0011142410658591118
2025-12-24,993.0,999.4,993.0,996.4,13515184.0,375,0.0035246727089628394,0.004028197381671594,0.0055387713997985255,0.004833836858006091,-0.0006018054162487685,-0.0030066145520144527,0.0018126888217522286,0.001608363490148701,-0.0006018054162487685,-0.0016032064128256307,0.04022172395137203,543604,0.06007502376586216,0.4301738696269322,0.2526326685600433,0.059217617754963606,0.8888888888888888,0.5312499999999983,0.2812499999999939,995.8244992065304,996.186133445349,996.3940085487059,0.004531722054380571,0.7031250000000026,997.5,993.0,high_only,09:30,,False,False,997.0,-0.004012036108325012,-0.0006018054162487685,0.013131789717198358,0.3067515904854896,0.1380382157184712,993.7749058856677,991.6474520938557,uptrend,uptrend,-0.0004014452027297777,0.4299802215299384,0.00017962275399896477,0.0017748890455528965,-0.0012342070219885093,0.0001262512744684141,-0.0009286878557820399,0.002253308336118698,0.0014821122156802868
2025-12-26,996.0,997.2,987.7,992.0,9307920.0,375,-0.00030120481927709,-0.00020080321285143032,-0.0017068273092369912,-0.0010040160642570406,-0.0038160273147217483,-0.004924623115577842,-0.005923694779116473,0.0019189980810019325,0.0008071025020177647,-0.0003023279250226052,0.030464808464189638,283564,0.05806678613481852,0.23265831678828353,0.15486875692958255,0.09854865533867932,0.41666666666665086,0.4526315789473636,0.25263157894736604,996.0162756908493,992.522338925093,992.2905969432484,0.0024125452352232735,0.252631578947378,997.2,994.8,low_only,,09:33,False,True,996.4,-0.0004014452027297777,-0.00441589723002811,0.012156577963386204,-0.016518070583368082,-0.48728308220929906,993.6058672298899,991.6612775019398,uptrend,uptrend,0.0011088709677420372,0.23358335251963902,-0.0007803639020490527,0.00044408288271036156,-0.0036464564291525114,0.0008318604472450364,-0.003595794450618084,-0.0006448860955617919,0.001087137633756896
2025-12-29,993.1,997.4,987.2,992.8,13507425.0,375,0.0009062531467123325,0.002013895881582961,0.001913201087503813,0.0006041687644748883,-0.002311325494925187,-0.0018114118949381641,-0.0012083375289497766,0.0009073495312026392,0.0013111447302067702,0.0006047167909695172,0.07833639646342659,1058123,0.09643784807244904,0.28864709594907983,0.19246540328745115,0.06335478449815564,0.4651162790697724,0.549019607843132,0.4607843137254866,995.0585700654209,991.119562224433,991.3171508114975,0.004329876145403144,0.42156862745097873,997.4,993.1,low_only,,10:20,False,True,992.0,0.0011088709677420372,0.0008064516129031585,0.011847224489886583,0.1699888343723147,-0.10199330062338884,993.5291179699004,991.7059332861775,uptrend,uptrend,-0.0026188557614825747,0.9014370200491048,0.0006027415141096615,-0.00039902775353117814,-0.004162933774821687,-0.00019456864516653738,-0.003756576888894081,0.002412923635114139,0.0011019181763691765
2025-12-30,990.2,995.0,982.2,995.0,32958403.0,375,-0.0010098969905070199,-0.0016158351848111208,0.00030296909715210596,-0.0007069278933549139,0.006473801335221463,-0.0035371399696816352,-0.004241567360129261,0.009127789046653234,0.007085020242914908,0.00413765263901511,0.03534440063737312,1164895,0.05106709812365605,0.6301112344551403,0.5738012245314192,0.23684281668623325,0.19047619047619563,1.0,0.3304347826086917,989.5293470513079,986.6706334557821,989.2002861859938,0.006380392951184977,0.4921875000000071,993.7,987.4,low_then_high,15:25,11:14,True,False,992.8,-0.0026188557614825747,0.002215954875100845,0.01197241547476122,-0.13496317332266214,-0.3542783299719939,993.669201972767,991.8351123729941,uptrend,uptrend,-0.004020100502512558,0.9923983104706181,-0.00034296988801452155,-0.002172245373136761,-0.0009367446773242971,0.0020816773805205635,0.0007996208063261179,0.00055641018832564,0.007046111666132671
2025-12-31,991.0,997.6,987.6,994.0,10928704.0,375,0.0014127144298687888,0.0010090817356205317,-0.0015136226034309086,-0.0014127144298687888,0.002016129032258007,0.0067704122877929596,0.005348133198789018,-0.0023085416039345663,-0.0007037297677692234,0.0031284690685235983,0.033287844560526116,363793,0.04226978789067761,0.40544551302697923,0.3064934323411083,0.14017618191507428,0.46428571428571647,0.6399999999999977,0.8699999999999932,992.181103448023,992.7958553911046,992.6241398705645,0.005659995957145725,0.5600000000000023,995.0,989.4,low_then_high,12:52,09:43,False,False,995.0,-0.004020100502512558,-0.0010050251256281673,0.01171311331494512,0.0861497458863489,0.4565936531976662,993.7007065467892,991.9200099269943,uptrend,uptrend,-0.0005030181086519425,0.3153049342531493,1.925257647594769e-05,0.001742324626844205,0.007285034682848801,-0.0007033571926874371,0.006595932700693696,-0.0007332428912236733,-0.0016051844112471292
2026-01-01,993.5,997.55,989.5,991.15,7102394.0,375,0.00020130850528432553,0.002164066431806777,0.0038248616004026292,0.0006039255158529766,-0.004519660523276237,-0.0017603862790463998,-0.0011575239053849273,-0.0012092507683781895,-0.00045381202097627416,0.0005552190591560091,0.038712158182156606,274949,0.06637297226822393,0.32828747602568936,0.27098299531115844,0.06994937200048322,0.7794117647058809,0.20496894409937721,0.3540372670807502,994.6922513508566,992.1405001753394,991.8622658571186,0.0034239677744209995,0.42236024844720454,996.4,993.0,high_then_low,09:36,11:16,False,True,994.0,-0.0005030181086519425,-0.0028672032193158836,0.011323213872574227,0.1911176858584582,-0.1022257389475392,993.4577821137616,991.8898134592691,mixed,uptrend,0.0,0.24449267030628166,0.0012030518115588862,0.0005310755617367047,-0.0007985236863520262,-0.0004645845123201209,-6.120454367219974e-05,0.0016329908700700724,-0.0007446662560580686
2026-01-02,991.15,1003.2,988.8,1000.25,11579018.0,375,0.005700448973414707,0.0034808051253594208,0.006911163799626641,0.005195984462493142,0.005680675648501943,0.004115226337448652,0.00933259345205073,-0.0001499400239903803,0.001552017622909796,-0.0016966914516692855,0.11926132250593272,1380929,0.17208169121077452,0.24367152724004748,0.19075693638268806,0.08627199646809428,0.7116564417177919,0.7951388888888871,0.8787878787878775,994.4011682835733,997.7251649083536,998.54067741755,0.008242313915857613,0.565972222222225,996.95,988.8,high_only,09:42,,True,False,991.15,0.0,0.009181254098774128,0.010905741835508237,0.31917178839005644,0.85575044713277,994.1046600076891,992.2176639118469,uptrend,mixed,0.005498625343664187,1.2279623447016836,0.000568089440613484,0.0020263734415084667,0.005819132788633885,0.0010795482622694141,0.00747697516282364,0.0014544316838509541,-0.0012294882862597944
2026-01-05,1005.75,1006.4,976.3,978.5,27106057.0,375,-0.009793686303753435,-0.013820531941337255,-0.016952522992791375,-0.01551081282624911,-0.013459696526692544,-0.01287683684290264,-0.028187919463087296,0.0011254348270923753,0.00020443626699373496,0.0013303315595578624,0.1407594250982354,3815433,0.1845675304231818,0.29887818062213917,0.2153371846004751,0.12467423793877509,0.2761194029850777,0.07308970099667919,0.036544850498339596,994.024050433245,986.4357500123139,983.9033784890476,0.020379194971104075,0.6677740863787378,1006.4,986.3,low_only,,09:52,False,True,1000.25,0.005498625343664187,-0.021744563859035226,0.01104722922538601,-1.2510405694830995,-2.5515827442335306,992.6185019117187,991.6797163074608,mixed,uptrend,-0.016147164026571237,3.3927943092890214,-7.59425418728199e-05,-0.0012189703687670583,-0.004042348777422156,0.0006634321173588642,-0.003457284218760015,-0.012601561572570197,0.0004620027097335111
2026-01-06,962.7,966.7,956.0,962.95,30279010.0,375,-5.193725979024677e-05,0.00015581177937051827,-0.0011426197153838746,0.0005713098576918263,0.00010385833722814652,-0.0012976901116013018,-0.0007271216370624556,0.00098752598752605,0.0013518431861905267,0.0004155628279052248,0.2004052312146269,6068072,0.24270430241939878,0.1938103986887286,0.13415101748703145,0.05612782584371154,0.7611111111111136,0.6495327102803753,0.5607476635513995,960.5850003098184,962.6761510122042,962.5272368036464,0.009414225941422494,0.8411214953270992,965.0,956.0,high_only,10:00,,False,False,978.5,-0.016147164026571237,-0.01589167092488497,0.011660516063916741,0.013362339927018756,-0.0623575863260907,989.7929303010789,990.5530607659917,downtrend,mixed,-0.0072174048496806975,5.395906611374397,-0.002093760061574468,-0.0006051997541018928,-0.0015903198585703882,0.0010172842716762442,-0.002667210269521547,0.000761011533472411,-2.9758284150194214e-05
2026-01-07,956.0,956.45,946.0,950.25,52170281.0,375,-0.005387029288702938,-0.005230125523012608,-0.005439330543933085,-0.004707112970711247,-0.0007886435331230235,-0.0031529164477140936,-0.007845188284518856,0.0018450184501845879,0.0034318901795142853,0.0011061946902655162,0.08884719252326818,4635183,0.10741138235387308,0.14152676310100765,0.1077010300174538,0.04822787901027407,0.4043715846994545,0.40669856459329967,0.23923444976076452,951.7663384847301,950.5851303059072,950.3221462505949,0.009659030930011747,0.8755980861244068,956.45,947.3,low_only,,12:06,False,False,962.95,-0.0072174048496806975,-0.013188639077833741,0.012360774374281555,-0.4231228048215707,-0.6346842072323516,986.0269369390713,988.9725485790901,downtrend,downtrend,-0.005840568271507474,4.121739919142392,-0.001205364732670855,-0.0008702104953123291,-0.0017939724057207673,0.0017895325756240865,-0.0012130057135434358,-0.0043599150277002785,5.548587456050136e-05
2026-01-08,944.7,953.0,941.4,948.0,21408742.0,375,0.0050809780882818956,0.0030697575950036082,0.005239758653540649,0.001058537101725321,0.00042211903756861346,0.004335412921645299,0.005398539218799625,-0.0018951358180668842,0.0015318789287412926,0.0019023462270133518,0.15334007014517714,3282818,0.21832030111811335,0.256055960691198,0.19269511492081132,0.08827772318429546,0.6775956284153072,0.5689655172413801,0.7241379310344794,947.7693805545523,947.8306319894563,947.6803985758088,0.009719566602931717,0.7887931034482724,950.55,941.4,high_only,09:35,,False,False,950.25,-0.005840568271507474,-0.0023677979479084232,0.012801672952696897,0.2397934712397812,0.4217057597665255,982.4053238972549,987.3657819681454,downtrend,downtrend,-0.0031645569620253333,2.9191775163740434,-0.001392347444239217,-0.0016087947446038475,-0.007701147223871385,-0.0014109000229680646,-0.010480857135206856,0.004678552339607456,-0.00048423579509881964
2026-01-09,945.0,950.6,933.3,939.0,37735638.0,375,0.0008465608465608732,-0.0027513227513227267,-0.002169312169312154,-0.004285714285714226,-0.003607809847198662,-0.0011690312981561535,-0.005449735449735371,-0.0009043996382401831,0.0033123196922748566,-0.00021294718909714572,0.10238727115200755,3863649,0.12163440830124563,0.16774636220540382,0.09272804662796479,0.04484765833295306,0.1135135135135086,0.3294797687861285,0.37861271676300823,945.3850029553239,941.4587562156858,940.9733286577347,0.00982631327349015,0.5346820809248534,950.6,941.35,low_only,,10:09,False,True,948.0,-0.0031645569620253333,-0.009493670886076,0.012750052688061893,-0.21578912798523886,-0.42742846504768234,978.2714835260878,985.4690846360613,downtrend,downtrend,-0.0015974440894568342,3.3486834378953034,-0.0011017090019289633,1.934954567262004e-05,-0.007288973854894021,0.0020134843024242066,-0.006386046565567183,-0.002770672296995347,-0.0029178839406643897
2026-01-12,937.5,942.0,929.6,936.55,20670750.0,375,0.0005866666666665132,0.0016000000000000458,-5.333333333323864e-05,-0.002080000000000082,-0.002609158679446222,0.003687670354337147,0.0016000000000000458,-0.002609158679446222,-0.0013861491709762364,-0.00037357241968194455,0.10815862994811509,2235720,0.15049158835552653,0.23122237944922172,0.13812256449330576,0.06166525162367113,0.653846153846146,0.5604838709677374,0.7580645161290318,938.1866044197543,936.7523558170418,936.8478032098493,0.0041646644241550845,0.3145161290322568,940.35,936.45,low_then_high,12:32,09:36,False,False,939.0,-0.0015974440894568342,-0.002609158679446222,0.01294655762417935,0.12358497497526613,0.12358497497526613,974.2980089045556,983.5506891601374,downtrend,downtrend,0.011905397469435863,1.7981507933444003,-0.0013480549492874694,-0.005321583775013017,0.003375660571778072,0.001956848386958976,0.003983862245513281,0.006921583775013063,-0.004566007066405198
2026-01-13,947.7,947.7,932.6,934.75,30409345.0,375,-0.004326263585522905,-0.0031655587211142366,-0.005698005698005826,-0.005064893953782956,-0.01053244416216792,-0.007317849188673176,-0.012345679012345734,-0.0013354700854700807,-0.0008017103153393768,-0.003889599317988046,0.08401479874032143,2554835,0.11072221384577668,0.36131271489076794,0.21979789436438044,0.09277917692735572,0.4230769230769281,0.14238410596026319,0.10687022900763167,944.8605733638375,941.7079453424332,939.921035647102,0.0055172413793103114,0.3443708609271548,947.7,942.5,low_only,,09:44,False,True,936.55,0.011905397469435863,-0.0019219475735411384,0.013281802011237862,-0.2383380446746478,-0.9295183742311424,970.5315318660265,981.6369366440535,downtrend,downtrend,-0.005081572612998131,1.9141556267822277,0.003535985677804776,-0.00519358158267158,-0.010995333499373539,0.003966797591810289,-0.0035611735209891693,0.0020280228615573437,-0.00530226767728037
2026-01-14,930.0,940.05,920.2,925.0,35414484.0,375,0.007473118279569979,0.009354838709677571,0.008602150537634357,0.00854838709677419,-0.014594652178544831,-0.01700517085132469,-0.008602150537634357,0.0032537960954446277,-0.0007561845090202635,0.0007573298712539867,0.10359538204763905,3668777,0.14919776891285497,0.35416012273396386,0.22901132768163443,0.10318360137620529,0.8656716417910533,0.24181360201511218,0.09068010075566563,936.7564389804376,932.171532606019,929.8183474191898,0.010806451612903167,0.5062972292191436,940.05,930.0,low_only,,13:31,False,True,934.75,-0.005081572612998131,-0.01043059641615407,0.013544528173276765,0.6906729115994299,-0.6351015279075076,966.1951954978335,979.415880305071,downtrend,downtrend,-0.00324324324324321,2.714875595788246,-0.0025530640657691617,0.003468032305919966,-0.0009454725510799067,0.0017483404424705196,-0.0017538947352047085,0.005886806403757605,0.001505455652974108
2026-01-16,922.0,935.95,919.2,930.55,34059275.0,375,0.00433839479392617,0.003470715835141025,0.0042299349240779716,0.010737527114967449,0.005782533506268894,0.001663268591050704,0.012418655097613973,-0.0031067545128288243,-0.0007516778523490864,-0.0005370280865689692,0.1562797211625908,5322774,0.19394561393335588,0.2553032911005886,0.2128909672915821,0.12018106668447875,0.8333333333333413,0.677611940298502,0.8507462686567164,923.4069864447872,929.5938097151194,930.0398042637914,0.007832898172323688,0.42985074626865266,926.4,919.2,high_only,09:45,,True,False,925.0,-0.00324324324324321,0.006000000000000005,0.014174148594183112,0.2448623853545152,0.8761482225966242,962.8004149742304,977.4995712734997,downtrend,downtrend,0.005749288055451052,3.641585206996957,0.001049900463982123,0.0011480363713489705,6.810385253763762e-05,0.0001595467316268806,0.0012778009357554687,0.0023226794637920545,-0.003266301244455705
2026-01-19,935.9,936.15,919.5,925.65,37454238.0,375,-0.008227374719521285,-0.0033123196922748566,-0.007693129607864058,-0.013997221925419412,-0.007665094339622591,0.004930645860424798,-0.009135591409338506,-0.0018331805682860747,-0.0028009695663884226,-0.002908385845855621,0.14313213367202932,5360905,0.19676120496697863,0.17489604247188262,0.08492638403162814,0.042205477521662565,0.7427385892116154,0.3693693693693685,0.4714714714714735,928.3092588751339,927.3404159731133,927.4983572602209,0.013043242950695477,0.723723723723722,935.9,923.85,high_then_low,09:34,10:07,False,False,930.55,0.005749288055451052,-0.005265703078824346,0.014315120284038325,-0.2313860887336145,-0.638177760862051,959.2622802147799,975.4662547529703,downtrend,downtrend,0.003943175066169591,3.6357665119692153,-0.001898692314576067,-0.00383384464255776,-0.0023700839274785057,-0.0014379325031357304,-0.005696076943727979,0.0005215249502829034,-0.0003952480651503443
2026-01-20,929.3,934.5,919.6,930.5,35598944.0,375,-0.002959216614656146,-0.00796298289034758,-0.007371139567416196,-0.0038738835682771144,0.009328560581407963,0.007885924165496272,0.003981491445173901,-0.002679528403001119,-0.0009126536747732228,-0.00021489201676161418,0.039735026971586575,1414525,0.059821381218499066,0.33180110623506137,0.2653560734835281,0.1021431422235446,0.23711340206185266,0.7315436241610734,0.8993288590604025,924.6548173061628,929.6178482585684,930.127394955405,0.010548064375815569,0.6510067114093924,929.3,919.6,high_only,10:23,,True,False,925.65,0.003943175066169591,0.005239561389293934,0.014494524733873752,-0.5493786817126928,0.27468934085635405,956.5230154324199,973.7028722136381,downtrend,downtrend,-0.00591080064481464,0.7822296274811297,0.0009704368922540674,-0.003594563003561313,-0.007460819458724011,-0.006463314486922833,-0.012918941128132966,-0.004368419886786268,0.003783786083921714
2026-01-21,925.0,932.15,915.5,921.0,30854125.0,375,0.004270270270270382,0.003675675675675727,0.0039459459459458834,0.003189189189189312,-0.007970702283498499,-0.008405625303087527,-0.005243243243243323,0.000923762430038666,0.002285341168788868,0.000923762430038666,0.0908742348065291,2803845,0.1826256618847561,0.2390121904283463,0.18897962590091277,0.0741809401498179,0.47552447552447386,0.33033033033033077,0.2792792792792783,928.6311415098435,925.8931386276827,924.6128399276703,0.007729729729729629,0.42942942942942863,932.15,925.0,low_only,,10:00,False,True,930.5,-0.00591080064481464,-0.010209564750134348,0.01482487478022838,0.24793974520296774,-0.3536787541865868,953.1398711055227,971.6360929111426,downtrend,downtrend,0.007600434310532034,1.536250306486277,-0.0033438584598428633,0.0023447754663696863,-0.0008014796547473058,0.0018809076922159385,-0.0022695423452995245,0.0013309002093060407,-0.0009571452621772725
2026-01-22,928.0,928.3,913.2,921.0,44181858.0,375,-0.0012392241379309832,-0.003232758620689613,-0.002209051724137878,-0.006088362068965458,-0.00432432432432428,-0.004878842088144375,-0.010937499999999933,0.0034319333224381854,0.0015224010439320868,0.0021217561612534297,0.047553953027507354,2101022,0.06805958681049584,0.3326480520579284,0.22734802144355268,0.07606484091275655,0.4210526315789484,0.5165562913907286,0.30794701986755,925.5843422550231,918.3764973229703,918.5498984258812,0.006178192065900534,0.37748344370860704,928.3,922.6,low_only,,10:13,False,True,921.0,0.007600434310532034,0.0,0.015262795010926974,-0.21180646260237457,-0.7166118651380389,950.0789310002348,969.6503637773723,downtrend,downtrend,-0.0010857763300760048,0.8771518122639235,0.006994965849627333,0.00167691558012395,-0.0043126323037072645,0.003392134290475468,0.00605329762675777,-0.004909674200813563,3.979903196271728e-05
2026-01-23,920.0,926.1,909.25,915.8,30339542.0,375,0.0012499999999999734,0.0033695652173912904,0.0013586956521738358,-0.0024999999999999467,-0.007908135629942636,-0.006973956630707323,-0.009456521739130475,0.00493800065840011,-0.000872790748418173,-0.00070925855202153,0.1061994277962403,3222042,0.13501808959410133,0.28751884257184895,0.15796599698176064,0.07728244546341537,0.6703296703296712,0.3887240356083054,0.1216617210682464,922.3267573793265,917.0324989827147,916.3651288435184,0.00992366412213741,0.5400593471810096,926.1,917.0,low_only,,10:15,False,True,921.0,-0.0010857763300760048,-0.005646036916395314,0.015495095388589735,0.21746011450000932,-0.6102912890806764,946.8142709049744,967.5385848057106,downtrend,downtrend,-0.010701026424983606,1.3451643911822326,0.0009537745182253143,0.0,-0.010860301602708233,-0.00018349099597714247,-0.010098556700216643,0.0033695652173912904,0.005121491654377253
2026-01-27,906.0,931.2,905.0,928.0,42803943.0,375,0.0035320088300221375,0.000496688741721929,0.016390728476821215,0.013907284768212014,0.02377406365491752,0.0008164598301763082,0.014735099337748414,0.009408821449937488,0.006180201669738761,0.0028095958504430474,0.19817889207076086,8482838,0.24451406264137862,0.3254110024396584,0.21801033610384912,0.0960049171170983,0.15760869565217808,0.8778625954198458,0.8644578313253014,909.7512267553224,914.2565830018731,917.6027491622281,0.010165745856353547,0.35114503816794007,914.2,905.0,high_only,09:38,,True,False,915.8,-0.010701026424983606,0.013321685957632612,0.016088899058012775,0.030871518301593324,0.9158550429471353,945.0224355806911,965.9880520682317,downtrend,downtrend,0.004849137931034475,3.166017750640083,-5.585533468321913e-05,-0.004181404321449422,-0.001224896113248941,0.008047489978088462,0.00675650066328215,0.004678093063171351,0.0013613314718490255
2026-01-28,932.5,941.45,928.4,932.4,34151939.0,375,0.006916890080429061,0.00536193029490617,0.0007506702412869437,0.004021447721179516,-0.00544,-0.007209612817089428,-0.0032171581769436797,0.003119956966110893,-0.0005895278417922256,0.001073652566029537,0.22924508034521845,7829164,0.28052269594414536,0.184169191681913,0.12935160138345292,0.05329410432596521,0.6839999999999964,0.30651340996168425,0.08429118773946491,936.5740396164904,935.7130506031277,935.096292840552,0.013456052532428986,0.9578544061302632,941.45,928.95,low_only,,13:49,False,False,928.0,0.004849137931034475,0.004741379310344795,0.017042626208008713,0.3146187817219437,-0.1887712690331649,943.8202988587204,964.670873555752,downtrend,downtrend,-0.002466752466752431,2.5985100616722483,0.0009808156423252168,0.0037175089127177152,-0.000938284997139549,0.004473918324242154,0.0045157148461802965,0.0016444213821884546,-0.0013539613581312615
2026-01-29,930.1,939.3,924.35,935.8,35673108.0,375,0.0003225459627995697,-0.001128910869799049,-0.002365337060531214,-0.004408128158262525,0.007265486249394604,0.013174946004319787,0.008708740995591935,-0.002558089959497023,-0.0014938113529663344,0.0017126953543138423,0.07660734242724239,2732822,0.10092697838382908,0.3915417462364087,0.3246318206981012,0.14575682612235524,0.3302752293577871,0.765886287625417,0.92642140468228,929.9147212112607,931.7579819926938,933.358688975647,0.00587759503909413,0.3645484949832823,932.7,927.25,low_then_high,12:05,09:43,True,False,932.4,-0.002466752466752431,0.0036465036465036516,0.017253190028920846,-0.06543200810439692,0.504761205376734,943.0564608721756,963.5386824359186,downtrend,downtrend,-0.006197905535370807,0.8402400666578528,-0.000120324837610708,-0.0028565792069442653,0.003391201420398504,-0.0003480011560716978,0.0029213292541241387,0.0017276683371452162,-0.002210088803425325
2026-01-30,930.0,938.9,927.75,929.0,28859794.0,375,0.005107526881720448,0.0018279569892474257,0.005913978494623606,0.00698924731182804,-0.0028979285177632708,-0.0037907100907634828,0.00317204301075269,-0.004233881772871095,-0.0031654058694136067,0.00021533161068054696,0.055745962705069894,1608817,0.11643752550693882,0.4680878179518537,0.4383292548796433,0.18826956976893183,0.2750000000000057,0.11210762331838588,0.3670212765957504,934.0787188039412,934.0025272629383,931.8978217082903,0.008606777837547153,0.7174887892376697,937.5,929.5,high_then_low,09:54,15:01,False,True,935.8,-0.006197905535370807,-0.007266509938020915,0.017410243162404273,0.10499319120336705,0.1821940670881845,941.7177503129209,962.1842243011768,downtrend,downtrend,0.0032292787944026013,0.4946507688097822,-0.006866073219757629,-0.00021982330958847385,0.003507271002532786,-0.0008012282869107601,-0.004181401221771575,0.0020477802988358995,-0.0034326534859603353
2026-02-01,932.0,939.65,912.65,917.0,9838855.0,375,0.004238197424892842,0.0018240343347639687,0.004023605150214493,0.0036480686695279374,-0.017885830566563232,-0.008873209322215025,-0.005257510729613668,-0.01089418617193405,-0.008112493239588958,-0.007092198581560183,0.030057969143767238,295736,0.04536249390808179,0.22486925561968338,0.15773705375269784,0.09548631421034257,0.4655172413793218,0.16111111111111195,0.5351851851851869,934.606750615414,931.0750319711826,929.249918105307,0.006229860365198681,0.21481481481481313,936.8,931.0,low_then_high,11:26,09:50,False,True,929.0,0.0032292787944026013,-0.012917115177610294,0.017503477554067653,0.10420982511215775,-0.3003694959115064,939.3636788545475,960.4122939364248,downtrend,downtrend,-0.0021810250817884125,0.09092770636109002,0.0007090433642231719,-0.0005269650170226514,-0.01163072975773427,-0.010827066468043878,-0.021638660441305357,0.00235099935178662,-6.711970389017274e-05
2026-02-02,915.0,929.8,909.3,927.7,27264352.0,375,0.006502732240437181,0.008907103825136486,0.012786885245901658,0.010765027322404475,0.004928776471862628,-0.0008109423149700312,0.009945355191256944,0.003895682285466995,0.000917084749420205,0.00010780508840024794,0.1361956447745393,3713286,0.19068371769848041,0.2406703449251242,0.19257054046250577,0.08417684014643004,0.8906752411575538,0.8975609756097606,0.7219512195121984,920.4576027988867,923.4717922414467,924.4194027876894,0.01710106675464651,0.758536585365857,924.85,909.3,high_only,09:31,,True,False,917.0,-0.0021810250817884125,0.011668484187568273,0.018551723434084032,0.48012271510968996,0.5360879395703423,938.2528522969716,959.1294588800945,downtrend,downtrend,0.06041823865473739,1.1416959012184735,0.0011506782945736038,0.0022120057266146187,0.007083661000544472,0.004314806694657891,0.012592861757106055,0.006695098098521868,-0.00041912440919089633
2026-02-03,983.75,994.0,945.0,947.65,47819968.0,375,-0.03501905972045749,-0.03100381194409152,-0.03674714104193133,-0.03674714104193133,-0.005874639391555192,0.0019523005487547263,-0.034866581956797926,-0.0018958344304598196,-0.0024736842105262946,-0.00047463347748133433,0.3631652158361963,17366549,0.40643381442664284,0.18720232100531728,0.14661400442593353,0.0667390869019402,0.1683673469387755,0.05408163265306076,0.09081632653061317,957.2586151735346,953.3278153388493,952.4955640546077,0.051851851851851816,1.0,994.0,945.0,neither,,,False,False,927.7,0.06041823865473739,0.021504796809313387,0.018943069892773418,-1.6366836061729968,-1.840598284974874,939.147818744879,958.6792840220515,downtrend,downtrend,0.005117923283912917,4.996421396816126,0.04896949349877788,-0.019834233247998156,-0.020493727205170953,-0.0020994299329812893,0.025315092962890473,-0.011169578696093363,0.00020359550252146974
2026-02-04,952.5,957.2,947.95,949.0,23828600.0,375,0.0008923884514435709,-0.0023097112860892555,-0.0005249343832021136,0.0006299212598426251,-0.001367989056087482,0.00220333648095683,0.002834645669291369,-0.006490787269681775,-0.005293223625596144,-0.004719454640797038,0.12931137372736964,3081309,0.20135387727352844,0.2610497049763729,0.1722362623066399,0.09449027639055589,0.06315789473683253,0.1135135135135086,0.7662337662337735,952.414184961651,952.5553098306581,952.9082769703919,0.004999999999999893,0.5135135135135135,954.75,950.0,low_then_high,14:17,09:30,False,True,947.65,0.005117923283912917,0.0014245765841820468,0.021011799503515064,-0.10992448722456465,0.134907325230148,940.0861217215572,958.2997042564809,downtrend,downtrend,0.007376185458377149,0.8865041763796654,-0.0015458024172849694,0.003022389440332285,0.004796485303826037,-0.0023528773325270924,0.0008827601225753767,-0.00533210072642154,-0.004137909937154682
2026-02-05,956.0,956.05,946.7,949.7,27319193.0,375,-0.006433054393305437,-0.0058577405857740406,-0.007008368200836834,-0.005230125523012608,-0.0007365319865318964,-0.0011566771819138122,-0.00638075313807529,-0.00021054847878720917,-0.0001052853232258455,-0.00026317174588130765,0.10751994028520535,2937358,0.14526281943979824,0.3232696148821087,0.2623124336066589,0.10680132462185102,0.2893081761006257,0.32085561497326515,0.23125000000000284,951.299962171221,950.2697714424403,950.0918085958837,0.008385191435502426,0.8502673796791453,956.05,948.1,low_only,,09:52,False,False,949.0,0.007376185458377149,0.0007376185458378703,0.02036595855996164,-0.28762410414062406,-0.31330482772460816,941.001729176647,957.9624609523053,downtrend,downtrend,-0.004948931241444687,0.903127200277946,0.0007149101505585786,-0.0025334001141485984,-0.005590951976052083,0.001159617209187891,-0.003726080621661021,-0.003324340471625442,-0.0013701656879751
2026-02-06,945.0,948.1,937.6,941.0,16932044.0,375,-0.001957671957671936,-0.00010582010582016466,0.0007407407407407085,-0.0008994708994709555,-0.00412742089109952,-0.0025419689667954826,-0.003439153439153464,-0.0007963897000266007,-0.0003718064481861294,-0.00010625863351398923,0.1126932460132988,1908127,0.14997197030671547,0.21462978716568418,0.17683618114859612,0.07890352753630926,0.5897435897435875,0.32380952380952166,0.39523809523809306,943.4901595735854,941.6529728514749,941.558065005816,0.00829522492821444,0.7428571428571493,948.1,940.3,low_only,,12:08,False,False,949.7,-0.004948931241444687,-0.00916078761714234,0.019978474373049386,-0.005296706036919122,-0.172142946199777,941.0015644931568,957.297266405156,downtrend,downtrend,0.004250797024442088,0.6054325707072318,-0.0013961687258204902,-0.0012282373524749035,0.00019917362472576805,0.0024481763624080166,0.001247972045426149,0.0011224172466547389,-0.0032445660624346173
2026-02-09,945.0,950.0,935.35,938.8,23397776.0,375,-0.004338624338624308,-0.004444444444444473,-0.004603174603174609,-0.006931216931216899,-0.002125850340136015,-0.001118866215568337,-0.008042328042328073,0.0014934926392147219,0.0030986216476118766,0.001814107352470229,0.11847673043796983,2772092,0.15770071480297956,0.29259533042798597,0.18903805216359024,0.08065702483860004,0.13615023474177793,0.2354948805460708,0.13993174061433158,941.5987204849862,938.7100980286257,938.1770090050444,0.011337627082557145,0.7269624573378836,950.0,939.35,low_only,,09:40,False,True,941.0,0.004250797024442088,-0.002337938363443204,0.020005151956635027,-0.22216499300173537,-0.40201284447932956,940.7918916842847,956.5718834088755,downtrend,downtrend,-0.009373668512995259,0.9211647695411626,0.008378256263243289,-0.0025416494455109406,-0.0011588067380748912,0.00017788983978306305,0.007388913124766416,-0.0019027949989335324,0.0013156027994316588
2026-02-10,930.0,940.9,929.95,932.6,29086288.0,375,0.005268817204300946,0.004569892473118342,0.006881720430107485,0.008763440860215077,-0.0017661225582017437,-0.0042104141128817,0.004516129032258176,-0.0017126953543138423,-0.00048228926638438363,-0.00016081479496110607,0.13393768225082556,3895750,0.15806069856696736,0.3965128516914912,0.32524910019456593,0.08104815574954082,0.5149700598802397,0.24200913242009076,0.38812785388128096,934.9138977347106,935.5312841762217,934.3082583243347,0.008978977364374252,0.7625570776255672,938.3,929.95,high_only,09:58,,False,False,938.8,-0.009373668512995259,-0.00660417554324666,0.019871131904352014,0.22997645504620104,0.22727084969271882,940.0117115238767,955.6318095497039,downtrend,downtrend,-0.001447565944670881,1.3571197534732704,0.0022947574362128798,-0.00019481032996249148,-5.207800899997839e-05,-0.0001736024042003903,0.002068568202820309,0.004764702803080834,-0.001539092950113452
2026-02-11,931.25,936.0,925.3,927.0,22826026.0,375,-0.001395973154362351,-0.00032214765100668785,0.0012348993288591181,0.0016107382550336613,-0.0042429776035233235,-0.0076119002948271675,-0.006013422818792025,0.001458434613514914,0.0011339705167665581,-0.0009699321047526022,0.13264608565678493,3027783,0.19036476169789696,0.2246168912626315,0.1692177166537881,0.07269543984572698,0.5691056910569127,0.15887850467290077,0.032710280373833764,930.0767206511608,929.3336152517442,928.7581002777267,0.006631085233705258,0.5747663551401824,933.6,927.45,high_then_low,09:52,11:07,False,True,932.6,-0.001447565944670881,-0.00600471799270863,0.019794046322096005,-0.016274977120118987,-0.3037995729089139,938.7725009025551,954.5089934889313,downtrend,downtrend,0.0,1.0061307595186775,0.003111881096431679,-0.0006481404907020538,-0.0020232753596988173,1.9271647359708766e-05,0.0011016020496357193,0.00032599283969536597,0.0014391629661552052
2026-02-12,927.0,928.6,918.5,919.75,33348925.0,375,-0.0017799352750809128,-0.003505933117583626,-0.004207119741100329,-0.0009708737864076999,-0.004330175913396461,-0.005992873339812244,-0.006957928802589053,-0.0008690456792134205,-0.0005976312072150103,-0.001248778368986847,0.03953521740206019,1318457,0.06210604989516154,0.31516877980324703,0.23525310036230554,0.0731498241697446,0.11818181818181404,0.12376237623762348,0.11049723756905994,925.9366947626406,923.0781415301477,922.2855610058396,0.005958184378723974,0.5445544554455434,928.6,923.1,low_only,,09:32,False,True,927.0,0.0,-0.007820927723840354,0.01956156111237837,-0.1792256301755541,-0.3556939429637925,936.9608341499307,953.1458957050518,downtrend,downtrend,-0.007338950801848321,0.4316376312551849,-0.0014896696325159553,-0.002815873885905984,-0.0032038044212501227,-0.0010668494445025267,-0.00575054874958314,-0.0006900592316776422,0.00019780376528910626
2026-02-13,913.0,928.2,901.0,904.0,49819600.0,375,0.00514786418400881,0.004162102957283587,0.008543263964950754,0.012979189485213594,-0.013961605584642212,-0.01589446937341199,-0.003121577217962801,-0.0067571279459429645,-0.005281690140845008,-0.0023176249862046916,0.09149252503030936,4558121,0.12352357305157007,0.4196758103236477,0.22357367381512497,0.1776498807698175,0.6749999999999972,0.11029411764705864,0.06233766233765879,916.4377163492003,916.9129665768623,912.7904105211603,0.008777704630239302,0.29411764705882304,919.4,911.4,high_then_low,09:38,14:03,False,True,919.75,-0.007338950801848321,-0.01712421853764612,0.019044547956491832,0.21854564187042438,-0.16390923140282412,933.8217070880326,951.2186056774027,downtrend,downtrend,-0.00011061946902657382,1.5282525593276002,-0.008722231805909031,0.0005690006120178115,-0.001572084165162746,-0.0027574375414938235,-0.013009693306947012,0.003593102345265775,-0.003999690404449141
2026-02-16,903.9,929.5,902.1,925.25,18563258.0,375,0.006637902422834463,0.009680274366633546,0.014824648744330204,0.02063281336431011,0.013805949706897414,0.0031976586634872017,0.023896448722203756,-0.0002701242571583329,-0.0009717648329103934,-0.0008638842395118917,0.10005921374362195,1857425,0.15243498743593392,0.18464878309615693,0.15187436386436046,0.08019637501132613,0.9678899082568786,0.844890510948905,0.8540145985401458,909.6929697744638,921.6455633686417,922.4181721189958,0.012082917636625723,0.3978102189781017,913.0,902.1,high_only,09:30,,True,False,904.0,-0.00011061946902657382,0.02350663716814161,0.01961780523116254,0.49344329054998465,1.218100008671952,933.0053540320295,950.2002289841712,downtrend,downtrend,-0.0024317751958929934,0.6227597972956549,-0.0014512647998570216,0.0019135763621203061,0.00774083922025226,0.002421898174891801,0.008715444088992719,0.0077666980045132394,-0.002692022432050134
2026-02-17,923.0,928.1,918.6,926.45,22486314.0,375,-0.0015167930660887619,-0.0033044420368363303,-0.0007042253521126751,0.0028710725893823508,0.007065601391379905,-0.0004321287743747071,0.0024377031419284823,0.0012969467711430038,0.001567567567567707,0.0008101976882359807,0.03770844790302225,847924,0.06906080738710667,0.33038042606716245,0.2515703107232248,0.05495347080895517,0.06956521739132017,0.8263157894736866,0.6999999999999976,921.8251095027385,925.1310100633967,925.3135796333725,0.0062530585612528,0.6052631578947368,925.3,919.55,low_then_high,10:08,09:30,True,False,925.25,-0.0024317751958929934,0.0012969467711430038,0.020238659750066813,-0.16327375812646988,0.1204478543555946,932.3810346004076,949.2688474553802,downtrend,downtrend,-0.003508014463813436,0.29538199572458945,-0.001732700735327053,-0.001761061239295758,0.0017708124089483857,0.0012712516085324754,0.0013063395431509583,-0.0015433807975405722,2.56951626105284e-05
2026-02-18,923.2,925.5,919.55,923.7,12390553.0,375,-0.0009207105719237774,0.0003249566724436992,0.000812391681109137,0.0,0.0002165674066052503,-0.000270797227036379,-0.000270797227036379,0.0008126117341133998,0.000541594454072758,-0.0015133499081180224,0.17660220653589875,2188199,0.19791917277622717,0.22213189354825405,0.15315918506623555,0.07485460899122097,0.6116504854368915,0.6974789915966486,0.5714285714285824,923.2593624635299,922.3942720502768,922.7765096871243,0.005595697289074719,0.8655462184873846,925.5,920.35,low_only,,11:25,False,False,926.45,-0.003508014463813436,-0.002968319930919061,0.01994719467137123,0.0162908457954785,-0.013575704829563563,931.5542694003688,948.2661475551693,downtrend,downtrend,0.005737793655948842,0.762278916108697,0.0014251827655935578,-0.0009377675695511067,0.0012639475937428202,0.0007950297069636569,0.0034881007932805463,0.001262724241994806,1.7582027149742885e-05
2026-02-19,929.0,929.2,912.45,914.3,20709776.0,375,-0.0038213132400429783,-0.00581270182992466,-0.007481162540366015,-0.006942949407965582,-0.010069294066695655,-0.004335808357270654,-0.01124865446716905,-0.0046268575472211415,-0.0029987459789542203,-0.0002733584823136903,0.04294150743107989,889309,0.06416481762043201,0.43085072479779596,0.35495222159814765,0.07078787332127591,0.08196721311475379,0.11044776119402443,0.12704918032786466,925.5945689855831,920.5617253108821,918.5891597065079,0.006608168129130121,0.3641791044776133,929.2,923.1,low_only,,09:30,False,True,923.7,0.005737793655948842,-0.01017646421998497,0.019424903619648694,-0.29923967416986264,-0.5790841842731618,929.9110056479527,946.934141768692,downtrend,downtrend,-0.0036093186043967274,0.3115217753023496,0.0026215138515908176,-0.002152794284466353,-0.012609499736215057,-0.005114083398898406,-0.015083876817912345,-0.0036599075454583074,0.0004872258516772643
2026-02-20,911.0,917.85,908.4,913.15,21858620.0,375,0.004390779363337094,0.0014270032930845389,0.002469813391877018,0.0033479692645443926,0.0009317110599582623,-0.0001641048082708929,0.0031833150384192876,-0.0008206587153956058,-0.0027303008791569328,0.0013707643381950518,0.10125204610355092,2213230,0.12453151205336842,0.2832300941230508,0.21223357192723055,0.10644944648838765,0.23214285714284807,0.5026455026455002,0.5820105820105792,914.3615662402914,913.951914969837,913.657286781294,0.006147091108671843,0.5925925925925921,916.6,911.0,high_then_low,10:26,12:57,False,False,914.3,-0.0036093186043967274,-0.0012577928469867938,0.019511822148338902,0.07313531674467542,0.16314801427658013,928.3147193957668,945.6092734640374,downtrend,downtrend,0.0036686196134261273,0.7752865862736341,-0.0003895115171473895,-0.0009623502600707434,0.007263874866914266,-0.0009847173431387635,0.005880050125017577,0.0023893535531552823,0.00016405862774315771
2026-02-23,916.5,925.65,915.25,924.1,22763306.0,375,0.007255864702673254,0.008510638297872353,0.006437534097108566,0.005837424986361084,-0.0002163799632153296,-0.000867820144275222,0.004964539007092039,0.0033114380326801918,0.0021146234343654147,-5.41037710327652e-05,0.09635656613323214,2193394,0.12851973259068783,0.2254755086980775,0.14427601157758016,0.06394998160636245,0.8701923076923053,0.8509615384615425,0.5576923076923045,922.0657744876964,920.7044339758595,921.2666425122964,0.011363015569516577,1.0,925.65,915.25,neither,,,False,False,913.15,0.0036686196134261273,0.011991458139407607,0.019113844390424864,0.4452604156459379,0.2597352424601217,927.9133175485509,944.7657725438792,downtrend,downtrend,0.004166215777513305,0.7968858369086238,0.004400392710602885,0.0031407720107170523,-0.00018498037260883393,0.0011821458966683185,0.005401726518526662,0.0053698662871553005,0.0021292921360118733
2026-02-24,927.95,927.95,909.15,911.5,30129199.0,375,-0.004256694865025112,-0.003987283797618479,-0.004795516999838378,-0.007705156527830215,-0.013794968893697579,-0.008145091225021717,-0.01578748855002976,-0.001970874849447024,-0.0007126020939538513,0.0009883593235229249,0.06271670215992134,1889604,0.07569879305453822,0.4773948354883248,0.3328797091485904,0.1354012099691067,0.4263565891472838,0.12500000000000075,0.1279761904761886,924.1270314838454,918.0796685237908,914.8203575912084,0.0069994574064027315,0.3430851063829799,927.95,921.5,low_only,,09:37,False,True,924.1,0.004166215777513305,-0.01363488799913437,0.018367845019915997,-0.21707956449409951,-0.8595177350914932,926.350144448689,943.4612324441192,downtrend,downtrend,-0.001042238069116852,0.7640857799311451,-0.002419856831621603,-0.003632740291243164,-0.009084775639775722,0.0020229172119163863,-0.009482959850606876,-0.0003545435063753155,-0.00399379206136341
2026-02-25,910.55,916.0,903.1,907.4,27405791.0,375,0.0020866509252650545,0.005271539179616758,0.0019768271923563674,0.002361210257536772,-0.008685202381602752,-0.010134764983017464,-0.007797485036516338,0.004372129060822294,-0.0006607929515418665,0.0,0.08021724313667866,2198417,0.10293495998710638,0.2350872485307941,0.17114273403019092,0.07425762679135954,0.8807339449541336,0.3333333333333304,0.003968253968259375,912.742788166819,909.51605932311,908.9475400643125,0.005985393443523224,0.422480620155043,916.0,910.55,low_only,,12:07,False,True,911.5,-0.001042238069116852,-0.00449808008776742,0.01866037422587221,0.2824991136730731,-0.4178632723080811,924.5453687869091,942.0470664659185,downtrend,downtrend,0.005069429138196968,0.9977783446012185,0.0020561463457742235,0.0027555012033271264,-0.0025105242115660564,0.0011827785865994311,0.0007226951817049798,0.0025160379762896312,0.003189350474222863
2026-02-26,912.0,912.0,895.0,896.05,40684665.0,375,-0.004769736842105243,-0.005372807017543835,-0.004166666666666652,-0.003289473684210509,-0.012181677874545382,-0.010561056105610533,-0.013815789473684226,-0.0037247053591283885,-0.004333574087449388,-0.003780087831452672,0.03538488027368543,1439622,0.04580632530709052,0.37641873172606927,0.28361238810741096,0.12255108896681342,0.19008264462809685,0.061764705882350265,0.09677419354838841,908.9079784485095,902.6403568774308,901.2274126696959,0.0066780727413211505,0.3558823529411738,912.0,905.95,low_only,,09:58,False,True,907.4,0.005069429138196968,-0.012508265373594951,0.01856630446847278,-0.2893848383595849,-0.7441324414960798,921.8315241405368,940.2432599378433,downtrend,downtrend,0.0028458233357513407,0.6555937857981593,0.0030476496988653956,-0.002028853942080744,-0.0044666090161720184,0.0020104432997996025,0.0005749912181374217,-0.003343953075463091,-0.005735148658927991
2026-02-27,898.6,898.95,885.0,887.45,33761859.0,375,-0.0031159581571333916,-0.006621411083908346,-0.003394168706877476,-0.0061762742043178775,-0.005825351481543617,-0.004255080902525021,-0.010405074560427385,-0.002024177677818373,-0.002921184203134586,-0.0006193693693693492,0.05033967471992582,1699561,0.06728915608586601,0.5446214617506696,0.497491029744541,0.21503531544279003,0.023255813953484684,0.17562724014337186,0.15652173913043083,896.0931271565618,891.2515372975007,889.4705466105008,0.007226890756302673,0.4623655913978512,898.95,892.5,low_only,,09:30,False,True,896.05,0.0028458233357513407,-0.009597678700965284,0.01890729985474913,-0.3502039495208609,-0.5503204921042092,918.5570932700094,938.1729360187121,downtrend,downtrend,-0.012676770522282998,0.7739681876109878,-0.0013121094562100755,-0.0037431485260125408,-0.006531853094185469,-0.004418122406700475,-0.012218896729728979,-0.0028782625578958054,0.0023939447288821025
2026-03-02,876.2,887.75,871.55,882.1,37479561.0,375,0.006904816251997126,0.010842273453549378,0.011013467244921138,0.007989043597352197,-0.004064581686801461,-0.009001358695652217,-0.00108422734535496,0.007826335332762113,0.004440901844682266,0.0016465110997558874,0.09071728454877047,3400044,0.1266493489611578,0.42859122602850125,0.2964252702959888,0.0997013812408315,0.9528619528619575,0.6512345679012369,0.22839506172839721,881.9476170602497,880.1621846900598,879.4757131151213,0.01703860937410373,0.9166666666666655,886.4,871.55,high_only,09:30,,False,False,887.45,-0.012676770522282998,-0.006028508648374564,0.018232540780282313,0.5946660744768396,-0.059466607447685185,915.0849891490561,935.9739973513117,downtrend,downtrend,-0.0386577485545857,1.5483562475707628,-0.020751098015233227,0.009333211675132125,0.0028812717337307614,0.004830107196435174,-0.013186110603689905,0.0015090617784172533,0.0029962281363269394
2026-03-04,848.0,879.3,848.0,869.0,35421474.0,375,0.018101415094339712,0.024646226415094397,0.025707547169811162,0.027476415094339623,0.00011508804235238479,0.0002869275794790127,0.02777122641509422,-0.002925821811714746,-0.005720823798627039,0.0001726419980434546,0.25220048719598737,8933313,0.2896822701392946,0.2145539736714514,0.15608811197410927,0.07659376343288254,0.9766355140186915,0.6709265175718859,0.7523961661341849,857.6340528554933,867.9452591211682,868.3202679129049,0.02523584905660381,0.6837060702875402,869.4,848.0,high_only,09:30,,False,False,882.1,-0.0386577485545857,-0.014850923931527094,0.01802749290347011,1.367146643577391,1.5404929883371934,910.6959425634318,933.3475660826329,downtrend,downtrend,0.005581127733026436,4.068168234015535,-0.018549482389158878,-0.001884061536442938,0.005482024535852448,-0.001979814456111728,-0.015122888560247016,0.026530287951537335,-0.000946007355603018
2026-03-05,873.85,881.4,863.5,875.1,30841195.0,375,-0.005607369685872832,-0.005950678033987633,-0.004749098815586161,-0.004920752989643562,0.007425315144189204,0.005922603645563962,0.0009727069863250115,0.0004572996455927125,-0.006809669731018042,-0.001483340940209854,0.08404651635580268,2592095,0.10844897546933574,0.42187901603683,0.2576433565560608,0.07828707674913375,0.49758454106279865,0.6480446927374323,0.8960000000000037,869.5655687259405,871.0479073786845,873.4863596027969,0.011986103068905685,0.5782122905027953,873.85,863.5,high_only,10:58,,True,False,869.0,0.005581127733026436,0.007019562715765204,0.016387026876418756,-0.36313347618601716,0.05935835668425951,907.305852795486,931.0633478048826,downtrend,downtrend,-0.008056222146040515,1.180421926171231,0.005802087525716093,-0.0019296431785081891,-0.00019093311450502082,0.00512773629945662,0.010766549739621212,-0.004021034855479444,-0.0046704366538639075
2026-03-06,868.05,871.7,855.1,857.2,33281414.0,375,-0.0033984217498991276,-0.003744023961753329,-0.0011520073728471525,-0.001382408847416583,-0.008788159111933314,-0.005768010613139474,-0.0071424457116524565,-0.005395370424087664,-0.002675974403723025,0.001635896237438761,0.14706078894364283,4894391,0.1930528252195054,0.22012358008587016,0.16534489790608056,0.08134525173720084,0.10389610389609738,0.12650602409638673,0.3603896103896127,866.933316140183,863.5850662868104,862.3322092024104,0.008912037037037024,0.4638554216867491,871.7,864.0,low_only,,10:31,False,True,875.1,-0.008056222146040515,-0.02045480516512399,0.016913068310025002,-0.2213687010022958,-0.4223033680659153,902.5338668149635,928.1667459301814,downtrend,downtrend,-0.03756416238917415,2.2288714154593627,-0.003276408845697465,0.001005824045683834,-0.002571340503885411,-0.0050258203553855685,-0.010835797545826198,-0.004749848007437163,-0.00036955006870209584
2026-03-09,825.0,842.45,821.5,839.1,34434779.0,375,0.0056363636363636616,0.0046060606060605025,0.004969696969697068,0.00696969696969707,0.012427606177606298,0.005055672585013493,0.012060606060606105,0.004970357506437484,-0.0008930166101089876,-0.0036808359059605777,0.24862912580330485,8561489,0.30841632525070073,0.16693764754523327,0.11743458553923056,0.04810084594996239,0.5195729537366532,0.840095465393794,0.6897435897435921,827.7001526428406,832.7942788591174,833.9614762059792,0.017102860620815452,0.6706443914081109,835.55,821.5,high_only,10:40,,True,False,857.2,-0.03756416238917415,-0.021115258982734475,0.017563171041021036,0.26225677557329813,0.686698662356417,896.4925461659194,924.6739323642919,downtrend,downtrend,0.013049696102967356,3.898842186059464,-0.024575592372514277,-0.005501077800658227,0.0014433520962122692,0.004321723669072242,-0.018946112287183237,0.01010713840671873,0.0006486338373652423
2026-03-10,850.05,856.8,840.6,849.0,51467422.0,375,-0.008705370272336865,0.000529380624669118,-0.00023528027763064507,-0.0024704429151225504,-0.0017636684303351524,0.0018279379680405938,-0.0006470207634844405,-0.0005885815185403542,-0.0010589481115425015,-0.0007650208909550926,0.18988652666535347,9772970,0.242088480748074,0.234211575625451,0.15974942362568695,0.05673346141176452,0.7173913043478268,0.5185185185185193,0.5493827160493836,845.813789994239,849.5491312575097,849.540043854668,0.016416845110635236,0.8518518518518526,854.4,840.6,high_only,10:42,,False,False,839.1,0.013049696102967356,0.011798355380765013,0.019008488940118383,0.02784969527755745,-0.03403851645034605,891.9694465310699,921.7063271735353,downtrend,downtrend,-0.004711425206124886,4.430531273241037,0.011455564905147986,-0.004983361339000347,-0.0018677308820137517,0.002091976835585818,0.01167842771330263,0.005512741963669465,-0.0026805583541261724
2026-03-11,845.0,848.85,827.6,834.0,41319461.0,375,0.0007692307692306333,-0.0039053254437869667,-0.00295857988165682,-0.0048520710059172245,-0.009148152548413946,-0.00820549411344984,-0.013017751479289963,0.0,0.0025243418680129803,-0.0011976047904191933,0.05827953564060286,2408079,0.09157955860072811,0.2636714694802045,0.18976481808414683,0.09667040429205986,0.13333333333333608,0.3011764705882342,0.3011764705882342,844.0338503844766,834.2390490542693,834.0827780421271,0.009814418272662273,0.38823529411764707,848.85,840.6,low_only,,09:32,False,True,849.0,-0.004711425206124886,-0.017667844522968212,0.019284763200873696,-0.20250834314678212,-0.6750278104892775,886.4485468614442,918.2668633628085,downtrend,downtrend,-0.016666666666666607,1.091691606332057,-0.002235842239301067,0.00022697400322302386,-0.010618256550779193,-0.005270171911464394,-0.018032911762465464,-0.0041322994470099905,0.005270171911464394
2026-03-12,820.1,836.4,820.1,833.3,44538949.0,375,0.010364589684184855,0.012925253017924687,0.014937202780148873,0.013900743811730232,0.003129890453833939,0.0022850270595309308,0.016217534447018567,-0.0001199904007679331,0.0014421343588510993,0.0023455824863174435,0.1026118285817656,4570223,0.1330137359101132,0.3384787773056791,0.23257349426902732,0.07316223380125113,0.9814814814814877,0.8098159509202435,0.8159509202453983,826.2547509899043,832.0976400197627,832.3685870191955,0.013169125716375962,0.6625766871165635,830.9,820.1,high_only,09:30,,True,False,834.0,-0.016666666666666607,-0.0008393285371702808,0.019961878135459264,0.6474968402379396,0.8124252806758981,881.3867804936876,914.9348295054434,downtrend,downtrend,-0.015960638425536966,2.0718897046839877,-0.007268892411167349,-0.0030200824926028824,0.0015607279454781242,-0.00305544075101849,-0.008757474358651929,0.01594533551052757,0.002935450350250557
2026-03-13,820.0,823.8,812.0,816.7,39196692.0,375,-0.0006707317073170183,0.001036585365853604,-0.001097560975609757,-0.008414634146341471,-0.005055734908935849,0.007256180051654182,-0.0012195121951219523,-0.0028083028083027983,-0.0003671970624234966,-0.0012840110058085497,0.12786892832691085,5012039,0.168441127633934,0.21804347673012814,0.12266836191176542,0.05350321399571168,0.5724637681159505,0.3983050847457681,0.5932203389830532,819.4470661607646,817.6086798875662,817.6131068122621,0.008446566287183321,0.5847457627118647,823.8,816.9,low_only,,09:49,False,True,833.3,-0.015960638425536966,-0.0199207968318732,0.02036543133836123,0.050899259074422144,-0.05988148126402926,875.226134732384,911.082483250328,downtrend,downtrend,0.00036733194563476346,2.272184968561628,-0.0074811701675383535,0.0003047416089505539,-0.011081513052743741,-0.00136192220665865,-0.019816534718594125,0.00073184375690305,-0.0014463806016441483
2026-03-16,817.0,844.5,815.65,838.8,51451131.0,375,0.0005507955936352449,0.00642594859241119,0.009730722154222882,0.009669522643818818,0.020127698388567872,0.013213722875500045,0.0230110159118726,0.003589375448671994,-0.0033269961977187013,-0.004864159449519567,0.11114245476936163,5718405,0.13946012187759294,0.3544016554271664,0.17753866285271747,0.06615804033540099,0.8250000000000028,0.8024263431542447,0.9015659955257251,819.3018453543137,828.0261563641134,832.1390392299312,0.00980812848648327,0.2772963604852684,823.65,815.65,high_only,09:30,,True,False,816.7,0.00036733194563476346,0.02706011999510216,0.021098714391366197,0.3045658836464819,1.0906359262007421,871.7569790435855,908.2478760640406,downtrend,downtrend,0.01061039580352885,2.474798807004682,-0.002365035453953168,0.0018017745207885572,0.010025480076656601,0.0003319363453166968,0.007971205261772196,0.004624174071622633,0.0032574391033552974
2026-03-17,847.7,848.9,835.1,842.8,37593320.0,375,-0.012563406865636506,-0.012209508080688991,-0.010263064763477714,-0.0031850890645276353,0.006508628411058703,-0.0018934911242604047,-0.005072549250914271,-0.0007114062129476295,-0.0042533081285444085,-0.0049586776859504855,0.07540174690609927,2834602,0.1057427223772734,0.3783957894647241,0.31211771133807814,0.11493111010147547,0.13025210084034086,0.5579710144927505,0.658730158730154,840.0059555862399,842.0589013232791,843.289961884186,0.014237855946398703,0.8623188405797195,847.7,835.8,low_then_high,15:07,11:36,False,False,838.8,0.01061039580352885,0.004768717215069218,0.021386306149884432,-0.5709030813979519,-0.23718678744069518,868.999171515625,905.6812926889802,downtrend,downtrend,0.0030256288561936184,1.2267528529254375,0.005891520663138694,-0.005109989273491822,0.002590111181107746,0.0002016638327591025,0.008700268886262963,-0.007099518807197169,-0.000913070045706732
2026-03-18,845.35,846.8,831.6,842.0,22784444.0,375,-0.00697935766250668,-0.010173300999586021,-0.010232448098420721,-0.014372745016856925,0.006274275470570689,0.015302448391742773,0.0007097651860177301,-0.004669306696613362,-0.002724150183583962,-0.002133206921071329,0.17001147800666103,3873617,0.20876559463114394,0.1845355541702049,0.12353705010313176,0.055787755891695226,0.15686274509804074,0.684210526315791,0.9440789473684268,840.0514914570372,839.5167321504994,840.2555575893504,0.012213374842842573,0.6710526315789533,845.35,835.15,low_then_high,14:18,09:54,False,False,842.8,0.0030256288561936184,-0.0009492168960606451,0.02069342314382014,-0.49162001515559617,0.0342990708248139,866.4278218474702,903.1839870933339,downtrend,downtrend,-0.08551068883610446,1.5493928811277367,0.0031453214934547002,0.0034866647766460535,0.008562216232455455,-0.0029850746268657025,0.008714365757169329,-0.013659965776232075,-0.0016842320697476598
2026-03-19,770.0,815.65,770.0,800.0,165018041.0,375,0.04493506493506505,0.053766233766233684,0.04246753246753254,0.0385714285714287,-0.014049790485580416,0.007877954232837325,0.04675324675324677,-0.007444168734491274,-6.249609399411327e-05,0.004079071226859021,0.2681677756676314,44252521,0.33514891865671825,0.16524882876291083,0.10879615883938411,0.03975332006274393,0.9303370786516849,0.6571741511500551,0.7886089813800661,800.5808713116404,803.7097272733074,803.0469379592461,0.05779220779220773,0.974808324205915,814.5,770.0,high_only,12:17,,False,False,842.0,-0.08551068883610446,-0.049881235154394354,0.021081804431500435,2.5503620404473617,2.2177061221281447,860.1013626239017,899.1375562269287,downtrend,downtrend,-0.018750000000000044,16.309191760660305,-0.02383216700821822,0.005099632507463037,-0.004185750773243013,-0.0005540969626397496,-0.028456789863701926,0.04866660125877065,-0.006890071771851525
2026-03-20,785.0,793.75,778.2,781.0,97923620.0,375,0.008917197452229297,0.00777070063694274,0.0008917197452229519,-0.0014012738853503848,-0.012767033244848958,-0.00299783135604037,-0.004394904458598803,-0.0007037297677691123,0.000961230374879829,0.001603077909586359,0.2124882944482649,20807623,0.2711249543266476,0.24329546844775551,0.18768258362997609,0.08444349790173199,0.7921568627450998,0.18006430868166962,0.19205298013244854,788.3298973353819,785.3465305209745,784.1575131616189,0.016325224071702893,0.8199356913183303,793.75,781.0,low_only,,10:52,False,False,800.0,-0.018750000000000044,-0.02375000000000005,0.02498494964560853,0.3110152610737222,-0.17590207388595924,852.5678995168635,894.5047108846962,downtrend,downtrend,-0.022855313700384183,6.6748370316454215,0.0009658759910518011,0.007643827495710687,0.0023301449795867235,-0.0012670523225694064,0.002027040196467045,0.0001268731412320534,0.000563322554800294
2026-03-23,763.15,768.7,741.05,742.3,69979488.0,375,-0.006355238157636167,-0.0015069121404703845,-0.004520736421411153,-0.012775994234423105,-0.025853018372703485,-0.0029200955667638695,-0.01565878267706211,-0.011847710330138539,-0.009804575468552068,-0.0018153701337995098,0.16725169523961078,11704188,0.20899768515025433,0.26230156185195297,0.17644596085069955,0.07556612874904144,0.459677419354839,0.04520795660036152,0.2374727668845331,760.4293521301947,754.1545481102991,752.0290572998568,0.016395610207589728,0.4484629294755895,768.7,756.3,low_only,,09:56,False,True,781.0,-0.022855313700384183,-0.04955185659411021,0.025440769987710943,-0.05923217501664816,-0.6154995577817032,842.0661948009717,888.5358986931395,downtrend,downtrend,0.017108985585343017,3.2182385184022184,-0.013412781261009088,-0.005255352288235926,-0.009338710631408897,-0.005242976931785992,-0.027750581919328776,0.0037484401477655416,-0.006604733398352547
2026-03-24,755.0,772.75,747.7,766.5,60542984.0,375,-0.0023841059602648373,0.004105960264900732,-0.004900662251655641,-0.0033774834437085843,0.011080332409972193,0.02000132899195961,0.01655629139072845,-0.0013029315960911836,-0.0006518904823989979,0.0030096833289714464,0.10291950591665584,6231054,0.16243688946682905,0.31422967193027684,0.24998193019359602,0.10724727410198348,0.8888888888888989,0.7504990019960075,0.7904191616766463,755.6271954124186,760.040093999356,761.6994652022761,0.008372093023255811,0.2514970059880226,758.8,752.5,high_then_low,09:31,09:40,True,False,742.3,0.017108985585343017,0.032601374107503744,0.027481599625436077,0.1494076153085495,0.6024500617280111,834.8694143437364,883.7501771757615,downtrend,downtrend,0.0022178734507503073,1.475881589419032,0.01715226974144879,-0.0016849917717327578,0.0029350764584137323,0.0005578411547313422,0.020706764209641904,0.00579095203663349,-0.0018607727508225258
2026-03-25,768.2,794.8,768.2,780.5,58137078.0,375,0.009502733663108609,0.01841968237438163,0.02505857849518356,0.020958083832335106,-0.0023646705438742366,0.0011475200816015718,0.022129653736006283,-0.005985736118186535,-0.006049028971665038,-0.0014712467216784209,0.12337085465492435,7172421,0.19750363098743973,0.26077421710117593,0.21008837079840856,0.05642387118251798,0.9309210526315816,0.4624060150375939,0.6390977443609045,776.7442604015206,786.3624012170674,785.4910444458527,0.019786513928664373,0.5714285714285708,783.4,768.2,high_only,09:30,,False,False,766.5,0.0022178734507503073,0.0182648401826484,0.0288482131916195,0.6385034058099864,0.7671065652840856,829.6913748824281,879.7011506198493,downtrend,downtrend,-0.009352978859705208,1.5156288465646883,0.004617046484075571,0.0065338790516986656,0.011829919703092218,-0.0012105110927808083,0.015271099031291424,0.011885803322682964,-0.004775225025405727
2026-03-27,773.2,774.9,754.55,758.5,63179984.0,375,-0.006143300569063648,-0.011639937920331134,-0.00957061562338346,-0.012480600103466188,-0.007458780423972855,-0.003405147010673737,-0.015843248836006185,-0.0032196596359813645,0.0031078489717648594,0.0027763088313061957,0.12350992364923676,7803355,0.1535392284999629,0.3115944758707125,0.26028335176533124,0.1256229979418798,0.07359307359307585,0.19410319410319612,0.16964285714285895,768.1167079074747,762.9196752265765,760.9403270960526,0.015130674002751032,0.5675675675675647,774.9,763.35,low_only,,09:30,False,True,780.5,-0.009352978859705208,-0.02818705957719414,0.029677060751414457,-0.3922200388317214,-0.5338550528542848,822.9112439412445,874.9481643210316,downtrend,downtrend,-0.017534607778510125,1.575412131312693,-0.005811060105538668,-0.005038071421944457,-0.012445223109967984,-0.001994743316080627,-0.02014243425286366,-0.006601866498386677,-0.0012249163199007373
2026-03-30,745.2,751.0,726.65,735.0,102042416.0,375,-0.005434782608695787,-0.00026838432635545306,0.002616747181964474,-0.0014090177133656567,-0.01342281879194629,-0.01639454411073027,-0.0177804616210413,0.004166951294487298,0.00485337343632497,0.00471601394299781,0.11068198346068168,11294257,0.1565069372720458,0.4210720765372705,0.3179172472748979,0.13197988177778935,0.5702127659574506,0.3429158110882963,0.07073170731707538,742.4602407916991,742.3922364071171,737.8077857791671,0.015914939726398458,0.4825462012320324,750.05,738.3,high_then_low,09:34,13:25,False,True,758.5,-0.017534607778510125,-0.030982201713909086,0.030631831857183406,-0.008761615289831739,-0.580457012951109,814.5387445182688,869.4600010143246,downtrend,downtrend,0.010884353741496655,2.105086611513932,-0.012690733159657519,0.0013791788342611966,-0.007609874210907974,5.138964297612958e-05,-0.020153681122616507,-0.0016475631606166496,0.004115561651511168
2026-04-01,743.0,755.9,739.1,744.9,72181072.0,375,0.01231493943472417,0.01184387617765803,0.005518169582772625,0.003835800807536982,-0.009177972865123674,0.00563115908024403,0.009488559892328441,-0.00686620891940537,0.0010078613182826768,0.005602429969625344,0.151124715908902,10908344,0.2104429676522399,0.21984087462707674,0.17013983943048117,0.07176814996596338,0.6821705426356566,0.34523809523809346,0.651785714285712,749.8260112045118,746.5804015343117,745.7953809301057,0.017362045760430656,0.7678571428571436,755.9,743.0,low_only,,10:22,False,False,735.0,0.010884353741496655,0.01346938775510198,0.031794628079382804,0.3725118642082239,0.29843280030318353,807.9064831355765,864.5752950921942,downtrend,downtrend,-0.020002684924150915,1.825746922936009,0.023226925001787357,0.0013428533997117409,-0.007231756845276993,-0.0013306412591165273,0.014475495102595382,0.01050102277794629,-0.005535567660288843
2026-04-02,730.0,755.0,726.65,751.0,48729982.0,375,-0.0028767123287671836,0.0010958904109588108,0.0033561643835617883,0.0022602739726027554,0.027640941434045052,0.022893459987699094,0.02520547945205487,0.0034740780331374843,0.004346372450685365,-0.0025235755080356137,0.08564136141072246,4173302,0.12395422185873166,0.36237704746125293,0.2808561267270733,0.13672857502799815,0.9540229885057369,0.8589065255731924,0.9623893805309724,728.9378567139402,735.5640361612809,740.7067751365746,0.005986375834308166,0.15343915343915412,731.0,726.65,high_only,09:30,,True,False,744.9,-0.020002684924150915,0.008189018660222924,0.03243798040385145,0.033784175134056516,0.7770360280833684,802.4868180750454,860.1213619513239,downtrend,downtrend,0.010652463382157196,0.6227194067210182,-0.014083948703153548,-0.006207725367906591,0.012609791184538643,0.0015463928896810586,-0.00010791454049330351,0.007303615778865402,0.0019276851434564257
2026-04-06,759.0,772.75,745.0,770.5,42473342.0,375,-0.01139657444005271,-0.016534914361001296,-0.017061923583662764,-0.014163372859025025,0.03221917074150982,0.025526227865018347,0.011001317523056775,0.004105036815012619,0.004235907461713984,-0.002459865354738411,0.1261369072393691,5357456,0.17751923076832524,0.182720257803118,0.12300873333678335,0.04737722310620153,0.023972602739727546,0.918918918918919,0.8370786516853926,751.7547033890712,756.7072757323119,759.162968240173,0.019568422463476676,0.526126126126127,760.7,746.1,low_then_high,12:29,09:42,True,False,751.0,0.010652463382157196,0.025965379494008012,0.0334281929181923,-0.49463979107296163,0.3291029685624925,799.4404544488507,856.6067987375466,downtrend,downtrend,-0.005840363400389403,0.7994129880497408,0.003506499799565521,-0.007517460261717401,0.005054806126346012,0.0027953152263877623,0.011398326923839353,-0.009017454099283895,0.001309721588624857
2026-04-07,766.0,774.0,761.0,772.4,51173047.0,375,-0.004569190600522188,0.0011749347258485088,-0.0033942558746736795,0.001892950391644943,0.007171730342939053,0.0016287706039481709,0.0035248041775457484,0.004813321191622144,0.00045333851434503636,0.0025960539979230646,0.05445817990865386,2786791,0.07861198884639407,0.37591386731378335,0.30020827174899317,0.11364570493525625,0.8939393939393874,0.8769230769230751,0.6844444444444485,764.1799907372555,766.0653240545342,768.1592770809601,0.008672798948751614,0.5076923076923094,767.6,761.0,high_only,10:01,,True,False,770.5,-0.005840363400389403,0.0024659312134978073,0.03334284210830589,0.035237989672026966,0.10571396901608755,796.8651730727697,853.3045713360741,downtrend,downtrend,0.03573278094251675,0.466429651752435,-0.005259272325774389,0.0022396195930589613,0.007679946757039424,0.0050338705402341866,0.007426136079043744,-0.0010646848672104525,-0.00022054934861204245
2026-04-08,800.0,817.8,796.0,817.2,68243501.0,375,0.009875000000000078,0.007249999999999979,0.014375000000000027,0.010812499999999892,0.014147431124348575,0.005070178692883287,0.015937499999999938,0.005475238388188197,0.0020846106683016785,0.0020846106683016785,0.23785422438980672,16232005,0.3207434507206774,0.16243930685795266,0.11150081529375229,0.049563767251624445,0.6363636363636344,0.9724770642201876,0.8701298701298701,805.2848545902576,808.821182239567,809.9187405569454,0.01934673366834172,0.7064220183486243,811.4,796.0,high_only,09:39,,True,False,772.4,0.03573278094251675,0.058001035732780926,0.03315653070738784,0.2186597887451643,0.4806745356035935,798.8018232563155,851.8887057934829,downtrend,downtrend,-0.002692119432207596,2.7167765503024026,0.0313532887014456,0.00095157649396449,0.005214806865603272,0.0013678321736645405,0.03814967174593975,0.006298423506035489,0.004107406214523657
2026-04-09,815.0,819.0,793.1,798.05,47849481.0,375,-0.006134969325153339,-0.004907975460122671,-0.012331288343558233,-0.014785276073619569,-0.015967940813810144,-0.00865558253938603,-0.0233128834355828,0.002575376884422109,0.004531436843098868,-0.0010014395693810352,0.07493717643457826,3585705,0.11997891889360304,0.4033540301095429,0.3026243064161971,0.09380682728826255,0.23809523809523808,0.19111969111968866,0.03361344537814941,811.6936067198317,802.7347690034514,800.3431802457793,0.01298701298701288,0.40540540540540576,819.0,808.5,low_only,,09:32,False,True,817.2,-0.002692119432207596,-0.02343367596671575,0.03495269592777457,-0.14041765105227924,-0.6669838424983295,798.7302210414284,849.7773839976601,downtrend,downtrend,0.007455673203433433,0.5350410994163827,-0.004301952953376098,0.003143161271568884,-0.00789450019971516,0.0019287277142363557,-0.01025722180461297,-0.008051136731691555,0.0006466491701857535
2026-04-10,804.0,812.25,801.0,810.2,37610254.0,375,0.0028606965174129417,0.004042288557214002,0.001865671641791078,0.00746268656716409,0.0036543821616599192,-0.0004938271604938427,0.006965174129353269,0.0007411067193676679,0.0012357884330203017,-0.00012341108231506137,0.09816043784229694,3691839,0.1461742853425026,0.27391455532313075,0.12031022178153862,0.0573490676239517,0.9469696969696937,0.8177777777777818,0.7644444444444465,805.19386081029,808.9836202770605,809.2175031016803,0.008239700374531811,0.5866666666666687,807.6,801.0,high_only,09:30,,True,False,798.05,0.007455673203433433,0.01522460998684294,0.03445501414490241,0.11732076324838936,0.20215269975106834,799.8225809422448,848.225329723242,downtrend,downtrend,-0.023080720809676714,0.6179089781386755,0.004817796815204778,0.002378504682680971,0.003551006991044936,0.0035530463773740806,0.011968753747467531,0.0016637838745330313,-0.0028119396580064127
2026-04-13,791.5,798.5,787.35,793.0,46062923.0,375,-0.0009475679090334976,-0.002463676563487116,-0.0019583070120025026,-0.00037902716361337685,0.004369577607497899,0.006066734074823055,0.005685407454200986,-0.0037688442211055717,-0.005954246317768752,-0.0016366612111292644,0.11679284877340503,5379820,0.15677038124567128,0.2491361219087204,0.19133863910460047,0.04850784219664045,0.2786885245901517,0.5067264573991022,0.7828054298642546,790.1812697110064,791.6347918993223,792.4845353622763,0.007742590594656429,0.5470852017937251,793.95,787.85,low_then_high,12:38,09:31,False,False,810.2,-0.023080720809676714,-0.021229326092322975,0.03428998124617852,-0.07184829136532943,0.16580374930460487,799.1728113286977,846.059630518409,downtrend,downtrend,0.015069356872635664,0.971449533359077,-0.019163842747552118,0.0006401125919897055,0.011719147420897302,-0.001975609704999215,-0.009629737427496288,-0.0031037891554768215,-0.0017932345161063568
2026-04-15,804.95,814.8,804.0,809.6,38108612.0,375,0.002298279396235614,0.002298279396235614,0.004907137089260161,0.010062736815951157,0.003470500743678828,-0.002336879650697954,0.007702341760357667,-0.0019108672871848142,-0.0043045135899643094,0.0014844136566056765,0.1289323526136297,4913433,0.17757723634752165,0.26755907562311637,0.18310323136408116,0.05984413706802021,0.37333333333332724,0.5185185185185228,0.6620370370370378,807.6085791136259,809.7202301939194,809.9177906820642,0.009328358208955168,0.6944444444444474,811.5,804.0,high_only,10:00,,False,False,793.0,0.015069356872635664,0.02093316519546029,0.03443982064659122,0.06673319875326043,0.22364639582175141,800.1658769164407,844.6298410863145,downtrend,downtrend,0.01037549407114624,0.8854448346469819,0.0144800977375108,0.0011856578849354094,0.002878272457146558,-0.0008851438203961726,0.01649950249591714,0.0011126215113002047,-0.0010257234667886417
2026-04-16,818.0,820.05,792.2,794.0,62104772.0,375,-0.0004889975550121939,-0.0024449877750610804,-0.007029339853300787,-0.009046454767726142,-0.026960784313725505,-0.014063656550703185,-0.022982885085574556,-0.006506506506506526,-0.007003501750875496,-0.00037769104872209525,0.06007865224913796,3731171,0.09200359031991938,0.3337620819218208,0.268251898581964,0.09455560033293416,0.22115384615384467,0.0646319569120273,0.15071283095723229,816.5070198337196,805.4580369319782,802.3959450091313,0.006381542615205182,0.18671454219030337,820.05,814.85,low_only,,09:33,False,True,809.6,0.01037549407114624,-0.019268774703557368,0.034837129533403594,-0.0701833878912642,-0.659723846177895,799.5786505434463,842.6443571221454,downtrend,downtrend,-0.004911838790931933,0.6723905849809316,0.007157637360140967,2.6655512359807787e-05,-0.008144284237980526,7.44213738186339e-05,-0.000970597103077453,-0.0024716432874208882,-0.00658092788032516
2026-04-17,790.1,803.95,788.2,800.0,36699604.0,375,0.007910391089735569,0.008163523604606926,0.011327680040501109,0.013605872674345099,0.004331178206013586,-0.0012486732846350712,0.012340210099987425,0.0001875351628430888,0.0001875351628430888,6.250390649409354e-05,0.10541337176281249,3868629,0.16176468825113208,0.2755471693918005,0.14155278078749842,0.07348812265113269,0.8743455497382145,0.7492063492063463,0.7396825396825383,795.3835373203272,799.4112912510965,799.5679585657117,0.012116214158842897,0.6063492063492034,797.75,788.2,high_only,09:38,,True,False,794.0,-0.004911838790931933,0.007556675062972307,0.03527906358922432,0.23139853425986062,0.34978848202072554,799.618779063118,840.9720293918652,downtrend,downtrend,-0.0036249999999999893,0.6971617533434401,-0.0009301979461229237,0.0027911230287305244,0.005842943983050297,0.0024601865298616854,0.007379570372575195,0.0053724005758764015,-0.0022726513670185966
2026-04-20,797.1,809.95,790.0,795.2,51088061.0,375,-0.006774557771923151,-0.004265462300840572,-0.006774557771923151,-0.00031363693388530844,0.001889882827264655,0.0017569178640899352,0.0014427298958725743,-0.0038208581271530484,-0.0033838826920665754,-0.00012573871495025202,0.15213529047422644,7772297,0.22108116414909543,0.22485541191316696,0.11881644911127083,0.05782429284211824,0.18546365914787152,0.2606516290726834,0.4135338345864652,794.9407475078903,797.242534822801,797.0795243902484,0.025253164556962027,1.0,809.95,790.0,neither,,,False,False,800.0,-0.0036249999999999893,-0.005999999999999894,0.034504622752645084,-0.1236200242332337,0.041812655255359266,799.1979429618688,839.1770478470862,downtrend,downtrend,0.0,1.447722308712191,0.0010095662558633478,-0.0003484820531742816,0.0016296660721972778,-0.004107444359171097,-0.0014774140329709695,-0.003916980247666291,0.000286586232018049
2026-04-21,795.2,814.9,795.2,812.0,48746921.0,375,0.006036217303822866,0.007922535211267512,0.008551307847082468,0.008928571428571397,0.013100436681222627,0.011653994765050468,0.020686619718309762,0.0004312203536007697,0.0012947777298228935,0.00018476319517146678,0.07935319648188652,3868224,0.10429702831897834,0.34470872529569613,0.28146626942858605,0.060371505310048194,0.8630136986301361,0.8527918781725895,0.8350253807106593,800.3342024444983,807.7749163990894,809.0413973961556,0.009180080482897424,0.37055837563451677,802.5,795.2,high_only,09:36,,True,False,795.2,0.0,0.021126760563380254,0.034928894033045665,0.22681895406628474,0.592249491173081,800.4171864893099,838.1112812648475,downtrend,downtrend,-0.0024630541871921707,0.6663105637008894,0.001794015017940076,0.003060569323331208,0.00812527821026432,0.0003255658741849743,0.010262670102626492,0.004861965887936304,0.00010565447941579542
2026-04-22,810.0,813.05,798.0,799.4,23329029.0,375,-0.000432098765432154,-0.0009876543209875743,-0.00395061728395063,-0.00790123456790126,-0.01211072664359869,-0.002613240418118501,-0.010493827160493852,-0.0026200873362445254,-0.0029310882444653075,-0.0007500000000000284,0.09966124179450418,2325000,0.1528901181442228,0.2277913067020492,0.16532411186080656,0.08492530915024367,0.2596153846153924,0.09302325581395225,0.06097560975609779,810.5849016487458,805.0222066640949,803.9829877081464,0.00643683852200283,0.34551495016610945,813.05,807.85,low_only,,09:34,False,True,812.0,-0.0024630541871921707,-0.01551724137931032,0.035265820074343285,-0.0280059933075572,-0.29756367889282004,800.3203115855661,836.593191803481,downtrend,downtrend,-0.009256942707030258,0.4004866472584234,-0.0044649032163576186,-0.0012443376507149662,-0.002666437822960832,-0.0015549709902643594,-0.008663336126864207,0.00025668332972739183,-0.001065116345980166
2026-04-23,792.0,796.65,782.5,783.9,37036936.0,375,-0.000694444444444442,0.0031565656565657463,0.002525252525252597,0.0032828282828283317,-0.013341724354940188,-0.011704002013591785,-0.008459595959596,-0.0017827581815865745,-0.0013376648194153296,-6.377957777925491e-05,0.10435968569322257,3865163,0.1385584649874925,0.26276069381117273,0.198641134893016,0.08315150583730792,1.0,0.09893992932862046,0.18050541516245458,792.5650833569849,789.3269609219916,788.1039150142798,0.0056962025316456,0.31802120141342805,794.5,790.0,high_then_low,09:30,11:27,False,True,799.4,-0.009256942707030258,-0.01938954215661748,0.03191700977046909,0.09889916628362626,-0.2650497656401121,798.7564723869407,834.5267921249131,downtrend,downtrend,-0.008419441255262172,0.7199522485963852,-0.006783583973013485,0.0011631101938449628,-0.0005330060923834923,-0.0013807672353030043,-0.008683644093706255,0.0019934554627207834,-0.00040199094628357024
2026-04-24,777.3,787.6,777.0,785.15,26155920.0,375,0.008426604914447466,0.0036665380162099748,0.0003859513701274242,0.004438440756464823,0.006409023905659117,0.0035222542427153503,0.007976328315965509,0.002105934907466578,-0.00038194665478397116,0.000573467567223096,0.07835652502378047,2049487,0.12496364111833956,0.20559368586537963,0.13695178758766657,0.05817952494119878,0.4222222222222256,0.7688679245282981,0.61320754716981,782.2865127387164,782.9192686793565,783.3005437736464,0.008683905827865601,0.6367924528301873,784.05,777.3,low_then_high,10:50,09:40,True,False,783.9,-0.008419441255262172,0.0015945911468300267,0.031611552552555655,0.11598728060300699,0.25232320692583815,797.4606178738986,832.5904473357008,downtrend,downtrend,0.002993058651213243,0.39908658344959236,-0.0022975610664822677,-0.0017613705911275757,-0.008796479748387487,0.0006446603079719448,-0.010436308916399795,0.00542790860733755,0.001461274599494633
2026-04-27,787.5,793.0,785.0,790.0,17584821.0,375,0.0016507936507936805,0.002412698412698422,0.0006984126984126426,0.0040000000000000036,0.0007600709399544492,0.0008853474988934629,0.004888888888888943,-0.0017059455361092546,-6.328713372560912e-05,6.329514526237645e-05,0.10821594373920554,1902958,0.15144657997940383,0.24871086262407788,0.1594778815206592,0.08085950945989158,0.4049586776859422,0.625,0.7937500000000028,789.6353244352564,788.9191133602827,789.169175062023,0.007687909015820615,0.7562499999999943,793.0,786.95,low_only,,09:36,False,False,785.15,0.002993058651213243,0.0061771635993121965,0.029730040760911423,0.08115355212935324,0.1644427240515854,796.7500828382892,830.9202337146929,downtrend,downtrend,-0.006329113924050667,0.41884307179641533,0.0017361147425425383,0.004032081251344133,0.006921983090733219,-4.147450147651277e-05,0.00862828109998559,-0.001619382838645711,-0.0016644710346327418
2026-04-28,785.0,794.5,778.3,782.35,34926450.0,375,0.002229299363057269,0.006369426751592355,0.00815286624203826,0.010509554140127442,-0.009683544303797476,-0.010274188465174916,0.00012738853503191372,-0.0035027385046491055,-0.003629648497198157,0.0007675087943717074,0.047635989343320036,1663756,0.07630892919263195,0.3236242732943085,0.2588900961878462,0.09634225637017217,1.0,0.2500000000000035,0.16071428571429114,787.7888405511385,787.9313112643706,786.4174665871662,0.008553555470445673,0.4135802469135819,790.0,783.3,high_then_low,09:41,15:02,False,True,790.0,-0.006329113924050667,-0.009683544303797476,0.028188440028695118,0.22595882372733078,0.004519176474548979,795.3786463774998,829.0155186670579,downtrend,downtrend,0.0040263309260559765,0.413770274825785,-0.002501016167431147,0.002721425037110148,-0.002182961259714178,0.0007959195579521072,-0.003886321971613649,0.0036480017144822074,-0.004298658062601213
2026-04-29,785.5,790.0,777.35,778.3,25540966.0,375,-0.0045830681094843895,-0.003309993634627695,-0.002036919159770889,0.001336728198599646,-0.005875590752331128,-0.005594049965037207,-0.004264799490770188,-0.004922329476443221,-0.00288258279418363,0.00019276489108777106,0.07156350311887186,1827801,0.11071531123764074,0.2733582981943596,0.20001878550717306,0.08943048591036064,0.3921568627450963,0.07509881422924375,0.19487179487179254,782.8656274397487,785.4304218841565,783.8842770257789,0.006530925854782987,0.4031620553359709,786.0,780.9,low_then_high,10:01,09:34,False,True,782.35,0.0040263309260559765,-0.005176711190643668,0.027367702994502217,-0.12094524832035138,-0.15583330072044868,793.7521086272617,827.0266747977615,downtrend,downtrend,-0.010664268277013944,0.4724921101641714,0.003347698457310644,0.0006079620200107883,0.003726620436653727,-0.0009550703485801115,0.00612495575958194,-0.003917955654638483,-0.00396725912786311
2026-04-30,770.0,778.8,762.25,774.75,46974497.0,375,-0.0029220779220778814,-0.008441558441558472,-0.0035064935064935687,-0.006558441558441541,0.014734774066797574,0.013007386103666807,0.006363636363636349,-0.00019357336430503302,0.0007104107465769616,0.003757206711148431,0.07970250325405294,3743985,0.112918739715297,0.29716582170108174,0.23490295170164355,0.07859677560783673,0.05913978494623196,0.7552870090634461,0.7643504531722062,768.0174205781628,769.4977575127184,770.3920409912355,0.012189527491971885,0.5619335347432012,772.25,762.95,low_then_high,12:24,10:24,True,False,778.3,-0.010664268277013944,-0.004561223178722762,0.026513768780384334,-0.318383950296941,0.24001251637769258,791.9423839960939,824.976609119418,downtrend,downtrend,-0.002775088738302678,0.9682652633315777,-0.006896737241139483,-0.005000635497427797,0.0004250540172814343,0.0015224630995349653,-0.0049620089721729155,-0.0034409229441306755,-0.0017160364638399983
2026-05-04,772.6,786.6,772.6,779.5,28988789.0,375,0.008477866942790513,0.013072741392700093,0.016955733885581248,0.008930882733626744,-0.004088411907499756,-0.0029506093649774856,0.005953921822417829,0.002959341224909817,0.007105943152454719,0.0007703171138786491,0.10297008267575442,2984978,0.16868148579783723,0.26812806840603104,0.19119432688271318,0.1211997851997198,0.8559322033898358,0.4928571428571412,0.3285714285714302,779.6446195695021,780.415980470192,779.8155125710845,0.015273103805332644,0.8428571428571396,784.4,772.6,high_only,09:40,,False,False,774.75,-0.002775088738302678,0.0061310100032268,0.025477444916133435,0.5131103780513665,0.23369383554814577,790.7573950440849,823.1932126833624,downtrend,downtrend,-0.006542655548428478,0.784576144398821,0.0008255800895868859,0.006275050854923636,0.0024580745567466256,4.560020229904538e-05,0.003331434013899681,0.006797690537776457,0.002913741022610772
2026-05-05,774.4,776.9,763.7,773.2,38717976.0,375,-0.0017432851239669311,-0.0033574380165289908,-0.004648760330578594,-0.003163739669421406,0.0018139414356050931,0.005375995854653759,0.002195247933884259,-0.003736631877335417,0.0001940366082402445,0.00012934937265551838,0.0730706326177794,2829147,0.0995435556858654,0.2250729480280684,0.12887866349212057,0.03416054082992355,0.42016806722688754,0.7196969696969734,0.9501915708812276,772.3007545501642,770.6618503307503,771.2852399141417,0.007734303912647844,0.4507575757575815,775.25,769.3,low_then_high,13:45,10:49,False,False,779.5,-0.006542655548428478,-0.008082103912764538,0.024959193472283876,-0.13451708767181453,0.08795348040079855,789.0852621827435,821.2326945389169,downtrend,downtrend,0.002521986549405053,0.756946610880094,-0.0029514421442724537,-0.0025173993663886174,0.00023698061748000931,-0.00025562903447029495,-0.0029700959218695866,-0.0008400386501403734,-0.003481002842865122
2026-05-06,775.15,798.95,773.5,796.0,34398213.0,375,0.0014190801780300522,0.003225182222795553,0.0008385473779268793,0.0023866348448686736,0.02359673374911586,0.019305019305019266,0.021737728181642213,0.005050505050504972,-0.0025062656641604564,0.0,0.08340526294200225,2868992,0.11283888497347232,0.3999086231601624,0.2038102677019879,0.08376900276767284,0.5263157894736842,0.884086444007857,0.9181141439205965,777.0993709985946,779.1546168542543,785.6551485348954,0.006127846223311639,0.1866404715127698,779.9,775.15,low_then_high,13:50,09:50,True,False,773.2,0.002521986549405053,0.029487842731505287,0.02406972365352658,0.1339933216193371,0.9031149877143398,789.7438086415299,820.2431771060183,downtrend,downtrend,-0.002512562814070307,0.7729996322246636,0.004941346199820007,2.482313516183332e-05,0.005818956600885494,0.0011373148264308686,0.011938641659893001,0.0032003590876337196,0.0039131902240741034
2026-05-07,794.0,801.55,788.55,795.55,44925577.0,375,-0.0021410579345089165,-0.0002518891687658398,0.0013853904282115082,-0.004596977329974772,0.0022045855379189128,0.009046624913013224,0.004408060453400475,-0.002445141065830825,-0.0016314237309407176,0.0003143467873758521,0.058485882106756246,2627512,0.08474255099717473,0.38091586447515186,0.290567308684761,0.05717362294534358,0.4148936170212681,0.5384615384615384,0.688461538461542,793.8826619440747,794.4849539364113,795.1751929574556,0.005935467575929776,0.3615384615384563,796.55,791.85,high_then_low,10:01,10:10,False,False,796.0,-0.002512562814070307,-0.0005653266331658857,0.02388734482150885,-0.010544879334560097,0.18453538835472963,790.2967792470985,819.2748172195078,downtrend,downtrend,-0.014518257809062907,0.7220875614080794,0.0024322803038707708,-0.002637457220730721,-0.0008853003258396663,-0.0016614089568403045,-0.00011914886623687337,0.0023855680519648814,-0.0007837321089905203
2026-05-08,784.0,788.75,777.2,781.25,34956823.0,375,0.0025510204081633514,0.004017857142857073,0.001339285714285765,-0.00025510204081635734,-0.007495394778631703,-0.006060219443735693,-0.006313775510204178,0.0028239522495348,0.0010891850333163422,-0.0002559344807729902,0.08025366035122815,2805413,0.11494800314090328,0.3604573276009665,0.21698994213518774,0.10365029453620542,0.6631578947368373,0.3506493506493481,0.16017316017315292,786.580358227707,781.9754769503533,781.4429131703416,0.00605867346938771,0.4112554112554129,788.75,784.0,low_only,,10:12,False,True,795.55,-0.014518257809062907,-0.01797498585883972,0.023860319689358804,0.16839075063394696,-0.2646140367104967,789.4351812235653,817.783647916782,downtrend,downtrend,-0.011903999999999915,0.7709779562995428,-0.004222070643151832,0.00043328182093915757,-0.0026409558609619133,0.00041994815812373965,-0.00643480547657016,0.0035845753219179155,0.0024040040914110605
2026-05-11,771.95,774.85,761.9,766.25,40547005.0,375,-0.0003886262063605983,0.0015545048254419491,-0.0022022151693763536,-0.0036919489604249067,-0.008924529522085,0.002730464178910541,-0.0009715655159012737,-0.006418568464730323,-0.0018887586296730818,0.0038647975894143816,0.08194148988316154,3322482,0.11607656348477527,0.2674455733536916,0.1925531614480527,0.09443693806731225,0.7043478260869486,0.33590733590733646,0.532051282051289,771.7607427369056,770.6992028311638,769.2632643196051,0.007476270966064291,0.44401544401544246,774.85,769.1,low_only,,10:14,False,True,781.25,-0.011903999999999915,-0.019199999999999995,0.022074718100041787,0.07042014391291396,-0.044012589945573735,787.227068726083,815.7627205474964,downtrend,downtrend,-0.012593800978792813,1.011304913050896,-0.008672528308753646,-0.0007029591032160498,-0.001593652091563924,-0.004661142658961559,-0.01486571435661177,0.002257463928657999,-0.0017574258057687642
2026-05-12,756.6,759.7,747.8,755.0,43057098.0,375,0.0037007665873645124,-0.0003965107057891659,-0.0011234469997356555,0.0018503832936822562,-0.0017188946185375809,-0.008245382585752026,-0.0064102564102563875,0.004323245759893624,0.004657351962741085,0.008145279743624112,0.07029647005007165,3026762,0.09420730119805101,0.3962470485121872,0.30050945374906596,0.10670168714110738,0.35849056603772694,0.6050420168067219,0.07558139534883436,757.8084671947556,755.494729631846,753.6797320358969,0.007025450689289503,0.4453781512605065,759.7,754.4,low_only,,11:07,False,False,766.25,-0.012593800978792813,-0.014681892332789603,0.021728438706992356,-0.018248467418027884,-0.2950168899247015,784.1578240855036,813.3798687613202,downtrend,downtrend,-0.003973509933774877,0.9597403709258561,-0.004103634077584961,-0.003553573385716491,-0.010707089442135387,-0.001621315289365377,-0.01636415921680412,0.003157062679927325,0.005944561049259001
2026-05-13,752.0,759.95,747.35,749.2,27718092.0,375,0.0019281914893618524,-0.0021276595744681437,-0.002327127659574435,-0.0007313829787233272,-0.0015991471215350828,0.0033269013241066236,0.0025930851063831195,-0.006300152530008596,-0.004848243341967207,-0.0012664133839898062,0.10301430560227594,2855360,0.15712008604344052,0.22761534235473352,0.16426015181708756,0.0731687808814546,0.030120481927710597,0.14682539682539836,0.5238095238095247,753.1773670278587,753.6841767524036,752.9861412418521,0.011064453775911476,0.6587301587301629,758.45,750.15,low_then_high,12:56,09:31,False,True,755.0,-0.003973509933774877,-0.007682119205297933,0.022042685311148717,-0.09652451797204668,0.11763925627843504,780.8285075059318,810.863011162837,downtrend,downtrend,0.002402562733582414,0.9499279742636907,-0.0029064618628242833,0.00019689715761828097,0.005517400786304361,-0.0026669391073734783,-7.895674664049057e-05,-0.0023245567320864247,-0.0036332134226351176
2026-05-14,751.0,778.3,747.0,770.1,50443801.0,375,0.000798934753661884,0.004127829560585994,0.0017310252996005637,0.002796271637816261,0.021217345179684433,0.030474040632054056,0.033355525965379496,-0.007667031763417209,-0.0026549245612897954,0.001039906408423441,0.04219461971154791,2128457,0.07296026324423888,0.21539387961664508,0.14951999751168632,0.052023062258928505,0.875,0.7380191693290753,0.9281150159744408,752.3356084086579,766.5305482338919,767.441013836368,0.005329070077271458,0.1277955271565497,754.6,750.6,high_then_low,09:36,09:48,True,False,749.2,0.002402562733582414,0.02789642285104099,0.02146697675419033,0.19228741931628757,1.5538064044751216,779.8067448863193,809.2644617054709,downtrend,downtrend,0.003765744708479346,0.7271841160784903,0.004334427433020149,0.0021695477098628846,0.009566409196672288,-0.001751184470024536,0.012166701524198853,0.0019582818507231092,-0.005915847293392673
2026-05-15,773.0,781.9,765.4,770.0,24192880.0,375,0.0010996119016817296,0.011060802069857711,0.009055627425614388,0.0064683053040104355,-0.014778325123152691,-0.008097686375321267,-0.00168175937904258,-0.002202928599196685,0.0024083837792097107,0.003845903135388795,0.11151032865867974,2697756,0.1644588821173833,0.2556852677316632,0.1472271593956569,0.07350261729897391,0.9752650176678429,0.27878787878788014,0.2791519434629012,774.9651583451827,776.1642652828137,774.1435338172492,0.01843047867144243,0.8575757575757562,781.9,767.75,low_only,,14:49,False,False,770.1,0.003765744708479346,-0.00012985326580960965,0.02218134446310085,0.49865336559096296,-0.07581864038224659,778.8727691828603,807.7246788934917,downtrend,downtrend,-0.014285714285714235,0.9425541965273974,0.0007442939223025746,0.0023808119200721123,-0.0015043360273730988,-0.0015340336010332134,-0.002294027726529979,0.008679990149785599,-0.0006688949981634718
2026-05-18,759.0,774.1,751.35,768.8,29461023.0,375,-0.0070487483530962125,-0.008629776021080282,-0.005862977602108077,-0.0028326745718050272,0.02172901853943765,0.016449758868996467,0.013570487483530957,-0.0006499415052645396,0.0014980785514231432,0.0013024225058608785,0.06641795839879695,1956741,0.09645510273013941,0.263953054176021,0.18817499989732198,0.07623051650310989,0.14379084967320602,0.7670329670329641,0.789010989010986,753.3679656036917,764.7518853250234,765.695779154263,0.010181672988620383,0.3362637362637353,759.0,751.35,high_only,10:33,,True,False,770.0,-0.014285714285714235,-0.0015584415584416478,0.021532648728164735,-0.40077633411594754,0.6302284338006564,777.9134578321117,806.1982208976685,downtrend,downtrend,-0.002731529656607612,0.688447036831866,-0.007487526073201467,-0.004646072344158592,0.005627666913662122,0.0012746486776049615,-0.0006297721619570318,-0.0039837036769216905,-0.0019245901828695011
2026-05-19,766.7,770.8,760.25,762.8,39686516.0,375,0.0023477240119993414,0.0016303638972219314,0.0030650841267769735,0.0001956436676666673,-0.006706165766000471,-0.0022820629849383822,-0.00208686578844397,-0.003006142987844851,-0.0015053341187252212,-0.0015706806282722585,0.08360459255229157,3317975,0.12475330411971663,0.3026300670988605,0.21549112549965332,0.07429198370549836,0.6953125000000095,0.24170616113743748,0.2191780821917853,767.7977673530794,767.0513757412527,765.8675103936223,0.008382449246889356,0.6066350710900479,769.9,763.5,high_then_low,12:29,14:54,False,True,768.8,-0.002731529656607612,-0.007804370447450526,0.02201810785342235,0.07404650336329961,-0.09477952430501886,776.4740808957201,804.4963298820737,downtrend,downtrend,-0.004195070791819577,1.1777228390504315,0.0013047459340351786,0.003446630032143405,0.0011763314509214418,-0.004090173668900632,-0.0016177157853111135,-0.0018162661349214737,0.001084030681055781
2026-05-20,759.6,762.25,755.15,760.1,23628890.0,375,0.0017772511848341832,0.00013164823591371722,0.0013823064770932536,-0.0017114270668774356,0.0005265236277478547,0.003099037320321907,0.0013823064770932536,-0.000723065798987621,-0.0011826544021024121,0.00019738140667135973,0.06836740955669099,1615446,0.14566164555338826,0.23791193746299552,0.18849852870786568,0.08034909807443345,0.5368421052631722,0.6971830985915535,0.7746478873239412,760.0169245417883,759.0323179263369,759.2063219502339,0.006273525721455453,0.6690140845070401,761.9,757.15,high_then_low,09:37,10:22,False,False,762.8,-0.004195070791819577,-0.003539590980597751,0.02145736708859404,0.006135339688702845,0.06442106673134365,774.9146446199372,802.7552973376786,downtrend,downtrend,0.00907775292724633,0.5734062641980918,-0.006309783023104143,0.0008398256402604165,0.00887145765168551,-5.070704637777368e-05,0.00245486355279545,-0.0007081774043466993,-0.0006723587526098473
2026-05-21,767.0,768.25,755.15,758.8,34491200.0,375,-0.004172099087353387,-0.004237288135593209,-0.0012385919165580628,-0.004954367666232029,-0.006481178396072096,-0.006682389937106903,-0.01160365058670143,0.0009233610341643494,-0.0024321304147768563,0.0013856812933024099,0.09712323723152572,3349897,0.13108392865426544,0.2719580356728673,0.1729626977315953,0.05824027578048894,0.28,0.2786259541984711,0.22519083969465956,764.207921805755,760.9197672038638,760.5013913031925,0.00820209973753272,0.47709923664122056,768.25,762.0,low_only,,11:01,False,True,760.1,0.00907775292724633,-0.0017103012761480185,0.020720127051623398,-0.20450106917955518,-0.5600183125224755,773.3799165608956,801.0315601871814,downtrend,downtrend,0.0004612546125462025,1.217442895175489,0.007010604648804097,-0.0030192970640011696,-0.007454873153853958,-0.00016066022898320043,-0.0006571121295293469,-0.0012179910715920395,0.0010840212631475499
2026-05-22,759.15,775.0,759.15,769.0,25398637.0,375,0.006652176776658303,0.009418428505565402,0.01277744846209572,0.019232035829546135,0.003523424246378859,-0.010662358642972491,0.008364618323124517,0.004572175048987548,0.0036543983294179405,0.002934463645255958,0.09265127101111764,2353216,0.14938466973641146,0.2390032189522611,0.17727191423697264,0.08887035946062775,0.7647058823529369,0.621451104100947,0.40063091482649926,765.1851152281248,769.2666941376382,768.5731541630882,0.012316406507277833,0.5899053627760258,768.5,759.15,high_only,09:43,,True,False,758.8,0.0004612546125462025,0.013442277279915649,0.020655131633597647,0.4559849180648833,0.4049656265331481,772.9627816503341,799.7754205719979,downtrend,downtrend,0.00910273081924573,0.8352794184461608,0.000955659108784479,0.0028473419176044956,0.0028769137179356363,0.000402286503814242,0.004239151577683176,0.006571086587960906,0.004169888545173306
2026-05-25,776.0,787.85,775.2,787.45,25692396.0,375,0.007023195876288746,0.011855670103092741,0.008247422680412342,0.006894329896907303,0.0028655119714722233,0.0037115249248096394,0.010631443298969145,0.004080331526936654,0.0008261311642094871,0.00044467030872819,0.17805124130890712,4574563,0.24259745957519882,0.21223987828928062,0.12498067521612231,0.06941174345903746,0.9302325581395349,0.9683794466403179,0.8418604651162749,782.2030025673128,783.184854681869,783.9154049451058,0.01386738906088758,0.8498023715415035,785.95,775.2,high_only,14:38,,True,False,769.0,0.00910273081924573,0.02399219765929783,0.020665563811974975,0.5736920710686245,0.5144521289474132,774.3425167312547,799.292070745645,downtrend,downtrend,-0.004317734459330813,1.6625195410135505,0.008059337610031747,0.0017272167166173524,0.0015831079458235031,0.002992307580025999,0.012676403278474746,0.010128453386475389,0.0010880239469106545
2026-05-26,784.05,790.85,776.75,780.25,31403111.0,375,0.005293029781264114,0.004910401122377506,0.006377144314775762,0.005037944008672968,-0.009709353978931357,-0.009073604060913731,-0.004081372361456448,-0.0007683934174297358,0.0006412311638346324,0.001733213506226683,0.05862014753888556,1840855,0.09570914805224234,0.3082932770578049,0.22825732138449595,0.054019775301880124,0.8105263157894784,0.24822695035460954,0.1266375545851563,787.0261791486384,785.977732139174,783.8587539055172,0.006058287099037107,0.3368794326241129,788.8,784.05,high_then_low,09:32,12:51,False,True,787.45,-0.004317734459330813,-0.009143437678582833,0.021215074851024664,0.23145810971014974,-0.19238076651232378,774.9051341854209,798.5453228732669,downtrend,downtrend,-0.013777635373277808,0.6534157059291231,-0.001904373822760319,0.0012497864948071147,-0.003395253310892743,0.00046608646217394245,-0.004829541910777224,0.003660614627570391,-0.0012344798796036782
2026-05-27,769.5,773.9,756.9,759.25,61466605.0,375,0.001299545159194393,-0.005328135152696589,-0.004548408057180042,-0.00649772579597141,-0.008035014371570393,-0.006671026814911718,-0.01312540610786228,-0.00019752436133790852,0.002045664511020062,-0.0003291639236340238,0.16619217866351982,10215269,0.21815042493399464,0.26192007839053416,0.1641292047933996,0.0835493191790892,0.28571428571428437,0.1382352941176484,0.08227848101265559,767.3213251000373,763.1745211369387,761.9652492772292,0.01561679790026238,0.6999999999999986,773.9,762.0,low_only,,09:57,False,True,780.25,-0.013777635373277808,-0.026914450496635656,0.02160091299869004,-0.24666249769256082,-0.6076320065109403,773.4141690249047,797.0043298194132,downtrend,downtrend,-0.01738557787290096,3.6259331695820083,-0.002231158928291732,0.0009882602223167947,0.0004145667881751969,0.0012724856374461968,-0.0005473442314721799,-0.006316395375013384,-0.0014700099987841053
2026-05-29,746.05,760.5,737.75,747.25,98657285.0,375,0.011996514978888984,0.00676898331211051,0.012130554252395953,0.017022987735406447,-0.005125815470643058,-0.006655683690280023,0.010254004423296159,-0.008557781610720516,-0.008426220806794116,0.0026836632002684713,0.06431804807926754,6345444,0.08698372350303377,0.7221153105926238,0.6995978857516706,0.30161577018868907,0.4741784037558709,0.4175824175824176,0.529411764705887,753.4274583780109,755.480732469732,747.8120978579196,0.014275182628510352,0.46813186813187213,756.7,746.05,high_then_low,09:59,15:01,False,False,759.25,-0.01738557787290096,-0.015805070793546316,0.0220719118265568,0.3066786133118794,0.4645725528387894,770.9223434034852,795.0531796304166,downtrend,downtrend,0.0023419203747072626,2.2325397787354295,-0.0007733903551951915,-0.00036607585510095575,-0.005942980024809641,-0.006346774634786834,-0.013015950653514907,0.007135059167211466,-0.0022110069759336826
2026-06-01,749.0,752.35,739.2,742.5,47458915.0,375,0.0,-0.0030040053404539746,-0.007009345794392496,-0.005807743658211018,-0.005691329092735176,-0.003558718861209953,-0.009345794392523366,0.0006738544474393926,0.002971768202080227,-0.0007401924500369805,0.07039240151191825,3340747,0.10439480127179478,0.5935110821644364,0.5345905611200762,0.1977339557804893,0.32934131736526856,0.2509505703422023,0.07589285714285887,747.79406355824,745.2363508201678,743.6434040313255,0.0112231182795699,0.6349809885931588,752.35,744.0,low_only,,09:44,False,True,747.25,0.0023419203747072626,-0.00635664101706257,0.022761639142915516,-0.1319766701155598,-0.410594084803959,768.2154535555342,792.9922706253022,downtrend,downtrend,-0.007407407407407418,1.167205301141509,0.0019144997945725883,-0.002602041894776863,-0.010970428459701087,-0.0006753579824748668,-0.009746159352458483,-0.0004019634456771115,0.0013492124299142594
2026-06-02,737.0,753.6,733.15,749.15,46464532.0,375,-0.0007462686567163423,-0.0016960651289009698,-0.001899592944369033,-0.0035278154681139817,0.01821270812096487,0.022331154684095855,0.018724559023066467,-0.00219765583377729,0.003549899531145373,-0.0006003201707578398,0.07501125804947309,3485363,0.10181615516971096,0.18490768399432067,0.12792174469765455,0.030272660445606125,0.21698113207546926,0.7823960880195582,0.8630806845965739,736.4810252810585,744.4835708339572,745.2369985182104,0.007214810781377645,0.2591687041564764,739.9,734.6,low_then_high,10:23,09:42,True,False,742.5,-0.007407407407407418,0.008956228956228829,0.022578317384996088,-0.0751191995391141,0.829315962911809,766.3996960740546,791.2729658948982,downtrend,downtrend,-0.006273776947206766,1.2177318934964168,-0.006418098138516237,0.0022794635188974066,0.01238099543031046,0.0002785248812016139,0.006163598412263882,-0.0039755286477983764,-0.002476180714978904
2026-06-03,744.45,756.9,742.6,753.0,35688072.0,375,0.0034925112499160083,0.003089529182618067,-0.0008059641345959934,0.0019477466586068637,0.008369601606963428,0.005630781606113411,0.00758949560077915,0.0038661511798425696,-0.002913135593220373,0.00013281976358081593,0.06658832676643334,2376409,0.10324791431714216,0.26638034691254825,0.1428152521100047,0.06187969470583897,0.7142857142857143,0.727272727272728,0.7537688442211107,745.863683019211,747.2146378947411,748.9088505304144,0.0070659488559892125,0.3671328671328683,748.25,743.0,low_then_high,12:31,12:03,True,False,749.15,-0.006273776947206766,0.005139157712073628,0.023051904498467037,0.1340248994534713,0.3292350790922223,765.1235345431922,789.7720652715689,downtrend,downtrend,-0.005112881806108915,0.8302805278221884,-0.004563560384809873,-0.005263506285245745,-0.00039289458680946687,-0.00041868264496347507,-0.00537127018743111,0.008353035467863812,0.004284833824806045
2026-06-04,749.15,757.3,745.0,753.25,42006859.0,375,-0.003136888473603494,-0.0034038577053994157,-0.004605219248481562,-0.00020022692384702445,0.008907045271899339,0.007476635514018781,0.0072749115664421105,-0.0017890272992313605,-0.0007296365083575562,-0.0009946949602122057,0.08580962932743912,3604593,0.11447966152384781,0.28399538275404024,0.21251819851610423,0.06239085859763997,0.13333333333333838,0.6707317073170757,0.8727272727272748,747.4642055982466,751.0294069376027,752.0107179746525,0.0060321715817694965,0.36585365853658675,750.5,746.0,low_then_high,09:57,09:30,True,False,753.0,-0.005112881806108915,0.00033200531208499307,0.022992849328949926,-0.14803983867774376,0.3163988708995012,763.9927217295549,788.3398274177819,downtrend,downtrend,0.0009293063391968559,1.2593890103194214,-0.004893800260290293,0.0022484747094915214,0.005897145704167661,0.0007792568238345066,0.0017545021893878854,-0.005652332414890937,-0.002568284123065867
2026-06-05,753.95,758.7,744.65,748.2,21577769.0,375,-0.0021884740367399402,0.003116917567477895,0.0025863784070561113,0.0011937131109489574,-0.010710035700118858,-0.009737033847784349,-0.008554943961801231,0.000936454849498336,0.0021430484864719546,0.0010034115994381754,0.10725886443589233,2314407,0.16111549808508935,0.40728033560837545,0.24741709858883001,0.12465774381030773,0.8715596330275157,0.2526690391459111,0.1610486891385748,753.7203974567423,752.6186115329829,750.3549100310911,0.007251679861619342,0.3879003558718875,757.0,751.55,high_then_low,09:32,10:40,False,True,753.25,0.0009293063391968559,-0.006704281447062699,0.022144424610853863,0.14075405535487112,-0.3863249604421021,762.4886529934068,786.7657165386532,downtrend,downtrend,-0.013632718524458798,0.7869292748433303,0.0017471627271952173,-0.0007240528217828945,-0.005424007462003333,0.0007387074119118431,-0.002950337059476116,0.0038409703892607894,0.00019774743758649294
2026-06-08,738.0,741.5,734.5,738.35,20832310.0,375,0.003116531165311631,0.002371273712737043,0.0009485094850949505,0.0011517615176153129,-0.0018925312605609923,-0.003857345875346807,-0.0027100271002710175,0.003192934782608736,-0.001690102758247658,-0.0006090958310773775,0.1683510854053151,3507142,0.21539162003637619,0.24385183400208618,0.12418080376108075,0.05738902694900373,0.6428571428571412,0.5500000000000033,0.21428571428571427,739.6632082951492,738.467630218284,738.4750597477345,0.006652185718164505,0.6999999999999967,741.5,736.6,low_only,,13:45,False,False,748.2,-0.013632718524458798,-0.013164929163325345,0.022260466986689237,0.10652398775618493,-0.12174170029278776,760.1897336607014,784.8670609881178,downtrend,downtrend,0.0014898083564705011,1.1924750965722914,-0.012330516906052247,0.0032408029219217482,0.002963514971382919,-0.001961199355482446,-0.011346300737948067,-0.0008695292091847051,0.005154134138091182
2026-06-09,739.45,743.95,732.3,739.7,37727433.0,375,0.0012171208330515881,0.0030428020826289703,-0.0004057069443506034,-0.0029075664345122876,-0.00269650802211141,0.001424115014241334,-0.0014875921292852867,0.0018284011647593523,0.00013520822065982152,0.001218191662154977,0.06806593493917278,2567953,0.10261678816048789,0.3087491269284078,0.2402825021251777,0.06388690690935692,0.7721518987341855,0.6351931330472131,0.5193133047210319,740.6965249818305,738.3091247656185,738.380694978638,0.005347593582887722,0.33905579399141755,742.6,738.65,high_then_low,09:30,09:49,False,False,738.35,0.0014898083564705011,0.0018284011647593523,0.022022707416871495,0.13816657620842265,-0.06754810392411831,758.2383304549203,783.0958036944662,downtrend,downtrend,-0.004326078139786471,0.8094750026675652,0.006724031215779247,-0.0014617965910043162,-0.0018143475335407055,0.0017616515591047932,0.006667763172132579,0.004504598673633287,6.674960565455912e-05
2026-06-10,736.5,755.95,736.4,747.8,43743962.0,375,0.006720977596741395,0.004616429056347515,0.004752206381534174,0.003462321792260692,0.010677118529530905,0.014478046140315337,0.017990495587236977,-0.0026008669556519814,-0.0022681787858572777,0.002144197266148451,0.07922105912582861,3465443,0.13128707911734194,0.21749111340211935,0.16094550374746577,0.08652474140316782,0.4605263157894723,0.5831202046035774,0.682864450127876,740.7635912253259,744.5803428780788,745.2056586510539,0.010320478001086375,0.3887468030690535,744.0,736.4,high_only,09:57,,True,False,739.7,-0.004326078139786471,0.010950385291334186,0.02157322866018429,0.21398878809770513,0.833926894792543,757.2442037449279,781.7116545299774,downtrend,downtrend,-0.00641882856378706,1.1782968799355062,-0.001023314809042164,0.004553681143326882,0.0035099498793791373,-0.0042632583474513375,-0.0017908009158238425,6.27479130206332e-05,0.001662391391799356
2026-06-11,743.0,756.0,740.1,745.3,32417552.0,375,0.001682368775235421,-0.0019515477792733105,-0.001682368775235532,-0.001749663526244838,0.005056975254534413,0.009370365376836887,0.007604306864064547,-0.004474721164763218,0.0004026845637583598,0.0007385028533064553,0.05587374395204178,1811290,0.07583919353318228,0.3350800516954519,0.17166897734906078,0.05953894976400439,0.32926829268291197,0.32704402515722886,0.5377358490566017,742.6698226218147,747.5340000300932,746.8663234883786,0.005539043501756158,0.25786163522012046,744.3,740.2,low_then_high,09:51,09:34,True,False,747.8,-0.00641882856378706,-0.003343139876972434,0.021690795170658424,-0.08997124189864687,0.3505775977429839,756.1066605311253,780.283746509194,downtrend,downtrend,0.0126123708573731,0.5868108566925333,-0.004811316284819456,0.000647062897110473,0.005871176053046101,-0.002302060451677135,-0.0012728236008631155,-0.0025986106763837835,-0.002172660713086083
2026-06-12,754.7,774.45,753.1,772.0,35734129.0,375,0.0037100834768781787,0.004107592420829365,0.004968861799390378,0.005300119252683144,0.018738453417788348,0.0157506260709106,0.021134225520074157,0.0017517679880620918,-0.0025195426061115356,-0.0006472491909385036,0.10890345193526335,3891570,0.16156935013023543,0.295600097038884,0.17959346371643758,0.08801661291366582,0.5562130177514757,0.8852459016393422,0.9887323943661946,757.6480427179775,761.3089210595363,764.5321693508566,0.011220289470189826,0.3957845433255233,761.55,753.1,high_only,13:29,,True,False,745.3,0.0126123708573731,0.03582450020126138,0.021919476565442946,0.187394640039223,0.9641756479437664,757.6203119091133,779.9588937049118,downtrend,downtrend,0.023316062176165886,1.2937978775979178,0.009747030066999951,-0.00048478273404639616,0.005776816280157471,0.003565088883037859,0.019200786662957547,0.004592375154875761,-0.0018133208949757673
2026-06-15,790.0,793.5,775.6,777.45,38914025.0,375,-0.002468354430379849,-0.003734177215189982,-0.003924050632911458,-0.005822784810126658,-0.01219744615971019,-0.008212375859434573,-0.013987341772151884,-0.0019256691700365591,-0.0020537834542069255,0.0010945145506051634,0.24484979387251768,9528091,0.31983049813017284,0.18915257416831077,0.1284325638378451,0.06797084084722667,0.24117647058822994,0.10335195530726397,0.16138328530259738,787.8548761184165,784.8252149865053,783.5762932139073,0.010828025477707115,0.47486033519553134,793.5,785.0,low_only,,09:57,False,True,772.0,0.023316062176165886,0.00705958549222796,0.021786170097983483,-0.17140126963093966,-0.6420284845497716,759.508853632055,779.8605057164839,downtrend,downtrend,0.003923081870216727,2.8618377520491167,0.014941762670982905,-0.0016135185335741653,-0.0032541375076350354,-0.002101912426589969,0.009512626022194715,-0.002120658681615817,0.00017624325655341
2026-06-16,780.5,787.7,779.45,784.8,27327793.0,375,0.0015374759769379853,0.003010890454836712,6.406149903903646e-05,0.0001921844971171094,0.002490898639585959,0.006789214116441622,0.006982703395259415,-0.0014631974044151397,0.0005737234652896106,-0.00044577469273388015,0.07516918764716932,2054208,0.10368491886629849,0.2840471603396586,0.1735662664013885,0.04007700146147916,0.9577464788732453,0.6484848484848375,0.7878787878787878,781.5594794684862,784.1748299741827,784.4313456456822,0.004554493553146299,0.4303030303030248,783.0,779.45,high_only,09:30,,True,False,777.45,0.003923081870216727,0.00945398417904686,0.02210736770168612,0.1361939827240071,0.31585413014715663,761.917534238526,780.054211374661,mixed,downtrend,0.0036314984709480136,0.6140538937656823,0.0028231240476934705,0.0005935487107033843,0.002520492060241075,0.00045029644515959255,0.005803437630336417,0.002417341744133328,-0.0019134938495747322
2026-06-17,787.65,794.3,783.1,787.0,32097905.0,375,-0.005522757569986658,-0.001523519329651446,-0.0023487589665460717,-0.0022217990224083772,0.0006993451586241317,0.0013996691691056107,-0.0008252396368945147,0.0,-0.0007618080243778635,-0.0006349206349206549,0.07560371930816046,2426721,0.11705524083269608,0.20823374609651316,0.12664596022699923,0.06575014786790602,0.7127659574468237,0.3482142857142858,0.3482142857142858,785.1195887921741,788.7708935162783,788.4232304076126,0.006001787766568567,0.4196428571428536,787.8,783.1,high_only,10:34,,False,False,784.8,0.0036314984709480136,0.0028032619775739676,0.021289301354244894,-0.07156267386612337,-0.03876311501081596,764.3063405015234,780.3265952423214,mixed,mixed,-0.0006353240152477957,0.7254073001044443,0.002062929777036926,-0.0009898313543637016,-0.0008401089646281612,0.00239965368397832,0.0036236715982496115,-0.0005336879752877444,-0.00239965368397832
2026-06-18,786.5,802.95,786.2,800.95,41138825.0,375,0.006484424666242772,0.008137317228226193,0.014939605848696802,0.019771137952956153,0.010152604363728113,-0.009849759990025575,0.009726636999364269,0.008562614115721345,0.004956085319949954,0.001437859464866298,0.04227279218597031,1739053,0.09441329449735135,0.26898230564436393,0.2128071718139738,0.08752024395446394,0.9503546099290745,0.8805970149253731,0.4746268656716377,790.7076352378757,796.979618853334,797.276746079484,0.008967183922665933,0.420895522388057,793.25,786.2,high_only,09:33,,True,False,787.0,-0.0006353240152477957,0.017725540025413045,0.02131672471336473,0.38173393603588746,0.4562913454179036,767.7962128347117,781.1353562132108,mixed,mixed,-0.015294337973656313,0.5198462210812591,-0.0003384277436006,0.0006833154715915057,0.0006043914961493257,0.003779835480637095,0.004046599216425584,0.007454001756634687,0.0047827786350842505
2026-06-19,788.7,789.05,776.2,781.0,33259596.0,375,-0.0025358184354000723,-0.008685178141245142,-0.00748066438443018,-0.007924432610625032,-0.0010871650572360503,-0.004537031120199431,-0.012425510333460177,0.0026961098985749388,0.004307850575451688,0.0012820512820512775,0.15345700531058765,5103918,0.20339333045416427,0.37442418121975984,0.30730580732249424,0.12471979515325442,0.0400000000000091,0.3735408560311275,0.2101167315175059,785.2708631258052,781.2507613595221,780.6717701952846,0.009596315015034218,0.5836575875486423,789.05,781.55,low_only,,09:30,False,True,800.95,-0.015294337973656313,-0.024907921842811764,0.021879450383320072,-0.3969559558893828,-0.5679077909074369,769.053716374263,781.1300481264183,downtrend,mixed,0.011395646606914278,1.5256881101430595,-0.007783485115428812,-0.0014859615192237552,-0.001381756644102894,0.003533259175934722,-0.005653572876084589,-0.007199216622021387,-0.0008371492773597833
2026-06-22,789.9,789.9,783.1,785.6,24067310.0,375,-0.005190530446891994,-0.0030383592859855035,-0.006836308393467494,-0.006266616027345129,-0.002412698412698422,0.003312312886170954,-0.0029750601341942406,-0.0024760332677289387,-0.002286004572009115,-0.001334774041822917,0.1074415462301354,2585829,0.1745413176628381,0.16054656710700116,0.11019906254583499,0.057792208601626024,0.5897435897435952,0.3676470588235319,0.6544117647058767,786.3244666861833,786.5236342413104,786.56635629477,0.007461258848287855,0.8602941176470679,789.9,784.05,low_only,,09:45,False,False,781.0,0.011395646606914278,0.005889884763124131,0.02256276192810048,-0.13466256018069406,-0.13185709017693412,770.6295529100474,781.3053403567548,mixed,downtrend,-0.003245926680244482,0.7598462575978632,0.0026577713817499404,0.0010204674238591949,0.0013357337824495552,-0.002152136808789229,0.001836316220723777,-0.004058826709844698,-0.00032389645893970975
2026-06-23,783.05,790.9,772.55,772.9,27505493.0,375,-0.0003192644147883561,0.0014686163080264159,0.004788966221825008,0.006704552710554923,-0.014409589390461663,-0.01357351262209805,-0.00695996424238543,-0.006044238683127645,-0.004443871964964319,-0.0029669762641899577,0.0625077325463681,1719306,0.09867796225284892,0.22625971474134277,0.1533134854190761,0.061403153181075504,0.6000000000000227,0.019073569482290043,0.163522012578618,783.4078395876007,783.7710029633027,781.890067533056,0.0038343558282207812,0.16348773841961833,785.4,782.4,high_then_low,09:33,11:50,False,True,785.6,-0.003245926680244482,-0.016165987780040747,0.022065069297982295,0.06655842717705451,-0.3154290679260125,770.8457859662334,780.9757191662937,downtrend,mixed,0.00012938284383490206,0.5052183380128971,-0.0006455804723324299,0.0007332383377716134,-0.006459975157137365,-0.005040600774383397,-0.012106190722323551,0.0007353779702548024,-0.0010036379087442482
2026-06-24,773.0,794.9,772.65,792.8,34330504.0,375,0.002910737386804696,0.006727037516170764,0.008150064683053015,0.012936610608020649,0.01876124389617062,0.010983397190293731,0.024062095730918553,0.001515917129863542,-0.0015742081732887936,0.0004416682440531172,0.053977244260672665,1853066,0.0881396905795499,0.3178415324167685,0.18373120883981198,0.09501494647442403,0.9173553719008274,0.9056179775280888,0.9921465968586399,775.9756663011465,786.8020683635509,788.7518461390292,0.007830194784184341,0.27191011235955365,778.7,772.65,high_only,09:39,,True,False,772.9,0.00012938284383490206,0.02574718592314662,0.022007348761352876,0.30567232741747247,1.0933664019163463,772.9366634932587,781.4394164538901,mixed,downtrend,0.00718970736629676,0.6253411750730945,2.3113856757017714e-05,0.003513225022903299,0.010886374906496021,-0.0017335381430354513,0.009157289795232337,0.003213812493267465,0.0032494552728989934
2026-06-25,798.5,804.45,794.75,796.0,46491160.0,375,-0.0016280525986223093,0.00037570444583590046,-0.0011271133375078124,0.000500939261114608,-0.0035052578868302042,0.0,0.000500939261114608,-0.003629991237952157,-0.0026937292488879994,6.281801620700023e-05,0.09498468095870269,4415948,0.14944819617320798,0.2219403645768357,0.13615429255798306,0.047731267621629575,0.495575221238932,0.1288659793814427,0.34319526627218483,798.739748112976,799.9310752705861,799.3517528866424,0.007097989949748751,0.5824742268041186,801.65,796.0,high_then_low,11:54,15:02,False,False,792.8,0.00718970736629676,0.004036326942482349,0.02255143795965499,0.01665988867353132,0.02221318489804504,775.1331717319961,782.0104197302081,mixed,mixed,0.005025125628140614,1.4902189729786643,0.004693261816962613,0.0008828704480878802,-0.0007315804417252769,-0.0022917513543110335,0.001657425202441054,-0.0005071660022519797,-0.0013382398836411236
2026-06-29,800.0,805.9,793.3,797.35,45173319.0,375,-0.0011249999999999316,-0.005312500000000053,-0.0012499999999999734,-0.004749999999999921,0.0020106817467797633,0.0017583521728208318,-0.0030000000000000027,-0.00031344032096292107,0.0017589044537973386,-0.0019401677306295495,0.09331789413126806,4215479,0.12465606080438765,0.3711367322821686,0.31059652712256985,0.1309333060074687,0.08000000000000303,0.3214285714285763,0.34126984126984605,799.4846759288802,799.6052622003197,799.2321021515669,0.009432182607055362,0.5952380952380941,802.65,795.15,low_then_high,10:30,09:30,False,False,796.0,0.005025125628140614,0.0016959798994975461,0.021789860314840776,-0.2438060603987343,-0.13767871646046045,777.2490601384726,782.611971897651,mixed,mixed,0.010973850881043523,1.4225681067786864,0.00036585948916867395,0.0001267571976268922,-0.004608974825189405,0.0011544475457030412,-0.003095254428250982,-0.0054392571976269455,-0.0014678878666659623
2026-06-30,806.1,806.1,792.75,800.45,44997412.0,375,-0.008001488649051036,-0.011288921969978993,-0.014080138940578135,-0.014390274159533534,0.00432873274780432,0.00786658275645058,-0.006636893685647016,-0.0003746487667810605,0.001752080595707417,0.003761991347419835,0.06992111012962257,3146269,0.10094269421539176,0.4076405327488612,0.3064468240973503,0.13253631119940854,0.09900990099009879,0.5767790262172309,0.599250936329587,800.0894971578505,798.4799664121051,798.5350743408677,0.012688442211055362,0.7565543071161053,806.1,796.0,low_only,,09:31,False,False,797.35,0.010973850881043523,0.003887878597855332,0.02108312859896803,-0.5354481388749656,-0.31479643329462387,779.4586734586181,783.3115024114686,mixed,mixed,-0.00868261602848408,1.061749313600298,0.0022332506203472935,-0.005623739963923069,-0.0036451322296682243,-0.001115080947777125,-0.0025335196113184244,-0.005665182006055924,0.0007404321809960646
2026-07-01,793.5,802.25,793.5,796.0,25247044.0,375,0.008758664146187867,0.006931316950220534,0.008065532451165591,0.005229993698802726,-0.003754693366708417,0.0009402620196827804,0.006175173282923829,-0.0030060120240480437,-0.0024437621404850285,-0.0003139717425432176,0.060061130324801586,1516366,0.07697015935806188,0.3342222954893254,0.24751317421556362,0.13650501024991282,0.7382550335570425,0.2857142857142857,0.5599999999999974,798.2301546812135,798.9043921583129,798.0505925399947,0.009388783868935047,0.8514285714285766,800.95,793.5,high_only,11:58,,False,False,800.45,-0.00868261602848408,-0.005559372852770417,0.02104038371111048,0.32942920839226036,0.29349147656765395,781.0340378911308,783.8090905521954,mixed,mixed,-0.0012562814070351536,0.5290788817637102,-0.0008403800524714455,0.0010586815021560447,0.005477526032894309,-0.0016896566792419243,0.002935058690721304,0.005872635448064489,-0.0013163553448061194
2026-07-02,795.0,805.45,794.0,794.95,33575752.0,375,0.008867924528301874,0.008050314465408714,0.010188679245282994,0.005094339622641497,-0.008048415273271714,-0.005131093173142975,-6.289308176099517e-05,0.0,-0.0033224674022065415,-0.0010053408733898817,0.0838575410016133,2815580,0.11759659173084194,0.2755090935863477,0.16825192776024794,0.07038954779032201,0.612440191387555,0.08296943231441413,0.06666666666666667,801.5387138410796,799.0195558892183,798.2089274103729,0.013144654088050434,0.9126637554585156,805.45,795.0,low_only,,13:59,False,True,796.0,-0.0012562814070351536,-0.0013190954773868446,0.020209846889755988,0.39833624219534663,-0.003112001892150631,782.359367615785,784.2459889619132,mixed,mixed,0.010126423045474509,1.0926267350850307,0.003095304100600549,0.0020550905569731714,0.0032395209083126986,0.0011205398475153672,0.007472501818621469,0.005995223908435543,-0.0011205398475153672
2026-07-03,803.0,807.0,798.55,801.5,25329655.0,375,-0.004545454545454519,-0.00018679950186795136,-0.0007471980074720275,0.0015566625155665204,-0.0016815096219717773,-0.002300279763755131,-0.0007471980074720275,-0.001121635094715856,-0.0004988153136300522,0.0006866845620825401,0.07183157449242794,1819469,0.1312472278047214,0.1918914016002192,0.1361867344817764,0.05973796326874566,0.9247311827956955,0.34911242603550646,0.45562130177514815,801.1450434623141,803.2252360369453,802.8824518448176,0.005823054285893248,0.5502958579881735,803.2,798.55,high_only,09:30,,False,False,794.95,0.010126423045474509,0.00823951191898864,0.019974652991612805,-0.009351827135439446,-0.03740730854176891,784.1822849857103,784.9226168457598,mixed,mixed,0.004366812227074135,0.6737016211881011,0.008625326889337703,-0.0011445848623524713,-0.004422446170666339,0.00013804271907069676,0.00430335330530629,0.0009577853604845199,-0.0012596778137865527
2026-07-06,805.0,831.5,805.0,827.95,62568521.0,375,0.013478260869565162,0.01279503105590063,0.01763975155279507,0.019875776397515477,0.015515761069545109,0.010170523751522609,0.030248447204968887,-0.001688068969674994,-0.0014472652716637224,-0.0029503853564546434,0.0980330668196552,6133784,0.16188515947180532,0.17629513729435925,0.12321293322563913,0.06752628849897219,0.8015564202334581,0.8660377358490583,0.9365384615384624,814.6760298645448,823.5280262836504,824.6475598341748,0.015962732919254652,0.4849056603773593,817.85,805.0,high_only,09:35,,True,False,801.5,0.004366812227074135,0.03300062383031821,0.019915829226355576,0.6424553509912783,1.5188143491881152,788.350638796595,786.6099652047496,uptrend,mixed,0.01817742617307805,2.3803040175156807,0.0014688190118328226,0.0018780714078541205,0.004062640778216942,0.0007518766184810843,0.006293467154487642,0.01091695964804651,-0.0024399455881560783
2026-07-07,843.0,843.0,826.1,828.0,55052761.0,375,-0.01103202846975082,-0.00937129300118622,-0.011387900355871894,-0.0077698695136416696,-0.008501975811280094,-0.0052603263793413735,-0.012989323843416445,-0.004867495943753353,-0.005166406343866337,-0.001567587121668823,0.13920206472478283,7663458,0.1847157856442477,0.1672443276732297,0.10793138967180956,0.03980002020243817,0.2582159624413151,0.11242603550295739,0.2448275862068934,835.8806812320668,834.36064942384,833.6884711204585,0.01279509821589464,0.630177514792899,843.0,832.35,low_only,,09:33,False,True,827.95,0.01817742617307805,6.0390120176334605e-05,0.020854694890407727,-0.4493613093086592,-0.6228489034088426,792.1267684350146,788.2331038241713,uptrend,uptrend,-0.002536231884058049,2.8375773802724438,0.0016582084388478968,-0.0003515304860727264,-0.00044554445327815717,-0.0040260003148827606,-0.0028189543460416244,-0.009019762515113494,-0.0008414956288705921
2026-07-08,825.9,834.35,806.95,809.45,37460272.0,375,0.0032691609153652212,0.003087540864511462,0.0036929410340236224,0.005690761593413196,-0.022934395557969722,-0.023236214784493225,-0.01767768494975186,-0.0022802908911622177,0.00043257940922014626,-0.002095789927880065,0.10685389577523623,4002776,0.14400827094902033,0.23876075966559987,0.13819557957294062,0.056492221946493074,0.7810218978102197,0.09124087591240883,0.008602150537631475,827.6009174840995,825.4460942755321,821.7906167156681,0.008322196573927965,0.25000000000000105,829.95,823.1,high_then_low,09:47,13:47,False,True,828.0,-0.002536231884058049,-0.022403381642511988,0.020959757314598225,0.1473080445621871,-0.8434107649442849,793.7766000126323,789.0651389683214,uptrend,uptrend,0.004385693989745976,1.4821229053382183,-0.003923202943120763,-0.0008388449084998362,-0.015874160897460965,0.0008900728603171704,-0.01886257909021105,0.003926385773011298,-0.003170363751479388
2026-07-09,813.0,822.85,812.3,817.0,39151397.0,375,0.006703567035670321,0.0033210332103321694,0.00608856088560894,0.003813038130381363,0.0015937231825424725,0.005881632152922478,0.009717097170971689,-0.0047508831770007864,-0.004993301668493544,0.0005510991366113327,0.06861326046679765,2686305,0.10793699136712798,0.25916727824552466,0.13345232610729063,0.04929933917811413,0.5151515151515271,0.445497630331755,0.815165876777248,816.7706168820491,818.6123503135842,818.7319588583263,0.008125076942016474,0.6255924170616095,818.9,812.3,high_only,10:42,,False,False,809.45,0.004385693989745976,0.009327321020445867,0.0218254254432661,0.15216350393558184,0.4452191411448408,795.9883523923817,790.1606237146617,uptrend,uptrend,0.008567931456548328,0.9011650580214292,0.0013914637361533977,0.003978444520131408,0.005428570831565782,-0.003198407238916068,0.0036073435806442955,-0.0006574113097992385,-0.0015524759380847186
2026-07-10,824.0,827.7,820.3,824.5,23236027.0,375,-0.0009708737864076999,-0.0003640776699028736,0.00012135922330092086,-0.0006067961165048263,0.0009712273886122169,0.003521554341226363,0.002912621359223211,-0.0022991287512100778,-0.0014533123410440663,-0.00060606060606061,0.08140117929799272,1891440,0.12780076387413392,0.2954255906140925,0.21464086782133623,0.0997516916295544,0.6938775510204138,0.5675675675675668,0.910447761194027,823.2767524390587,824.3355595380834,824.636416878984,0.005973424356942703,0.6621621621621663,825.2,820.3,high_only,10:47,,False,False,817.0,0.008567931456548328,0.009179926560587415,0.021331666289145446,-0.017067474475171845,0.13653979580138517,798.703747402631,791.50726592193,uptrend,uptrend,-0.0090964220739842,0.6875607178267085,0.005954490678386604,0.0018114214891791214,0.003631133236889905,-2.6845859335877797e-05,0.00958014169019128,-0.002175499159081995,-0.0022722828918742
2026-07-13,817.0,821.95,811.0,817.5,21219028.0,375,-0.004589963280293707,-0.0058751529987759454,-0.004283965728274164,0.0007343941248469932,0.006525486333415431,0.0027519569471623484,0.0034883720930232176,-0.002866377995974889,-0.001404751725401554,0.00012233912405190672,0.08777145682639186,1862425,0.13614930900699126,0.2307074574763745,0.15996628120760292,0.05983902749928036,0.15483870967742522,0.5936073059360706,0.8082191780821905,814.1447229731847,817.6342420665162,817.7793366901633,0.009556103575832253,0.7077625570776226,818.75,811.0,high_only,10:22,,False,False,824.5,-0.0090964220739842,-0.008489993935718587,0.02092338256959012,-0.28079365175470467,0.16672123072935588,800.4938666976186,792.5265888269523,uptrend,uptrend,-0.007461773700305874,0.6770134235811908,-0.007114343714699323,-0.0004971005931928563,0.007903691439886229,-0.0007532171659223597,-2.0651215427269776e-05,-0.005378052405583089,-0.0021131608300525295
2026-07-14,811.4,818.4,807.0,809.0,25179974.0,375,-0.00024648755237854925,0.0047448853832881,0.003697313285679016,0.006038945033275844,-0.007666360012266171,-0.007656498836212222,-0.0016637909785556237,-0.001296216282945406,-0.00012359411692008937,-0.0007411067193676679,0.13336105907019602,3358028,0.22368871389620973,0.2368783621460451,0.16044345399244653,0.06183993676879889,0.6881188118811911,0.17543859649122842,0.18137254901960015,812.2431069812402,812.7303979100142,811.8872211974214,0.012495360633428154,0.8859649122807055,818.4,808.3,low_only,,13:44,False,False,817.5,-0.007461773700305874,-0.010397553516819591,0.019786472202565613,0.2398045156666611,-0.0840872977012996,801.3039746311788,793.1726049513856,uptrend,uptrend,0.0024721878862794533,1.2738780918694403,-0.005912565078486587,0.003028918065481223,-0.0008974572045868934,-0.0004678454987024905,-0.007269377951894085,0.0017159673178068768,-0.0008283707842429155
2026-07-15,811.0,819.7,809.7,815.0,21212529.0,375,0.003575832305795279,0.005487053020961863,0.005672009864365002,0.007583230579531364,-0.0005518425409283267,-0.0022639662240715452,0.005302096177558502,-0.0003679627131116803,0.0006138735420504471,-0.0010418581847153607,0.07409441844487284,1571730,0.09968990496135562,0.28150344544019246,0.18346218878475073,0.09947474909757342,0.827338129496411,0.5299999999999955,0.559999999999991,813.3706508645464,815.4783092042152,815.5192923876891,0.008583425960232205,0.6949999999999932,816.65,809.7,high_only,10:06,,False,False,809.0,0.0024721878862794533,0.007416563658838138,0.019091232862355506,0.28741218864819096,0.27772413734543494,802.608357999638,794.0285812278019,uptrend,uptrend,-0.0006134969325153339,0.5962405356161281,0.002109410592403105,0.004560769082261995,-0.00034044885274953085,-0.00017443562806174207,0.001593499520493813,0.0009262839386998678,-0.0001935270850499382
2026-07-16,814.5,818.0,806.5,808.45,18471288.0,375,0.000122774708410045,-0.0006138735420503361,-0.0012277470841006721,-0.003007980356046658,-0.006818181818181723,-0.00375592635921429,-0.006752608962553697,-0.0006798516687267497,-0.0005563110396834547,0.0,0.09373672263677552,1731438,0.12588055581180913,0.25834105342302066,0.15386084608718137,0.07939478827897654,0.1208791208791121,0.1695652173913083,0.21739130434782608,814.8754152328872,811.6465372451461,810.8034623907479,0.005593459954514657,0.39565217391303953,818.0,813.45,low_only,,09:34,False,True,815.0,-0.0006134969325153339,-0.008036809815950896,0.019093336742103735,-0.032151192342229566,-0.35366311576452525,803.1647048568153,794.5941270620058,uptrend,uptrend,0.0019172490568371003,0.656826249105201,0.002851689309176564,-0.0006047526934276348,-0.0023299547263908593,-0.00019721122567817329,0.00031777746853900446,-9.120848622701239e-06,-0.00048264044304857645
2026-07-17,810.0,823.7,808.5,820.8,17164196.0,375,0.0034567901234567877,0.004259259259259407,0.006296296296296244,0.008827160493827035,0.009035589157292856,0.002692284158355207,0.011543209876543337,0.001769695490327683,0.0017085672443251099,0.00207544866316689,0.07090556411730559,1217037,0.11725046719345317,0.19899242586136864,0.12315228747096572,0.06462685464556568,0.8918918918919074,0.809210526315784,0.7138157894736836,811.9166285275904,817.6188944331096,818.047771555976,0.006864564007421192,0.3651315789473643,814.05,808.5,high_only,09:34,,True,False,808.45,0.0019172490568371003,0.01527614571092828,0.01908530062020484,0.2231696185466579,0.6048220096844064,804.8442567752139,795.6218083536919,uptrend,uptrend,-0.03752436647173485,0.46168667184862905,0.0019309749139366783,0.0034151759810341353,0.00662312040982127,0.0024415952304486233,0.011029396497668431,0.0008440832782252716,-0.0006718997401209403
2026-07-20,790.0,790.0,774.55,777.95,54774121.0,375,-0.009303797468354413,-0.014177215189873471,-0.010126582278481067,-0.008227848101265867,-0.0010914227015921263,-0.0033822590938098474,-0.011582278481012676,-0.0037139015175770007,-0.0018604054400820358,0.0002571520411442929,0.162689548226616,8911177,0.23856233128779922,0.16000609119770265,0.12418200193481882,0.07177670637562582,0.10399999999999636,0.2200647249190991,0.40776699029126534,782.2773062544562,780.8185406057004,780.3902593334184,0.016077170418006492,0.8090614886731368,790.0,777.5,low_only,,12:41,False,False,820.8,-0.03752436647173485,-0.05220516569200773,0.018964295737141156,-0.7475740405222487,-0.6107412920338,802.2828989870984,794.9287962613903,mixed,uptrend,-0.011247509480043716,3.380481983196937,-0.006434136864544304,6.820986314637345e-05,0.002674653421551376,-0.0006287428235706161,-0.004403060784418433,-0.014245425053019845,-0.0030851586940063846
2026-07-21,769.2,772.5,760.1,761.5,41567166.0,375,0.0038351534061360493,0.002340093603744098,0.000455018200727908,-0.0005850234009361355,-0.012321660181582317,-0.009691056910569151,-0.010270410816432762,0.00026270852489163055,-0.0001313025210084584,0.00019701845406183693,0.14999706739689686,6234953,0.18987589868407195,0.24417524639519567,0.16049111936089172,0.09069292816354138,0.7321428571428582,0.11290322580644999,0.09677419354838178,769.5949588045546,766.7087484080924,765.4113531418847,0.007302125440083573,0.4516129032258091,772.5,766.9,low_only,,10:27,False,True,777.95,-0.011247509480043716,-0.02114531782248219,0.02023662876680245,0.11563653366923186,-0.5075158977705341,798.3988133692795,793.6178630746691,mixed,mixed,-0.0016414970453053623,2.3652483036280945,-0.0009715546937849595,0.0013131840790883142,-0.001982164647680529,0.0010385655382436632,-0.0019162936529218966,0.0010269095246557836,-0.0007758570133520326
2026-07-22,760.25,761.35,750.35,753.9,23092471.0,375,-0.005721802038803014,-0.007300230187438306,-0.008220979940808948,-0.007365998026964804,-0.0010600238505367177,-0.003511561651096451,-0.010851693521867767,0.0025265957446807263,0.002859993348852674,0.001261703964406502,0.13187570961981504,3045336,0.20443442366994852,0.2090875419958306,0.15473930875565461,0.08215331308633017,0.06338028169014705,0.3227272727272686,0.14999999999999794,756.0953426595073,753.5867438985894,753.4468981802189,0.009413324494530917,0.6454545454545475,761.35,754.25,low_only,,09:30,False,True,761.5,-0.0016414970453053623,-0.009980302035456412,0.020814092403421202,-0.35073497541686566,-0.5213628012953416,794.1608311436338,792.060299816839,mixed,mixed,-0.005173099880620757,1.1070155046861212,-0.0017608362732272065,-0.0042048905921007185,-0.007374603785850864,0.0007800653669749469,-0.008349505333143159,-0.0030953395953375873,0.0017465303777057795
2026-07-23,750.0,751.0,743.25,745.85,32130779.0,375,-0.002466666666666728,-0.0043999999999999595,-0.005333333333333301,-0.0038000000000000256,-0.001138342038301876,-0.002007628990162602,-0.005800000000000027,0.0002682223563335029,-0.0028743315508020784,-0.000602974675063539,0.09560869968325386,3071982,0.15840471841656872,0.3074934784494332,0.22773310289177862,0.07736292356932896,0.15384615384616057,0.33548387096774485,0.3555555555555522,748.1508993433772,746.0915421601368,746.3632299168142,0.005227181342983389,0.50322580645161,750.0,746.1,low_then_high,15:02,09:31,False,True,753.9,-0.005173099880620757,-0.01067780872794799,0.0203783029369512,-0.21591591869122756,-0.28461643827480393,789.5597996061448,790.2481311965709,downtrend,mixed,-0.009854528390427109,1.0482941574320463,-0.003484632810985655,0.000589774317210745,-0.00199937676331019,0.000505036746138332,-0.004974771841999348,-0.0049897743172107045,-0.00023681438980482916
2026-07-24,738.5,748.25,737.25,743.5,23299231.0,375,0.00677048070413,0.003994583615436698,0.0010155721056195333,6.77048070412134e-05,0.002764852653584171,0.009748832171146304,0.0098171970209886,-0.0030170968823332034,0.0004036598493002419,0.0006056120045758728,0.1907341062029043,4443958,0.24051896820113935,0.23777535833693395,0.17266239387900828,0.10088126942902106,0.46825396825397886,0.5681818181818182,0.7727272727272727,742.114064631874,742.5432383304363,742.7023255123738,0.008530805687203769,0.5727272727272686,744.8,738.5,low_then_high,12:28,09:50,False,False,745.85,-0.009854528390427109,-0.0031507675806127233,0.01964524589837261,0.20333589287205633,0.49972380451607606,785.1731520246072,788.4148711496465,downtrend,downtrend,0.0034969737726966432,1.4529105729013925,-0.008602236120594742,0.001571852017738351,0.0047028798272654715,0.0003932264121979667,-0.003548134401823111,0.0024227315976983466,-0.00341032329453117
2026-07-27,746.1,747.95,738.1,740.25,29165624.0,375,-0.001474333199303124,-0.0018764240718401881,-0.003283742125720468,-0.006500469106017981,-0.005975560628441068,0.0001349072512648597,-0.006366438815172182,-0.001483779591286205,-0.00013507125008449528,0.0014881959006967094,0.11160086957165738,3254909,0.14320550796375897,0.27625519001410703,0.2198578024594982,0.13122338819152302,0.23529411764705882,0.2182741116751241,0.3299492385786794,745.2047193536492,741.1418499505257,740.7993488595793,0.005714669893774449,0.43147208121827313,747.95,743.7,low_only,,09:35,False,True,743.5,0.0034969737726966432,-0.0043712172158708595,0.01964792194870344,-0.09550241886847544,-0.3240260640180475,780.8947565936923,786.5260526731897,downtrend,downtrend,-0.011144883485309065,1.0641621050270724,0.005944423424559586,0.0004826900252419275,0.0032722622490428677,-0.00012704786580408634,0.009107916088619827,-0.0023591140970821156,-0.0013567317254821187
2026-07-28,732.0,740.25,732.0,736.75,33013872.0,375,0.008811475409836067,0.006830601092896238,0.005737704918032938,0.00280054644808736,-0.00033921302578021617,0.004904298072338387,0.007718579234972545,-0.0012200908289838885,-6.786102062972255e-05,0.002926762864143617,0.13556207523916008,4475429,0.16668674913381865,0.3104654915969869,0.2407347129715654,0.12599870139437144,0.6802721088435353,0.5757575757575758,0.684848484848482,737.3479799962566,736.9450603675845,736.5997098613576,0.010040983606557363,0.8909090909090936,739.35,732.0,high_only,12:08,,False,False,740.25,-0.011144883485309065,-0.004728132387706863,0.01951887219421479,0.3499485536321491,0.395441865604318,776.6904940609596,784.5740506075745,downtrend,downtrend,0.008483203257550143,1.4631997224927655,-0.0013497947187198767,0.0014600823903634375,0.0006799812275120054,1.0422073117188901e-05,-0.0006603162435714349,0.0053705187025328005,-0.0012305129021010774
2026-07-29,743.0,751.25,740.8,748.3,20107205.0,375,-6.729475100930582e-05,0.004643337819650206,0.004239569313593483,0.006123822341857377,0.0024783977493467724,0.0026085211691526666,0.008748317631224856,-0.0016010673782522744,-0.0009345794392523477,0.00026734393797611666,0.10915908004120911,2194884,0.17530636406203648,0.21937459731474365,0.14151181131340732,0.0655067673503105,0.9576271186440685,0.7177033492822935,0.8325358851674648,743.6133219189109,747.6733906094232,747.8772124436658,0.007964362850972018,0.564593301435413,746.7,740.8,high_only,09:30,,True,False,736.75,0.008483203257550143,0.015676959619952413,0.019238968315554925,0.2413506661839042,0.45471864643343385,773.9866374837254,783.1515388190422,downtrend,downtrend,0.006013630896699151,0.7175968291986783,0.007872751982257675,7.65201134151905e-05,0.003970773452897758,-0.0012627381023497808,0.010597053502197085,0.004566817706235016,-0.0003383292759024936
2026-07-30,752.8,757.9,745.5,753.4,35439825.0,375,-0.005579171094580171,-0.004383634431455841,-0.008966524973432533,-0.008634431455897928,0.005203468979319448,0.007302693286882045,-0.0013947927736449595,0.0021948786165613132,0.00179509341134243,0.00019913707268504055,0.07806982681206806,2766781,0.13161185192082636,0.33218008271767707,0.272561080648677,0.1541763820786361,0.3529411764705856,0.6370967741935477,0.8561643835616491,749.0945466048814,749.5796133117618,750.9214054908563,0.006820917480272692,0.4112903225806386,752.8,747.7,low_then_high,14:48,09:33,True,False,748.3,0.006013630896699151,0.006815448349592357,0.01967645233768084,-0.2227858130228631,-0.07088639505272507,772.0260053424182,781.9848118065307,downtrend,downtrend,0.0007300238916911894,0.9045732132937997,0.00031144295025153923,0.0011299178747647964,-0.0006000111342272518,0.002541778419640872,0.0022522894150647232,-0.005513552306220637,-0.0003468998030795589
2026-07-31,753.95,757.55,747.2,748.0,24798373.0,375,0.00033158697526358694,-0.0021884740367399402,-0.0022547914317926354,-0.004443265468532465,-0.005715804865080387,-0.0028643751665333728,-0.007294913455799468,-0.000601242567973892,-6.684045184135456e-05,-0.0007347538574576928,0.08699506213572963,2157336,0.13790928945217495,0.47398274878759183,0.42391232682886093,0.1455192645098128,0.19847328244274254,0.07729468599033446,0.04712041884817252,753.559373590082,750.6634380533358,749.4838064248546,0.008721704394140994,0.6328502415458949,757.55,751.0,low_only,,09:31,False,True,753.4,0.0007300238916911894,-0.007167507300238851,0.019785775933476198,-0.11060845145007378,-0.36869483816689574,769.737814357426,780.6520740886276,downtrend,downtrend,0.006751336898395577,0.7053208612009381,0.0026690977338394983,-0.0006444608182190059,0.001348441903088693,-0.0011314118462099065,0.002885177349917445,-0.0015440132185209343,0.0005301692782360146
2026-08-03,753.05,756.85,750.05,753.0,14645241.0,375,-0.0007303631896952156,-0.0017263129938250854,-0.0003319832680432899,0.0010623464577386166,0.0016627868307284022,-0.0024540691118922764,-0.0013943297257817955,0.0013297872340425343,0.00046502358333899707,0.0023961661341851404,0.11655451760746033,1706969,0.1560785513874439,0.19170452708835586,0.12806289770171758,0.04805977586848861,0.4477611940298477,0.43382352941176705,0.26515151515151425,751.9093319991947,753.135682850184,752.9309561128651,0.004465178273908688,0.49264705882352783,753.6,750.25,high_then_low,09:54,15:11,False,False,748.0,0.006751336898395577,0.006684491978609541,0.019714752747277235,-0.08756452672547481,-0.07072519466288328,768.1437367995759,779.5676790263285,downtrend,downtrend,0.00026560424966803886,0.5580775758265305,0.008454160801421695,-0.0009156502948394207,0.0006979290025108664,0.007501062430230299,0.016727747294463358,-0.0008106626989856647,-0.006171275196187764
2026-08-04,753.2,753.2,738.0,742.0,30889855.0,375,-0.004115772703133347,-0.005708975039830144,-0.007833244822092578,-0.009094530005310686,-0.009213513152623864,-0.009044014202451933,-0.018056293149229963,0.0032449972958354945,0.004059539918809252,0.004059539918809252,0.06177348517822437,1908174,0.0958819003844466,0.24320683926810274,0.11025875647522464,0.026243438177356287,0.08510638297871774,0.2631578947368413,0.10526315789473803,750.3073877172626,743.3822221645214,742.4284975563448,0.0062792251169006,0.30921052631579155,753.2,748.5,low_only,,09:32,False,True,753.0,0.00026560424966803886,-0.014608233731739695,0.0184348393329238,-0.30968401387877403,-0.979465718314248,765.6538571043782,778.0944367115706,downtrend,downtrend,-0.011051212938005484,0.6566192662673515,-0.002841654456432585,-0.004302964309279234,-0.009447900938718279,0.005900982816043898,-0.006434086936865979,-0.0014060107305509106,-0.0026559855202084037
2026-08-05,733.8,741.95,732.6,735.0,57282079.0,375,0.006677568819841939,0.005314799672935466,0.006405014990460645,0.007495230307985823,-0.0036600244001627757,-0.007912890572162712,-0.0004769692014171545,0.0021133001567932297,0.002454991816693841,0.0004764173415912065,0.1292154218075779,7401728,0.17239463323249843,0.16610311926702243,0.0833436928851692,0.01906273338996652,0.5827338129496463,0.25668449197860654,0.05027932960894337,738.6580708270645,736.914587797462,736.3340260270003,0.009473182035030447,0.7433155080213935,740.6,733.65,high_then_low,10:49,13:05,False,False,742.0,-0.011051212938005484,-0.009433962264150941,0.018423542450682055,0.28847870528497127,-0.02588911457684929,762.7344421420564,776.4044588013129,downtrend,downtrend,0.0054421768707482165,2.714693294769237,0.002205980930249485,-0.0019376388370924147,-0.006666207254390155,0.004892928921943707,0.00039610154824920585,0.007252438510027881,-0.002779628765150477
2026-08-06,739.0,740.5,733.55,734.3,43894296.0,375,-0.0021650879566982306,-0.0030446549391068833,-0.004059539918809252,-0.005412719891745632,-0.0033254156769596532,0.001088435374149599,-0.004330175913396572,-0.0020385974449578237,0.00081777293171581,0.0004087193460489136,0.06450006625006584,2831185,0.09765722179483184,0.16030488334976373,0.097886021454815,0.019959062562479646,0.21052631578947367,0.10791366906474749,0.3237410071942425,738.0098526294348,735.8991664556304,735.6340960835398,0.006455997281685333,0.6834532374100675,740.5,735.75,low_only,,09:34,False,True,735.0,0.0054421768707482165,-0.0009523809523810378,0.01740237625929437,-0.17495627572589548,-0.24882670325461353,760.0264000332891,774.7533035542026,downtrend,downtrend,-0.0017703935721093966,1.038379002275042,0.0006639688279832523,-0.00023335091919973738,0.0005641004829350926,-0.0007665818964993631,0.0004609202567344983,-0.002811304019907146,-0.0012720155484584605
2026-08-07,733.0,736.0,728.2,731.0,19030836.0,375,0.0021145975443381815,0.0021145975443381815,0.0031377899045019753,0.0017053206002728416,-0.0048328908855761465,-0.006401089547157013,-0.004706684856753185,0.001987526557466923,0.0002736726874659201,-0.0020477815699658786,0.10897398306621947,2073866,0.1338910702609176,0.32480428079985557,0.18463503127240444,0.049440970433458624,0.5322580645161178,0.35897435897435526,0.17307692307691241,734.7523271995395,732.6964397516516,732.235176640865,0.004229772138081733,0.3974358974359027,736.0,732.9,low_only,,10:43,False,True,734.3,-0.0017703935721093966,-0.004494075990739366,0.017047442847298405,0.12404192014483231,-0.2760933061288472,757.2619809824996,773.0374877285476,downtrend,downtrend,0.0006839945280436854,0.7409355469468732,-0.003941386588731888,0.0025551267579229098,-0.00019560779008032103,0.0014897632275079342,-0.002652622178925146,-0.0004405292135847283,0.000497763329958989
2026-08-10,731.5,737.55,728.5,731.0,23400714.0,375,0.0002050580997949858,-0.00191387559808609,-0.0012303485987695817,0.004647983595351901,0.0012327078482399223,-0.003469859844876799,0.0011619958988380308,-0.0018433808971121124,0.0,-0.0012296761852711446,0.11807618348739274,2763067,0.16801517252849635,0.22537953329116367,0.10722343771219972,0.022541192546518023,0.16883116883116692,0.27624309392265334,0.4254143646408886,731.4593814289218,733.2895850196154,732.8288622867096,0.005277949139762761,0.42541436464087606,733.3,729.45,low_then_high,10:02,09:30,False,False,731.0,0.0006839945280436854,0.0,0.01692372615760934,-0.11308831047384696,0.06866075993055275,754.7608399365472,771.3889587980163,downtrend,downtrend,-0.0006839945280437965,0.9871681964484957,0.0004314090184833752,-0.0010312738367658225,0.00022374777523515021,-0.00011998332435159131,0.0005351913767033256,-0.0008826017613202675,-0.001723397572760521
2026-08-11,730.5,730.85,726.55,729.0,28622745.0,375,-0.0026694045174538994,-0.003832991101984873,-0.004175222450376381,-0.004243668720054772,0.0017864504603544162,0.0019246631839426875,-0.002327173169062391,0.00027442371020858225,-0.00027427317608341717,0.0,0.0875435252628635,2505736,0.12586465763503815,0.22738587790933398,0.16449718571716304,0.04352940292763675,0.12500000000002665,0.5697674418604667,0.5232558139534801,728.5412911083477,728.6612727209507,728.7722907009792,0.004399835006187347,0.7441860465116267,730.5,727.3,low_then_high,13:05,09:30,False,False,731.0,-0.0006839945280437965,-0.002735978112175075,0.016724063218830375,-0.22919018254302792,-0.13915118225827572,752.307426609257,769.7266466882903,downtrend,downtrend,0.0,0.8952308749285008,-0.0003538915871428294,-0.0035686528233861425,-0.005125106306790084,0.0009223224529277818,-0.004559913438931251,-0.00026433827859873027,-0.0006478987427191996
2026-08-12,729.0,730.65,722.0,729.0,26608622.0,375,-0.005486968449931462,-0.0022633744855966587,-0.002674897119341657,-0.005144032921810648,0.00226850897092179,-0.0021371940710099846,-0.007270233196159048,0.0073234765786927,-0.0017800903738188767,0.0,0.12688650317930783,3376275,0.16389653699466286,0.241111508893621,0.10511758181239149,0.02213711029455039,0.5929203539823072,0.809248554913297,0.22222222222222882,726.3525469637397,724.2766719670244,725.1462703304719,0.007803867403314957,0.6531791907514441,729.65,724.0,low_then_high,14:55,10:55,False,False,729.0,0.0,0.0,0.016331193077387837,-0.1385921086641567,-0.4451746520727509,750.0876716940897,768.1295232887496,downtrend,downtrend,-0.0028806584362139898,1.2211095133175451,3.064764605653636e-05,-0.0006149772499279837,-0.007105949751659568,0.005654658405542801,-0.0014608711286915321,-0.001648397235668675,0.0016688181731498997
2026-08-13,726.9,729.0,724.5,725.0,21802092.0,375,0.0001375705048838327,-0.0011005640390699956,0.002132342825698297,0.0005502820195348868,-0.001514942845338152,-0.0013062010174617056,-0.0007566377768605248,-0.0018586081090383733,-0.002339342232007824,-0.002476609796367546,0.08594748614032084,1873835,0.12399401855565054,0.2522560220367844,0.14281446019033403,0.03344513911784245,0.516129032258068,0.1111111111111111,0.41111111111111615,726.3490086907331,727.0312967977337,726.926073835789,0.004278812974465085,0.688888888888894,727.6,724.5,high_only,09:33,,False,False,729.0,-0.0028806584362139898,-0.005486968449931462,0.01626316128145694,-0.06767220837469315,-0.04652464325759556,747.6983696279859,766.4381694342889,downtrend,downtrend,0.0,0.6694699467628064,-0.00017801640615577874,-0.003784033792301633,-0.0024537893547699197,0.0009929569807540783,-0.0016410248015731321,0.0026834697532316376,-0.0028515650897924516
2026-08-14,725.0,729.6,723.5,727.0,20159622.0,375,0.0012413793103447368,0.0016551724137932045,0.003310344827586187,0.005172413793103514,0.0011016248967226083,-0.0015094339622642172,0.003655172413792984,-0.0008932866075722634,0.0006193654944601779,0.0,0.10022836737712641,2020566,0.17369229442893325,0.19312951403553102,0.10973935920028659,0.036745083811591306,0.7714285714285845,0.5737704918032765,0.6803278688524528,725.6595273882004,727.0658868319861,727.021404870587,0.004837595024187902,0.5737704918032765,727.0,723.5,high_only,09:33,,False,False,725.0,0.0,0.0027586206896552667,0.015866281784372945,0.10432011962773917,0.23037359751123576,745.7270963300825,764.8915745545129,downtrend,downtrend,,0.7218929161055998,-0.001391630133813604,-0.0021673186409928435,0.00039816270487924577,-0.00022977564049952992,-0.0012235687627197844,0.003822491054786048,-0.0006635109670727335
