date,Datetime,Open,High,Low,Close,Volume,turnover,range_pct,turnover_med60_prev,range_med60_prev,regime_tradeable
2021-06-03,2021-06-03 15:25:00,85.95,87.2,84.8,85.3,1363276,116287442.8,0.027923211169284534,,,False
2021-06-04,2021-06-04 15:25:00,86.35,86.35,84.2,84.65,1642568,139043381.20000002,0.024898668210770025,,,False
2021-06-07,2021-06-07 15:25:00,86.0,86.5,84.05,85.0,1924652,163595420.0,0.02848837209302329,,,False
2021-06-08,2021-06-08 15:25:00,85.7,86.1,82.85,83.3,1844380,153636854.0,0.03792298716452742,,,False
2021-06-09,2021-06-09 15:25:00,83.1,84.5,79.0,80.0,2281129,182490320.0,0.06618531889290012,,,False
2021-06-10,2021-06-10 15:25:00,79.3,83.25,77.7,81.2,1528826,124140671.2,0.06998738965952077,,,False
2021-06-11,2021-06-11 15:25:00,82.8,83.5,80.5,82.0,1632161,133837202.0,0.036231884057971016,,,False
2021-06-14,2021-06-14 15:25:00,85.95,85.95,83.0,85.95,4378425,376325628.75,0.03432228039557886,,,False
2021-06-15,2021-06-15 15:25:00,89.0,89.8,84.05,84.95,1971915,167514179.25,0.06460674157303371,,,False
2021-06-16,2021-06-16 15:25:00,85.4,85.4,80.9,81.5,1978634,161258671.0,0.052693208430913345,,,False
2021-06-17,2021-06-17 15:25:00,77.2,82.0,77.2,80.0,1455051,116404080.0,0.06217616580310877,,,False
2021-06-18,2021-06-18 15:25:00,80.0,82.5,76.35,82.4,1671613,137740911.20000002,0.07687500000000007,,,False
2021-06-21,2021-06-21 15:25:00,80.1,82.1,78.9,79.3,845164,67021505.199999996,0.039950062421972396,,,False
2021-06-22,2021-06-22 15:25:00,81.0,81.2,79.5,79.85,624817,49891637.449999996,0.02098765432098769,,,False
2021-06-23,2021-06-23 15:25:00,80.9,80.9,78.6,79.3,751618,59603307.4,0.02843016069221275,,,False
2021-06-24,2021-06-24 15:25:00,79.5,80.5,76.5,78.7,1941260,152777162.0,0.050314465408805034,,,False
2021-06-25,2021-06-25 15:25:00,76.0,79.0,76.0,78.5,1226665,96293202.5,0.039473684210526314,,,False
2021-06-28,2021-06-28 15:25:00,76.25,78.6,76.25,78.4,1529216,119890534.4,0.030819672131147467,,,False
2021-06-29,2021-06-29 15:25:00,77.05,79.5,77.0,79.1,1728486,136723242.6,0.03244646333549643,,,False
2021-06-30,2021-06-30 15:25:00,79.0,80.5,78.4,79.1,771784,61048114.4,0.026582278481012585,,,False
2021-07-01,2021-07-01 15:25:00,79.8,80.2,78.05,79.65,1824256,145301990.4,0.026942355889724382,135280222.3,0.03707743561124922,False
2021-07-02,2021-07-02 15:25:00,78.65,81.7,78.65,81.6,922667,75289627.19999999,0.038779402415766016,136723242.6,0.036231884057971016,False
2021-07-05,2021-07-05 15:25:00,80.55,82.5,80.05,81.1,1892949,153518163.89999998,0.03041589075108632,135280222.3,0.03707743561124922,False
2021-07-06,2021-07-06 15:25:00,81.2,82.4,79.0,79.35,820807,65131035.449999996,0.04187192118226608,136723242.6,0.036231884057971016,False
2021-07-07,2021-07-07 15:25:00,79.95,80.95,78.15,79.25,591925,46910056.25,0.03502188868042523,135280222.3,0.03707743561124922,False
2021-07-08,2021-07-08 15:25:00,79.0,80.1,77.25,78.0,634855,49518690.0,0.036075949367088536,133837202.0,0.036231884057971016,False
2021-07-09,2021-07-09 15:25:00,78.0,78.85,77.05,77.95,301007,23463495.650000002,0.02307692307692304,128988936.6,0.03615391671252978,False
2021-07-12,2021-07-12 15:25:00,78.0,78.95,76.55,77.0,1016304,78255408.0,0.030769230769230844,124140671.2,0.036075949367088536,False
2021-07-13,2021-07-13 15:25:00,78.1,78.4,76.0,77.0,1518839,116950603.0,0.03072983354673503,122015602.80000001,0.035548919023756884,False
2021-07-14,2021-07-14 15:25:00,77.8,77.9,74.4,74.5,622070,46344215.0,0.04498714652956298,119890534.4,0.03502188868042523,False
2021-07-15,2021-07-15 15:25:00,75.5,79.25,73.0,77.5,1535159,118974822.5,0.08278145695364239,118420568.7,0.035548919023756884,False
2021-07-16,2021-07-16 15:25:00,76.5,78.95,76.05,77.0,395405,30446185.0,0.03790849673202622,118974822.5,0.036075949367088536,False
2021-07-19,2021-07-19 15:25:00,76.25,76.75,74.1,76.0,1630577,123923852.0,0.034754098360655815,117962712.75,0.03615391671252978,False
2021-07-20,2021-07-20 15:25:00,75.5,75.85,71.7,74.2,1567994,116345154.8,0.05496688741721843,118974822.5,0.036075949367088536,False
2021-07-22,2021-07-22 15:25:00,74.0,77.8,73.7,77.65,950378,73796851.7,0.055405405405405325,117962712.75,0.03615391671252978,False
2021-07-23,2021-07-23 15:25:00,79.1,80.6,76.8,76.95,1197451,92143854.45,0.048040455120101105,116950603.0,0.036231884057971016,False
2021-07-26,2021-07-26 15:25:00,76.0,78.1,75.0,76.1,524294,39898773.4,0.04078947368421045,116677341.5,0.03707019039499862,False
2021-07-27,2021-07-27 15:25:00,76.0,78.5,75.95,77.5,2819512,218512180.0,0.033552631578947334,116404080.0,0.03790849673202622,False
2021-07-28,2021-07-28 15:25:00,77.5,79.9,76.5,79.4,1372931,109010721.4,0.04387096774193556,116677341.5,0.03707019039499862,False
2021-07-29,2021-07-29 15:25:00,79.3,80.0,78.35,79.2,1059923,83945901.60000001,0.02080706179066842,116404080.0,0.03790849673202622,False
2021-07-30,2021-07-30 15:25:00,79.3,79.85,77.35,77.85,1090265,84877130.25,0.031525851197982346,116374617.4,0.03707019039499862,False
2021-08-02,2021-08-02 15:25:00,80.0,81.0,78.65,78.7,1812287,142626986.9,0.02937499999999993,116345154.8,0.036231884057971016,False
2021-08-03,2021-08-03 15:25:00,83.05,83.05,83.05,83.05,705287,58574085.35,0.0,116374617.4,0.03615391671252978,False
2021-08-04,2021-08-04 15:25:00,87.2,87.2,87.2,87.2,470688,41043993.6,0.0,116345154.8,0.036075949367088536,False
2021-08-05,2021-08-05 15:25:00,91.0,91.0,85.0,86.0,4819823,414504778.0,0.06593406593406594,116316298.8,0.035548919023756884,False
2021-08-06,2021-08-06 15:25:00,86.0,87.0,83.2,85.5,2165113,185117161.5,0.04418604651162787,116345154.8,0.036075949367088536,False
2021-08-09,2021-08-09 15:25:00,86.6,86.6,81.6,82.1,1303308,107001586.8,0.05773672055427252,116374617.4,0.03615391671252978,False
2021-08-10,2021-08-10 15:25:00,81.95,81.95,77.9,77.9,2297533,178977820.70000002,0.04942037827943865,116345154.8,0.036231884057971016,False
2021-08-11,2021-08-11 15:25:00,75.15,77.1,74.05,75.0,2788226,209116950.0,0.040585495675316,116374617.4,0.03707019039499862,False
2021-08-12,2021-08-12 15:25:00,77.0,79.25,75.5,79.25,2416132,191478461.0,0.048701298701298704,116404080.0,0.03790849673202622,False
2021-08-13,2021-08-13 15:25:00,81.25,82.25,80.0,80.0,2745572,219645760.0,0.027692307692307693,116677341.5,0.03791574194827682,False
2021-08-16,2021-08-16 15:25:00,80.05,81.0,76.05,80.5,709110,57083355.0,0.061836352279825146,116950603.0,0.03790849673202622,False
2021-08-17,2021-08-17 15:25:00,80.65,82.7,79.1,82.05,1840344,151000225.2,0.04463732176069446,116677341.5,0.03791574194827682,False
2021-08-18,2021-08-18 15:25:00,81.2,82.5,80.1,82.0,1510434,123855588.0,0.029556650246305487,116950603.0,0.03792298716452742,False
2021-08-20,2021-08-20 15:25:00,80.0,82.1,78.5,81.0,2856048,231339888.0,0.04499999999999993,117962712.75,0.03791574194827682,False
2021-08-23,2021-08-23 15:25:00,80.5,83.85,79.95,83.15,2932432,243831720.8,0.048447204968943995,118974822.5,0.03792298716452742,False
2021-08-24,2021-08-24 15:25:00,84.5,84.6,82.0,83.0,658627,54666041.0,0.0307692307692307,119432678.45,0.03835119479014672,False
2021-08-25,2021-08-25 15:25:00,83.4,84.9,83.0,84.4,905336,76410358.4,0.022781774580335798,118974822.5,0.03792298716452742,False
2021-08-26,2021-08-26 15:25:00,84.9,84.9,83.0,83.5,375658,31367443.0,0.022379269729093116,117962712.75,0.03791574194827682,False
2021-08-27,2021-08-27 15:25:00,84.0,84.55,83.0,84.2,652036,54901431.2,0.018452380952380918,116950603.0,0.03790849673202622,False
2021-08-30,2021-08-30 15:25:00,85.0,86.9,84.95,85.25,968156,82535299.0,0.02294117647058827,116677341.5,0.03707019039499862,False
2021-08-31,2021-08-31 15:25:00,85.9,86.5,84.0,85.6,835047,71480023.19999999,0.02910360884749709,116677341.5,0.03707019039499862,False
2021-09-01,2021-09-01 15:25:00,86.5,86.7,85.5,85.55,724111,61947696.05,0.01387283236994223,116374617.4,0.03707019039499862,False
2021-09-02,2021-09-02 15:25:00,86.65,90.05,84.85,90.05,2086799,187916249.95,0.0600115406809002,112677938.1,0.03707019039499862,False
2021-09-03,2021-09-03 15:25:00,94.55,94.55,90.9,91.5,2858096,261515784.0,0.03860391327340023,112677938.1,0.03707019039499862,False
2021-09-06,2021-09-06 15:25:00,91.9,91.9,88.1,89.8,1469603,131970349.39999999,0.04134929270946693,112677938.1,0.03707019039499862,False
2021-09-07,2021-09-07 15:25:00,89.5,93.25,86.5,92.55,1703426,157652076.29999998,0.07541899441340782,112677938.1,0.03707019039499862,False
2021-09-08,2021-09-08 15:25:00,92.0,93.7,90.55,92.1,678804,62517848.4,0.03423913043478267,112677938.1,0.03825620500271322,False
2021-09-09,2021-09-09 15:25:00,88.25,91.9,88.25,91.0,548063,49873733.0,0.04135977337110488,108006154.1,0.03825620500271322,False
2021-09-13,2021-09-13 15:25:00,92.4,92.4,87.0,89.6,1748428,156659148.79999998,0.0584415584415585,101647394.65,0.03825620500271322,False
2021-09-14,2021-09-14 15:25:00,89.25,90.9,88.5,89.7,1179109,105766077.3,0.026890756302521072,101647394.65,0.03825620500271322,False
2021-09-15,2021-09-15 15:25:00,90.0,90.8,88.9,89.25,975564,87069087.0,0.021111111111111018,101029639.9,0.03699222304955738,False
2021-09-16,2021-09-16 15:25:00,89.0,89.5,87.2,89.0,968077,86158853.0,0.02584269662921345,94218528.475,0.035548919023756884,False
2021-09-17,2021-09-17 15:25:00,90.75,93.4,87.95,92.0,2312998,212795816.0,0.060055096418732815,94218528.475,0.03488799352054052,False
2021-09-20,2021-09-20 15:25:00,92.0,92.95,90.4,91.3,1673995,152835743.5,0.027717391304347794,101029639.9,0.035548919023756884,False
2021-09-21,2021-09-21 15:25:00,89.1,96.5,89.1,96.5,2874187,277359045.5,0.08305274971941645,106383832.05,0.035548919023756884,False
2021-09-22,2021-09-22 15:25:00,98.0,101.3,97.0,101.3,2259455,228882791.5,0.043877551020408134,106383832.05,0.035548919023756884,False
2021-09-23,2021-09-23 15:25:00,105.0,106.35,101.0,106.35,1158235,123178292.25,0.050952380952380895,108006154.1,0.035548919023756884,False
2021-09-24,2021-09-24 15:25:00,111.65,111.65,107.0,111.65,3448319,385004816.35,0.04164800716524859,108006154.1,0.03699222304955738,False
2021-09-27,2021-09-27 15:25:00,112.8,112.8,105.95,106.5,4019397,428065780.5,0.06072695035460988,108006154.1,0.03825620500271322,False
2021-09-28,2021-09-28 15:25:00,107.0,113.15,106.55,113.15,2133964,241458026.60000002,0.061682242990654286,112677938.1,0.03869165784458312,False
2021-09-29,2021-09-29 15:25:00,115.0,117.1,113.15,117.1,2511665,294115971.5,0.034347826086956426,112677938.1,0.03968244904554101,False
2021-09-30,2021-09-30 15:25:00,119.8,122.95,116.0,122.95,3169755,389721377.25,0.05801335559265445,116647878.9,0.03959470447435812,False
2021-10-01,2021-10-01 15:25:00,123.6,127.3,121.5,124.1,1519958,188626787.79999998,0.04692556634304205,116647878.9,0.04068748467976323,False
2021-10-04,2021-10-04 15:25:00,126.0,127.9,125.0,125.75,2096673,263656629.75,0.023015873015873062,117962712.75,0.04068748467976323,False
2021-10-05,2021-10-05 15:25:00,126.5,127.05,120.25,120.25,1549050,186273262.5,0.053754940711462425,121076557.375,0.04068748467976323,False
2021-10-06,2021-10-06 15:25:00,119.05,119.05,114.55,115.4,1875685,216454049.0,0.0377992440151197,123516940.125,0.04106938319683869,False
2021-10-07,2021-10-07 15:25:00,115.0,119.5,114.8,116.6,1566886,182698907.6,0.04086956521739133,123889720.0,0.04106938319683869,False
2021-10-08,2021-10-08 15:25:00,117.9,119.0,114.0,116.0,638279,74040364.0,0.04240882103477523,127947100.69999999,0.04110942896342913,False
2021-10-11,2021-10-11 15:25:00,116.9,120.65,115.0,119.85,1712940,205295859.0,0.048331907613344785,127947100.69999999,0.041354533040285905,False
2021-10-12,2021-10-12 15:25:00,119.5,119.5,115.5,116.5,758665,88384472.5,0.03347280334728033,137298668.15,0.041354533040285905,False
2021-10-13,2021-10-13 15:25:00,117.95,118.0,114.05,115.9,1873812,217174810.8,0.03348876642645191,137298668.15,0.04110942896342913,False
2021-10-14,2021-10-14 15:25:00,116.95,119.5,114.5,117.5,1533663,180205402.5,0.04275331338178709,146813606.05,0.04110942896342913,False
2021-10-18,2021-10-18 15:25:00,123.9,124.15,122.0,124.15,482600,59914790.0,0.017352703793381805,151917984.35,0.041354533040285905,False
2021-10-19,2021-10-19 15:25:00,130.35,130.35,126.5,130.35,2363677,308105296.95,0.029535864978902912,151917984.35,0.04110942896342913,False
2021-10-20,2021-10-20 15:25:00,131.5,136.85,126.6,136.85,2904348,397460023.8,0.0779467680608365,154747446.14999998,0.04082951945080089,False
2021-10-21,2021-10-21 15:25:00,140.4,141.0,130.05,140.0,3351158,469162120.0,0.07799145299145291,157155612.54999998,0.04082951945080089,False
2021-10-22,2021-10-22 15:25:00,144.75,144.75,141.55,144.0,10558755,1520460720.0,0.02210708117443861,168314948.5,0.04110942896342913,True
2021-10-25,2021-10-25 15:25:00,145.8,147.25,138.15,143.0,3256291,465649613.0,0.062414266117969776,168314948.5,0.04110942896342913,False
2021-10-26,2021-10-26 15:25:00,144.0,150.8,141.0,150.8,1921359,289740937.20000005,0.06805555555555563,179591611.60000002,0.04110942896342913,False
2021-10-27,2021-10-27 15:25:00,154.7,158.3,152.25,158.3,2633178,416832077.40000004,0.03910795087265683,181452155.05,0.041354533040285905,False
2021-10-28,2021-10-28 15:25:00,158.65,158.65,150.35,151.0,1427866,215607766.0,0.05231641979199503,183908034.55,0.041354533040285905,False
2021-10-29,2021-10-29 15:25:00,146.0,152.4,142.9,148.0,2119644,313707312.0,0.06506849315068493,185695212.0,0.04150389026817673,False
2021-11-01,2021-11-01 15:25:00,148.0,150.0,147.0,149.7,755625,113117062.49999999,0.02027027027027027,187094756.225,0.042028414100011915,False
2021-11-02,2021-11-02 15:25:00,151.9,156.35,146.1,156.35,998006,156038238.1,0.06747860434496379,187094756.225,0.042028414100011915,False
2021-11-03,2021-11-03 15:25:00,157.8,163.45,156.0,162.6,1566063,254641843.79999998,0.047211660329530974,185695212.0,0.042028414100011915,False
2021-11-08,2021-11-08 15:25:00,166.7,169.5,160.3,163.0,1253654,204345602.0,0.05518896220755842,187094756.225,0.042028414100011915,False
2021-11-09,2021-11-09 15:25:00,163.4,164.9,155.0,156.6,1443352,226028923.2,0.06058751529987763,188271518.875,0.042028414100011915,False
2021-11-10,2021-11-10 15:25:00,157.0,158.0,150.1,155.85,1953362,304431467.7,0.050318471337579655,190052624.39999998,0.042028414100011915,False
2021-11-11,2021-11-11 15:25:00,155.0,159.0,151.0,153.0,802410,122768730.0,0.05161290322580645,190052624.39999998,0.042581067208281156,False
2021-11-12,2021-11-12 15:25:00,154.5,161.3,154.5,161.3,1350235,217792905.50000003,0.044012944983818844,188271518.875,0.042581067208281156,False
2021-11-15,2021-11-15 15:25:00,160.9,164.0,154.0,158.5,1184031,187668913.5,0.062150403977625855,188271518.875,0.04331543220109761,False
2021-11-16,2021-11-16 15:25:00,156.7,159.85,154.0,156.2,583016,91067099.19999999,0.0373324824505424,188271518.875,0.04331543220109761,False
2021-11-17,2021-11-17 15:25:00,157.4,158.75,155.0,156.0,739871,115419876.0,0.023824650571791613,188271518.875,0.042581067208281156,False
2021-11-18,2021-11-18 15:25:00,157.9,157.9,151.0,153.0,574274,87863922.0,0.043698543381887306,188271518.875,0.042581067208281156,False
2021-11-22,2021-11-22 15:25:00,153.85,156.0,148.0,155.5,923852,143658986.0,0.05199870003249919,187792581.725,0.042581067208281156,False
2021-11-23,2021-11-23 15:25:00,153.9,157.6,150.0,155.5,634191,98616700.5,0.04938271604938268,186971088.0,0.042581067208281156,False
2021-11-24,2021-11-24 15:25:00,155.0,158.0,155.0,155.0,595248,92263440.0,0.01935483870967742,186971088.0,0.0432259283818372,False
2021-11-25,2021-11-25 15:25:00,154.1,156.95,153.8,153.8,463889,71346128.2,0.020441271901362603,186971088.0,0.0432259283818372,False
2021-11-26,2021-11-26 15:25:00,153.5,155.5,147.5,149.8,1206104,180674379.20000002,0.05211726384364821,186971088.0,0.0432259283818372,False
2021-11-29,2021-11-29 15:25:00,148.5,150.0,142.8,146.6,1744728,255777124.79999998,0.04848484848484841,186971088.0,0.04378804720114772,False
2021-11-30,2021-11-30 15:25:00,146.0,152.5,146.0,148.0,796746,117918408.0,0.04452054794520548,187792581.725,0.04394524800211349,False
2021-12-01,2021-12-01 15:25:00,147.05,153.9,147.0,150.45,861710,129644269.49999999,0.04692281536892217,187792581.725,0.04426674646451216,False
2021-12-02,2021-12-02 15:25:00,151.0,158.3,149.0,158.3,1068668,169170144.4,0.06158940397351001,187792581.725,0.04572168165706382,False
2021-12-03,2021-12-03 15:25:00,159.9,161.0,153.7,156.35,826226,129180435.1,0.045653533458411576,186971088.0,0.04572168165706382,False
2021-12-06,2021-12-06 15:25:00,157.0,157.0,151.4,152.0,480333,73010616.0,0.03566878980891716,184486085.05,0.04628817441366687,False
2021-12-07,2021-12-07 15:25:00,152.5,155.0,150.3,153.6,617409,94834022.39999999,0.030819672131147467,184486085.05,0.04628817441366687,False
2021-12-08,2021-12-08 15:25:00,153.6,157.0,153.0,155.05,757090,117386804.50000001,0.026041666666666668,184486085.05,0.04508704070180852,False
2021-12-09,2021-12-09 15:25:00,156.9,158.7,155.0,157.45,1189094,187222850.29999998,0.023581899298916433,184486085.05,0.04508704070180852,False
2021-12-10,2021-12-10 15:25:00,156.2,165.15,156.2,165.15,2330691,384913618.65000004,0.057298335467349665,186748056.39999998,0.04508704070180852,False
2021-12-13,2021-12-13 15:25:00,168.0,173.35,167.5,173.35,843739,146262155.65,0.03482142857142854,187445881.89999998,0.04508704070180852,False
2021-12-14,2021-12-14 15:25:00,176.0,182.0,174.0,182.0,2482219,451763858.0,0.045454545454545456,187445881.89999998,0.04508704070180852,False
2021-12-15,2021-12-15 15:25:00,187.5,191.1,182.0,185.3,2217121,410832521.3,0.0485333333333333,188147850.64999998,0.04555403945647851,False
2021-12-16,2021-12-16 15:25:00,185.1,186.8,175.7,180.0,1598886,287799480.0,0.05996758508914113,196486194.89999998,0.04628817441366687,False
2021-12-17,2021-12-17 15:25:00,180.1,180.1,171.15,171.15,1770235,302975720.25,0.04969461410327589,196486194.89999998,0.04628817441366687,False
2021-12-20,2021-12-20 15:25:00,165.15,175.5,164.35,168.0,1619807,272127576.0,0.06751438086587953,204820730.5,0.04692419085598211,False
2021-12-21,2021-12-21 15:25:00,169.7,174.65,167.5,174.65,792871,138474920.15,0.0421331761932823,204820730.5,0.04692419085598211,False
2021-12-22,2021-12-22 15:25:00,176.95,180.5,172.85,176.1,1160190,204309459.0,0.04323255156823965,196486194.89999998,0.04692419085598211,False
2021-12-23,2021-12-23 15:25:00,177.05,180.0,174.0,178.1,1558004,277480512.4,0.033888731996611125,204327530.5,0.04628817441366687,False
2021-12-24,2021-12-24 15:25:00,180.0,180.45,175.0,178.15,643583,114654311.45,0.030277777777777716,204327530.5,0.04628817441366687,False
2021-12-27,2021-12-27 15:25:00,180.0,187.15,174.5,187.15,923172,172771639.8,0.07027777777777781,196468123.39999998,0.04555403945647851,False
2021-12-28,2021-12-28 15:25:00,194.0,194.0,186.1,189.0,900725,170237025.0,0.04072164948453611,188147850.64999998,0.04555403945647851,False
2021-12-29,2021-12-29 15:25:00,190.9,197.0,185.0,193.9,1528748,296424237.2,0.06286013619696176,187445881.89999998,0.04555403945647851,False
2021-12-30,2021-12-30 15:25:00,194.4,197.0,185.0,195.0,772725,150681375.0,0.06172839506172839,187445881.89999998,0.04555403945647851,False
2021-12-31,2021-12-31 15:25:00,197.0,199.0,192.0,195.0,908386,177135270.0,0.03553299492385787,186748056.39999998,0.04555403945647851,False
2022-01-03,2022-01-03 15:25:00,196.0,198.8,195.1,195.9,1354909,265426673.1,0.01887755102040825,184486085.05,0.04555403945647851,False
2022-01-04,2022-01-04 15:25:00,197.0,205.9,197.0,205.9,3873006,797451935.4,0.045177664974619315,184960878.95,0.044987546699875466,False
2022-01-05,2022-01-05 15:25:00,206.0,208.9,202.0,202.25,1492680,301894530.0,0.03349514563106799,184960878.95,0.04531610521458239,False
2022-01-06,2022-01-06 15:25:00,202.05,204.5,195.65,199.25,9416018,1876141586.5,0.04380103934669633,187445881.89999998,0.04531610521458239,True
2022-01-07,2022-01-07 15:25:00,199.1,205.6,198.15,199.0,1731710,344610290.0,0.03741838272225007,195989186.25,0.04531610521458239,False
2022-01-10,2022-01-10 15:25:00,201.5,203.05,190.2,195.9,2098456,411087530.40000004,0.06377171215880904,195989186.25,0.0448491064599124,False
2022-01-11,2022-01-11 15:25:00,193.0,195.6,191.0,192.3,939328,180632774.4,0.02383419689119168,204327530.5,0.04531610521458239,False
2022-01-12,2022-01-12 15:25:00,194.0,194.25,184.2,187.85,1949350,366185397.5,0.051804123711340265,195989186.25,0.04531610521458239,False
2022-01-13,2022-01-13 15:25:00,189.0,190.0,184.2,185.0,1365709,252656165.0,0.030687830687830746,204327530.5,0.04555403945647851,False
2022-01-14,2022-01-14 15:25:00,188.0,190.0,186.1,187.5,1767197,331349437.5,0.02074468085106386,209976684.0,0.04555403945647851,False
2022-01-17,2022-01-17 15:25:00,187.5,189.85,184.85,185.9,1035026,192411333.4,0.02666666666666667,209976684.0,0.04555403945647851,False
2022-01-18,2022-01-18 15:25:00,187.35,187.6,177.55,181.95,2254646,410232839.7,0.053642914331465084,204327530.5,0.04531610521458239,False
2022-01-19,2022-01-19 15:25:00,181.0,184.65,180.0,180.5,668822,120722371.0,0.02569060773480666,204327530.5,0.04531610521458239,False
2022-01-20,2022-01-20 15:25:00,181.1,183.0,175.2,178.95,2813682,503508393.9,0.043070127001656605,198360396.2,0.04531610521458239,False
2022-01-21,2022-01-21 15:25:00,178.0,180.95,175.0,176.5,1212460,213999190.0,0.03342696629213477,198360396.2,0.0448491064599124,False
2022-01-24,2022-01-24 15:25:00,171.0,176.0,168.05,175.35,2667023,467662483.05,0.046491228070175375,198360396.2,0.04426674646451216,False
2022-01-25,2022-01-25 15:25:00,170.2,181.5,168.0,181.5,1697880,308165220.0,0.07931844888366628,198360396.2,0.0448491064599124,False
2022-01-27,2022-01-27 15:25:00,180.0,190.55,177.7,184.7,2996046,553369696.1999999,0.07138888888888902,198360396.2,0.0448491064599124,False
2022-01-28,2022-01-28 15:25:00,187.25,188.0,179.5,179.5,1129483,202742198.5,0.04539385847797063,198360396.2,0.0448491064599124,False
2022-01-31,2022-01-31 15:25:00,178.0,182.75,172.55,175.45,1382523,242563660.35,0.05730337078651679,203525828.75,0.045285761726294976,False
2022-02-01,2022-02-01 15:25:00,176.0,177.95,168.45,174.0,1537055,267447570.0,0.05397727272727273,204327530.5,0.045285761726294976,False
2022-02-02,2022-02-02 15:25:00,177.0,180.7,174.0,175.5,1528809,268305979.5,0.0378531073446327,204327530.5,0.045285761726294976,False
2022-02-03,2022-02-03 15:25:00,176.85,184.5,174.7,182.4,2880986,525491846.40000004,0.055414192818773036,209154324.5,0.0448491064599124,False
2022-02-04,2022-02-04 15:25:00,183.45,188.5,182.9,185.05,6685543,1237159732.15,0.030526028890705884,209154324.5,0.0448491064599124,True
2022-02-07,2022-02-07 15:25:00,185.7,185.7,177.0,179.2,1885406,337864755.2,0.04684975767366715,209154324.5,0.04426674646451216,False
2022-02-08,2022-02-08 15:25:00,180.1,180.2,171.0,172.5,1355813,233877742.5,0.05108273181565791,215896047.75,0.04426674646451216,False
2022-02-09,2022-02-09 15:25:00,173.0,178.0,170.1,172.7,1514165,261496295.49999997,0.045664739884393096,223938466.25,0.0448491064599124,False
2022-02-10,2022-02-10 15:25:00,173.0,175.15,170.85,172.5,900656,155363160.0,0.024855491329479836,238220701.425,0.0448491064599124,False
2022-02-11,2022-02-11 15:25:00,173.0,173.05,169.05,171.0,896503,153302013.0,0.023121387283236993,238220701.425,0.0448491064599124,False
2022-02-14,2022-02-14 15:25:00,166.05,170.65,163.1,165.8,1679171,278406551.8,0.045468232460102447,238220701.425,0.0448491064599124,False
2022-02-15,2022-02-15 15:25:00,167.95,169.4,160.5,167.65,1162027,194813826.55,0.052991961893420696,247609912.675,0.045285761726294976,False
2022-02-16,2022-02-16 15:25:00,170.4,170.4,165.95,167.0,835905,139596135.0,0.026115023474178503,247609912.675,0.045285761726294976,False
2022-02-17,2022-02-17 15:25:00,167.9,175.1,165.3,175.1,904232,158331023.2,0.05836807623585457,247609912.675,0.0448491064599124,False
2022-02-18,2022-02-18 15:25:00,175.0,180.4,171.6,178.25,1274851,227242190.75,0.05028571428571435,247609912.675,0.045285761726294976,False
2022-02-21,2022-02-21 15:25:00,177.0,177.0,168.3,169.0,1122761,189746609.0,0.04915254237288129,247609912.675,0.04542420196625804,False
2022-02-22,2022-02-22 15:25:00,161.85,172.7,161.8,168.6,1754117,295744126.2,0.0673463083101636,247609912.675,0.04542420196625804,False
2022-02-23,2022-02-23 15:25:00,170.0,176.8,169.4,175.95,1814697,319295937.15,0.043529411764705914,247609912.675,0.04542420196625804,False
2022-02-24,2022-02-24 15:25:00,166.15,171.0,166.05,166.05,1860788,308983847.40000004,0.029792356304544017,257076230.25,0.04542420196625804,False
2022-02-25,2022-02-25 15:25:00,161.1,172.0,161.1,168.0,1376573,231264264.0,0.06765983860955932,263461484.29999998,0.045285761726294976,False
2022-02-28,2022-02-28 15:25:00,167.7,173.8,164.85,173.8,1079374,187595201.20000002,0.0533691115086465,263461484.29999998,0.045285761726294976,False
2022-03-02,2022-03-02 15:25:00,166.8,174.0,166.6,170.0,1811912,308025040.0,0.0443645083932854,263461484.29999998,0.045285761726294976,False
2022-03-03,2022-03-03 15:25:00,170.8,172.7,169.0,169.2,520164,88011748.8,0.021662763466042085,266437121.55,0.045285761726294976,False
2022-03-04,2022-03-04 15:25:00,169.05,171.6,166.25,169.3,855161,144778757.3,0.03164744158532975,266437121.55,0.045285761726294976,False
2022-03-08,2022-03-08 15:25:00,156.0,163.6,154.0,160.15,2039474,326621761.1,0.0615384615384615,266437121.55,0.045285761726294976,False
2022-03-09,2022-03-09 15:25:00,163.0,169.5,161.25,169.5,1251611,212148064.5,0.05061349693251534,267876774.75,0.04542420196625804,False
2022-03-10,2022-03-10 15:25:00,174.0,174.0,166.5,166.75,1082367,180484697.25,0.04310344827586207,266437121.55,0.04542420196625804,False
2022-03-11,2022-03-11 15:25:00,166.75,172.9,166.75,170.7,685103,116947082.1,0.03688155922038984,266437121.55,0.04542420196625804,False
2022-03-14,2022-03-14 15:25:00,170.95,174.5,169.7,170.0,861844,146513480.0,0.02807838549283423,263461484.29999998,0.045285761726294976,False
2022-03-15,2022-03-15 15:25:00,172.0,173.0,168.0,168.5,1533643,258418845.5,0.029069767441860465,257076230.25,0.044771086683952355,False
2022-03-16,2022-03-16 15:25:00,170.85,171.95,166.1,168.25,765268,128756341.0,0.03424056189640032,255537505.25,0.04408277386999086,False
2022-03-17,2022-03-17 15:25:00,173.45,173.45,164.05,169.2,1474000,249400799.99999997,0.05419429230325729,247609912.675,0.043665225555701126,False
2022-03-21,2022-03-21 15:25:00,169.5,176.0,169.5,171.45,2408196,412885204.2,0.038348082595870206,245982230.17499998,0.043665225555701126,False
2022-03-22,2022-03-22 15:25:00,173.0,176.0,169.6,174.5,1707393,297940078.5,0.03699421965317922,251028482.5,0.043665225555701126,False
2022-03-23,2022-03-23 15:25:00,177.95,182.0,175.5,178.9,2741812,490510166.8,0.036527114357965726,255537505.25,0.043665225555701126,False
2022-03-24,2022-03-24 15:25:00,180.0,184.8,178.3,183.4,2263178,415066845.2,0.03611111111111111,255537505.25,0.043665225555701126,False
2022-03-25,2022-03-25 15:25:00,187.15,187.15,181.65,182.5,1026154,187273105.0,0.02938819129040876,259957570.5,0.043665225555701126,False
2022-03-28,2022-03-28 15:25:00,183.8,183.85,177.3,178.0,794002,141332356.0,0.03563656147986933,259957570.5,0.04331643002028399,False
2022-03-29,2022-03-29 15:25:00,181.0,184.0,178.95,181.95,1184465,215513406.75,0.027900552486187908,259957570.5,0.04331643002028399,False
2022-03-30,2022-03-30 15:25:00,183.0,190.7,182.55,188.7,2821581,532432334.7,0.04453551912568294,255537505.25,0.04308678763875934,False
2022-03-31,2022-03-31 15:25:00,190.5,194.25,187.75,189.05,1880296,355469958.8,0.03412073490813648,259957570.5,0.04308678763875934,False
2022-04-01,2022-04-01 15:25:00,189.0,191.85,186.35,188.25,1239375,233312343.75,0.0291005291005291,263461484.29999998,0.04308678763875934,False
2022-04-04,2022-04-04 15:25:00,188.6,192.9,184.55,186.2,1517591,282575444.2,0.044273594909862116,259957570.5,0.04308678763875934,False
2022-04-05,2022-04-05 15:25:00,187.6,195.8,185.1,195.8,2715137,531623824.6,0.05703624733475489,259957570.5,0.04308678763875934,False
2022-04-06,2022-04-06 15:25:00,196.8,205.55,192.5,199.0,4404491,876493709.0,0.06631097560975616,259957570.5,0.04331643002028399,False
2022-04-07,2022-04-07 15:25:00,204.9,214.8,201.9,212.4,8877044,1885484145.6000001,0.06295754026354322,259957570.5,0.04331643002028399,True
2022-04-08,2022-04-08 15:25:00,214.0,219.65,209.05,212.0,5001243,1060263516.0,0.04953271028037381,259957570.5,0.043901503337284015,True
2022-04-11,2022-04-11 15:25:00,212.0,214.0,205.0,207.1,2599256,538305917.6,0.04245283018867924,259957570.5,0.043901503337284015,False
2022-04-12,2022-04-12 15:25:00,205.0,205.8,200.7,201.85,1538131,310471742.34999996,0.024878048780487917,264471932.75,0.043901503337284015,False
2022-04-13,2022-04-13 15:25:00,203.4,204.75,198.3,200.05,1665219,333127060.95000005,0.03171091445427723,264471932.75,0.04331643002028399,False
2022-04-18,2022-04-18 15:25:00,200.35,201.9,196.5,198.15,1328470,263236330.5,0.02695283254304969,267876774.75,0.04331643002028399,False
2022-04-19,2022-04-19 15:25:00,200.9,203.0,190.0,193.3,1460246,282265551.8,0.06470881035340965,265341950.25,0.04331643002028399,False
2022-04-20,2022-04-20 15:25:00,201.0,201.0,194.5,196.75,1360432,267664996.0,0.03233830845771144,267876774.75,0.043901503337284015,False
2022-04-21,2022-04-21 15:25:00,198.0,198.6,193.5,194.55,1063466,206897310.3,0.02575757575757573,267556283.0,0.04331643002028399,False
2022-04-22,2022-04-22 15:25:00,194.45,201.1,191.0,193.3,1472115,284559829.5,0.051941373103625586,267556283.0,0.04331643002028399,False
2022-04-25,2022-04-25 15:25:00,192.8,192.9,185.0,188.5,1172326,220983451.0,0.04097510373443986,267556283.0,0.043901503337284015,False
2022-04-26,2022-04-26 15:25:00,188.4,203.4,188.4,199.75,3640868,727263383.0,0.07961783439490445,267556283.0,0.043901503337284015,False
2022-04-27,2022-04-27 15:25:00,199.1,204.9,195.8,196.5,2335091,458845381.5,0.04570567553992966,267556283.0,0.043901503337284015,False
2022-04-28,2022-04-28 15:25:00,199.5,200.8,194.5,197.4,1119486,220986536.4,0.03157894736842111,267556283.0,0.043901503337284015,False
2022-04-29,2022-04-29 15:25:00,202.7,202.7,196.8,198.0,1151121,227921958.0,0.02910705476073003,265341950.25,0.04331643002028399,False
2022-05-02,2022-05-02 15:25:00,196.4,200.2,164.5,187.55,7578984,1421438449.2,0.1817718940936863,265341950.25,0.042778139232270654,True
2022-05-04,2022-05-04 15:25:00,187.0,189.7,177.0,182.2,3283137,598187561.4,0.06791443850267373,267556283.0,0.042778139232270654,False
2022-05-05,2022-05-05 15:25:00,180.5,185.0,170.55,174.0,1610797,280278678.0,0.0800554016620498,267985487.75,0.042778139232270654,False
2022-05-06,2022-05-06 15:25:00,171.5,174.0,168.6,170.0,1046194,177852980.0,0.031486880466472335,273035773.9,0.04331643002028399,False
2022-05-09,2022-05-09 15:25:00,170.5,172.0,162.0,162.8,1294144,210686643.20000002,0.05865102639296188,265450663.25,0.042778139232270654,False
2022-05-10,2022-05-10 15:25:00,163.1,167.25,155.0,160.75,2535549,407589501.75,0.07510729613733906,262366313.0,0.04331643002028399,False
2022-05-11,2022-05-11 15:25:00,160.05,173.4,157.8,172.0,3276830,563614760.0,0.0974695407685098,262366313.0,0.04331643002028399,False
2022-05-12,2022-05-12 15:25:00,170.0,170.0,163.6,166.8,1608726,268335496.8,0.03764705882352944,265450663.25,0.04331643002028399,False
2022-05-13,2022-05-13 15:25:00,164.0,169.95,164.0,167.0,1738667,290357389.0,0.03628048780487798,268000246.4,0.042778139232270654,False
2022-05-16,2022-05-16 15:25:00,167.0,169.7,165.8,168.0,1018012,171026016.0,0.023353293413173517,273371024.3,0.042778139232270654,False
2022-05-17,2022-05-17 15:25:00,168.9,171.0,167.5,167.95,522118,87689718.1,0.02072232089994079,273371024.3,0.042778139232270654,False
2022-05-18,2022-05-18 15:25:00,170.0,179.45,169.3,175.65,1339171,235225386.15,0.05970588235294104,268000246.4,0.04171396696155955,False
2022-05-19,2022-05-19 15:25:00,170.0,175.7,169.1,172.0,730031,125565332.0,0.03882352941176467,268000246.4,0.04171396696155955,False
2022-05-20,2022-05-20 15:25:00,176.0,178.0,170.55,172.5,698980,120574050.0,0.04232954545454539,268000246.4,0.04171396696155955,False
2022-05-23,2022-05-23 15:25:00,174.25,178.15,172.05,175.6,1296244,227620446.4,0.035007173601147745,268000246.4,0.041652324594492626,False
2022-05-24,2022-05-24 15:25:00,174.55,177.2,169.7,171.5,985673,169042919.5,0.042967631051274706,268000246.4,0.039899316573102264,False
2022-05-25,2022-05-25 15:25:00,173.0,173.75,164.9,166.1,1690809,280843374.9,0.05115606936416182,268000246.4,0.039899316573102264,False
2022-05-26,2022-05-26 15:25:00,165.9,172.5,164.7,167.5,1583322,265206435.0,0.0470162748643762,268000246.4,0.039899316573102264,False
2022-05-27,2022-05-27 15:25:00,170.3,171.4,167.5,170.2,559637,95250217.39999999,0.022900763358778657,266435715.5,0.039899316573102264,False
2022-05-30,2022-05-30 15:25:00,171.55,177.95,170.85,176.5,998298,176199597.0,0.04138735062663943,264221382.75,0.039899316573102264,False
2022-05-31,2022-05-31 15:25:00,176.5,182.8,173.0,182.0,1186628,215966296.0,0.05552407932011338,264221382.75,0.039899316573102264,False
2022-06-01,2022-06-01 15:25:00,181.9,186.4,181.8,183.8,946345,173938211.0,0.025288620120945543,264221382.75,0.039899316573102264,False
2022-06-02,2022-06-02 15:25:00,184.0,187.9,180.0,183.0,1138940,208426020.0,0.04293478260869568,260827588.0,0.03858580600381744,False
2022-06-03,2022-06-03 15:25:00,185.0,188.0,181.8,184.0,1644158,302525072.0,0.03351351351351345,260827588.0,0.039899316573102264,False
2022-06-06,2022-06-06 15:25:00,183.25,186.8,181.4,183.9,710412,130644766.8,0.0294679399727149,264221382.75,0.039899316573102264,False
2022-06-07,2022-06-07 15:25:00,183.1,183.7,180.25,180.95,429090,77643835.5,0.01884216275259415,260827588.0,0.03858580600381744,False
2022-06-08,2022-06-08 15:25:00,182.05,183.85,177.55,178.0,465730,82899940.0,0.03460587750617952,260827588.0,0.03799757070969982,False
2022-06-09,2022-06-09 15:25:00,178.2,178.8,176.0,176.6,436951,77165546.6,0.01571268237934911,260827588.0,0.03732063923835433,False
2022-06-10,2022-06-10 15:25:00,175.75,176.1,171.6,172.4,419982,72404896.8,0.025604551920341393,260827588.0,0.03732063923835433,False
2022-06-13,2022-06-13 15:25:00,167.1,172.3,167.1,167.45,1039233,174019565.85,0.03111909036505097,260827588.0,0.03732063923835433,False
2022-06-14,2022-06-14 15:25:00,166.0,170.9,165.95,168.1,533084,89611420.39999999,0.029819277108433836,256318565.25,0.03732063923835433,False
2022-06-15,2022-06-15 15:25:00,170.0,173.75,166.7,170.0,672952,114401840.0,0.04147058823529418,256318565.25,0.03732063923835433,False
2022-06-16,2022-06-16 15:25:00,173.0,173.65,164.9,165.9,969802,160890151.8,0.05057803468208093,249230858.325,0.03732063923835433,False
2022-06-17,2022-06-17 15:25:00,166.95,169.1,164.95,168.0,1893240,318064320.0,0.02485774183887395,234268864.95,0.03732063923835433,False
2022-06-20,2022-06-20 15:25:00,167.0,170.75,162.0,170.3,2271297,386801879.1,0.05239520958083832,234268864.95,0.03708708659074758,False
2022-06-21,2022-06-21 15:25:00,167.5,172.6,166.0,172.05,628626,108155103.30000001,0.039402985074626834,234268864.95,0.03823529411764706,False
2022-06-22,2022-06-22 15:25:00,171.8,178.35,171.05,175.65,1035321,181854133.65,0.04249126891734565,230617150.875,0.039113257243195754,False
2022-06-23,2022-06-23 15:25:00,179.7,183.9,177.05,181.9,1203370,218893003.0,0.03811908736783525,230617150.875,0.040189044404533344,False
2022-06-24,2022-06-24 15:25:00,183.5,188.9,181.9,186.15,1725078,321123269.7,0.03814713896457766,230617150.875,0.040189044404533344,False
2022-06-27,2022-06-27 15:25:00,188.0,189.9,184.85,185.45,1093599,202807934.54999998,0.026861702127659634,234268864.95,0.040189044404533344,False
2022-06-28,2022-06-28 15:25:00,185.0,192.9,182.95,190.5,995019,189551119.5,0.05378378378378387,230617150.875,0.039113257243195754,False
2022-06-29,2022-06-29 15:25:00,189.4,194.65,187.7,190.3,1241956,236344226.8,0.03669482576557559,227771202.2,0.040189044404533344,False
2022-06-30,2022-06-30 15:25:00,192.95,193.3,187.8,191.4,615137,117737221.8,0.028504793988079816,227771202.2,0.040189044404533344,False
2022-07-01,2022-07-01 15:25:00,192.0,196.25,188.6,189.9,920656,174832574.4,0.03984375000000003,224303491.4,0.039113257243195754,False
2022-07-04,2022-07-04 15:25:00,189.5,191.8,186.15,186.4,761543,141951615.20000002,0.029815303430079185,220984993.7,0.039113257243195754,False
2022-07-05,2022-07-05 15:25:00,187.4,195.4,186.75,192.9,1807223,348613316.7,0.04615795090715051,219938227.0,0.03848533418817117,False
2022-07-06,2022-07-06 15:25:00,196.0,200.8,195.3,199.5,3840364,766152618.0,0.02806122448979592,219938227.0,0.03848533418817117,False
2022-07-07,2022-07-07 15:25:00,200.45,202.85,196.95,198.4,1009544,200293529.6,0.029433774008480948,219938227.0,0.038133113166206455,False
2022-07-08,2022-07-08 15:25:00,199.6,203.2,198.15,201.0,1447074,290861874.0,0.025300601202404724,217429649.5,0.03788307309568235,False
2022-07-11,2022-07-11 15:25:00,199.5,207.7,198.9,207.1,2005480,415334908.0,0.044110275689222975,217429649.5,0.03788307309568235,False
2022-07-12,2022-07-12 15:25:00,205.9,211.5,198.1,199.95,2189907,437871904.65,0.06508013598834388,217429649.5,0.038133113166206455,False
2022-07-13,2022-07-13 15:25:00,205.1,206.25,200.3,201.95,1151249,232494735.54999998,0.029010238907849775,217429649.5,0.03848533418817117,False
2022-07-14,2022-07-14 15:25:00,202.0,204.95,197.0,202.0,968222,195580844.0,0.0393564356435643,217429649.5,0.038133113166206455,False
2022-07-15,2022-07-15 15:25:00,202.0,204.0,199.35,203.05,819378,166374702.9,0.023019801980198047,213326469.60000002,0.03848533418817117,False
2022-07-18,2022-07-18 15:25:00,204.25,207.0,202.2,202.2,1193934,241413454.79999998,0.023500611995104094,213326469.60000002,0.03848533418817117,False
2022-07-19,2022-07-19 15:25:00,202.6,205.0,199.25,200.0,1388012,277602400.0,0.028381046396841067,213326469.60000002,0.038133113166206455,False
2022-07-20,2022-07-20 15:25:00,204.0,206.0,201.0,203.5,1156610,235370135.0,0.024509803921568627,213326469.60000002,0.03788307309568235,False
2022-07-21,2022-07-21 15:25:00,203.3,223.35,203.3,222.5,10376488,2308768580.0,0.0986227250368912,213326469.60000002,0.03717094229455252,True
2022-07-22,2022-07-22 15:25:00,223.9,231.5,219.05,228.75,7061324,1615277865.0,0.055605180884323306,213326469.60000002,0.03717094229455252,True
2022-07-25,2022-07-25 15:25:00,230.8,231.25,216.25,217.6,2625953,571407372.8,0.06499133448873483,213326469.60000002,0.03788307309568235,False
2022-07-26,2022-07-26 15:25:00,218.0,227.65,213.85,222.6,4281452,953051215.1999999,0.06330275229357804,213326469.60000002,0.038133113166206455,False
2022-07-27,2022-07-27 15:25:00,223.6,227.5,217.8,218.0,3128162,681939316.0,0.04338103756708403,213326469.60000002,0.038133113166206455,False
2022-07-28,2022-07-28 15:25:00,220.9,222.7,217.55,220.5,1407197,310286938.5,0.023313716613852318,213326469.60000002,0.038133113166206455,False
2022-07-29,2022-07-29 15:25:00,222.0,227.0,221.5,224.35,1910151,428542376.84999996,0.024774774774774775,213326469.60000002,0.03788307309568235,False
2022-08-01,2022-08-01 15:25:00,226.0,228.8,222.65,225.05,2683088,603828954.4,0.027212389380531,217429649.5,0.03788307309568235,False
2022-08-02,2022-08-02 15:25:00,226.0,226.9,222.05,223.75,1057956,236717655.0,0.021460176991150416,223256724.7,0.03717094229455252,False
2022-08-03,2022-08-03 15:25:00,224.0,238.7,222.5,231.6,4717683,1092615382.8,0.07232142857142852,223256724.7,0.03648765678522678,True
2022-08-04,2022-08-04 15:25:00,234.7,234.8,225.1,228.3,1826376,416961640.8,0.04132935662547941,223256724.7,0.03648765678522678,False
2022-08-05,2022-08-05 15:25:00,228.9,234.2,226.3,232.95,1378442,321108063.9,0.034512887723896796,223256724.7,0.03648765678522678,False
2022-08-08,2022-08-08 15:25:00,228.35,234.55,227.0,228.9,1227169,280898984.1,0.03306328005255096,223256724.7,0.03585099968336167,False
2022-08-10,2022-08-10 15:25:00,230.15,233.85,228.0,229.6,1110683,255012816.79999998,0.025418205518140318,230057590.975,0.03585099968336167,False
2022-08-11,2022-08-11 15:25:00,232.5,238.9,230.5,231.0,2223046,513523626.0,0.03612903225806454,233860060.85,0.03585099968336167,False
2022-08-12,2022-08-12 15:25:00,233.65,237.9,230.5,236.0,2967377,700300972.0,0.03167130323132893,233932435.27499998,0.035568102929606146,False
2022-08-16,2022-08-16 15:25:00,238.8,240.3,234.9,238.0,2183020,519558760.0,0.022613065326633187,235857180.9,0.034806525553663634,False
2022-08-17,2022-08-17 15:25:00,239.8,244.7,238.6,242.0,1865286,451399212.0,0.025437864887406146,236530940.9,0.03455938261503816,False
2022-08-18,2022-08-18 15:25:00,243.1,247.0,237.7,239.5,2155689,516287515.5,0.0382558617852736,239065554.89999998,0.03401320061870512,False
2022-08-19,2022-08-19 15:25:00,240.4,240.5,233.05,234.95,1534003,360414004.84999996,0.03099001663893506,248213135.79999998,0.03401320061870512,False
2022-08-22,2022-08-22 15:25:00,233.85,235.0,226.1,229.05,1287635,294932796.75,0.038058584562753926,248213135.79999998,0.033288396783032206,False
2022-08-23,2022-08-23 15:25:00,228.4,233.3,227.0,230.45,1072567,247173065.14999998,0.027583187390542958,248213135.79999998,0.033288396783032206,False
2022-08-24,2022-08-24 15:25:00,232.2,232.5,228.5,230.2,567451,130627220.19999999,0.017226528854435832,251092940.97499996,0.033288396783032206,False
2022-08-25,2022-08-25 15:25:00,232.4,232.4,227.25,227.55,976798,222270384.9,0.02216006884681586,251092940.97499996,0.032367291641939945,False
2022-08-26,2022-08-26 15:25:00,227.75,229.7,226.05,226.5,1205597,273067720.5,0.016026344676179922,251092940.97499996,0.03139519679818995,False
2022-08-29,2022-08-29 15:25:00,225.0,225.7,221.0,221.5,757946,167885039.0,0.02088888888888884,264040268.64999998,0.03139519679818995,False
2022-08-30,2022-08-30 15:25:00,224.45,228.5,222.7,224.75,1773683,398635254.25,0.025840944531076014,264040268.64999998,0.031054553501993015,False
2022-09-01,2022-09-01 15:25:00,226.0,228.7,224.5,226.65,644142,145994784.3,0.018584070796460128,264040268.64999998,0.030404646873684448,False
2022-09-02,2022-09-02 15:25:00,228.0,228.2,218.85,219.75,2096076,460612701.0,0.041008771929824536,264040268.64999998,0.030404646873684448,False
2022-09-05,2022-09-05 15:25:00,222.1,222.55,218.05,218.95,955613,209231466.35,0.020261143628995948,275335060.25,0.031054553501993015,False
2022-09-06,2022-09-06 15:25:00,221.0,223.0,213.05,216.55,3085941,668260523.5500001,0.04502262443438909,275335060.25,0.030404646873684448,False
2022-09-07,2022-09-07 15:25:00,221.0,222.05,212.1,218.0,4768200,1039467600.0,0.045022624434389216,279250692.05,0.031054553501993015,True
2022-09-08,2022-09-08 15:25:00,222.5,231.5,220.65,225.4,3926590,885053386.0,0.0487640449438202,285880429.05,0.03139519679818995,False
2022-09-09,2022-09-09 15:25:00,228.0,228.5,224.0,226.8,1441573,326948756.40000004,0.019736842105263157,292897335.375,0.032367291641939945,False
2022-09-12,2022-09-12 15:25:00,228.2,234.5,226.8,229.0,4205761,963119269.0,0.03374233128834351,302609867.625,0.032367291641939945,False
2022-09-13,2022-09-13 15:25:00,231.0,232.7,226.85,228.95,1195927,273807486.65,0.0253246753246753,314175629.25,0.032367291641939945,False
2022-09-14,2022-09-14 15:25:00,225.5,236.55,225.0,235.8,5004069,1179959470.2,0.051219512195122004,314175629.25,0.031330659935131996,True
2022-09-15,2022-09-15 15:25:00,239.0,239.5,234.5,237.8,2976969,707923228.2,0.02092050209205021,315697501.2,0.032367291641939945,False
2022-09-16,2022-09-16 15:25:00,238.55,241.5,232.6,237.9,12888318,3066130852.2000003,0.03730874030601553,315697501.2,0.031330659935131996,True
2022-09-19,2022-09-19 15:25:00,239.0,241.4,235.1,239.2,1685761,403234031.2,0.02635983263598331,321115666.79999995,0.031330659935131996,False
2022-09-20,2022-09-20 15:25:00,242.5,255.95,242.0,254.5,4367877,1111624696.5,0.05752577319587624,324036013.05,0.030402660034507124,True
2022-09-21,2022-09-21 15:25:00,256.0,263.0,253.9,261.2,3178407,830199908.4,0.03554687499999998,337781036.55,0.030402660034507124,False
2022-09-22,2022-09-22 15:25:00,262.4,263.3,254.0,257.45,1777392,457589570.4,0.03544207317073175,354513660.775,0.030402660034507124,False
2022-09-23,2022-09-23 15:25:00,256.05,256.8,246.9,248.5,1613521,400959968.5,0.03866432337434097,379524629.54999995,0.031330659935131996,False
2022-09-26,2022-09-26 15:25:00,245.0,253.7,240.0,246.0,1714677,421810542.0,0.05591836734693873,399797611.375,0.031330659935131996,False
2022-09-27,2022-09-27 15:25:00,248.0,250.0,240.5,241.6,3024821,730796753.6,0.038306451612903226,402096999.85,0.031330659935131996,False
2022-09-28,2022-09-28 15:25:00,241.95,243.4,232.6,234.5,2043322,479159009.0,0.04463732176069441,409284469.6,0.032367291641939945,False
2022-09-29,2022-09-29 15:25:00,236.6,238.9,231.9,237.7,5004166,1189490258.2,0.02958579881656805,416148274.4,0.032367291641939945,True
2022-09-30,2022-09-30 15:25:00,235.0,236.65,231.5,234.45,4194101,983306979.4499999,0.0219148936170213,419386091.4,0.032367291641939945,False
2022-10-03,2022-10-03 15:25:00,232.65,239.3,224.6,231.0,1382143,319275033.0,0.06318504190844623,425176459.42499995,0.031330659935131996,False
2022-10-04,2022-10-04 15:25:00,232.0,235.45,228.25,231.95,2354555,546139032.25,0.03103448275862064,419386091.4,0.032367291641939945,False
2022-10-06,2022-10-06 15:25:00,231.0,245.2,229.55,241.85,4494669,1087035697.6499999,0.06774891774891766,425176459.42499995,0.032367291641939945,True
2022-10-07,2022-10-07 15:25:00,242.3,254.35,241.1,253.0,2635647,666818691.0,0.054684275691291785,433207140.75,0.03340280567044723,False
2022-10-10,2022-10-10 15:25:00,248.25,255.8,247.0,255.1,1673936,427021073.59999996,0.035448136958711025,444635558.325,0.03340280567044723,False
2022-10-11,2022-10-11 15:25:00,257.45,263.4,246.8,252.0,2531760,638003520.0,0.0644785395222372,439970794.42499995,0.03340280567044723,False
2022-10-12,2022-10-12 15:25:00,252.0,259.5,248.9,254.5,1175438,299148971.0,0.04206349206349204,454494391.2,0.03412760950612015,False
2022-10-13,2022-10-13 15:25:00,255.0,259.5,252.6,257.25,1259521,324011777.25,0.027058823529411788,454494391.2,0.03412760950612015,False
2022-10-14,2022-10-14 15:25:00,261.9,261.9,252.0,253.5,1022053,259090435.5,0.03780068728522328,454494391.2,0.03412760950612015,False
2022-10-17,2022-10-17 15:25:00,254.45,258.0,252.4,254.75,802443,204422354.25,0.02200825309491057,454494391.2,0.034977480447314274,False
2022-10-18,2022-10-18 15:25:00,256.5,263.0,253.55,262.4,2519328,661071667.1999999,0.03684210526315785,454494391.2,0.034977480447314274,False
2022-10-19,2022-10-19 15:25:00,263.6,270.0,250.15,258.5,6314395,1632271107.5,0.07530349013657053,459101135.7,0.035445105064721386,True
2022-10-20,2022-10-20 15:25:00,258.0,262.5,251.7,259.65,5437657,1411887640.05,0.04186046511627911,459101135.7,0.035445105064721386,True
2022-10-21,2022-10-21 15:25:00,261.6,261.7,253.0,254.55,1299841,330874526.55,0.03325688073394491,459101135.7,0.035445105064721386,False
2022-10-25,2022-10-25 15:25:00,255.05,259.3,246.1,258.55,1942221,502161239.55,0.05175455792981775,454494391.2,0.034977480447314274,False
2022-10-27,2022-10-27 15:25:00,255.0,257.45,249.25,251.75,1765291,444412009.25,0.03215686274509799,454494391.2,0.034977480447314274,False
2022-10-28,2022-10-28 15:25:00,253.5,261.0,250.75,256.9,1759482,452010925.79999995,0.04043392504930966,447905610.625,0.03412760950612015,False
2022-10-31,2022-10-31 15:25:00,262.0,262.35,254.65,259.85,1574066,409021050.1,0.0293893129770993,451705068.9,0.034977480447314274,False
2022-11-01,2022-11-01 15:25:00,260.0,263.95,257.3,260.15,1369973,356398475.95,0.02557692307692299,451705068.9,0.034977480447314274,False
2022-11-02,2022-11-02 15:25:00,262.0,262.1,257.0,257.4,974934,250948011.59999996,0.01946564885496192,447905610.625,0.034977480447314274,False
2022-11-03,2022-11-03 15:25:00,257.0,259.25,247.75,252.2,2202711,555523714.1999999,0.04474708171206226,447905610.625,0.034977480447314274,False
2022-11-04,2022-11-04 15:25:00,250.75,254.8,249.45,251.9,830414,209181286.6,0.021335992023928305,447905610.625,0.034977480447314274,False
2022-11-07,2022-11-07 15:25:00,254.8,255.0,249.05,250.2,1132274,283294954.8,0.023351648351648307,447905610.625,0.03412760950612015,False
2022-11-09,2022-11-09 15:25:00,251.75,252.0,249.3,251.2,600001,150720251.2,0.0107249255213505,447905610.625,0.03349960601114421,False
2022-11-10,2022-11-10 15:25:00,251.0,257.0,250.05,255.8,1066736,272871068.8,0.027689243027888402,447905610.625,0.03349960601114421,False
2022-11-11,2022-11-11 15:25:00,259.0,266.3,257.6,261.65,4403867,1152271800.55,0.03359073359073355,447905610.625,0.03349960601114421,True
2022-11-14,2022-11-14 15:25:00,264.0,266.9,261.1,262.1,1026196,268965971.6,0.0219696969696968,447905610.625,0.033423807162339225,False
2022-11-15,2022-11-15 15:25:00,263.4,271.9,262.05,269.9,1953131,527150056.9,0.037395596051632375,435716541.42499995,0.033423807162339225,False
2022-11-16,2022-11-16 15:25:00,271.0,275.5,270.05,272.35,2146753,584668179.5500001,0.020110701107011027,435716541.42499995,0.03366653243953853,False
2022-11-17,2022-11-17 15:25:00,273.15,274.45,266.45,268.3,705409,189261234.70000002,0.029287937030935386,435716541.42499995,0.03366653243953853,False
2022-11-18,2022-11-18 15:25:00,267.0,268.6,257.0,261.0,1342892,350494812.0,0.043445692883895215,424415807.79999995,0.033423807162339225,False
2022-11-21,2022-11-21 15:25:00,262.25,268.2,258.15,267.0,853155,227792385.0,0.03832221163012397,424415807.79999995,0.03366653243953853,False
2022-11-22,2022-11-22 15:25:00,265.85,270.85,264.5,269.0,1128378,303533682.0,0.023885649802520302,424415807.79999995,0.03366653243953853,False
2022-11-23,2022-11-23 15:25:00,268.25,273.5,268.25,270.6,1496313,404902297.8,0.0195712954333644,424415807.79999995,0.03366653243953853,False
2022-11-24,2022-11-24 15:25:00,272.45,280.9,271.25,276.75,3236109,895593165.75,0.03541934299871528,424415807.79999995,0.03366653243953853,False
2022-11-25,2022-11-25 15:25:00,278.85,283.4,278.25,281.3,1376268,387144188.40000004,0.018468710776403,435716541.42499995,0.03458083714352939,False
2022-11-28,2022-11-28 15:25:00,280.0,283.75,278.35,281.0,1228640,345247840.0,0.019285714285714205,435716541.42499995,0.03458083714352939,False
2022-11-29,2022-11-29 15:25:00,280.0,282.5,279.5,280.0,831407,232793960.0,0.010714285714285714,435716541.42499995,0.03458083714352939,False
2022-11-30,2022-11-30 15:25:00,280.0,280.9,274.4,280.0,1340979,375474120.0,0.023214285714285715,435716541.42499995,0.03458083714352939,False
2022-12-01,2022-12-01 15:25:00,280.0,281.25,276.95,279.6,1623147,453831901.20000005,0.015357142857142897,435716541.42499995,0.03458083714352939,False
2022-12-02,2022-12-02 15:25:00,275.4,280.3,275.4,278.0,684820,190379960.0,0.01779230210602772,435716541.42499995,0.03366653243953853,False
2022-12-05,2022-12-05 15:25:00,278.15,283.2,277.55,279.0,2830111,789600969.0,0.020312780873629258,435716541.42499995,0.03366653243953853,False
2022-12-06,2022-12-06 15:25:00,281.0,287.2,279.15,280.0,1032231,289024680.0,0.028647686832740254,435716541.42499995,0.033423807162339225,False
2022-12-07,2022-12-07 15:25:00,280.9,283.65,278.0,281.0,627836,176421916.0,0.020113919544321745,424415807.79999995,0.03270687173952145,False
2022-12-08,2022-12-08 15:25:00,282.5,282.5,275.15,276.0,624946,172485096.0,0.02601769911504433,415415796.05,0.031595672751859316,False
2022-12-09,2022-12-09 15:25:00,277.25,280.0,272.1,277.0,1119764,310174628.0,0.028494138863841216,415415796.05,0.031595672751859316,False
2022-12-12,2022-12-12 15:25:00,277.05,282.55,276.5,281.05,1590145,446910252.25,0.021837213499368385,406961673.95000005,0.030310140787594343,False
2022-12-13,2022-12-13 15:25:00,282.35,287.4,281.35,283.5,1820950,516239325.0,0.021427306534442903,415415796.05,0.030310140787594343,False
2022-12-14,2022-12-14 15:25:00,285.0,288.0,280.5,281.45,1037137,291902208.65,0.02631578947368421,415415796.05,0.029487555896833675,False
2022-12-15,2022-12-15 15:25:00,282.95,284.9,278.0,279.1,708748,197811566.8,0.02438593391058483,406961673.95000005,0.029487555896833675,False
2022-12-16,2022-12-16 15:25:00,279.45,279.8,274.5,275.85,886827,244631227.95000002,0.018965825729110795,404068164.5,0.029338625004017342,False
2022-12-19,2022-12-19 15:25:00,279.65,279.65,272.5,274.9,839235,230705701.49999997,0.025567673878061782,402931133.15,0.029338625004017342,False
2022-12-20,2022-12-20 15:25:00,274.9,277.5,266.75,268.0,2182432,584891776.0,0.039105129137868316,394052078.45000005,0.02896781193183782,False
2022-12-21,2022-12-21 15:25:00,269.8,271.35,261.5,262.15,1495311,391995778.65,0.03650852483320987,394052078.45000005,0.02896781193183782,False
2022-12-22,2022-12-22 15:25:00,262.9,265.0,254.65,256.5,1762906,452185389.0,0.03936858120958538,389569983.525,0.02896781193183782,False
2022-12-23,2022-12-23 15:25:00,250.1,256.25,250.0,251.6,2075911,522299207.59999996,0.02499000399840064,389569983.525,0.02896781193183782,False
2022-12-26,2022-12-26 15:25:00,251.15,257.95,247.55,257.3,901363,231920699.9,0.041409516225363235,389569983.525,0.028570912848290733,False
2022-12-27,2022-12-27 15:25:00,257.9,265.5,254.8,263.25,1141783,300574374.75,0.041488949205118225,381309154.20000005,0.028570912848290733,False
2022-12-28,2022-12-28 15:25:00,263.4,270.9,262.1,266.3,814596,216926914.8,0.03340926347760044,365936297.975,0.028570912848290733,False
2022-12-29,2022-12-29 15:25:00,268.0,270.4,265.0,265.2,423346,112271359.19999999,0.0201492537313432,353446643.975,0.028570912848290733,False
2022-12-30,2022-12-30 15:25:00,267.95,272.35,263.9,269.0,917955,246929895.0,0.03153573427878353,347871326.0,0.028570912848290733,False
2023-01-02,2023-01-02 15:25:00,267.0,273.0,265.0,272.4,1504888,409931491.2,0.0299625468164794,347871326.0,0.028570912848290733,False
2023-01-03,2023-01-03 15:25:00,275.95,275.95,269.0,275.0,742028,204057700.0,0.025185722051096173,347871326.0,0.028570912848290733,False
2023-01-04,2023-01-04 15:25:00,275.25,277.1,270.0,272.7,1017672,277519154.4,0.025794732061762117,338061183.275,0.02809169094586481,False
2023-01-05,2023-01-05 15:25:00,272.5,273.9,269.0,271.0,946134,256402314.0,0.017981651376146705,327443151.9,0.027374033278650095,False
2023-01-06,2023-01-06 15:25:00,270.05,271.2,267.2,270.5,717862,194181671.0,0.014812071838548416,317093202.625,0.026687306501548,False
2023-01-09,2023-01-09 15:25:00,272.0,291.4,271.1,288.8,6438627,1859475477.6000001,0.0746323529411763,306854155.0,0.026166744294364268,True
2023-01-10,2023-01-10 15:25:00,286.5,298.6,285.5,289.15,4629089,1338501084.35,0.0457242582897034,317093202.625,0.026166744294364268,True
2023-01-11,2023-01-11 15:25:00,291.0,300.0,288.0,299.2,4622369,1383012804.8,0.041237113402061855,320524577.275,0.026166744294364268,True
2023-01-12,2023-01-12 15:25:00,300.7,305.0,293.2,294.05,3559195,1046581289.75,0.03924176920518793,338061183.275,0.026166744294364268,True
2023-01-13,2023-01-13 15:25:00,296.5,310.7,295.9,310.6,5895169,1831039491.4,0.04991568296795957,347871326.0,0.027002516250786306,True
2023-01-16,2023-01-16 15:25:00,311.3,315.4,300.1,303.6,4315156,1310081361.6000001,0.049148731127529564,347871326.0,0.027002516250786306,True
2023-01-17,2023-01-17 15:25:00,303.3,310.2,301.75,306.0,3235907,990187542.0,0.027860204418067882,347871326.0,0.027002516250786306,False
2023-01-18,2023-01-18 15:25:00,307.0,310.95,303.1,309.5,2767809,856636885.5,0.02557003257328979,347871326.0,0.027002516250786306,False
2023-01-19,2023-01-19 15:25:00,308.4,315.3,307.55,313.4,4877550,1528624170.0,0.02512970168612192,353446643.975,0.026166744294364268,True
2023-01-20,2023-01-20 15:25:00,315.0,315.05,310.1,311.25,2695576,838998030.0,0.015714285714285677,353446643.975,0.025906215588403225,False
2023-01-23,2023-01-23 15:25:00,312.7,313.25,297.0,303.4,2592814,786659767.5999999,0.05196674128557723,353446643.975,0.025685827569342554,False
2023-01-24,2023-01-24 15:25:00,304.85,308.3,294.0,299.0,2339330,699459670.0,0.04690831556503201,353446643.975,0.025685827569342554,False
2023-01-25,2023-01-25 15:25:00,299.0,311.8,297.0,299.5,3631591,1087661504.5,0.04949832775919736,353446643.975,0.025685827569342554,True
2023-01-27,2023-01-27 15:25:00,300.0,306.25,286.5,299.9,3331343,999069765.6999999,0.06583333333333333,362984466.0,0.025906215588403225,False
2023-01-30,2023-01-30 15:25:00,299.1,305.8,298.55,301.5,3377566,1018336149.0,0.024239384821130056,381309154.20000005,0.026166744294364268,True
2023-01-31,2023-01-31 15:25:00,304.0,306.5,298.15,301.75,1907650,575633387.5,0.02746710526315797,381309154.20000005,0.025906215588403225,False
2023-02-01,2023-02-01 15:25:00,303.85,306.0,291.55,302.8,2729596,826521668.8000001,0.04755636004607532,389569983.525,0.026166744294364268,False
2023-02-02,2023-02-02 15:25:00,303.45,308.3,300.05,304.7,1708927,520710056.9,0.027187345526445875,398449038.225,0.02689144736842109,False
2023-02-03,2023-02-03 15:25:00,307.0,310.5,303.9,307.8,3175191,977323789.8000001,0.02149837133550496,407416894.5,0.027327225394801924,False
2023-02-06,2023-02-06 15:25:00,308.0,310.0,306.1,308.0,2058634,634059272.0,0.012662337662337588,428420871.725,0.026751567500065042,False
2023-02-07,2023-02-07 15:25:00,308.95,319.5,307.85,315.7,3711348,1171672563.6,0.03770836704968434,428420871.725,0.026166744294364268,True
2023-02-08,2023-02-08 15:25:00,316.1,319.45,315.0,315.05,1535427,483736276.35,0.014077823473584272,449547820.625,0.026751567500065042,False
2023-02-09,2023-02-09 15:25:00,316.35,316.35,306.05,312.5,2586398,808249375.0,0.03255887466413786,449547820.625,0.026166744294364268,False
2023-02-10,2023-02-10 15:25:00,321.15,333.0,318.2,327.35,7215216,2361900957.6000004,0.04608438424412272,449547820.625,0.026751567500065042,True
2023-02-13,2023-02-13 15:25:00,328.8,335.25,328.0,333.8,4175742,1393862679.6000001,0.022049878345498784,453008645.1,0.026751567500065042,True
2023-02-14,2023-02-14 15:25:00,334.0,338.6,333.3,334.9,3542397,1186348755.3,0.015868263473053926,468784088.77500004,0.026166744294364268,False
2023-02-15,2023-02-15 15:25:00,334.95,336.35,315.45,320.9,4079058,1308969712.1999998,0.06239737274220043,499987800.675,0.025906215588403225,True
2023-02-16,2023-02-16 15:25:00,322.95,327.45,321.5,321.8,4064375,1307915875.0,0.01842390462919953,518474690.95,0.026166744294364268,False
2023-02-17,2023-02-17 15:25:00,320.95,325.75,317.5,318.0,2433271,773780178.0,0.025704938463935192,521504632.25,0.026166744294364268,False
2023-02-20,2023-02-20 15:25:00,319.95,323.8,314.0,315.0,7733369,2436011235.0,0.030629785904047545,521504632.25,0.025906215588403225,True
2023-02-21,2023-02-21 15:25:00,316.3,324.35,315.05,318.95,3223564,1028155737.8,0.029402466013278568,548966297.55,0.026166744294364268,True
2023-02-22,2023-02-22 15:25:00,318.75,320.8,312.0,313.0,2917493,913175309.0,0.027607843137254937,580262581.75,0.026751567500065042,False
2023-02-23,2023-02-23 15:25:00,315.7,320.5,312.65,312.95,3638255,1138591902.25,0.024865378523915183,609475524.0,0.027327225394801924,True
2023-02-24,2023-02-24 15:25:00,315.75,319.85,313.0,313.65,3870871,1214098689.1499999,0.021694378463974734,666759471.0,0.027327225394801924,True
2023-02-27,2023-02-27 15:25:00,314.4,319.75,308.4,309.4,3499764,1082826981.6,0.036100508905852494,736619924.0,0.027327225394801924,True
2023-02-28,2023-02-28 15:25:00,315.0,318.8,298.8,302.9,78433662,23757556219.8,0.06349206349206349,780219972.8,0.027537474200206455,True
2023-03-01,2023-03-01 15:25:00,300.0,309.6,299.15,307.65,1525169,469218242.84999996,0.03483333333333349,780219972.8,0.02773402377766141,False
2023-03-02,2023-03-02 15:25:00,308.9,309.8,291.0,297.0,3926537,1166181489.0,0.06086112010359344,780219972.8,0.02773402377766141,True
2023-03-03,2023-03-03 15:25:00,302.0,306.0,296.1,301.0,2238672,673840272.0,0.03278145695364231,797454571.3,0.028177171640954547,False
2023-03-06,2023-03-06 15:25:00,301.0,301.6,294.05,298.75,1733470,517874162.5,0.025083056478405353,797454571.3,0.028948302438559892,False
2023-03-08,2023-03-08 15:25:00,298.7,305.4,297.0,300.0,2087164,626149200.0,0.028121861399397315,797454571.3,0.028631335215673223,False
2023-03-09,2023-03-09 15:25:00,301.65,304.8,295.1,296.0,1810810,535999760.0,0.03215647273330015,797454571.3,0.02876216370633794,False
2023-03-10,2023-03-10 15:25:00,295.85,302.0,294.0,296.4,2161456,640655558.4,0.027040730099712692,797454571.3,0.029682506414878983,False
2023-03-13,2023-03-13 15:25:00,296.85,298.2,286.8,291.05,2078535,604957611.75,0.03840323395654363,797454571.3,0.029682506414878983,False
2023-03-14,2023-03-14 15:25:00,290.0,298.2,280.75,293.4,2053950,602628930.0,0.06017241379310341,797454571.3,0.03029616636026347,False
2023-03-15,2023-03-15 15:25:00,293.2,299.7,289.1,292.4,1557044,455279665.59999996,0.03615279672578433,797454571.3,0.031082760091415536,False
2023-03-16,2023-03-16 15:25:00,292.95,294.0,283.5,291.0,1769702,514983282.0,0.035842293906810034,797454571.3,0.031846103506041834,False
2023-03-17,2023-03-17 15:25:00,292.05,293.45,286.0,288.8,1800292,519924329.6,0.025509330594076316,797454571.3,0.031846103506041834,False
2023-03-20,2023-03-20 15:25:00,285.5,291.0,276.65,289.95,2343733,679565383.35,0.05026269702276716,797454571.3,0.031082760091415536,False
2023-03-21,2023-03-21 15:25:00,288.35,298.95,288.35,294.5,2260672,665767904.0,0.0367608808739378,797454571.3,0.031082760091415536,False
2023-03-22,2023-03-22 15:25:00,297.8,299.8,292.2,293.0,791053,231778529.0,0.025520483546004107,797454571.3,0.031846103506041834,False
2023-03-23,2023-03-23 15:25:00,292.95,298.9,292.15,295.7,1143556,338149509.2,0.02304147465437788,797454571.3,0.031082760091415536,False
2023-03-24,2023-03-24 15:25:00,296.0,296.85,286.1,287.0,1057184,303411808.0,0.036317567567567564,797454571.3,0.03029616636026347,False
2023-03-27,2023-03-27 15:25:00,290.0,291.9,284.1,289.15,1468032,424481452.79999995,0.026896551724137775,797454571.3,0.03029616636026347,False
2023-03-28,2023-03-28 15:25:00,289.35,291.45,283.25,288.1,1097169,316094388.90000004,0.02833938137204074,797454571.3,0.03029616636026347,False
2023-03-29,2023-03-29 15:25:00,289.0,308.05,287.4,305.0,2921284,890991620.0,0.07145328719723196,797454571.3,0.029682506414878983,False
2023-03-31,2023-03-31 15:25:00,307.6,307.6,297.55,299.5,2749817,823570191.5,0.03267230169050719,817385521.9000001,0.030016125958663056,False
2023-04-03,2023-04-03 15:25:00,303.0,304.8,295.6,296.4,1245090,369044676.0,0.030363036303630325,825045930.1500001,0.03139312931867384,False
2023-04-05,2023-04-05 15:25:00,294.05,297.0,289.1,290.55,2581464,750044365.2,0.026866179221220803,825045930.1500001,0.03139312931867384,False
2023-04-06,2023-04-06 15:25:00,290.5,292.35,290.0,290.75,872529,253687806.75,0.008089500860585276,825045930.1500001,0.03139312931867384,False
2023-04-10,2023-04-10 15:25:00,290.1,291.3,286.85,287.0,2147698,616389326.0,0.015339538090313645,825045930.1500001,0.03139312931867384,False
2023-04-11,2023-04-11 15:25:00,288.15,295.5,286.8,294.6,1140963,336127699.8,0.030192608016657952,815909783.25,0.030496411103838935,False
2023-04-12,2023-04-12 15:25:00,295.0,303.0,292.75,301.5,1160359,349848238.5,0.03474576271186441,797454571.3,0.030277822160144137,False
2023-04-13,2023-04-13 15:25:00,302.0,306.0,296.5,296.5,1459639,432782963.5,0.03145695364238411,780219972.8,0.030277822160144137,False
2023-04-17,2023-04-17 15:25:00,299.0,305.5,298.05,301.2,1657774,499321528.79999995,0.02491638795986618,761912271.6,0.030277822160144137,False
2023-04-18,2023-04-18 15:25:00,303.0,304.95,300.5,304.0,912773,277482992.0,0.01468646864686465,724752017.6,0.02979753701496826,False
2023-04-19,2023-04-19 15:25:00,303.85,303.9,296.3,299.25,591063,176875602.75,0.025012341615928798,689512526.675,0.02887092369265965,False
2023-04-20,2023-04-20 15:25:00,299.5,302.1,295.35,300.8,754339,226905171.20000002,0.022537562604340568,676702827.675,0.02887092369265965,False
2023-04-21,2023-04-21 15:25:00,298.0,304.0,294.3,302.9,905010,274127529.0,0.03255033557046976,669804088.0,0.02887092369265965,False
2023-04-24,2023-04-24 15:25:00,304.0,304.4,300.25,301.5,559643,168732364.5,0.013651315789473609,653211731.2,0.02979753701496826,False
2023-04-25,2023-04-25 15:25:00,302.9,307.35,299.1,305.6,1322268,404085100.8,0.027236711786068013,637357415.2,0.02979753701496826,False
2023-04-26,2023-04-26 15:25:00,306.15,310.8,302.7,307.8,2235778,688172468.4,0.026457618814306787,630104236.0,0.02887092369265965,False
2023-04-27,2023-04-27 15:25:00,309.25,310.2,303.0,306.0,1135688,347520528.0,0.023282134195634564,630104236.0,0.028230621385719027,False
2023-04-28,2023-04-28 15:25:00,307.75,310.8,303.8,307.75,1188612,365795343.0,0.022745735174654752,621269263.0,0.027864852268326128,False
2023-05-02,2023-05-02 15:25:00,308.0,311.35,305.25,305.65,992712,303422422.79999995,0.019805194805194878,610673468.875,0.027537474200206455,False
2023-05-03,2023-05-03 15:25:00,306.8,316.4,305.1,311.0,2684622,834917442.0,0.03683181225554092,603793270.875,0.027537474200206455,False
2023-05-04,2023-05-04 15:25:00,313.65,315.8,309.0,309.8,789736,244660212.8,0.02168021680216806,610673468.875,0.027864852268326128,False
2023-05-05,2023-05-05 15:25:00,308.7,311.25,303.5,303.75,1838623,558481736.25,0.025105280207321026,603793270.875,0.027422277461661475,False
2023-05-08,2023-05-08 15:25:00,306.75,314.15,290.0,312.0,3567128,1112943936.0,0.07872860635696814,603793270.875,0.027422277461661475,True
2023-05-09,2023-05-09 15:25:00,315.5,323.4,309.3,319.55,3478095,1111425257.25,0.04469096671949276,603793270.875,0.027864852268326128,True
2023-05-10,2023-05-10 15:25:00,323.0,325.0,315.0,316.0,1520098,480350968.0,0.030959752321981424,603793270.875,0.028230621385719027,False
2023-05-11,2023-05-11 15:25:00,316.7,329.0,316.45,325.5,4776606,1554785253.0,0.03962740764130095,580555333.125,0.028230621385719027,True
2023-05-12,2023-05-12 15:25:00,326.3,335.0,322.85,332.0,4618410,1533312120.0,0.037235672693839955,603793270.875,0.02887092369265965,True
2023-05-15,2023-05-15 15:25:00,330.3,341.5,329.05,329.6,3193769,1052666262.4000001,0.03769300635785646,603793270.875,0.02887092369265965,True
2023-05-16,2023-05-16 15:25:00,332.0,344.7,331.0,338.1,3032186,1025182086.6,0.041265060240963825,603793270.875,0.02887092369265965,True
2023-05-17,2023-05-17 15:25:00,338.45,340.4,332.45,336.0,1450417,487340112.0,0.023489437139902463,603793270.875,0.02979753701496826,False
2023-05-18,2023-05-18 15:25:00,339.0,339.8,334.65,336.0,771703,259292208.0,0.015191740412979451,580555333.125,0.02979753701496826,False
2023-05-19,2023-05-19 15:25:00,338.25,344.75,333.25,341.6,1277740,436475984.0,0.03399852180339985,547240748.125,0.02887092369265965,False
2023-05-22,2023-05-22 15:25:00,340.95,354.6,339.1,352.5,3433967,1210473367.5,0.04546121132130811,527962044.8,0.02979753701496826,True
2023-05-23,2023-05-23 15:25:00,351.65,362.0,351.1,356.9,2634019,940081381.0999999,0.030996729702829455,527962044.8,0.030277822160144137,False
2023-05-24,2023-05-24 15:25:00,356.0,365.55,354.55,364.0,1783800,649303200.0,0.03089887640449438,527962044.8,0.030277822160144137,False
2023-05-25,2023-05-25 15:25:00,363.85,375.0,358.45,373.5,3869417,1445227249.5,0.04548577710595028,527962044.8,0.030630956354062353,True
2023-05-26,2023-05-26 15:25:00,375.1,389.25,373.3,385.25,3029485,1167109096.25,0.04252199413489733,527962044.8,0.030929314363237904,True
2023-05-29,2023-05-29 15:25:00,388.9,395.3,378.0,381.1,2933775,1118061652.5,0.044484443301619984,527962044.8,0.03097824101240544,True
2023-05-30,2023-05-30 15:25:00,383.35,388.7,375.55,386.0,3147630,1214985180.0,0.03430285639754787,527962044.8,0.03122684167260678,True
2023-05-31,2023-05-31 15:25:00,385.9,397.8,382.0,390.0,6086278,2373648420.0,0.040943249546514675,527962044.8,0.03122684167260678,True
2023-06-01,2023-06-01 15:25:00,392.75,394.3,386.2,387.75,3429997,1329981336.75,0.02062380649267988,527962044.8,0.03122684167260678,True
2023-06-02,2023-06-02 15:25:00,390.55,392.0,378.1,379.85,1854498,704431065.3000001,0.035590833440020425,547240748.125,0.03097824101240544,False
2023-06-05,2023-06-05 15:25:00,380.85,383.25,377.6,380.0,3087353,1173194140.0,0.01483523696993561,547240748.125,0.03097824101240544,False
2023-06-06,2023-06-06 15:25:00,381.0,382.65,373.0,374.3,943044,352981369.2,0.025328083989501253,547240748.125,0.030929314363237904,False
2023-06-07,2023-06-07 15:25:00,376.65,380.6,369.0,370.35,1345581,498335923.35,0.030797822912518317,547240748.125,0.030929314363237904,False
2023-06-08,2023-06-08 15:25:00,372.2,377.0,371.1,373.5,1326952,495616572.0,0.01585169263836641,527962044.8,0.030929314363237904,False
2023-06-09,2023-06-09 15:25:00,375.0,389.0,374.25,379.95,1521242,577995897.9,0.03933333333333333,517453805.8,0.03084834965850635,False
2023-06-12,2023-06-12 15:25:00,382.0,384.8,376.05,379.85,830209,315354888.65000004,0.022905759162303665,517453805.8,0.030929314363237904,False
2023-06-13,2023-06-13 15:25:00,377.85,383.9,375.85,381.5,1071853,408911919.5,0.021304750562392363,507152405.4,0.03084834965850635,False
2023-06-14,2023-06-14 15:25:00,383.9,384.0,376.1,376.75,1355628,510732849.0,0.020578275592602183,498828726.075,0.03058042960807432,False
2023-06-15,2023-06-15 15:25:00,377.4,381.0,376.35,378.6,689212,260935663.20000002,0.012321144674085792,505027188.9,0.030277822160144137,False
2023-06-16,2023-06-16 15:25:00,379.4,380.95,373.6,378.75,1251542,474021532.5,0.01937269372693718,498828726.075,0.029265994694349345,False
2023-06-19,2023-06-19 15:25:00,377.0,380.25,362.4,364.35,4430074,1614097461.9,0.047347480106100855,496976247.675,0.029265994694349345,True
2023-06-20,2023-06-20 15:25:00,366.9,371.0,363.4,367.25,2213946,813071668.5,0.020714091032979078,496976247.675,0.029265994694349345,False
2023-06-21,2023-06-21 15:25:00,369.0,379.75,367.95,375.5,1623652,609681326.0,0.031978319783197866,496976247.675,0.027788046579054378,False
2023-06-22,2023-06-22 15:25:00,377.45,379.4,371.05,371.9,612822,227908501.79999998,0.022122135382169734,498828726.075,0.029265994694349345,False
2023-06-23,2023-06-23 15:25:00,373.35,373.35,364.4,370.0,1163800,430606000.0,0.02397214410070991,498828726.075,0.029265994694349345,False
2023-06-26,2023-06-26 15:25:00,370.0,374.8,367.15,372.85,1700750,634124637.5,0.020675675675675766,498828726.075,0.027788046579054378,False
2023-06-27,2023-06-27 15:25:00,374.0,378.75,371.0,373.5,645707,241171564.5,0.02072192513368984,505027188.9,0.027788046579054378,False
2023-06-28,2023-06-28 15:25:00,375.0,377.8,371.3,374.8,646323,242241860.4,0.017333333333333333,505027188.9,0.027051445503644408,False
2023-06-30,2023-06-30 15:25:00,376.25,379.95,374.6,377.0,873979,329490083.0,0.014219269102989943,498828726.075,0.026661899017763793,False
2023-07-03,2023-07-03 15:25:00,379.95,383.9,375.6,377.95,799484,302164977.8,0.021844979602579168,496976247.675,0.02589285140190402,False
2023-07-04,2023-07-04 15:25:00,379.9,381.8,375.25,378.5,554873,210019430.5,0.01724137931034486,496976247.675,0.025216682098411138,False
2023-07-05,2023-07-05 15:25:00,378.5,385.0,378.0,383.0,1235232,473093856.0,0.018494055482166448,491478342.0,0.025058810911624912,False
2023-07-06,2023-07-06 15:25:00,385.0,395.0,384.3,389.0,2404850,935486650.0,0.027792207792207764,491478342.0,0.025058810911624912,False
2023-07-07,2023-07-07 15:25:00,392.35,393.85,384.7,385.1,1203652,463526385.20000005,0.023321014400407885,491478342.0,0.025216682098411138,False
2023-07-10,2023-07-10 15:25:00,386.45,389.8,379.9,387.0,1891298,731932326.0,0.025617803079311774,491478342.0,0.025058810911624912,False
2023-07-11,2023-07-11 15:25:00,389.85,400.0,386.95,399.95,2569910,1027835504.5,0.03347441323585997,496976247.675,0.025058810911624912,True
2023-07-12,2023-07-12 15:25:00,403.5,407.65,401.75,404.0,1770279,715192716.0,0.014622057001239102,498828726.075,0.025058810911624912,False
2023-07-13,2023-07-13 15:25:00,406.9,408.45,401.5,402.9,1160915,467732653.5,0.017080363725731112,504534386.175,0.025058810911624912,False
2023-07-14,2023-07-14 15:25:00,404.5,410.0,397.05,407.4,1223511,498458381.4,0.03201483312731765,504534386.175,0.025058810911624912,False
2023-07-17,2023-07-17 15:25:00,410.9,410.9,405.0,405.8,611383,248099221.4,0.014358724750547523,504595615.2,0.025216682098411138,False
2023-07-18,2023-07-18 15:25:00,409.0,424.0,405.05,420.95,2377529,1000820832.55,0.046332518337408285,504595615.2,0.025216682098411138,True
2023-07-19,2023-07-19 15:25:00,424.05,424.65,414.1,417.2,1563433,652264247.6,0.024879141610659013,534607292.625,0.025216682098411138,False
2023-07-20,2023-07-20 15:25:00,419.1,419.4,411.0,411.0,929410,381987510.0,0.02004294917680739,568238817.075,0.025216682098411138,False
2023-07-21,2023-07-21 15:25:00,413.0,414.0,404.1,407.4,1045024,425742777.59999996,0.023970944309927307,568238817.075,0.02499221090899002,False
2023-07-24,2023-07-24 15:25:00,408.0,412.5,400.05,403.75,1073925,433597218.75,0.030514705882352913,534607292.625,0.02442564285568446,False
2023-07-25,2023-07-25 15:25:00,404.8,409.8,398.5,400.0,977174,390869600.0,0.027915019762845876,534607292.625,0.02499221090899002,False
2023-07-26,2023-07-26 15:25:00,400.0,408.0,398.0,400.0,1933999,773599600.0,0.025,534607292.625,0.025216682098411138,False
2023-07-27,2023-07-27 15:25:00,403.6,404.8,391.2,397.1,3608260,1432840046.0,0.0336967294350843,568238817.075,0.025216682098411138,True
2023-07-28,2023-07-28 15:25:00,403.85,407.3,395.0,404.45,2263069,915298257.05,0.030456852791878198,568238817.075,0.025216682098411138,False
2023-07-31,2023-07-31 15:25:00,403.75,404.95,398.25,401.0,1141483,457734683.0,0.016594427244582016,593838611.95,0.025472943534406513,False
2023-08-01,2023-08-01 15:25:00,401.0,410.05,394.1,405.0,1738101,703930905.0,0.03977556109725683,593838611.95,0.025472943534406513,False
2023-08-02,2023-08-02 15:25:00,409.35,412.35,402.05,408.0,1238682,505382256.0,0.025161841944546258,593838611.95,0.025472943534406513,False
2023-08-03,2023-08-03 15:25:00,409.05,413.1,404.15,406.8,1011996,411679972.8,0.021879965774355324,544364373.45,0.025244962967023755,False
2023-08-04,2023-08-04 15:25:00,409.2,412.45,403.6,407.2,843943,343653589.59999996,0.02162756598240461,544364373.45,0.02508092097227313,False
2023-08-07,2023-08-07 15:25:00,410.0,411.9,403.0,405.5,560494,227280317.0,0.021707317073170675,508057552.5,0.024939570805329506,False
2023-08-08,2023-08-08 15:25:00,404.0,408.9,402.85,408.75,812069,331933203.75,0.014975247524752362,501920318.7,0.02442564285568446,False
2023-08-09,2023-08-09 15:25:00,408.5,409.7,402.2,403.0,724070,291800210.0,0.01835985312117503,498397152.375,0.023971544205318607,False
2023-08-10,2023-08-10 15:25:00,404.0,406.8,400.0,400.0,685434,274173600.0,0.01683168316831686,496976247.675,0.023730190724914883,False
2023-08-11,2023-08-11 15:25:00,403.65,404.9,401.0,404.5,1436785,581179532.5,0.009661835748792215,496976247.675,0.023645979355167594,False
2023-08-14,2023-08-14 15:25:00,403.95,407.25,398.9,402.25,680433,273704174.25,0.02067087510830554,498397152.375,0.023645979355167594,False
2023-08-16,2023-08-16 15:25:00,401.5,413.65,401.0,408.0,1488948,607490784.0,0.03150684931506843,498397152.375,0.023113386781355775,False
2023-08-17,2023-08-17 15:25:00,409.0,425.5,405.95,413.0,2519175,1040419275.0,0.04779951100244501,498397152.375,0.023113386781355775,True
2023-08-18,2023-08-18 15:25:00,414.5,432.0,414.0,430.75,3329138,1434026193.5,0.04342581423401689,498397152.375,0.023113386781355775,True
2023-08-21,2023-08-21 15:25:00,435.0,435.0,421.0,423.4,1854103,785027210.1999999,0.03218390804597701,498397152.375,0.023113386781355775,False
2023-08-22,2023-08-22 15:25:00,426.0,427.9,419.25,424.15,924342,392059659.29999995,0.020305164319248774,498397152.375,0.023113386781355775,False
2023-08-23,2023-08-23 15:25:00,424.95,427.45,414.0,414.95,874998,363080420.09999996,0.0316507824449935,496976247.675,0.022513947272236698,False
2023-08-24,2023-08-24 15:25:00,419.95,420.0,412.25,413.95,841886,348498709.7,0.018454577925943565,484819052.25,0.022513947272236698,False
2023-08-25,2023-08-25 15:25:00,414.45,421.4,412.45,417.3,1136144,474112891.2,0.02159488478706717,473557694.25,0.02200105057826253,False
2023-08-28,2023-08-28 15:25:00,420.0,420.95,408.6,410.55,1113703,457230766.65000004,0.029404761904761822,473557694.25,0.021862472688467246,False
2023-08-29,2023-08-29 15:25:00,412.5,412.65,405.1,408.4,1066643,435617001.2,0.018303030303030193,470413254.75,0.02200105057826253,False
2023-08-30,2023-08-30 15:25:00,408.45,412.4,407.25,409.75,862693,353488456.75,0.012608642428693787,465629519.35,0.021862472688467246,False
2023-08-31,2023-08-31 15:25:00,411.95,435.0,411.0,419.9,7947819,3337289198.1,0.058259497511833964,460630534.1,0.021862472688467246,True
2023-09-01,2023-09-01 15:25:00,424.9,426.0,416.6,424.95,2173303,923545109.85,0.022122852435867212,465629519.35,0.021862472688467246,False
2023-09-04,2023-09-04 15:25:00,426.6,440.0,420.55,437.5,2930241,1281980437.5,0.045593061415846195,465629519.35,0.021862472688467246,True
2023-09-05,2023-09-05 15:25:00,439.95,449.95,433.0,436.45,3809964,1662858787.8,0.03852710535288099,465629519.35,0.02200105057826253,True
2023-09-06,2023-09-06 15:25:00,437.45,438.3,429.7,432.2,1010009,436525889.8,0.019659389644530855,465629519.35,0.02200105057826253,False
2023-09-07,2023-09-07 15:25:00,434.2,449.95,433.0,447.8,2406113,1077457401.4,0.0390373099953938,465629519.35,0.021862472688467246,True
2023-09-08,2023-09-08 15:25:00,450.95,459.7,450.55,454.9,2580599,1173914485.1,0.02029049783789772,470413254.75,0.02200105057826253,True
2023-09-11,2023-09-11 15:25:00,458.2,458.4,445.0,449.95,996506,448377874.7,0.029244871235268394,470413254.75,0.02200105057826253,False
2023-09-12,2023-09-12 15:25:00,454.95,454.95,434.0,438.5,1849050,810808425.0,0.04604901637542585,470413254.75,0.02212249390901847,False
2023-09-13,2023-09-13 15:25:00,439.0,452.0,420.0,448.0,2111427,945919296.0,0.07289293849658314,470413254.75,0.02272193341813755,False
2023-09-14,2023-09-14 15:25:00,446.0,446.5,434.15,444.9,1762113,783964073.6999999,0.027690582959641306,470413254.75,0.02272193341813755,False
2023-09-15,2023-09-15 15:25:00,447.25,454.7,432.0,432.8,4008801,1735009072.8,0.05075461151481272,470413254.75,0.023645979355167594,True
2023-09-18,2023-09-18 15:25:00,439.7,442.95,432.8,440.0,1272194,559765360.0,0.023083920855128445,470413254.75,0.023645979355167594,False
2023-09-20,2023-09-20 15:25:00,439.05,440.0,430.3,432.1,1269913,548729407.3000001,0.022093155677029925,473603373.6,0.023645979355167594,False
2023-09-21,2023-09-21 15:25:00,432.0,437.45,425.15,426.0,1101928,469421328.0,0.02847222222222225,486285636.29999995,0.023202467627768165,False
2023-09-22,2023-09-22 15:25:00,429.8,443.0,422.6,437.8,1513826,662753022.8000001,0.04746393671475099,473603373.6,0.023645979355167594,False
2023-09-25,2023-09-25 15:25:00,441.7,441.95,431.55,433.2,1055941,457433641.2,0.023545392800543304,486285636.29999995,0.02442504296029316,False
2023-09-26,2023-09-26 15:25:00,436.75,445.0,431.4,433.75,1034400,448671000.0,0.03113909559244424,486285636.29999995,0.02442504296029316,False
2023-09-27,2023-09-27 15:25:00,440.35,443.9,433.8,436.9,897067,391928572.29999995,0.022936300669921576,486285636.29999995,0.024939570805329506,False
2023-09-28,2023-09-28 15:25:00,438.05,448.6,433.05,435.6,2086845,909029682.0,0.03549823079557131,486285636.29999995,0.024939570805329506,False
2023-09-29,2023-09-29 15:25:00,438.6,446.7,436.8,444.2,1066551,473761954.2,0.022571819425444544,501920318.7,0.02508092097227313,False
2023-10-03,2023-10-03 15:25:00,442.2,446.9,438.1,444.65,867226,385612040.9,0.01990049751243771,501920318.7,0.02508092097227313,False
2023-10-04,2023-10-04 15:25:00,445.75,446.0,429.0,431.5,1084334,467890121.0,0.03813796971396523,486285636.29999995,0.024939570805329506,False
2023-10-05,2023-10-05 15:25:00,436.0,436.85,424.55,425.25,902233,383674583.25,0.028211009174311952,486285636.29999995,0.02508092097227313,False
2023-10-06,2023-10-06 15:25:00,429.5,430.45,417.05,419.0,1669609,699566171.0,0.03119906868451683,473937422.7,0.02508092097227313,False
2023-10-09,2023-10-09 15:25:00,417.95,419.55,411.45,412.5,894342,368916075.0,0.019380308649360026,473937422.7,0.02508092097227313,False
2023-10-10,2023-10-10 15:25:00,413.25,418.0,410.9,411.95,647310,266659354.5,0.017180883242589286,471591641.1,0.02508092097227313,False
2023-10-11,2023-10-11 15:25:00,416.75,416.75,401.0,404.9,2059573,833921107.6999999,0.03779244151169766,471591641.1,0.02508092097227313,False
2023-10-12,2023-10-12 15:25:00,405.0,408.0,393.05,402.0,5288164,2125841928.0,0.036913580246913553,471591641.1,0.02508092097227313,True
2023-10-13,2023-10-13 15:25:00,400.45,402.45,395.0,396.0,1400098,554438808.0,0.018604070420776598,473937422.7,0.026426212452093784,False
2023-10-16,2023-10-16 15:25:00,396.25,399.05,388.0,394.0,1270179,500450526.0,0.02788643533123031,473937422.7,0.02508092097227313,False
2023-10-17,2023-10-17 15:25:00,394.25,397.3,390.2,392.0,1726259,676693528.0,0.01800887761572612,473937422.7,0.026426212452093784,False
2023-10-18,2023-10-18 15:25:00,392.7,399.8,385.2,387.0,1639534,634499658.0,0.03717850776674312,487281708.6,0.026426212452093784,False
2023-10-19,2023-10-19 15:25:00,386.8,389.4,371.0,380.8,3324505,1265971504.0,0.047569803516028894,502916391.0,0.02778850914543581,True
2023-10-20,2023-10-20 15:25:00,383.0,399.0,376.25,391.7,4670060,1829262502.0,0.05939947780678851,527055831.65000004,0.02778850914543581,True
2023-10-23,2023-10-23 15:25:00,400.0,406.9,378.55,381.25,3243468,1236572175.0,0.07087499999999991,551584107.6500001,0.02778850914543581,True
2023-10-25,2023-10-25 15:25:00,389.0,394.0,367.95,373.3,2417206,902342999.8000001,0.06696658097686378,551584107.6500001,0.028048722252771132,False
2023-10-26,2023-10-26 15:25:00,375.0,376.1,359.2,373.0,2216477,826745921.0,0.045066666666666755,551584107.6500001,0.028048722252771132,False
2023-10-27,2023-10-27 15:25:00,375.0,387.9,375.0,383.3,1818009,696842849.7,0.03439999999999994,551584107.6500001,0.028048722252771132,False
2023-10-30,2023-10-30 15:25:00,387.8,394.2,383.05,391.0,1336589,522606299.0,0.028751933986590966,557102084.0,0.0283416156982671,False
2023-10-31,2023-10-31 15:25:00,395.0,397.5,388.4,389.45,1172951,456805766.95,0.023037974683544363,551584107.6500001,0.0283416156982671,False
2023-11-01,2023-11-01 15:25:00,390.1,391.35,376.2,380.7,1274343,485142380.09999996,0.03883619584721875,551584107.6500001,0.0283416156982671,False
2023-11-02,2023-11-02 15:25:00,384.5,388.6,381.15,382.8,567301,217162822.8,0.019375812743823266,551584107.6500001,0.028612078104406607,False
2023-11-03,2023-11-03 15:25:00,387.5,387.5,378.0,378.05,1738311,657168473.5500001,0.024516129032258065,551584107.6500001,0.028612078104406607,False
2023-11-06,2023-11-06 15:25:00,381.85,385.0,370.95,376.95,1312125,494605518.75,0.03679455283488284,557102084.0,0.028612078104406607,False
2023-11-07,2023-11-07 15:25:00,376.7,390.8,376.7,388.9,1020048,396696667.2,0.03743031590124774,557102084.0,0.02899840261092968,False
2023-11-08,2023-11-08 15:25:00,392.5,398.8,381.55,382.1,1239144,473476922.40000004,0.04394904458598726,557102084.0,0.029324816570015108,False
2023-11-09,2023-11-09 15:25:00,386.45,386.9,378.9,383.8,2751263,1055934739.4,0.0207012550135852,557102084.0,0.03027192874860303,True
2023-11-10,2023-11-10 15:25:00,386.25,389.55,379.6,387.5,1117384,432986300.0,0.025760517799352723,557102084.0,0.03027192874860303,False
2023-11-13,2023-11-13 15:25:00,387.7,390.0,380.5,382.05,1369379,523171246.95,0.024503482073768377,557102084.0,0.03027192874860303,False
2023-11-15,2023-11-15 15:25:00,388.4,397.5,379.15,393.7,1995338,785564570.6,0.04724510813594239,551584107.6500001,0.029324816570015108,False
2023-11-16,2023-11-16 15:25:00,394.3,401.2,387.35,397.5,2326265,924690337.5,0.03512553892974883,551584107.6500001,0.029324816570015108,False
2023-11-17,2023-11-17 15:25:00,400.8,400.95,387.0,389.9,1473103,574362859.6999999,0.034805389221556855,551584107.6500001,0.029324816570015108,False
2023-11-20,2023-11-20 15:25:00,389.65,396.25,383.0,393.5,1127292,443589402.0,0.03400487617092263,551584107.6500001,0.029324816570015108,False
2023-11-21,2023-11-21 15:25:00,395.1,395.8,389.15,389.8,943422,367745895.6,0.016831181979245845,551584107.6500001,0.03027192874860303,False
2023-11-22,2023-11-22 15:25:00,389.65,469.35,386.0,469.35,15950020,7486141887.0,0.213909919158219,551584107.6500001,0.029324816570015108,True
2023-11-23,2023-11-23 15:25:00,498.0,503.45,455.55,460.05,23745738,10924226766.9,0.09618473895582325,557102084.0,0.03027192874860303,True
2023-11-24,2023-11-24 15:25:00,467.25,471.15,427.3,428.4,6422700,2751484680.0,0.09384697699304434,567064109.8499999,0.031169082138480533,True
2023-11-28,2023-11-28 15:25:00,433.0,437.2,410.1,425.35,10681438,4543349653.3,0.06258660508083133,604431258.8499999,0.03260197242771973,True
2023-11-29,2023-11-29 15:25:00,431.5,449.7,429.0,440.0,4004371,1761923240.0,0.04797219003476243,645834065.7750001,0.03420243808546128,True
2023-11-30,2023-11-30 15:25:00,440.05,454.9,438.85,451.7,4489696,2027995683.2,0.03647312805363016,659960748.1750001,0.034602694610778396,True
2023-12-01,2023-12-01 15:25:00,453.9,458.6,443.7,455.5,2796781,1273933745.5,0.03282661379158413,659960748.1750001,0.034602694610778396,True
2023-12-04,2023-12-04 15:25:00,459.95,472.25,459.0,468.5,2979723,1396000225.5,0.028807479073812373,659960748.1750001,0.034602694610778396,True
2023-12-05,2023-12-05 15:25:00,474.0,474.5,463.0,473.0,2471922,1169219106.0,0.024261603375527425,659960748.1750001,0.03420243808546128,True
2023-12-06,2023-12-06 15:25:00,475.0,476.3,451.95,454.9,1851870,842415663.0,0.05126315789473689,659960748.1750001,0.03341574498125338,False
2023-12-07,2023-12-07 15:25:00,458.5,463.7,448.5,454.5,1536980,698557410.0,0.03315158124318427,669723275.4000001,0.03420243808546128,False
2023-12-08,2023-12-08 15:25:00,458.1,460.45,446.6,458.0,3162128,1448254624.0,0.030233573455577308,669723275.4000001,0.033578228707053445,True
2023-12-11,2023-12-11 15:25:00,454.85,455.6,446.5,450.6,1639988,738978592.8000001,0.020006595580960806,669723275.4000001,0.033578228707053445,False
2023-12-12,2023-12-12 15:25:00,451.0,452.75,445.0,447.1,1704412,762042605.2,0.017184035476718405,686768188.85,0.033578228707053445,False
2023-12-13,2023-12-13 15:25:00,445.6,466.0,440.0,465.2,3117453,1450239135.6,0.05834829443447037,686768188.85,0.0329890975173842,True
2023-12-14,2023-12-14 15:25:00,464.95,475.2,455.0,460.0,2982393,1371900780.0,0.04344553177761047,686768188.85,0.0329890975173842,True
2023-12-15,2023-12-15 15:25:00,464.45,464.45,455.1,455.1,2226287,1013183213.7,0.02013133814188818,686768188.85,0.033578228707053445,True
2023-12-18,2023-12-18 15:25:00,463.75,467.75,455.0,455.9,1694186,772379397.4,0.027493261455525605,686768188.85,0.0329890975173842,False
2023-12-19,2023-12-19 15:25:00,456.5,458.95,447.4,453.35,1977733,896605255.5500001,0.025301204819277133,697700129.85,0.0329890975173842,False
2023-12-20,2023-12-20 15:25:00,458.9,458.9,442.05,446.0,3052572,1361447112.0,0.036718239267814264,699061790.5,0.0329890975173842,True
2023-12-21,2023-12-21 15:25:00,442.0,459.0,436.05,453.85,1622884,736545903.4000001,0.0519230769230769,719272381.9000001,0.033578228707053445,False
2023-12-22,2023-12-22 15:25:00,462.65,469.75,456.55,463.0,2491891,1153745533.0,0.028531287150113452,737762248.1000001,0.033578228707053445,True
2023-12-26,2023-12-26 15:25:00,470.0,473.0,461.1,463.65,1039959,482176990.34999996,0.025319148936170165,750510599.0,0.033578228707053445,False
2023-12-27,2023-12-27 15:25:00,468.9,468.9,457.0,458.5,785320,360069220.0,0.02537854553209635,750510599.0,0.033578228707053445,False
2023-12-28,2023-12-28 15:25:00,458.4,463.4,450.05,452.45,1312074,593647881.3,0.029123036649214586,750510599.0,0.033578228707053445,False
2023-12-29,2023-12-29 15:25:00,455.0,459.9,448.35,452.0,1365054,617004408.0,0.025384615384615283,737762248.1000001,0.0329890975173842,False
2024-01-01,2024-01-01 15:25:00,458.7,458.7,448.3,449.0,552009,247852041.0,0.022672770874209675,737762248.1000001,0.0329890975173842,False
2024-01-02,2024-01-02 15:25:00,450.6,454.2,445.0,449.5,1454447,653773926.5,0.020417221482467794,737762248.1000001,0.0329890975173842,False
2024-01-03,2024-01-03 15:25:00,453.0,458.0,448.35,450.9,2460760,1109556684.0,0.02130242825607059,737762248.1000001,0.03201284123805048,True
2024-01-04,2024-01-04 15:25:00,454.6,469.85,453.55,462.0,2423433,1119626046.0,0.035855697316322065,750510599.0,0.03201284123805048,True
2024-01-05,2024-01-05 15:25:00,480.0,488.0,465.0,466.9,4799008,2240656835.2,0.04791666666666667,767211001.3,0.0329890975173842,True
2024-01-08,2024-01-08 15:25:00,471.0,480.9,466.55,469.95,1860309,874252214.55,0.0304670912951167,778971984.0,0.033578228707053445,False
2024-01-09,2024-01-09 15:25:00,474.9,477.05,469.0,470.25,1322800,622046700.0,0.016950937039376737,806155245.8,0.033578228707053445,False
2024-01-10,2024-01-10 15:25:00,472.65,473.9,462.1,465.5,1080167,502817738.5,0.02496561938009088,778971984.0,0.0329890975173842,False
2024-01-11,2024-01-11 15:25:00,470.0,472.7,462.05,463.6,1139051,528064043.6,0.02265957446808506,767211001.3,0.031646852543350416,False
2024-01-12,2024-01-12 15:25:00,463.6,466.8,459.0,460.3,670821,308778906.3,0.01682484900776534,767211001.3,0.031646852543350416,False
2024-01-15,2024-01-15 15:25:00,462.45,463.4,454.1,456.25,1123938,512796712.5,0.02011028219266938,767211001.3,0.031646852543350416,False
2024-01-16,2024-01-16 15:25:00,456.9,459.05,449.55,454.5,1091291,495991759.5,0.020792295907200702,767211001.3,0.031646852543350416,False
2024-01-17,2024-01-17 15:25:00,450.5,474.8,447.75,463.5,3791219,1757230006.5,0.060044395116537204,767211001.3,0.030350332375347004,True
2024-01-18,2024-01-18 15:25:00,460.0,462.1,450.1,453.5,2189824,993085184.0,0.02608695652173913,767211001.3,0.030350332375347004,False
2024-01-19,2024-01-19 15:25:00,459.9,460.0,452.2,453.95,1682855,763932027.25,0.016960208741030686,767211001.3,0.029678305052395947,False
2024-01-20,2024-01-20 15:25:00,459.0,459.9,449.15,449.85,479154,215547426.9,0.023420479302832243,762987316.225,0.02896525786151348,False
2024-01-23,2024-01-23 15:25:00,457.4,468.75,437.1,447.3,5945106,2659245913.8,0.06919545255793612,750510599.0,0.02877970653020167,True
2024-01-24,2024-01-24 15:25:00,425.1,451.55,414.3,450.0,7680542,3456243900.0,0.08762644083745001,750510599.0,0.02877970653020167,True
2024-01-25,2024-01-25 15:25:00,450.0,472.0,432.65,462.0,5234647,2418406914.0,0.08744444444444449,762987316.225,0.02877970653020167,True
2024-01-29,2024-01-29 15:25:00,470.0,477.0,449.15,463.0,2675295,1238661585.0,0.05925531914893622,768155712.325,0.02896525786151348,True
2024-01-30,2024-01-30 15:25:00,466.95,467.05,460.0,461.5,1132788,522781662.0,0.015097976228718302,778971984.0,0.029678305052395947,False
2024-01-31,2024-01-31 15:25:00,459.5,470.0,455.95,466.8,2095143,978012752.4,0.030576713819368904,778971984.0,0.02896525786151348,False
2024-02-01,2024-02-01 15:25:00,468.0,468.0,454.1,455.4,1418590,646025886.0,0.02970085470085465,813990116.8,0.029678305052395947,False
2024-02-02,2024-02-02 15:25:00,458.0,458.45,447.0,447.5,1696256,759074560.0,0.024999999999999974,813990116.8,0.02996721407821598,False
2024-02-05,2024-02-05 15:25:00,450.0,450.0,438.1,440.0,2941271,1294159240.0,0.026444444444444395,813990116.8,0.02941194567503462,True
2024-02-06,2024-02-06 15:25:00,444.95,446.95,436.15,446.0,1332356,594230776.0,0.02427239015619735,858333938.775,0.02896525786151348,False
2024-02-07,2024-02-07 15:25:00,447.5,448.8,435.25,436.0,1194713,520894868.0,0.030279329608938574,858333938.775,0.02866938311196291,False
2024-02-08,2024-02-08 15:25:00,437.0,438.75,428.0,430.5,1937026,833889693.0,0.02459954233409611,813990116.8,0.02896525786151348,False
2024-02-09,2024-02-09 15:25:00,434.0,440.0,420.25,430.0,3173421,1364571030.0,0.04550691244239631,838152678.0,0.02896525786151348,True
2024-02-12,2024-02-12 15:25:00,439.0,448.4,429.0,434.1,1608207,698122658.7,0.04419134396355348,858333938.775,0.02941194567503462,False
2024-02-13,2024-02-13 15:25:00,441.0,442.45,424.0,435.05,2567813,1117127045.65,0.041836734693877525,858333938.775,0.02941194567503462,True
2024-02-14,2024-02-14 15:25:00,434.0,442.0,423.3,438.55,4982303,2184988980.65,0.04308755760368661,858333938.775,0.02941194567503462,True
2024-02-15,2024-02-15 15:25:00,440.0,440.0,428.55,434.85,1457677,633870843.45,0.026022727272727246,885428735.05,0.02941194567503462,False
2024-02-16,2024-02-16 15:25:00,438.6,438.6,428.0,429.2,1784428,765876497.6,0.02416780665754679,885428735.05,0.02896525786151348,False
2024-02-19,2024-02-19 15:25:00,430.9,439.75,428.5,433.1,1960693,849176138.3000001,0.026108145741471342,885428735.05,0.02896525786151348,False
2024-02-20,2024-02-20 15:25:00,438.0,446.0,428.6,432.0,2335536,1008951552.0,0.03972602739726022,861714176.425,0.02866938311196291,True
2024-02-21,2024-02-21 15:25:00,435.0,435.6,421.95,427.5,1107055,473266012.5,0.03137931034482767,861714176.425,0.02866938311196291,False
2024-02-22,2024-02-22 15:25:00,429.8,429.9,422.6,427.05,1059296,452372356.8,0.016984644020474532,845795900.6500001,0.02866938311196291,False
2024-02-23,2024-02-23 15:25:00,425.05,434.5,425.0,433.0,2592001,1122336433.0,0.022350311728031997,838152678.0,0.02801227430281953,True
2024-02-26,2024-02-26 15:25:00,432.25,435.0,422.0,426.8,2207520,942169536.0,0.03007518796992481,838152678.0,0.026968852949985002,False
2024-02-27,2024-02-27 15:25:00,428.4,440.95,425.5,439.5,2350404,1033002558.0,0.0360644257703081,838152678.0,0.026968852949985002,True
2024-02-28,2024-02-28 15:25:00,440.0,441.6,423.2,426.9,2680701,1144391256.8999999,0.04181818181818189,838152678.0,0.026968852949985002,True
2024-02-29,2024-02-29 15:25:00,428.1,449.0,421.0,448.0,7103413,3182329024.0,0.06540527914038775,838152678.0,0.026968852949985002,True
2024-03-01,2024-03-01 15:25:00,480.5,494.95,461.0,463.0,18449710,8542215730.0,0.07065556711758582,838152678.0,0.02801227430281953,True
2024-03-04,2024-03-04 15:25:00,476.05,479.8,466.6,468.65,2120767,993897454.55,0.027728179813044825,841532915.6500001,0.02801227430281953,False
2024-03-05,2024-03-05 15:25:00,470.0,473.25,462.3,463.5,1388080,643375080.0,0.023297872340425508,861714176.425,0.027610720634285213,False
2024-03-06,2024-03-06 15:25:00,466.4,470.0,450.35,468.8,2429353,1138880686.4,0.04213121783876496,841532915.6500001,0.026968852949985002,True
2024-03-07,2024-03-07 15:25:00,469.65,471.0,455.0,457.95,2560185,1172436720.75,0.03406792292132439,861714176.425,0.027610720634285213,True
2024-03-11,2024-03-11 15:25:00,465.85,474.2,449.4,464.35,5358774,2488346706.9,0.05323602017816896,885428735.05,0.028129733481579138,True
2024-03-12,2024-03-12 15:25:00,470.8,470.8,453.0,454.95,2569725,1169096388.75,0.037807986406117274,885428735.05,0.028129733481579138,True
2024-03-13,2024-03-13 15:25:00,460.0,465.9,450.8,460.7,5876124,2707130326.7999997,0.032826086956521665,885428735.05,0.028129733481579138,True
2024-03-14,2024-03-14 15:25:00,462.0,469.4,450.1,468.0,3036974,1421303832.0,0.04177489177489167,885428735.05,0.02882716189966402,True
2024-03-15,2024-03-15 15:25:00,467.55,485.0,464.35,466.9,6417780,2996461482.0,0.044166399315581174,919387395.7750001,0.02941194567503462,True
2024-03-18,2024-03-18 15:25:00,476.0,476.0,462.05,471.4,4266438,2011198873.1999998,0.029306722689075606,960091144.2,0.02988802133538973,True
2024-03-19,2024-03-19 15:25:00,471.35,480.3,463.45,479.4,3203552,1535782828.8,0.03574838230614198,960091144.2,0.02950378869496513,True
2024-03-20,2024-03-20 15:25:00,482.1,517.0,473.2,506.05,16842668,8523232141.400001,0.09085252022401993,985548968.2,0.02950378869496513,True
2024-03-21,2024-03-21 15:25:00,510.0,549.95,510.0,544.4,18507604,10075539617.6,0.07833333333333342,985548968.2,0.02988802133538973,True
2024-03-22,2024-03-22 15:25:00,541.4,541.4,520.2,534.1,8794534,4697160609.400001,0.03915773919468033,993491319.275,0.030177258789431692,True
2024-03-26,2024-03-26 15:25:00,528.0,547.7,526.5,540.0,5366703,2898019620.0,0.04015151515151524,1001424503.275,0.030373210452027635,True
2024-03-27,2024-03-27 15:25:00,544.5,556.4,536.55,545.65,4956095,2704293236.75,0.03645546372819104,1020977055.0,0.030521902557242804,True
2024-03-28,2024-03-28 15:25:00,551.05,555.25,535.0,537.0,4050563,2175152331.0,0.03674802649487342,1071279621.0,0.030978012082098286,True
2024-04-01,2024-04-01 15:25:00,546.05,555.3,511.1,514.9,6471782,3332320551.7999997,0.08094496840948619,1113341864.825,0.032102698650674666,True
2024-04-02,2024-04-02 15:25:00,519.3,528.5,515.25,518.3,3780586,1959477723.7999997,0.02551511650298479,1118376545.825,0.033447004938923025,True
2024-04-03,2024-04-03 15:25:00,518.8,519.0,509.5,510.35,2874413,1466956674.55,0.018311488049344644,1120981239.5,0.033447004938923025,False
2024-04-04,2024-04-04 15:25:00,514.0,520.85,505.55,512.8,3618531,1855582696.8,0.029766536964980567,1130608559.7,0.032102698650674666,True
2024-04-05,2024-04-05 15:25:00,510.5,518.7,509.55,515.25,2062954,1062937048.5,0.017923604309500556,1130608559.7,0.030978012082098286,False
2024-04-08,2024-04-08 15:25:00,518.05,518.7,501.25,504.0,3539479,1783897416.0,0.0336840073351994,1130608559.7,0.030978012082098286,True
2024-04-09,2024-04-09 15:25:00,505.9,508.9,497.4,500.0,1879195,939597500.0,0.02273176517098241,1141635971.65,0.032102698650674666,False
2024-04-10,2024-04-10 15:25:00,502.0,505.65,494.2,504.0,2918048,1470696192.0,0.02280876494023902,1141635971.65,0.032102698650674666,True
2024-04-12,2024-04-12 15:25:00,504.0,506.8,492.0,496.5,1982472,984297348.0,0.02936507936507939,1156743822.8249998,0.032102698650674666,False
2024-04-15,2024-04-15 15:25:00,482.0,499.6,479.25,493.0,1939326,956087718.0,0.04221991701244818,1156743822.8249998,0.032102698650674666,False
2024-04-16,2024-04-16 15:25:00,493.0,519.3,490.05,517.6,5830067,3017642679.2000003,0.05933062880324532,1156743822.8249998,0.03325504714586053,True
2024-04-18,2024-04-18 15:25:00,523.0,530.25,520.0,529.45,4303741,2278615672.4500003,0.01959847036328872,1170766554.75,0.033875965128261895,False
2024-04-19,2024-04-19 15:25:00,523.0,536.4,511.55,529.05,3560936,1883913190.8,0.047514340344168196,1170766554.75,0.03325504714586053,True
2024-04-22,2024-04-22 15:25:00,538.0,538.0,530.0,532.95,1989189,1060138277.5500001,0.01486988847583643,1205549152.875,0.033875965128261895,False
2024-04-23,2024-04-23 15:25:00,535.0,544.0,531.55,533.6,2589807,1381921015.2,0.023271028037383262,1205549152.875,0.033875965128261895,True
2024-04-24,2024-04-24 15:25:00,536.0,548.0,533.15,543.75,2944863,1601269256.25,0.027705223880597058,1266410412.5,0.033875965128261895,True
2024-04-25,2024-04-25 15:25:00,545.0,548.2,536.5,541.05,1194846,646471428.3,0.021467889908256963,1266410412.5,0.03325504714586053,False
2024-04-26,2024-04-26 15:25:00,545.0,564.0,539.45,557.4,3572317,1991209495.8,0.045045871559632945,1205549152.875,0.032102698650674666,True
2024-04-29,2024-04-29 15:25:00,563.35,565.5,548.1,559.95,2974051,1665319857.45,0.03088666015798345,1205549152.875,0.032102698650674666,True
2024-04-30,2024-04-30 15:25:00,556.0,564.0,552.2,554.0,1653942,916283868.0,0.02122302158273373,1233297980.375,0.031132985251405558,False
2024-05-02,2024-05-02 15:25:00,553.6,556.65,548.1,549.55,1199719,659305576.4499999,0.015444364161849628,1233297980.375,0.031132985251405558,False
2024-05-03,2024-05-03 15:25:00,552.0,556.15,546.05,548.75,993783,545338421.25,0.018297101449275405,1233297980.375,0.031132985251405558,False
2024-05-06,2024-05-06 15:25:00,553.0,554.75,536.4,552.6,4098509,2264836073.4,0.0331826401446655,1233297980.375,0.031132985251405558,True
2024-05-07,2024-05-07 15:25:00,540.0,585.0,530.65,572.0,14505005,8296862860.0,0.1006481481481482,1329365135.0,0.032102698650674666,True
2024-05-08,2024-05-08 15:25:00,572.0,583.95,559.05,582.0,5158070,3001996740.0,0.04353146853146869,1373246022.6,0.03300436355059358,True
2024-05-09,2024-05-09 15:25:00,583.9,584.45,575.0,577.65,2395628,1383834514.2,0.016184278129816827,1401612423.6,0.03343332373993245,False
2024-05-10,2024-05-10 15:25:00,582.3,584.0,570.0,579.0,1954184,1131472536.0,0.02404258973037953,1402569173.1,0.03343332373993245,True
2024-05-13,2024-05-13 15:25:00,580.0,601.0,572.6,585.4,5187804,3036940461.6,0.04896551724137927,1402569173.1,0.03343332373993245,True
2024-05-14,2024-05-14 15:25:00,591.0,612.0,573.7,609.0,3688911,2246546799.0,0.06480541455160736,1444130253.275,0.03343332373993245,True
2024-05-15,2024-05-15 15:25:00,612.0,649.5,606.55,635.1,9423462,5984840716.2,0.07017973856209157,1468826433.275,0.03343332373993245,True
2024-05-16,2024-05-16 15:25:00,637.0,648.0,621.35,635.0,7094825,4505213875.0,0.04183673469387752,1503239510.4,0.03343332373993245,True
2024-05-17,2024-05-17 15:25:00,634.75,669.0,633.4,653.9,5857645,3830314065.5,0.05608507286333206,1503239510.4,0.03343332373993245,True
2024-05-21,2024-05-21 15:25:00,665.0,668.0,639.0,644.0,11186194,7203908936.0,0.04360902255639098,1568526042.525,0.033875965128261895,True
2024-05-22,2024-05-22 15:25:00,647.0,657.45,630.4,643.0,2383636,1532677948.0,0.04180834621329222,1633294556.85,0.03490815261373319,True
2024-05-23,2024-05-23 15:25:00,644.0,646.0,622.05,635.2,2335839,1483724932.8000002,0.03718944099378889,1633294556.85,0.03590640403822504,True
2024-05-24,2024-05-24 15:25:00,633.0,654.45,631.35,650.1,1391895,904870939.5,0.0364928909952607,1633294556.85,0.03590640403822504,False
2024-05-27,2024-05-27 15:25:00,654.45,654.45,638.1,651.0,2356136,1533844536.0,0.02498280999312403,1633294556.85,0.03625994474924957,True
2024-05-28,2024-05-28 15:25:00,653.45,653.8,627.05,629.0,2170661,1365345769.0,0.040936567449690105,1633294556.85,0.03625994474924957,True
2024-05-29,2024-05-29 15:25:00,626.0,638.4,618.2,630.0,2638959,1662544170.0,0.03226837060702865,1633294556.85,0.03647417736172587,True
2024-05-30,2024-05-30 15:25:00,647.0,664.2,644.0,648.65,6362693,4127160814.45,0.031221020092735773,1663932013.725,0.03647417736172587,True
2024-05-31,2024-05-31 15:25:00,657.0,659.95,638.1,643.7,5481527,3528458929.9,0.03325722983257233,1724608636.725,0.03647417736172587,True
2024-06-03,2024-06-03 15:25:00,700.0,700.0,661.8,687.9,5282434,3633786348.6,0.05457142857142864,1819740056.4,0.03610192301716651,True
2024-06-04,2024-06-04 15:25:00,686.25,686.25,549.0,634.55,9807296,6223219676.799999,0.2,1819740056.4,0.03610192301716651,True
2024-06-05,2024-06-05 15:25:00,649.0,664.0,570.25,627.4,10673638,6696640481.2,0.14445300462249616,1819740056.4,0.03610192301716651,True
2024-06-06,2024-06-06 15:25:00,645.0,670.0,640.3,657.0,4394830,2887403310.0,0.046046511627907044,1869747943.8,0.03647417736172587,True
2024-06-07,2024-06-07 15:25:00,655.0,666.2,647.35,660.6,2427701,1603739280.6000001,0.028778625954198507,1921695457.2999997,0.03662045874506706,True
2024-06-10,2024-06-10 15:25:00,667.0,669.0,652.0,654.6,1554796,1017769461.6,0.025487256371814093,1921695457.2999997,0.03647417736172587,True
2024-06-11,2024-06-11 15:25:00,656.0,667.4,653.4,659.7,2360337,1557114318.9,0.021341463414634148,1921695457.2999997,0.03647417736172587,True
2024-06-12,2024-06-12 15:25:00,666.8,680.45,663.6,665.5,2015019,1340995144.5,0.025269946010797878,1869747943.8,0.03610192301716651,True
2024-06-13,2024-06-13 15:25:00,675.75,677.8,662.8,669.3,1170823,783631833.9,0.022197558268590455,1869747943.8,0.03471619482067069,False
2024-06-14,2024-06-14 15:25:00,669.0,694.7,663.55,688.1,4281877,2946359563.7000003,0.046562032884902974,1819740056.4,0.03471619482067069,True
2024-06-18,2024-06-18 15:25:00,694.0,698.4,683.3,685.2,2784790,1908138108.0000002,0.02175792507204614,1869747943.8,0.03471619482067069,True
2024-06-19,2024-06-19 15:25:00,686.9,688.9,673.0,678.2,1401141,950253826.2,0.023147474159266237,1869747943.8,0.033470618583885864,False
2024-06-20,2024-06-20 15:25:00,675.9,686.0,668.05,678.9,1819828,1235481229.2,0.02655718301523901,1819740056.4,0.033470618583885864,True
2024-06-21,2024-06-21 15:25:00,684.5,690.75,672.85,678.0,2204687,1494777786.0,0.026150474799123413,1819740056.4,0.033219934988618915,True
2024-06-24,2024-06-24 15:25:00,675.15,735.0,671.7,705.0,7156238,5045147790.0,0.09375694290157736,1724608636.725,0.03272550537584708,True
2024-06-25,2024-06-25 15:25:00,708.0,733.0,686.5,691.0,5879757,4062912087.0,0.06567796610169492,1724608636.725,0.03272550537584708,True
2024-06-26,2024-06-26 15:25:00,699.0,706.95,684.0,684.5,2318737,1587175476.5,0.03283261802575114,1724608636.725,0.03272550537584708,True
2024-06-27,2024-06-27 15:25:00,680.3,701.0,680.3,697.2,2732147,1904852888.4,0.03042775246214912,1663932013.725,0.03255049431638989,True
2024-06-28,2024-06-28 15:25:00,702.0,709.0,690.1,703.8,2191759,1542559984.1999998,0.02692307692307689,1663932013.725,0.03174469534988221,True
2024-07-01,2024-07-01 15:25:00,708.0,723.85,696.3,720.25,1915257,1379463854.25,0.03891242937853117,1633141725.3000002,0.03105384012535961,True
2024-07-02,2024-07-02 15:25:00,725.0,728.0,712.1,720.0,1659902,1195129440.0,0.02193103448275859,1602504268.4250002,0.03105384012535961,True
2024-07-03,2024-07-03 15:25:00,726.6,728.0,714.8,719.5,1350107,971401986.5,0.018166804293971987,1594222366.375,0.03105384012535961,False
2024-07-04,2024-07-04 15:25:00,724.9,734.0,718.0,723.2,1192130,862148416.0,0.02207200993240447,1594222366.375,0.03105384012535961,False
2024-07-05,2024-07-05 15:25:00,724.8,782.35,721.85,770.1,7998712,6159808111.2,0.08347130242825608,1572144897.7,0.03105384012535961,True
2024-07-08,2024-07-08 15:25:00,782.4,783.75,765.45,771.0,2440240,1881425040.0,0.02338957055214718,1594222366.375,0.03174469534988221,True
2024-07-09,2024-07-09 15:25:00,774.85,774.85,750.85,756.75,1992638,1507928806.5,0.03097373685229399,1594222366.375,0.03105384012535961,True
2024-07-10,2024-07-10 15:25:00,760.0,760.0,723.0,742.9,3241240,2407917196.0,0.04868421052631579,1594222366.375,0.031097378472514883,True
2024-07-11,2024-07-11 15:25:00,748.0,752.0,732.35,746.85,1647148,1230172483.8,0.0262700534759358,1602504268.4250002,0.03174469534988221,True
2024-07-12,2024-07-12 15:25:00,750.0,751.0,716.9,726.95,2470754,1796114620.3000002,0.0454666666666667,1602504268.4250002,0.03174469534988221,True
2024-07-15,2024-07-15 15:25:00,732.0,737.8,723.2,726.3,1566111,1137466419.3,0.019945355191256706,1633141725.3000002,0.03174469534988221,False
2024-07-16,2024-07-16 15:25:00,729.0,734.9,725.55,730.0,1274526,930403980.0,0.012825788751714709,1602504268.4250002,0.031097378472514883,False
2024-07-18,2024-07-18 15:25:00,730.0,730.4,685.9,688.85,6148781,4235587791.85,0.06095890410958904,1594222366.375,0.031097378472514883,True
2024-07-19,2024-07-19 15:25:00,690.0,690.0,651.35,676.15,5600199,3786574553.85,0.056014492753623156,1594222366.375,0.031097378472514883,True
2024-07-22,2024-07-22 15:25:00,675.0,693.25,665.0,690.0,2222713,1533671970.0,0.04185185185185185,1602504268.4250002,0.03174469534988221,True
2024-07-23,2024-07-23 15:25:00,700.95,702.0,645.0,674.7,2263759,1527358197.3000002,0.08131821099935801,1602504268.4250002,0.03255049431638989,True
2024-07-24,2024-07-24 15:25:00,682.0,709.0,657.0,699.95,6272732,4390598763.400001,0.07624633431085044,1595457378.5500002,0.03300762908520832,True
2024-07-25,2024-07-25 15:25:00,700.0,742.0,699.0,725.6,8670140,6291053584.0,0.06142857142857143,1633141725.3000002,0.033219934988618915,True
2024-07-26,2024-07-26 15:25:00,733.0,735.6,718.4,730.8,4019469,2937427945.2,0.023465211459754495,1633141725.3000002,0.033219934988618915,True
2024-07-29,2024-07-29 15:25:00,736.1,747.5,735.25,741.25,1630303,1208462098.75,0.016641760630349136,1633141725.3000002,0.033219934988618915,False
2024-07-30,2024-07-30 15:25:00,744.0,750.7,738.0,738.5,999333,738007420.5,0.01706989247311834,1633141725.3000002,0.033219934988618915,False
2024-07-31,2024-07-31 15:25:00,739.0,741.6,729.0,739.3,1704228,1259935760.3999999,0.017050067658998677,1633141725.3000002,0.033219934988618915,False
2024-08-01,2024-08-01 15:25:00,740.0,741.0,721.2,724.2,1257977,911026943.4000001,0.026756756756756695,1633141725.3000002,0.033219934988618915,False
2024-08-02,2024-08-02 15:25:00,720.0,748.4,706.2,724.85,2534521,1837147546.8500001,0.05861111111111102,1595457378.5500002,0.03304492392916174,True
2024-08-05,2024-08-05 15:25:00,690.75,709.45,683.65,692.85,3220275,2231167533.75,0.037350705754614646,1595457378.5500002,0.03304492392916174,True
2024-08-06,2024-08-06 15:25:00,694.45,707.7,665.55,669.15,2809863,1880219826.45,0.06069551443588464,1595457378.5500002,0.03304492392916174,True
2024-08-07,2024-08-07 15:25:00,685.0,690.0,673.75,687.0,1866430,1282237410.0,0.023722627737226276,1633141725.3000002,0.03487506041391651,True
2024-08-08,2024-08-08 15:25:00,685.8,689.75,673.45,678.0,2573148,1744594344.0,0.023767862350539452,1633141725.3000002,0.03487506041391651,True
2024-08-09,2024-08-09 15:25:00,685.0,724.0,683.0,711.0,3436106,2443071366.0,0.059854014598540145,1633141725.3000002,0.03304492392916174,True
2024-08-12,2024-08-12 15:25:00,711.0,716.75,696.45,705.0,1303470,918946350.0,0.028551336146272793,1633141725.3000002,0.03304492392916174,False
2024-08-13,2024-08-13 15:25:00,708.0,712.9,685.75,694.4,1122266,779301510.4,0.03834745762711861,1595457378.5500002,0.03255049431638989,False
2024-08-14,2024-08-14 15:25:00,696.35,709.0,685.5,702.5,1519416,1067389740.0,0.03374739714224169,1572144897.7,0.03255049431638989,True
2024-08-16,2024-08-16 15:25:00,706.4,717.5,695.15,715.5,1587405,1135788277.5,0.03163929784824465,1549837151.55,0.03255049431638989,True
2024-08-19,2024-08-19 15:25:00,722.0,725.0,705.65,710.0,1266132,898953720.0,0.02680055401662053,1538202260.1,0.031953834227636646,False
2024-08-20,2024-08-20 15:25:00,711.05,747.5,711.05,733.0,3715438,2723416054.0,0.05126221784684628,1538202260.1,0.031430158970490216,True
2024-08-21,2024-08-21 15:25:00,737.15,738.2,723.2,735.8,1289653,948926677.4,0.020348640032557826,1549837151.55,0.031430158970490216,False
2024-08-22,2024-08-22 15:25:00,740.0,745.0,733.55,741.25,1264230,937110487.5,0.015472972972973035,1549837151.55,0.031097378472514883,False
2024-08-23,2024-08-23 15:25:00,743.0,758.8,735.4,748.2,3047400,2280064680.0,0.03149394347240912,1549837151.55,0.031097378472514883,True
2024-08-26,2024-08-26 15:25:00,755.45,764.9,735.15,738.1,1509073,1113846781.3,0.03938050168773578,1572144897.7,0.031097378472514883,True
2024-08-27,2024-08-27 15:25:00,742.7,742.7,728.25,729.55,1014871,740399138.05,0.019456038777433748,1549837151.55,0.031097378472514883,False
2024-08-28,2024-08-28 15:25:00,729.8,730.85,707.1,711.3,1544649,1098708833.7,0.032543162510276794,1538115977.1,0.030700744657221557,True
2024-08-29,2024-08-29 15:25:00,713.65,723.8,699.0,701.5,1445466,1013994399.0,0.03475092832621027,1530515083.65,0.030700744657221557,True
2024-08-30,2024-08-30 15:25:00,707.0,713.15,691.5,695.9,3209561,2233533499.9,0.03062234794908059,1517643501.9,0.030700744657221557,True
2024-09-02,2024-09-02 15:25:00,699.0,705.0,680.0,684.9,1373339,940599881.1,0.0357653791130186,1517643501.9,0.030525050205614856,False
2024-09-03,2024-09-03 15:25:00,688.0,695.65,681.5,687.7,1953301,1343285097.7,0.020566860465116247,1501353296.25,0.030525050205614856,True
2024-09-04,2024-09-04 15:25:00,683.95,693.9,677.7,689.5,2436279,1679814370.5,0.023685941954821158,1437120820.125,0.029603189208173813,True
2024-09-05,2024-09-05 15:25:00,688.95,691.45,683.3,684.45,1130759,773947997.5500001,0.011829595761666435,1437120820.125,0.029489544304210955,False
2024-09-06,2024-09-06 15:25:00,686.95,691.0,671.05,676.3,1260309,852346976.6999999,0.029041414950141994,1437120820.125,0.029489544304210955,False
2024-09-09,2024-09-09 15:25:00,675.9,679.0,658.75,665.8,1477528,983738142.4,0.02996005326231691,1361374475.975,0.029734583706145557,False
2024-09-10,2024-09-10 15:25:00,665.65,679.0,663.0,667.25,1389454,927113181.5,0.02403665590024788,1361374475.975,0.030193902862233016,False
2024-09-11,2024-09-11 15:25:00,669.0,696.0,663.25,694.0,3418759,2372618746.0,0.04895366218236173,1361374475.975,0.030193902862233016,True
2024-09-12,2024-09-12 15:25:00,698.0,739.0,692.6,729.0,9991303,7283659887.0,0.06647564469914037,1361374475.975,0.030193902862233016,True
2024-09-13,2024-09-13 15:25:00,729.15,737.65,711.55,713.95,3407561,2432828175.9500003,0.0357951038880889,1361374475.975,0.030525050205614856,True
2024-09-16,2024-09-16 15:25:00,717.95,728.7,711.55,714.0,1456685,1040073090.0,0.023887457343826298,1437120820.125,0.03079804240068729,True
2024-09-17,2024-09-17 15:25:00,716.8,738.0,715.45,731.25,3094131,2262583293.75,0.03145926339285708,1437120820.125,0.03079804240068729,True
2024-09-18,2024-09-18 15:25:00,734.45,745.7,727.6,742.5,2498942,1855464435.0,0.02464429164681057,1443696330.375,0.031216500122575534,True
2024-09-19,2024-09-19 15:25:00,746.3,747.3,718.65,737.5,2433768,1794903900.0,0.03838938764571885,1443696330.375,0.03079804240068729,True
2024-09-20,2024-09-20 15:25:00,732.0,752.0,726.1,747.0,3125272,2334578184.0,0.03538251366120215,1443696330.375,0.03079804240068729,True
2024-09-23,2024-09-23 15:25:00,749.25,776.5,743.1,770.1,4212843,3244310394.3,0.044577911244577884,1443696330.375,0.03079804240068729,True
2024-09-24,2024-09-24 15:25:00,776.0,788.95,766.1,782.5,3853246,3015164995.0,0.029445876288659825,1443696330.375,0.031216500122575534,True
2024-09-25,2024-09-25 15:25:00,782.95,814.4,770.0,776.15,6161388,4782161296.2,0.05670860208186982,1443696330.375,0.031216500122575534,True
2024-09-26,2024-09-26 15:25:00,775.0,777.5,758.0,776.0,1638074,1271145424.0,0.025161290322580646,1517643501.9,0.031216500122575534,True
2024-09-27,2024-09-27 15:25:00,771.0,773.65,757.0,759.45,1488003,1130063878.3500001,0.021595330739299583,1517643501.9,0.031216500122575534,True
2024-09-30,2024-09-30 15:25:00,765.9,771.95,754.75,760.0,1503794,1142883440.0,0.022457239848544256,1517643501.9,0.031216500122575534,True
2024-10-01,2024-10-01 15:25:00,763.05,763.05,745.9,752.5,1210560,910946400.0,0.022475591376711852,1517643501.9,0.031216500122575534,False
2024-10-03,2024-10-03 15:25:00,735.0,756.45,728.05,738.7,1878702,1387797167.4,0.03863945578231305,1425606952.1,0.03079804240068729,True
2024-10-04,2024-10-04 15:25:00,738.1,742.9,715.75,721.9,2997912,2164192672.7999997,0.0367836336539764,1365541132.5500002,0.031216500122575534,True
2024-10-07,2024-10-07 15:25:00,718.0,762.0,709.05,756.35,8376111,6335271554.85,0.07374651810584965,1365541132.5500002,0.0314766034326331,True
2024-10-08,2024-10-08 15:25:00,758.95,790.0,748.35,780.55,4753528,3710366280.3999996,0.05487845049080964,1365541132.5500002,0.0314766034326331,True
2024-10-09,2024-10-09 15:25:00,783.3,809.6,781.4,798.8,4717007,3767945191.6,0.036001531980084316,1457577682.3500001,0.03156662066032689,True
2024-10-10,2024-10-10 15:25:00,803.5,844.95,802.95,842.0,6647846,5597486332.0,0.0522713130056005,1457577682.3500001,0.03156662066032689,True
2024-10-11,2024-10-11 15:25:00,840.0,874.7,836.5,852.7,6772511,5774920129.700001,0.04547619047619053,1530515083.65,0.03209123017926072,True
2024-10-14,2024-10-14 15:25:00,858.15,866.15,840.0,851.7,3407942,2902544201.4,0.030472528112800767,1606743170.25,0.03314527982625924,True
2024-10-15,2024-10-15 15:25:00,855.3,856.85,825.05,832.55,3828445,3187371884.75,0.03717993686425824,1606743170.25,0.03209123017926072,True
2024-10-16,2024-10-16 15:25:00,832.55,853.9,830.05,834.5,2412288,2013054336.0,0.02864692811242571,1606743170.25,0.03209123017926072,True
2024-10-17,2024-10-17 15:25:00,836.1,852.5,825.2,837.8,2457106,2058563406.8,0.0326515966989594,1712204357.25,0.03156662066032689,True
2024-10-18,2024-10-18 15:25:00,834.0,836.0,815.0,816.55,2979514,2432922156.7,0.025179856115107913,1769749122.0,0.03156662066032689,True
2024-10-21,2024-10-21 15:25:00,825.0,857.7,762.85,791.0,10107359,7994920969.0,0.114969696969697,1769749122.0,0.0314766034326331,True
2024-10-22,2024-10-22 15:25:00,776.1,822.1,750.65,757.0,11957492,9051821444.0,0.09206287849503936,1769749122.0,0.0314766034326331,True
2024-10-23,2024-10-23 15:25:00,758.9,759.65,733.0,740.7,2451273,1815657911.1000001,0.035116616154961096,1769749122.0,0.03156662066032689,True
2024-10-24,2024-10-24 15:25:00,741.25,748.3,723.1,731.0,2289559,1673667629.0,0.03399662731871829,1805280905.5500002,0.03209123017926072,True
2024-10-25,2024-10-25 15:25:00,734.0,747.0,714.3,742.0,3591835,2665141570.0,0.04455040871934611,1805280905.5500002,0.0325973796046181,True
2024-10-28,2024-10-28 15:25:00,745.95,748.0,709.2,713.45,3286497,2344751284.65,0.052014210067698845,1826402728.9750001,0.03319949692060055,True
2024-10-29,2024-10-29 15:25:00,716.0,724.35,698.25,717.0,3821625,2740105125.0,0.03645251396648048,1846305990.9250002,0.03387201223047999,True
2024-10-30,2024-10-30 15:25:00,716.85,732.5,709.1,715.6,2398337,1716249957.2,0.03264281230382922,1867842130.725,0.03387201223047999,True
2024-10-31,2024-10-31 15:25:00,717.8,721.95,701.55,702.85,2090182,1469084418.7,0.028420172750069785,1835561173.0500002,0.03319949692060055,True
2024-11-04,2024-11-04 15:25:00,721.0,723.25,709.0,713.95,1946903,1389991396.8500001,0.019764216366158115,1805280905.5500002,0.032647204501394314,False
2024-11-05,2024-11-05 15:25:00,717.4,717.4,702.65,703.8,1988718,1399659728.3999999,0.020560356844159466,1805280905.5500002,0.032647204501394314,True
2024-11-06,2024-11-06 15:25:00,712.0,735.75,709.25,727.75,2696846,1962629676.5,0.037219101123595506,1805280905.5500002,0.032647204501394314,True
2024-11-07,2024-11-07 15:25:00,750.0,750.0,723.05,726.7,3440804,2500432266.8,0.03593333333333339,1805280905.5500002,0.032647204501394314,True
2024-11-08,2024-11-08 15:25:00,731.0,731.0,710.9,714.0,1291641,922231674.0,0.027496580027359812,1835561173.0500002,0.03319949692060055,False
2024-11-11,2024-11-11 15:25:00,711.0,729.7,703.6,724.2,1731030,1253611926.0,0.0367088607594937,1835561173.0500002,0.032647204501394314,True
2024-11-12,2024-11-12 15:25:00,727.0,734.4,710.2,711.6,1267414,901891802.4,0.03328748280605218,1835561173.0500002,0.032647204501394314,False
2024-11-13,2024-11-13 15:25:00,710.0,710.8,681.1,700.5,1975985,1384177492.5,0.04183098591549286,1835561173.0500002,0.032969539752505786,True
2024-11-14,2024-11-14 15:25:00,698.0,708.0,691.75,694.7,1601540,1112589838.0,0.02328080229226361,1835561173.0500002,0.03364205506238523,True
2024-11-18,2024-11-18 15:25:00,700.0,718.2,696.65,700.0,1565263,1095684100.0,0.03078571428571438,1805280905.5500002,0.032969539752505786,True
2024-11-19,2024-11-19 15:25:00,702.5,726.7,693.05,714.0,2903240,2072913360.0,0.04790035587188625,1805280905.5500002,0.032969539752505786,True
2024-11-21,2024-11-21 15:25:00,718.3,728.7,706.5,710.0,1738106,1234055260.0,0.030906306557148887,1835561173.0500002,0.03364205506238523,True
2024-11-22,2024-11-22 15:25:00,712.0,735.0,708.05,732.1,1923278,1408031823.8,0.03785112359550568,1805280905.5500002,0.03364205506238523,True
2024-11-25,2024-11-25 15:25:00,746.6,764.0,725.7,731.3,5895393,4311300900.9,0.05129922314492359,1805280905.5500002,0.03364205506238523,True
2024-11-26,2024-11-26 15:25:00,739.0,753.45,730.25,738.0,1985811,1465528518.0,0.03139377537212455,1835561173.0500002,0.03437377782246428,True
2024-11-27,2024-11-27 15:25:00,742.85,767.9,738.1,763.7,3305146,2524140000.2000003,0.040115770343945555,1835561173.0500002,0.03437377782246428,True
2024-11-28,2024-11-28 15:25:00,769.55,771.0,750.95,753.2,1734030,1306071396.0,0.026054187512182386,1909047055.75,0.034556621736839696,True
2024-11-29,2024-11-29 15:25:00,757.0,757.0,729.0,732.0,2020379,1478917428.0,0.036988110964332896,1835561173.0500002,0.034556621736839696,True
2024-12-02,2024-12-02 15:25:00,736.6,759.9,730.05,755.0,2226307,1680861785.0,0.04052402932392075,1835561173.0500002,0.034556621736839696,True
2024-12-03,2024-12-03 15:25:00,762.95,763.5,755.0,760.1,1550215,1178318421.5,0.011140965987286191,1835561173.0500002,0.03524956490808162,False
2024-12-04,2024-12-04 15:25:00,761.3,771.05,750.6,752.95,2264247,1704864778.65,0.02686194667016936,1835561173.0500002,0.03524956490808162,True
2024-12-05,2024-12-05 15:25:00,755.55,779.0,753.75,770.9,3587078,2765278430.2,0.033419363377671894,1835561173.0500002,0.03524956490808162,True
2024-12-06,2024-12-06 15:25:00,773.95,785.5,765.2,783.1,2435121,1906943255.1000001,0.026229084566186386,1909047055.75,0.03524956490808162,True
2024-12-09,2024-12-09 15:25:00,787.95,811.4,782.3,794.1,5208191,4135824473.1,0.03693127736531508,1934786465.8000002,0.03524956490808162,True
2024-12-10,2024-12-10 15:25:00,793.5,800.0,777.8,794.65,2420997,1923845266.05,0.027977315689981155,1987842006.25,0.03558880877464553,True
2024-12-11,2024-12-11 15:25:00,796.95,797.0,781.0,783.05,1166520,913443486.0,0.02007654181567225,1943237471.275,0.03524956490808162,False
2024-12-12,2024-12-12 15:25:00,783.4,787.75,772.55,781.0,2128594,1662431914.0,0.019402604033699318,1915394260.575,0.034556621736839696,False
2024-12-13,2024-12-13 15:25:00,783.15,784.85,761.0,768.9,1801881,1385466300.8999999,0.030453936027580952,1881203845.0500002,0.03370799534819509,True
2024-12-16,2024-12-16 15:25:00,769.65,775.6,758.7,772.45,2467743,1906208080.3500001,0.021958032872084685,1881203845.0500002,0.03370799534819509,True
2024-12-17,2024-12-17 15:25:00,770.0,783.0,764.1,767.0,2167518,1662486306.0,0.024545454545454516,1880836257.6750002,0.03370799534819509,True
2024-12-18,2024-12-18 15:25:00,770.0,770.0,753.5,764.1,2047557,1564538303.7,0.02142857142857143,1860932995.7250001,0.03370799534819509,True
2024-12-19,2024-12-19 15:25:00,750.05,766.0,745.8,763.55,1129171,862178517.05,0.026931537897473563,1860932995.7250001,0.03335342309186204,False
2024-12-20,2024-12-20 15:25:00,764.65,774.9,724.75,731.0,2608599,1906885869.0,0.06558556202184003,1765953934.15,0.032969539752505786,True
2024-12-23,2024-12-23 15:25:00,731.0,738.45,717.0,725.0,1507157,1092688825.0,0.029343365253078037,1765953934.15,0.032969539752505786,True
2024-12-24,2024-12-24 15:25:00,725.0,727.2,709.2,712.9,1648106,1174934767.3999999,0.02482758620689655,1710557367.9250002,0.032969539752505786,True
2024-12-26,2024-12-26 15:25:00,718.0,747.5,710.1,743.0,4640092,3447588356.0,0.05208913649025067,1692863281.825,0.032647204501394314,True
2024-12-27,2024-12-27 15:25:00,745.25,752.9,743.0,745.5,1669939,1244939524.5,0.013284132841328383,1710557367.9250002,0.032969539752505786,False
2024-12-30,2024-12-30 15:25:00,748.3,749.95,732.0,734.25,2024575,1486544193.75,0.023987705465722365,1710557367.9250002,0.032969539752505786,True
2024-12-31,2024-12-31 15:25:00,731.0,742.3,721.65,727.0,2174922,1581168294.0,0.028248974008207903,1710557367.9250002,0.032969539752505786,True
2025-01-01,2025-01-01 15:25:00,727.0,744.2,722.6,741.0,1119898,829844418.0,0.02971114167812933,1710557367.9250002,0.032969539752505786,False
2025-01-02,2025-01-02 15:25:00,741.95,751.0,741.95,748.0,1503244,1124426512.0,0.012197587438506576,1710557367.9250002,0.032647204501394314,False
2025-01-03,2025-01-03 15:25:00,747.9,753.7,732.55,733.8,1112013,815995139.4,0.02827918170878472,1692863281.825,0.032018293837976886,False
2025-01-06,2025-01-06 15:25:00,737.0,740.6,711.05,714.9,1800279,1287019457.1,0.040094979647218545,1677264707.0,0.03115004096463672,True
2025-01-07,2025-01-07 15:25:00,720.0,728.65,709.95,717.0,1289126,924303342.0,0.025972222222222126,1668076967.5,0.03115004096463672,False
2025-01-08,2025-01-08 15:25:00,719.7,721.95,678.25,692.7,3277945,2270632501.5,0.06071974433791864,1662459110.0,0.030846010421431633,True
2025-01-09,2025-01-09 15:25:00,694.5,696.8,673.0,676.45,1387180,938357911.0000001,0.03426925845932319,1662459110.0,0.030846010421431633,False
2025-01-10,2025-01-10 15:25:00,677.85,678.0,648.0,651.0,2085824,1357871424.0,0.044257579110422655,1621800104.0,0.030846010421431633,True
2025-01-13,2025-01-13 15:25:00,635.0,643.6,608.2,614.7,7709453,4739000759.1,0.05574803149606296,1572853298.85,0.03115004096463672,True
2025-01-14,2025-01-14 15:25:00,606.0,650.0,606.0,640.75,7807167,5002442255.25,0.07260726072607261,1572853298.85,0.03115004096463672,True
2025-01-15,2025-01-15 15:25:00,643.15,644.1,608.35,609.05,5274026,3212145535.2999997,0.055585788696260595,1572853298.85,0.032018293837976886,True
2025-01-16,2025-01-16 15:25:00,616.45,633.0,615.05,626.0,4212174,2636820924.0,0.029118338875821305,1572853298.85,0.032018293837976886,True
2025-01-17,2025-01-17 15:25:00,625.0,652.2,619.95,648.1,3741823,2425075486.3,0.0516,1572853298.85,0.032018293837976886,True
2025-01-20,2025-01-20 15:25:00,650.5,686.75,647.8,680.2,4414295,3002603459.0,0.059877017678708754,1572853298.85,0.032018293837976886,True
2025-01-21,2025-01-21 15:25:00,683.0,683.0,653.85,658.95,2831267,1865663389.65,0.0426793557833089,1572853298.85,0.032018293837976886,True
2025-01-22,2025-01-22 15:25:00,663.6,666.3,614.95,637.0,9175889,5845041293.0,0.07738095238095224,1572853298.85,0.032018293837976886,True
2025-01-23,2025-01-23 15:25:00,635.0,647.35,623.7,627.0,2722456,1706979912.0,0.03724409448818894,1572853298.85,0.032018293837976886,True
2025-01-24,2025-01-24 15:25:00,632.95,640.8,617.1,620.75,3026969,1878991006.75,0.03744371593332796,1572853298.85,0.032018293837976886,True
2025-01-27,2025-01-27 15:25:00,617.95,617.95,587.95,596.65,4511029,2691505452.85,0.0485476171211263,1572853298.85,0.032018293837976886,True
2025-01-28,2025-01-28 15:25:00,599.0,602.7,517.75,573.9,22928743,13158805607.699999,0.14181969949916534,1572853298.85,0.032018293837976886,True
2025-01-29,2025-01-29 15:25:00,574.95,630.0,574.95,618.0,11393589,7041238002.0,0.09574745630054779,1572853298.85,0.032340629089088364,True
2025-01-30,2025-01-30 15:25:00,626.05,632.8,613.85,619.5,3481189,2156596585.5,0.030269147831642734,1621800104.0,0.03335342309186204,True
2025-01-31,2025-01-31 15:25:00,623.7,645.0,619.0,638.55,2548697,1627470469.35,0.04168670835337502,1662459110.0,0.03335342309186204,True
2025-02-01,2025-02-01 15:25:00,639.0,647.0,597.35,610.0,2700071,1647043310.0,0.07769953051643189,1662459110.0,0.033844310918497544,True
2025-02-03,2025-02-03 15:25:00,609.95,609.95,575.5,585.8,4694311,2749927383.7999997,0.05648003934748757,1654737612.0,0.033844310918497544,True
2025-02-04,2025-02-04 15:25:00,591.8,608.8,591.8,604.2,3823784,2310330292.8,0.028725920919229472,1654737612.0,0.033844310918497544,True
2025-02-05,2025-02-05 15:25:00,607.2,630.9,603.0,625.8,3309584,2071137667.1999998,0.04594861660079047,1662459110.0,0.033844310918497544,True
2025-02-06,2025-02-06 15:25:00,632.0,632.8,608.85,615.05,1562552,961047607.5999999,0.037895569620253054,1671674045.5,0.033844310918497544,False
2025-02-07,2025-02-07 15:25:00,617.0,624.95,610.45,615.1,1384115,851369136.5,0.023500810372771474,1671674045.5,0.035600267912319135,False
2025-02-10,2025-02-10 15:25:00,616.5,616.5,583.75,590.95,4092435,2418424463.25,0.053122465531224655,1671674045.5,0.033844310918497544,True
2025-02-11,2025-02-11 15:25:00,592.0,592.3,573.5,583.45,2900935,1692550525.7500002,0.03175675675675668,1692863281.825,0.035600267912319135,True
2025-02-12,2025-02-12 15:25:00,584.0,585.95,561.0,578.25,2820935,1631205663.75,0.042722602739726105,1698707652.2000003,0.035600267912319135,True
2025-02-13,2025-02-13 15:25:00,583.0,594.6,575.35,577.0,1631281,941249137.0,0.0330188679245283,1686706155.375,0.035600267912319135,False
2025-02-14,2025-02-14 15:25:00,581.9,583.95,548.65,554.75,3348420,1857535995.0,0.06066334421721957,1686706155.375,0.035600267912319135,True
2025-02-17,2025-02-17 15:25:00,545.05,587.0,537.1,585.0,4713823,2757586455.0,0.09155123383175852,1698707652.2000003,0.035600267912319135,True
2025-02-18,2025-02-18 15:25:00,586.0,589.15,569.05,575.8,2217317,1276731128.6,0.03430034129692837,1698707652.2000003,0.035600267912319135,True
2025-02-19,2025-02-19 15:25:00,571.0,595.3,564.55,586.9,1964132,1152749070.8,0.053852889667250436,1698707652.2000003,0.035615809331121726,True
2025-02-20,2025-02-20 15:25:00,584.2,598.8,572.55,594.45,2043410,1214705074.5,0.04493324204039712,1686706155.375,0.035615809331121726,True
2025-02-21,2025-02-21 15:25:00,594.0,600.1,581.5,587.0,1719497,1009344739.0,0.03131313131313135,1686706155.375,0.03695969416482399,True
2025-02-24,2025-02-24 15:25:00,577.0,605.8,570.25,600.7,3125960,1877764172.0000002,0.061611785095320545,1686706155.375,0.035615809331121726,True
2025-02-25,2025-02-25 15:25:00,600.7,611.65,595.65,598.0,3636961,2174902678.0,0.026635591809555517,1698707652.2000003,0.035615809331121726,True
2025-02-27,2025-02-27 15:25:00,598.0,598.15,575.0,581.85,10086209,5868660706.650001,0.03871237458193976,1705922345.325,0.035615809331121726,True
2025-02-28,2025-02-28 15:25:00,576.0,591.95,563.25,571.3,8537389,4877410335.7,0.04982638888888897,1782257953.5,0.03708768592675201,True
2025-03-03,2025-03-03 15:25:00,570.1,589.75,548.15,585.0,8024306,4694219010.0,0.07296965444658836,1782257953.5,0.03734390521075845,True
2025-03-04,2025-03-04 15:25:00,578.0,607.3,569.1,603.85,3131254,1890807727.9,0.06608996539792376,1782257953.5,0.03766964277679051,True
2025-03-05,2025-03-05 15:25:00,598.3,615.85,598.3,612.15,2796017,1711581806.55,0.02933311047969258,1782257953.5,0.03830397210109641,True
2025-03-06,2025-03-06 15:25:00,617.65,631.5,615.95,627.0,2964655,1858838685.0,0.025176070590139973,1709280859.275,0.03830397210109641,True
2025-03-07,2025-03-07 15:25:00,628.2,632.75,620.1,630.95,2347652,1481251029.4,0.02013689907672712,1784558900.775,0.03830397210109641,True
2025-03-10,2025-03-10 15:25:00,635.0,645.0,590.0,593.35,3888219,2307074743.65,0.08661417322834646,1784558900.775,0.03830397210109641,True
2025-03-11,2025-03-11 15:25:00,590.0,613.0,583.05,612.5,2092146,1281439425.0,0.050762711864406854,1858187340.0,0.03940367711457915,True
2025-03-12,2025-03-12 15:25:00,612.5,620.5,594.55,604.4,2390489,1444811551.6,0.042367346938775585,1784558900.775,0.040890844000296786,True
2025-03-13,2025-03-13 15:25:00,610.1,614.95,595.0,597.95,1390806,831632447.7,0.0326995574495985,1784558900.775,0.0420270276460753,False
2025-03-17,2025-03-17 15:25:00,601.0,618.15,594.1,613.55,3660207,2245720004.85,0.040016638935108075,1784558900.775,0.0420270276460753,True
2025-03-18,2025-03-18 15:25:00,618.85,639.7,613.45,636.1,2686113,1708636479.3,0.042417387088955316,1858187340.0,0.0420270276460753,True
2025-03-19,2025-03-19 15:25:00,639.45,666.25,633.3,659.75,3343669,2205985622.75,0.05152865743998756,1784558900.775,0.0420270276460753,True
2025-03-20,2025-03-20 15:25:00,669.0,669.8,647.65,655.0,2308852,1512298060.0,0.033109118086696525,1858187340.0,0.04239236701386545,True
2025-03-21,2025-03-21 15:25:00,658.95,658.95,631.65,642.0,3884504,2493851568.0,0.041429547006601515,1858187340.0,0.04239236701386545,True
2025-03-24,2025-03-24 15:25:00,644.05,653.0,631.2,633.6,4240869,2687014598.4,0.03384830370312857,1858187340.0,0.0420270276460753,True
2025-03-25,2025-03-25 15:25:00,640.0,652.55,625.05,627.0,3652270,2289973290.0,0.04296875,1862251037.325,0.0420270276460753,True
2025-03-26,2025-03-26 15:25:00,626.9,648.0,626.05,634.0,4273257,2709244938.0,0.03501355878130491,1871713780.8250003,0.04239236701386545,True
2025-03-27,2025-03-27 15:25:00,636.0,642.7,627.2,628.0,14136488,8877714464.0,0.02437106918238994,1878377589.375,0.04239236701386545,True
2025-03-28,2025-03-28 15:25:00,634.0,648.0,630.05,636.0,2705342,1720597512.0,0.02831230283911679,1884899367.325,0.04239236701386545,True
2025-04-01,2025-04-01 15:25:00,636.65,646.0,610.25,612.9,3109314,1905698550.6,0.05615330244247232,1884899367.325,0.04239236701386545,True
2025-04-02,2025-04-02 15:25:00,610.0,628.05,606.75,623.35,2397903,1494732835.05,0.03491803278688517,1898253139.25,0.042548371436132104,True
2025-04-03,2025-04-03 15:25:00,618.0,626.4,607.75,615.8,2330877,1435354056.6,0.030177993527508055,1898253139.25,0.042548371436132104,True
2025-04-04,2025-04-04 15:25:00,612.55,619.15,570.75,580.95,4572753,2656540855.3500004,0.07901395804424126,1898253139.25,0.042548371436132104,True
2025-04-07,2025-04-07 15:25:00,520.0,555.4,517.7,539.6,4728463,2551478634.8,0.07249999999999987,1898253139.25,0.042548371436132104,True
2025-04-08,2025-04-08 15:25:00,556.0,562.5,538.2,551.75,2804829,1547564400.75,0.04370503597122294,1988418108.8999999,0.0427009792615175,True
2025-04-09,2025-04-09 15:25:00,550.0,555.0,537.6,552.0,2178703,1202644056.0,0.031636363636363594,1988418108.8999999,0.0427009792615175,True
2025-04-11,2025-04-11 15:25:00,555.05,575.0,550.2,573.0,3044552,1744528296.0,0.044680659400053974,1898253139.25,0.042548371436132104,True
2025-04-15,2025-04-15 15:25:00,589.9,591.0,580.0,588.1,2132383,1254054442.3,0.018647228343787084,1884899367.325,0.042548371436132104,False
2025-04-16,2025-04-16 15:25:00,593.0,599.9,587.0,598.35,1730574,1035488952.9000001,0.021753794266441782,1878377589.375,0.04239236701386545,True
2025-04-17,2025-04-17 15:25:00,598.0,622.95,596.15,616.8,3431402,2116488753.6,0.0448160535117058,1871713780.8250003,0.04239236701386545,True
2025-04-21,2025-04-21 15:25:00,628.45,652.55,624.55,650.15,3395099,2207323614.85,0.044554061580077964,1871713780.8250003,0.04239236701386545,True
2025-04-22,2025-04-22 15:25:00,652.0,653.85,636.0,645.95,2100362,1356728833.9,0.02737730061349697,1871713780.8250003,0.04239236701386545,True
2025-04-23,2025-04-23 15:25:00,649.05,662.0,644.5,659.0,2493628,1643300852.0,0.026962483629920656,1868301428.5,0.0420270276460753,True
2025-04-24,2025-04-24 15:25:00,660.5,663.15,641.95,647.0,1827986,1182706942.0,0.03209689629068877,1858187340.0,0.04155812767998827,True
2025-04-25,2025-04-25 15:25:00,649.0,649.35,617.7,630.85,3224012,2033867970.2,0.048767334360554665,1858187340.0,0.04155812767998827,True
2025-04-28,2025-04-28 15:25:00,626.0,641.0,625.15,634.85,1822658,1157114431.3,0.02531948881789141,1858187340.0,0.0420270276460753,True
2025-04-29,2025-04-29 15:25:00,635.1,645.0,634.4,638.0,1110372,708417336.0,0.01669028499448909,1801032145.5,0.04155812767998827,False
2025-04-30,2025-04-30 15:25:00,638.0,638.45,614.95,624.4,3427493,2140126629.1999998,0.03683385579937304,1732562904.0,0.040723092970854795,True
2025-05-02,2025-05-02 15:25:00,622.0,627.6,615.15,620.45,1720645,1067574190.2500001,0.02001607717041808,1732562904.0,0.03936450675852392,True
2025-05-05,2025-05-05 15:25:00,622.05,636.75,618.05,635.5,1580984,1004715332.0,0.030061892130857724,1716089659.275,0.03936450675852392,True
2025-05-06,2025-05-06 15:25:00,638.0,649.0,583.5,596.0,6468047,3854956012.0,0.10266457680250783,1716089659.275,0.03830397210109641,True
2025-05-07,2025-05-07 15:25:00,578.0,627.75,578.0,607.45,5941767,3609326364.15,0.08607266435986159,1732562904.0,0.03830397210109641,True
2025-05-08,2025-05-08 15:25:00,614.4,634.0,597.7,601.5,5817260,3499081890.0,0.05908203124999993,1732562904.0,0.03830397210109641,True
2025-05-09,2025-05-09 15:25:00,595.0,614.35,587.4,609.0,2594789,1580226501.0,0.0452941176470589,1732562904.0,0.03936450675852392,True
2025-05-12,2025-05-12 15:25:00,629.9,650.0,624.5,644.95,2929291,1889246230.45,0.04048261628829973,1716089659.275,0.03936450675852392,True
2025-05-13,2025-05-13 15:25:00,645.8,657.4,642.2,651.4,1986284,1293865397.6,0.02353669866831826,1732562904.0,0.040249627611703906,True
2025-05-14,2025-05-14 15:25:00,654.0,675.75,648.05,674.5,3528090,2379696705.0,0.04235474006116215,1732562904.0,0.040249627611703906,True
2025-05-15,2025-05-15 15:25:00,680.0,682.0,663.7,676.45,3292128,2226959985.6000004,0.026911764705882284,1732562904.0,0.040249627611703906,True
2025-05-16,2025-05-16 15:25:00,684.0,703.7,676.0,695.8,3576218,2488332484.3999996,0.04049707602339188,1801032145.5,0.040249627611703906,True
2025-05-19,2025-05-19 15:25:00,702.0,704.35,692.45,696.35,1989320,1385262982.0,0.01695156695156692,1858187340.0,0.040249627611703906,False
2025-05-20,2025-05-20 15:25:00,702.25,702.25,673.0,689.0,3686548,2540031572.0,0.041651833392666426,1858187340.0,0.040249627611703906,True
2025-05-21,2025-05-21 15:25:00,687.6,704.0,685.2,693.0,2264356,1569198708.0,0.02734147760325764,1868301428.5,0.040249627611703906,True
2025-05-22,2025-05-22 15:25:00,694.0,706.55,689.9,696.5,2299443,1601562049.5,0.023991354466858756,1801683490.5,0.03936450675852392,True
2025-05-23,2025-05-23 15:25:00,699.9,701.0,692.05,696.55,941494,655797645.6999999,0.012787541077296821,1801683490.5,0.03936450675852392,False
2025-05-26,2025-05-26 15:25:00,698.0,708.9,696.8,697.0,1465293,1021309221.0,0.01733524355300863,1801683490.5,0.0377731151906564,False
2025-05-27,2025-05-27 15:25:00,697.8,701.0,690.05,693.9,1222283,848142173.6999999,0.01569217540842655,1801683490.5,0.035923707290338974,False
2025-05-28,2025-05-28 15:25:00,694.7,700.0,685.1,686.85,1549828,1064499361.8000001,0.021448107096588422,1801683490.5,0.035923707290338974,True
2025-05-29,2025-05-29 15:25:00,688.0,701.0,682.05,697.0,2394708,1669111476.0,0.027543604651162856,1732562904.0,0.03496579578409504,True
2025-05-30,2025-05-30 15:25:00,698.0,699.9,679.2,682.55,3519017,2401905053.35,0.029656160458452624,1716089659.275,0.03496579578409504,True
2025-06-02,2025-06-02 15:25:00,686.75,689.25,675.5,679.0,2342058,1590257382.0,0.02002184200946487,1716089659.275,0.03438316824500687,True
2025-06-03,2025-06-03 15:25:00,679.0,691.0,676.85,678.15,1853712,1257094792.8,0.02083946980854194,1710109142.925,0.03347871089491255,True
2025-06-04,2025-06-04 15:25:00,678.35,691.2,676.0,690.0,1327978,916304820.0,0.022407311859659534,1688873977.65,0.03290433776814751,False
2025-06-05,2025-06-05 15:25:00,693.9,703.45,684.35,696.9,1730844,1206225183.6,0.02752558005476297,1656206164.0,0.03239822687014364,True
2025-06-06,2025-06-06 15:25:00,680.0,690.0,678.0,682.0,3457329,2357898378.0,0.01764705882352941,1622431450.75,0.03239822687014364,False
2025-06-09,2025-06-09 15:25:00,682.5,699.0,681.8,694.1,2724699,1891213575.9,0.025201465201465267,1622431450.75,0.03239822687014364,True
2025-06-10,2025-06-10 15:25:00,698.2,700.45,688.0,690.0,1349258,930988020.0,0.017831566886279068,1656206164.0,0.03239822687014364,False
2025-06-11,2025-06-11 15:25:00,690.5,697.0,683.0,694.05,4137360,2871534708.0,0.020275162925416364,1622431450.75,0.03186662996352618,True
2025-06-12,2025-06-12 15:25:00,700.0,700.0,673.0,673.55,1797309,1210577476.9499998,0.03857142857142857,1656206164.0,0.030907178581935826,True
2025-06-13,2025-06-13 15:25:00,650.0,675.0,650.0,674.95,1752943,1183148877.8500001,0.038461538461538464,1656206164.0,0.030907178581935826,True
2025-06-16,2025-06-16 15:25:00,672.45,685.35,664.2,682.5,1561880,1065983100.0,0.031452152576399696,1656206164.0,0.030907178581935826,True
2025-06-17,2025-06-17 15:25:00,685.45,698.1,677.75,698.05,3090205,2157117600.25,0.029688525785980045,1622431450.75,0.030815073051953877,True
2025-06-18,2025-06-18 15:25:00,695.0,697.0,679.1,682.05,1946306,1327478007.3,0.025755395683453204,1622431450.75,0.03011994282918289,True
2025-06-19,2025-06-19 15:25:00,685.0,694.4,665.1,665.2,1951217,1297949548.4,0.04277372262773716,1595909715.75,0.029875208958418886,True
2025-06-20,2025-06-20 15:25:00,668.0,691.65,666.55,684.2,4222196,2888826503.2000003,0.03757485029940123,1595909715.75,0.029875208958418886,True
2025-06-23,2025-06-23 15:25:00,681.75,688.0,677.25,683.25,1364489,932287109.25,0.015768243491015767,1595909715.75,0.029875208958418886,False
2025-06-24,2025-06-24 15:25:00,689.9,689.9,680.55,682.25,1058389,722085895.25,0.013552688795477639,1585241941.5,0.029672343122216335,False
2025-06-25,2025-06-25 15:25:00,682.0,687.8,671.1,676.0,1550137,1047892612.0,0.024486803519061483,1574712604.5,0.028984231648784706,True
2025-06-26,2025-06-26 15:25:00,678.0,682.0,669.45,675.0,1492808,1007645400.0,0.018510324483775743,1558381554.375,0.027927953745139823,False
2025-06-27,2025-06-27 15:25:00,675.0,689.9,670.0,673.7,4397982,2962920473.4,0.02948148148148145,1521148617.9,0.027927953745139823,True
2025-06-30,2025-06-30 15:25:00,674.4,686.6,670.0,681.1,1959160,1334383876.0,0.024614472123368956,1521148617.9,0.02851254306632215,True
2025-07-01,2025-07-01 15:25:00,689.15,693.7,673.1,682.3,5973928,4076011074.3999996,0.029891895813683556,1465043445.8249998,0.027534592352962912,True
2025-07-02,2025-07-02 15:25:00,682.0,683.5,661.5,665.6,3827746,2547747737.6,0.03225806451612903,1491459228.675,0.027534592352962912,True
2025-07-03,2025-07-03 15:25:00,668.6,676.8,664.05,667.45,1749480,1167690426.0,0.01906969787615914,1558381554.375,0.027534592352962912,False
2025-07-04,2025-07-04 15:25:00,671.5,679.9,669.25,677.0,2009335,1360319795.0,0.015860014892032728,1466413691.375,0.027451440334129967,False
2025-07-07,2025-07-07 15:25:00,676.6,682.0,668.0,680.0,1793753,1219752040.0,0.020691693762932308,1372791388.5,0.027359389108377305,True
2025-07-08,2025-07-08 15:25:00,678.0,679.35,665.05,673.9,3580205,2412700149.5,0.021091445427728714,1358524314.45,0.027151980616589147,True
2025-07-09,2025-07-09 15:25:00,675.8,676.95,668.3,672.0,2187919,1470281568.0,0.012799644865344913,1372791388.5,0.02693712416790147,False
2025-07-10,2025-07-10 15:25:00,672.05,681.5,669.0,677.35,3250945,2202027595.75,0.018599806562011757,1372791388.5,0.026333580194667743,False
2025-07-11,2025-07-11 15:25:00,677.3,678.3,666.5,666.5,2897312,1931058448.0,0.017422117230178585,1427772275.0,0.026333580194667743,False
2025-07-14,2025-07-14 15:25:00,667.75,680.0,666.2,674.35,3086043,2081073097.05,0.020666417072257512,1519740138.0,0.026333580194667743,True
2025-07-15,2025-07-15 15:25:00,674.0,683.5,671.5,676.1,1536059,1038529489.9,0.017804154302670624,1519740138.0,0.025537442250672306,False
2025-07-16,2025-07-16 15:25:00,676.5,679.0,672.0,675.5,1449321,979016335.5,0.010347376201034738,1427772275.0,0.025260477009678338,False
2025-07-17,2025-07-17 15:25:00,678.2,693.95,676.7,688.85,4642333,3197871087.05,0.02543497493364789,1427772275.0,0.02490796866241711,True
2025-07-18,2025-07-18 15:25:00,695.0,695.5,666.1,667.0,5165919,3445667973.0,0.04230215827338126,1427772275.0,0.02490796866241711,True
2025-07-21,2025-07-21 15:25:00,669.0,682.5,663.9,679.95,2548947,1733156512.65,0.027802690582959675,1519740138.0,0.02490796866241711,True
2025-07-22,2025-07-22 15:25:00,682.0,688.9,676.1,683.8,2738721,1872737419.8,0.018768328445747735,1519740138.0,0.02490796866241711,False
2025-07-23,2025-07-23 15:25:00,684.15,687.5,680.5,682.5,1698901,1159499932.5,0.010231674340422423,1574712604.5,0.02455063782121522,False
2025-07-24,2025-07-24 15:25:00,683.1,687.0,653.6,682.0,7369675,5026118350.0,0.048894744546918424,1574712604.5,0.02455063782121522,True
2025-07-25,2025-07-25 15:25:00,688.25,692.2,660.0,661.6,3742048,2475738956.8,0.04678532509989109,1574712604.5,0.02455063782121522,True
2025-07-28,2025-07-28 15:25:00,663.0,669.8,654.0,658.6,1925873,1268379957.8,0.023831070889894352,1585241941.5,0.02490796866241711,True
2025-07-29,2025-07-29 15:25:00,657.35,661.55,645.5,660.0,2464620,1626649200.0,0.02441621662736739,1585241941.5,0.02455063782121522,True
2025-07-30,2025-07-30 15:25:00,659.05,669.8,657.4,660.0,2372284,1565707440.0,0.01881496092860933,1585241941.5,0.024451510073214437,False
2025-07-31,2025-07-31 15:25:00,655.0,668.9,651.0,660.5,1941333,1282250446.5,0.027328244274809125,1574712604.5,0.024203785547113076,True
2025-08-01,2025-08-01 15:25:00,662.05,665.9,649.55,652.3,2579364,1682519137.1999998,0.02469601993807118,1567453074.0,0.024203785547113076,True
2025-08-04,2025-08-04 15:25:00,655.05,664.9,646.0,663.35,2097093,1391106641.55,0.028852759331348718,1567453074.0,0.024203785547113076,True
2025-08-05,2025-08-05 15:25:00,665.5,681.65,660.25,679.1,4323171,2935865426.1,0.032156273478587495,1517994504.0,0.024203785547113076,True
2025-08-06,2025-08-06 15:25:00,682.0,685.5,673.65,680.35,2314719,1574819071.65,0.017375366568914988,1567453074.0,0.024451510073214437,False
2025-08-07,2025-08-07 15:25:00,675.0,685.5,672.05,681.05,2399310,1634050075.5,0.019925925925925993,1567453074.0,0.024203785547113076,False
2025-08-08,2025-08-08 15:25:00,683.0,683.0,664.1,665.95,1734606,1155160865.7,0.027672035139092208,1567453074.0,0.023911212678376554,True
2025-08-11,2025-08-11 15:25:00,666.0,668.8,655.5,662.2,2047852,1356087594.4,0.0199699699699699,1517994504.0,0.023911212678376554,False
2025-08-12,2025-08-12 15:25:00,664.95,665.55,655.5,658.1,2337163,1538086970.3,0.015113918339724721,1517994504.0,0.023911212678376554,False
2025-08-13,2025-08-13 15:25:00,660.4,674.8,659.2,670.15,2103578,1409712796.7,0.023622047244094353,1504184269.15,0.023119191374776943,True
2025-08-14,2025-08-14 15:25:00,676.0,676.0,664.0,665.45,1516879,1009407130.5500001,0.01775147928994083,1439997182.35,0.023014679551876943,False
2025-08-18,2025-08-18 15:25:00,676.2,677.6,667.5,669.9,2063160,1382110884.0,0.014936409346347268,1400409719.125,0.021927709478123978,False
2025-08-19,2025-08-19 15:25:00,672.5,678.2,668.0,676.35,1352602,914832362.7,0.015167286245353228,1400409719.125,0.021927709478123978,False
2025-08-20,2025-08-20 15:25:00,679.6,681.4,673.1,674.25,1374870,927006097.5,0.012213066509711528,1400409719.125,0.021927709478123978,False
2025-08-21,2025-08-21 15:25:00,675.0,679.8,675.0,676.7,940786,636629886.2,0.007111111111111044,1400409719.125,0.021927709478123978,False
2025-08-22,2025-08-22 15:25:00,678.45,687.6,673.4,680.15,3731134,2537730790.1,0.020930061168840806,1400409719.125,0.021749378643694126,True
2025-08-25,2025-08-25 15:25:00,682.0,685.5,675.0,677.0,2087047,1412930819.0,0.015395894428152493,1400409719.125,0.021010753298284758,False
2025-08-26,2025-08-26 15:25:00,677.9,684.25,668.5,669.85,10447723,6998407251.55,0.023233515267738605,1400409719.125,0.02088476548869137,True
2025-08-28,2025-08-28 15:25:00,674.4,677.3,658.8,663.5,1945401,1290773563.5,0.02743179122182681,1400409719.125,0.021010753298284758,True
2025-08-29,2025-08-29 15:25:00,676.95,699.75,668.25,694.5,14573274,10121138793.0,0.04653224019499224,1400409719.125,0.021749378643694126,True
2025-09-01,2025-09-01 15:25:00,710.0,726.2,703.5,718.25,13375699,9607095806.75,0.03197183098591556,1411321807.85,0.02216248034773366,True
2025-09-02,2025-09-02 15:25:00,723.05,742.75,718.3,740.0,10339536,7651256640.0,0.03381508885969165,1441606193.5,0.02216248034773366,True
2025-09-03,2025-09-03 15:25:00,748.0,756.95,731.2,734.9,8976435,6596782081.5,0.03442513368983957,1441606193.5,0.023427781255916477,True
2025-09-04,2025-09-04 15:25:00,744.0,751.0,735.0,741.0,5486307,4065353487.0,0.021505376344086023,1441606193.5,0.023427781255916477,True
2025-09-05,2025-09-05 15:25:00,744.8,749.0,735.4,738.0,2557525,1887453450.0,0.01825993555316867,1504184269.15,0.023427781255916477,False
2025-09-08,2025-09-08 15:25:00,743.0,749.5,735.75,748.0,2792295,2088636660.0,0.01850605652759085,1504184269.15,0.023427781255916477,False
2025-09-09,2025-09-09 15:25:00,750.0,751.0,730.3,740.3,2411183,1784998774.8999999,0.027600000000000062,1551897205.15,0.022369445805912314,True
2025-09-10,2025-09-10 15:25:00,747.0,770.0,745.45,769.0,7474138,5747612122.0,0.03286479250334666,1570263255.825,0.022369445805912314,True
2025-09-11,2025-09-11 15:25:00,768.95,788.9,764.7,783.95,6077118,4764156656.1,0.031471487092788776,1600734135.825,0.022369445805912314,True
2025-09-12,2025-09-12 15:25:00,786.0,789.9,779.1,786.05,3066917,2410750107.85,0.013740458015267118,1600734135.825,0.022369445805912314,False
2025-09-15,2025-09-15 15:25:00,786.6,796.6,780.55,790.0,2726284,2153764360.0,0.020404271548436395,1630349637.75,0.02129841088590737,True
2025-09-16,2025-09-16 15:25:00,794.65,796.25,783.15,790.95,1974665,1561861281.75,0.01648524507644878,1658284606.35,0.021010753298284758,False
2025-09-17,2025-09-17 15:25:00,792.2,797.55,790.0,791.1,1719235,1360086808.5,0.009530421610704309,1630349637.75,0.020810877465886557,False
2025-09-18,2025-09-18 15:25:00,793.25,793.25,772.65,783.5,3810303,2985372400.5,0.02596911440277343,1630349637.75,0.020810877465886557,True
2025-09-19,2025-09-19 15:25:00,784.55,787.6,774.05,780.1,3284179,2561988037.9,0.0172710470970621,1658284606.35,0.021010753298284758,False
2025-09-22,2025-09-22 15:25:00,782.1,783.75,769.0,771.0,1532203,1181328513.0,0.01885948088479734,1707837824.925,0.020810877465886557,False
2025-09-23,2025-09-23 15:25:00,771.2,777.7,766.2,770.0,1773283,1365427910.0,0.014911825726141078,1707837824.925,0.020810877465886557,False
2025-09-24,2025-09-24 15:25:00,770.0,775.0,766.0,768.0,1284276,986323968.0,0.011688311688311689,1658284606.35,0.020679055417594912,False
2025-09-25,2025-09-25 15:25:00,768.6,775.5,756.35,759.9,1068635,812055736.5,0.02491543065313554,1658284606.35,0.020535344310346954,False
2025-09-26,2025-09-26 15:25:00,758.0,759.45,737.5,742.0,1924924,1428293608.0,0.02895778364116101,1630349637.75,0.020535344310346954,True
2025-09-29,2025-09-29 15:25:00,742.35,756.4,741.75,748.0,2929263,2191088724.0,0.019734626523876846,1600734135.825,0.020535344310346954,False
2025-09-30,2025-09-30 15:25:00,750.0,751.75,735.6,742.0,2525666,1874044172.0,0.021533333333333304,1630349637.75,0.020535344310346954,True
2025-10-01,2025-10-01 15:25:00,740.0,742.55,733.25,740.0,1376145,1018347300.0,0.012567567567567507,1658284606.35,0.020679055417594912,False
2025-10-03,2025-10-03 15:25:00,745.0,751.7,737.3,748.35,1373527,1027878930.45,0.019328859060402808,1658284606.35,0.020535344310346954,False
2025-10-06,2025-10-06 15:25:00,748.6,751.9,739.5,745.95,1155487,861935527.6500001,0.016564253272775817,1630349637.75,0.020187120759203148,False
2025-10-07,2025-10-07 15:25:00,745.4,754.3,744.5,748.4,1209246,904999706.4,0.01314730346122881,1630349637.75,0.020187120759203148,False
2025-10-08,2025-10-08 15:25:00,745.0,749.6,736.3,741.1,1555011,1152418652.1000001,0.01785234899328868,1600734135.825,0.020187120759203148,False
2025-10-09,2025-10-09 15:25:00,743.9,763.45,741.8,761.3,2259239,1719958650.6999998,0.029103374109423433,1570263255.825,0.020187120759203148,True
2025-10-10,2025-10-10 15:25:00,762.0,762.5,745.7,753.9,2335419,1760672384.1,0.02204724409448813,1570263255.825,0.020187120759203148,True
2025-10-13,2025-10-13 15:25:00,745.9,751.65,738.45,747.9,1685868,1260860677.2,0.017696742190642087,1600734135.825,0.0206671663586386,False
2025-10-14,2025-10-14 15:25:00,747.8,753.5,741.0,744.0,1510141,1123544904.0,0.016715699384862264,1600734135.825,0.0206671663586386,False
2025-10-15,2025-10-15 15:25:00,744.6,759.5,744.6,756.85,1645942,1245731202.7,0.020010744023636822,1570263255.825,0.020187120759203148,True
2025-10-16,2025-10-16 15:25:00,760.0,768.5,752.95,760.0,1411124,1072454240.0,0.020460526315789415,1563784360.875,0.019990356996803363,True
2025-10-17,2025-10-17 15:25:00,760.5,763.05,750.15,757.6,1825678,1383133652.8,0.016962524654832317,1549974126.025,0.019990356996803363,False
2025-10-20,2025-10-20 15:25:00,760.0,762.9,724.35,740.15,2810881,2080473572.1499999,0.050723684210526254,1483190289.15,0.019990356996803363,True
2025-10-23,2025-10-23 15:25:00,735.05,745.0,730.0,733.8,2595285,1904420133.0,0.020406775049316376,1549974126.025,0.02020750778603661,True
2025-10-24,2025-10-24 15:25:00,734.45,735.9,719.25,723.0,3047528,2203362744.0,0.022670025188916844,1549974126.025,0.02020750778603661,True
2025-10-27,2025-10-27 15:25:00,727.0,730.5,724.2,728.6,1566581,1141410916.6000001,0.008665749656120983,1549974126.025,0.02020750778603661,False
2025-10-28,2025-10-28 15:25:00,730.0,731.45,717.4,722.8,2304643,1665795960.3999999,0.019246575342465846,1549974126.025,0.019990356996803363,False
2025-10-29,2025-10-29 15:25:00,726.15,759.0,721.15,753.4,6062323,4567354148.2,0.0521242167596227,1549974126.025,0.019947947947947946,True
2025-10-30,2025-10-30 15:25:00,754.0,754.0,729.7,734.1,5067279,3719889513.9,0.03222811671087527,1549974126.025,0.019990356996803363,True
2025-10-31,2025-10-31 15:25:00,735.0,743.15,726.6,736.0,2557027,1881971872.0,0.022517006802721028,1568340176.7,0.019990356996803363,True
2025-11-03,2025-11-03 15:25:00,733.0,747.15,726.55,745.0,3818110,2844491950.0,0.02810368349249662,1568340176.7,0.019990356996803363,True
2025-11-04,2025-11-04 15:25:00,744.0,757.1,740.0,748.0,2277569,1703621612.0,0.022983870967741966,1604434573.575,0.019990356996803363,True
2025-11-06,2025-11-06 15:25:00,746.0,749.45,730.0,730.3,2213901,1616811900.3,0.026072386058981295,1604434573.575,0.019990356996803363,True
2025-11-07,2025-11-07 15:25:00,728.0,736.55,720.05,734.9,1197460,880013354.0,0.022664835164835164,1625430987.9,0.02020750778603661,False
2025-11-10,2025-11-10 15:25:00,733.2,740.0,727.5,738.7,1531352,1131209722.4,0.017048554282596835,1589336591.025,0.020405523298876384,False
2025-11-11,2025-11-11 15:25:00,738.15,738.65,729.1,732.0,1542487,1129100484.0,0.012937749779854981,1589336591.025,0.02020750778603661,False
2025-11-12,2025-11-12 15:25:00,733.85,742.0,728.0,739.9,2112426,1562983997.3999999,0.019077468147441573,1589336591.025,0.02020750778603661,False
2025-11-13,2025-11-13 15:25:00,739.0,749.45,735.0,746.25,2214298,1652419882.5,0.019553450608931048,1589897948.85,0.02020750778603661,False
2025-11-14,2025-11-14 15:25:00,740.3,751.65,738.95,744.0,1621728,1206565632.0,0.01715520734837219,1634615891.4,0.019872685273756834,False
2025-11-17,2025-11-17 15:25:00,743.5,753.6,739.65,749.45,2196288,1646008041.6000001,0.01876260928043046,1634615891.4,0.019872685273756834,False
2025-11-18,2025-11-18 15:25:00,749.45,749.9,732.3,732.95,1857383,1361368869.8500001,0.023483888184668785,1649213962.0500002,0.019872685273756834,True
2025-11-19,2025-11-19 15:25:00,730.0,734.0,718.4,722.3,2044355,1476637616.5,0.02136986301369866,1649213962.0500002,0.02020750778603661,True
2025-11-20,2025-11-20 15:25:00,723.0,726.5,718.2,722.05,2464403,1779422186.1499999,0.011479944674965359,1649213962.0500002,0.020405523298876384,False
2025-11-21,2025-11-21 15:25:00,721.0,725.0,707.5,709.55,1692442,1200872221.1,0.024271844660194174,1659107921.4499998,0.020405523298876384,True
2025-11-24,2025-11-24 15:25:00,709.55,709.55,680.0,681.2,5102179,3475604334.8,0.04164611373405674,1649213962.0500002,0.020405523298876384,True
2025-11-25,2025-11-25 15:25:00,683.0,685.75,677.8,682.4,6545468,4466627363.2,0.011639824304538866,1659107921.4499998,0.020433650682552894,False
2025-11-26,2025-11-26 15:25:00,681.0,695.0,677.6,687.25,3688571,2534970419.75,0.02555066079295151,1659107921.4499998,0.020405523298876384,True
2025-11-27,2025-11-27 15:25:00,690.95,691.15,676.55,679.3,2008802,1364579198.6,0.021130327809537625,1684708786.1999998,0.020405523298876384,True
2025-11-28,2025-11-28 15:25:00,679.25,679.25,669.1,671.25,1793954,1204191622.5,0.014942951785057015,1659107921.4499998,0.020405523298876384,False
2025-12-01,2025-12-01 15:25:00,672.9,677.65,667.85,668.8,1346776,900723788.8,0.014563828206271296,1649213962.0500002,0.02020750778603661,False
2025-12-02,2025-12-02 15:25:00,668.0,671.3,658.2,659.5,2545343,1678653708.5,0.019610778443113635,1631409970.95,0.019872685273756834,False
2025-12-03,2025-12-03 15:25:00,659.7,671.0,656.6,665.1,3638290,2419826679.0,0.021828103683492462,1631409970.95,0.01967270248349524,True
2025-12-04,2025-12-04 15:25:00,664.2,667.55,659.4,661.6,1863787,1233081479.2,0.01227040048178256,1631409970.95,0.01967270248349524,False
2025-12-05,2025-12-05 15:25:00,661.3,664.2,653.9,664.0,2091216,1388567424.0,0.015575381823680734,1589897948.85,0.01967270248349524,False
2025-12-08,2025-12-08 15:25:00,661.0,662.0,642.35,645.5,1948652,1257854866.0,0.029727685325264715,1562422639.5749998,0.01967270248349524,True
2025-12-09,2025-12-09 15:25:00,641.0,670.35,634.65,670.0,3298831,2210216770.0,0.055694227769110836,1519249449.125,0.01967270248349524,True
2025-12-10,2025-12-10 15:25:00,671.0,679.15,661.0,663.65,2204371,1462930814.1499999,0.027049180327868818,1519249449.125,0.01967270248349524,True
2025-12-11,2025-12-11 15:25:00,666.8,669.05,661.5,665.0,1627939,1082579435.0,0.011322735452909351,1469784215.3249998,0.01967270248349524,False
2025-12-12,2025-12-12 15:25:00,670.0,675.0,664.75,665.4,1767241,1175922161.3999999,0.015298507462686567,1445612211.0749998,0.01967270248349524,False
2025-12-15,2025-12-15 15:25:00,665.9,671.8,657.5,668.75,992759,663907581.25,0.02147469590028526,1408430516.0,0.01958211452602234,False
2025-12-16,2025-12-16 15:25:00,668.0,676.3,662.7,671.3,1135333,762149042.9,0.020359281437125613,1385850538.4,0.01967270248349524,False
2025-12-17,2025-12-17 15:25:00,678.0,691.2,666.6,667.0,3591525,2395547175.0,0.036283185840708,1385850538.4,0.019872685273756834,True
2025-12-18,2025-12-18 15:25:00,670.4,670.45,657.15,661.6,1896761,1254897077.6000001,0.019838902147971463,1385850538.4,0.019872685273756834,False
2025-12-19,2025-12-19 15:25:00,661.75,673.7,659.7,670.95,2127337,1427336760.15,0.021156025689459765,1374280781.4,0.019924823085804143,True
2025-12-22,2025-12-22 15:25:00,672.0,678.25,668.45,671.1,1508578,1012406695.8000001,0.014583333333333266,1385850538.4,0.020185012730381216,False
2025-12-23,2025-12-23 15:25:00,671.0,672.7,662.5,666.45,1289373,859302635.85,0.015201192250372647,1385850538.4,0.020185012730381216,False
2025-12-24,2025-12-24 15:25:00,666.3,669.25,657.15,660.3,1908266,1260028039.8,0.018159987993396402,1385850538.4,0.020185012730381216,False
2025-12-26,2025-12-26 15:25:00,660.9,666.9,653.2,655.15,696399,456245804.84999996,0.020729308518686537,1385850538.4,0.019924823085804143,False
2025-12-29,2025-12-29 15:25:00,656.0,659.7,645.8,646.85,1229615,795376462.75,0.021189024390244043,1373856425.6999998,0.019924823085804143,False
2025-12-30,2025-12-30 15:25:00,646.9,648.0,637.05,643.1,1951153,1254786494.3,0.016926882052867593,1362974034.225,0.020185012730381216,False
2025-12-31,2025-12-31 15:25:00,641.05,651.95,638.5,647.35,1681708,1088653673.8,0.020981202714296928,1311114773.525,0.019924823085804143,True
2026-01-01,2026-01-01 15:25:00,650.0,650.95,636.95,639.0,2754027,1759823253.0,0.021538461538461538,1311114773.525,0.020185012730381216,True
2026-01-02,2026-01-02 15:25:00,639.45,651.75,638.1,651.2,2279608,1484480729.6000001,0.021346469622331655,1362974034.225,0.020383028243220996,True
2026-01-05,2026-01-05 15:25:00,652.0,653.3,639.5,646.25,2002851,1294342458.75,0.02116564417177907,1373856425.6999998,0.020433650682552894,True
2026-01-06,2026-01-06 15:25:00,645.25,646.65,634.0,638.05,1946218,1241784394.8999999,0.019604804339403297,1373856425.6999998,0.020594917417237978,False
2026-01-07,2026-01-07 15:25:00,636.85,642.0,634.5,637.1,1166612,743248505.2,0.01177671351181597,1373856425.6999998,0.020594917417237978,False
2026-01-08,2026-01-08 15:25:00,640.0,661.0,593.3,612.95,12886489,7898773432.55,0.10578125000000008,1362974034.225,0.020433650682552894,True
2026-01-09,2026-01-09 15:25:00,613.5,619.4,586.5,596.2,13313637,7937590379.400001,0.05362673186634063,1362974034.225,0.020433650682552894,True
2026-01-12,2026-01-12 15:25:00,597.0,597.7,579.5,586.6,6196167,3634671562.2000003,0.03048576214405368,1373856425.6999998,0.020594917417237978,True
2026-01-13,2026-01-13 15:25:00,588.35,594.55,574.45,580.0,3352331,1944351980.0,0.03416333814906078,1385850538.4,0.020855255616491732,True
2026-01-14,2026-01-14 15:25:00,580.0,585.0,574.7,577.0,1920667,1108224859.0,0.017758620689655093,1407952092.075,0.021055765261917277,False
2026-01-16,2026-01-16 15:25:00,575.45,581.4,560.25,560.65,3666709,2055740400.85,0.03675384481709962,1407952092.075,0.021055765261917277,True
2026-01-19,2026-01-19 15:25:00,580.0,607.0,580.0,587.85,17188629,10104335557.65,0.04655172413793104,1445133787.15,0.021143176749498695,True
2026-01-20,2026-01-20 15:25:00,588.0,591.0,569.0,572.45,4139735,2369791300.75,0.03741496598639456,1445133787.15,0.021143176749498695,True
2026-01-21,2026-01-21 15:25:00,573.5,576.9,555.95,575.8,5167762,2975597359.6,0.036530078465562214,1445133787.15,0.021160834930619418,True
2026-01-22,2026-01-22 15:25:00,581.0,581.8,568.0,574.0,1587471,911208354.0,0.02375215146299476,1445133787.15,0.021160834930619418,False
2026-01-23,2026-01-23 15:25:00,574.0,576.2,547.35,551.0,3855318,2124280218.0,0.05026132404181188,1445133787.15,0.021177334281011557,True
2026-01-27,2026-01-27 15:25:00,557.0,557.0,525.5,535.5,10087599,5401909264.5,0.05655296229802514,1445133787.15,0.02126774700628785,True
2026-01-28,2026-01-28 15:25:00,535.2,583.65,535.2,581.95,12146380,7068585841.000001,0.09052690582959627,1445133787.15,0.02126774700628785,True
2026-01-29,2026-01-29 15:25:00,585.85,592.95,570.45,590.2,5439408,3210338601.6000004,0.038405735256464964,1445133787.15,0.02126774700628785,True
2026-01-30,2026-01-30 15:25:00,590.0,590.8,576.15,585.7,3715138,2175956326.6000004,0.024830508474576234,1445133787.15,0.02126774700628785,True
2026-02-01,2026-02-01 15:25:00,589.9,620.0,548.45,592.0,14924516,8835313472.0,0.12129174436345136,1445133787.15,0.02126774700628785,True
2026-02-02,2026-02-02 15:25:00,600.45,609.95,586.4,607.8,3435689,2088211774.1999998,0.039220584561578925,1445133787.15,0.02126774700628785,True
2026-02-03,2026-02-03 15:25:00,658.35,669.15,650.8,659.9,14403374,9504786502.6,0.02787271208323843,1445133787.15,0.02126774700628785,True
2026-02-04,2026-02-04 15:25:00,667.75,676.0,656.0,667.25,5202695,3471498238.75,0.02995132909022838,1469784215.3249998,0.02126774700628785,True
2026-02-05,2026-02-05 15:25:00,670.95,672.2,656.6,668.0,2504738,1673164984.0,0.023250614799910606,1480559173.0500002,0.021358166318015157,True
2026-02-06,2026-02-06 15:25:00,669.9,676.0,663.3,673.85,2706968,1824090386.8,0.01895805344081213,1523732363.5,0.02142227945699196,False
2026-02-09,2026-02-09 15:25:00,679.7,695.7,678.25,690.8,2561697,1769620287.6,0.02567309106958959,1565244385.6000001,0.02142227945699196,True
2026-02-10,2026-02-10 15:25:00,694.95,694.95,668.65,680.0,3473938,2362277840.0,0.037844449240952684,1565244385.6000001,0.0215065787193734,True
2026-02-11,2026-02-11 15:25:00,685.0,687.0,674.2,683.0,2135152,1458308816.0,0.018686131386861246,1659586512.8000002,0.021683282610977,False
2026-02-12,2026-02-12 15:25:00,685.85,688.9,678.6,687.35,1945299,1337101267.65,0.015017861048334117,1578822856.8000002,0.021683282610977,False
2026-02-13,2026-02-13 15:25:00,680.0,684.5,671.4,681.3,1140182,776805996.5999999,0.019264705882352975,1578822856.8000002,0.0215065787193734,False
2026-02-16,2026-02-16 15:25:00,677.0,691.0,676.55,687.25,1172787,805997865.75,0.021344165435746004,1578822856.8000002,0.0215065787193734,False
2026-02-17,2026-02-17 15:25:00,689.0,695.9,684.85,690.4,2306704,1592548441.6,0.016037735849056538,1473705771.875,0.0215065787193734,False
2026-02-18,2026-02-18 15:25:00,692.35,714.5,687.4,710.0,3811511,2706172810.0,0.039142052430129304,1538514585.6,0.021410582761308458,True
2026-02-19,2026-02-19 15:25:00,710.65,719.4,693.4,695.75,2340693,1628537154.75,0.036586223879546895,1538514585.6,0.021410582761308458,True
2026-02-20,2026-02-20 15:25:00,692.0,717.4,691.65,711.2,2604472,1852300486.4,0.037210982658959536,1538514585.6,0.0215065787193734,True
2026-02-23,2026-02-23 15:25:00,720.0,722.7,713.5,720.1,1779522,1281433792.2,0.012777777777777841,1538514585.6,0.0215065787193734,False
2026-02-24,2026-02-24 15:25:00,713.0,727.0,713.0,722.8,1893817,1368850927.6,0.019635343618513323,1538514585.6,0.0215065787193734,False
2026-02-25,2026-02-25 15:25:00,725.0,728.0,710.65,711.5,2094422,1490181253.0,0.023931034482758653,1538514585.6,0.0215065787193734,True
2026-02-26,2026-02-26 15:25:00,715.5,733.7,711.05,726.1,4349769,3158367270.9,0.03165618448637329,1541364847.3,0.021683282610977,True
2026-02-27,2026-02-27 15:25:00,726.75,728.7,719.6,724.65,2603431,1886576274.1499999,0.012521499828001407,1541364847.3,0.022539359241701536,False
2026-03-02,2026-03-02 15:25:00,688.95,719.2,688.9,713.0,2542003,1812448139.0,0.0439799695188331,1541364847.3,0.022394538169186073,True
2026-03-04,2026-03-04 15:25:00,700.0,702.0,676.4,685.4,3864683,2648853728.2,0.0365714285714286,1610542798.175,0.023501383131452683,True
2026-03-05,2026-03-05 15:25:00,689.0,702.85,683.4,700.7,1342405,940623183.5000001,0.028229317851959427,1650851069.375,0.023841592972876705,False
2026-03-06,2026-03-06 15:25:00,700.0,722.5,696.0,716.8,2919481,2092683980.8,0.03785714285714286,1650851069.375,0.023841592972876705,True
2026-03-09,2026-03-09 15:25:00,704.9,704.9,684.2,696.0,2662561,1853142456.0,0.029365867498935924,1650851069.375,0.023841592972876705,True
2026-03-10,2026-03-10 15:25:00,706.0,731.95,703.3,730.0,3868979,2824354670.0,0.04058073654390948,1716494118.5,0.023841592972876705,True
2026-03-11,2026-03-11 15:25:00,730.4,741.5,724.05,725.8,2724531,1977464599.8,0.023891018619934347,1764721770.3,0.02438077147866744,True
2026-03-12,2026-03-12 15:25:00,723.45,740.25,701.6,740.0,3538008,2618125920.0,0.053424562858525086,1791034213.3,0.02438077147866744,True
2026-03-13,2026-03-13 15:25:00,740.55,749.0,706.45,709.0,5414731,3839044279.0,0.057457295253527725,1818269262.9,0.02525179977208291,True
2026-03-16,2026-03-16 15:25:00,708.65,711.8,680.1,695.0,3883991,2699373745.0,0.04473294291963583,1838195436.6,0.02677290157641401,True
2026-03-17,2026-03-17 15:25:00,701.0,712.0,697.0,707.0,2289468,1618653876.0,0.021398002853067047,1838195436.6,0.02677290157641401,True
2026-03-18,2026-03-18 15:25:00,709.3,716.95,702.2,706.9,1557625,1101085112.5,0.020795150148033275,1838195436.6,0.02677290157641401,True
2026-03-19,2026-03-19 15:25:00,697.0,700.5,683.45,689.0,1679956,1157489684.0,0.024461979913916722,1838195436.6,0.02677290157641401,True
2026-03-20,2026-03-20 15:25:00,697.0,709.0,678.65,681.0,2713970,1848213570.0,0.04354375896700147,1838195436.6,0.02677290157641401,True
2026-03-23,2026-03-23 15:25:00,675.15,675.5,642.8,662.4,3632136,2405926886.4,0.048433681404132484,1850257028.2,0.02805101496759893,True
2026-03-24,2026-03-24 15:25:00,680.0,680.95,658.75,669.4,3363901,2251795329.4,0.03264705882352948,1852721471.2,0.028797592675447674,True
2026-03-25,2026-03-25 15:25:00,677.25,693.95,675.0,692.65,2726090,1888226238.5,0.02798080472499084,1869859365.0749998,0.02965859829458215,True
2026-03-27,2026-03-27 15:25:00,687.7,688.8,666.0,667.1,3455821,2305378189.1,0.033153991566089794,1887401256.3249998,0.02965859829458215,True
2026-03-30,2026-03-30 15:25:00,656.0,672.95,651.5,654.0,4822404,3153852216.0,0.03269817073170739,1916289109.25,0.03021854561714103,True
2026-04-01,2026-04-01 15:25:00,673.0,690.25,672.4,679.5,2306084,1566984078.0,0.026523031203566156,1960908289.9,0.031070973315213486,True
2026-04-02,2026-04-02 15:25:00,670.25,683.25,655.6,681.9,2095521,1428935769.8999999,0.04125326370757177,1960908289.9,0.031070973315213486,True
2026-04-06,2026-04-06 15:25:00,681.9,689.85,671.65,688.3,2375520,1635070416.0,0.02669013051767128,1960908289.9,0.03215162165495139,True
2026-04-07,2026-04-07 15:25:00,684.0,694.85,671.25,693.95,2283892,1584906853.4,0.03450292397660822,1960908289.9,0.03215162165495139,True
2026-04-08,2026-04-08 15:25:00,715.15,730.55,705.9,726.0,2857574,2074598724.0,0.03446829336502828,1960908289.9,0.03267261477761843,True
2026-04-09,2026-04-09 15:25:00,725.95,735.0,716.05,719.8,2670261,1922053867.8,0.0261037261519389,2016602500.3249998,0.03292608114889859,True
2026-04-10,2026-04-10 15:25:00,727.15,735.6,720.0,728.6,2093469,1525301513.4,0.02145362029842539,1960908289.9,0.03267261477761843,True
2026-04-13,2026-04-13 15:25:00,710.0,727.95,705.2,716.0,2038829,1459801564.0,0.03204225352112676,1933202923.9,0.03215162165495139,True
2026-04-15,2026-04-15 15:25:00,727.0,750.0,726.5,750.0,4080219,3060164250.0,0.032324621733149934,1905140053.15,0.03234465617232812,True
2026-04-16,2026-04-16 15:25:00,759.05,761.7,747.25,755.5,3522130,2660969215.0,0.019036954087346087,1905140053.15,0.03218343762713835,False
2026-04-17,2026-04-17 15:25:00,760.0,776.5,748.35,774.1,4124950,3193123795.0,0.0370394736842105,1949759233.8,0.03218343762713835,True
2026-04-20,2026-04-20 15:25:00,775.95,804.65,764.2,795.0,5484239,4359970005.0,0.05212964752883553,1949759233.8,0.03218343762713835,True
2026-04-21,2026-04-21 15:25:00,800.0,819.6,798.15,807.5,3634410,2934786075.0,0.02681250000000006,1949759233.8,0.03218343762713835,True
2026-04-22,2026-04-22 15:25:00,805.25,835.0,803.0,825.7,4811558,3972903440.6000004,0.039739211425023284,1949759233.8,0.031849219003750026,True
2026-04-23,2026-04-23 15:25:00,825.7,842.0,821.4,838.6,3748816,3143757097.6,0.024948528521254718,1949759233.8,0.031849219003750026,True
2026-04-24,2026-04-24 15:25:00,844.5,846.9,809.0,825.0,3974779,3279192675.0,0.04487862640615746,2026031661.9,0.031849219003750026,True
2026-04-27,2026-04-27 15:25:00,823.35,834.95,818.15,820.0,2534539,2078321980.0,0.020404445254144737,2026031661.9,0.031849219003750026,True
2026-04-28,2026-04-28 15:25:00,820.7,836.4,820.7,831.5,1963200,1632400800.0,0.01913001096624824,2026031661.9,0.030803756788300836,False
2026-04-29,2026-04-29 15:25:00,835.35,840.0,820.3,826.0,2345707,1937553982.0,0.02358292931106727,1949759233.8,0.02965859829458215,True
2026-04-30,2026-04-30 15:25:00,824.75,824.75,803.9,811.6,3243045,2632055322.0,0.025280387996362563,1929803924.9,0.028797592675447674,True
2026-05-04,2026-05-04 15:25:00,819.0,828.0,800.5,801.5,2566775,2057270162.5,0.033577533577533576,1929803924.9,0.028797592675447674,True
2026-05-05,2026-05-05 15:25:00,800.0,833.0,794.1,827.0,6915452,5719078804.0,0.048624999999999974,1929803924.9,0.028797592675447674,True
2026-05-06,2026-05-06 15:25:00,832.8,839.5,804.0,824.0,8504038,7007327312.0,0.04262728146013449,1929803924.9,0.028797592675447674,True
2026-05-07,2026-05-07 15:25:00,841.5,872.35,830.05,860.35,13416264,11542682732.4,0.050267379679144464,1929803924.9,0.02965859829458215,True
2026-05-08,2026-05-08 15:25:00,860.35,875.8,852.0,875.1,3969151,3473404040.1,0.027663160341721338,1929803924.9,0.03051102599265461,True
2026-05-11,2026-05-11 15:25:00,875.0,886.8,855.0,858.2,4446932,3816357042.4,0.03634285714285709,1957509290.9,0.03051102599265461,True
2026-05-12,2026-05-12 15:25:00,858.15,863.75,831.7,835.9,3024907,2528519761.2999997,0.03734778302161622,2017367381.15,0.031849219003750026,True
2026-05-13,2026-05-13 15:25:00,830.0,850.0,826.0,848.5,2580305,2189388792.5,0.02891566265060241,2065934443.25,0.03218343762713835,True
2026-05-14,2026-05-14 15:25:00,856.0,856.05,827.05,848.25,2836518,2406076393.5,0.03387850467289719,2065934443.25,0.031849219003750026,True
2026-05-15,2026-05-15 15:25:00,845.9,848.0,833.0,836.6,1658343,1387369753.8,0.017732592505024236,2076460352.0,0.03218343762713835,False
2026-05-18,2026-05-18 15:25:00,825.95,830.0,804.6,808.65,3994989,3230547854.85,0.030752466856347208,2076460352.0,0.03218343762713835,True
2026-05-19,2026-05-19 15:25:00,811.0,828.7,807.15,819.5,2053065,1682486767.5,0.026572133168927335,2085502980.4,0.03218343762713835,True
2026-05-20,2026-05-20 15:25:00,819.4,857.75,812.6,855.7,3703506,3169090084.2000003,0.05510129362948496,2085502980.4,0.03218343762713835,True
2026-05-21,2026-05-21 15:25:00,865.0,870.3,857.05,864.1,2794248,2414509696.8,0.015317919075144508,2141036386.65,0.03248584027833971,False
2026-05-22,2026-05-22 15:25:00,866.9,873.5,858.0,866.5,2024135,1753912977.5,0.01787980159187911,2141036386.65,0.03218343762713835,False
2026-05-25,2026-05-25 15:25:00,874.9,884.4,864.8,867.9,2215192,1922565136.8,0.022402560292604897,2141036386.65,0.031849219003750026,True
2026-05-26,2026-05-26 15:25:00,867.9,890.0,864.2,880.75,2785528,2453353786.0,0.029726927065330054,2141036386.65,0.03120432567136025,True
2026-05-27,2026-05-27 15:25:00,882.55,938.0,882.0,937.0,9250786,8667986482.0,0.06345249560931392,2220592060.95,0.03120432567136025,True
2026-05-29,2026-05-29 15:25:00,938.9,944.1,910.95,921.15,9403503,8662036788.449999,0.03530727447012459,2278586759.25,0.031849219003750026,True
2026-06-01,2026-06-01 15:25:00,928.95,928.95,891.3,894.0,3134814,2802523716.0,0.04052963022767651,2355652537.75,0.03218343762713835,True
2026-06-02,2026-06-02 15:25:00,895.05,910.55,883.05,909.75,4914791,4471231112.25,0.0307245405284621,2355652537.75,0.03248584027833971,True
2026-06-03,2026-06-03 15:25:00,912.95,914.6,890.45,906.85,3675946,3333531630.1,0.02645270825346402,2406001639.95,0.03248584027833971,True
2026-06-04,2026-06-04 15:25:00,915.0,951.0,906.75,941.0,8450345,7951774645.0,0.04836065573770492,2410293045.15,0.03218343762713835,True
2026-06-05,2026-06-05 15:25:00,948.85,952.0,928.6,938.15,4601796,4317174917.4,0.024661432260104314,2410293045.15,0.03218343762713835,True
2026-06-08,2026-06-08 15:25:00,920.0,938.8,895.0,897.95,4179473,3752957780.3500004,0.04760869565217386,2433931741.4,0.03218343762713835,True
2026-06-09,2026-06-09 15:25:00,910.2,921.0,905.3,914.15,3392041,3100834280.15,0.017248956273346567,2490936773.6499996,0.03218343762713835,False
2026-06-10,2026-06-10 15:25:00,911.2,924.5,899.15,908.0,3169768,2878149344.0,0.02782045654082531,2573322840.6499996,0.03218343762713835,True
2026-06-11,2026-06-11 15:25:00,900.5,926.5,898.95,903.2,2738536,2473445715.2000003,0.03059411438089945,2573322840.6499996,0.031397360188736984,True
2026-06-12,2026-06-12 15:25:00,919.0,919.0,897.5,914.7,2889436,2642967109.2000003,0.023394994559303592,2573322840.6499996,0.031397360188736984,True
2026-06-15,2026-06-15 15:25:00,928.0,942.9,916.55,938.1,2729106,2560174338.6,0.02839439655172416,2580287541.6499996,0.030738503692404655,True
2026-06-16,2026-06-16 15:25:00,943.55,946.9,931.6,939.45,2465219,2315949989.55,0.01621535689682577,2544347049.95,0.030659327454680772,False
2026-06-17,2026-06-17 15:25:00,941.0,965.6,937.0,964.4,3991577,3849476858.7999997,0.030393198724760918,2500982738.25,0.030160520723114752,True
2026-06-18,2026-06-18 15:25:00,969.9,969.9,945.25,953.0,3528776,3362923528.0,0.025414991236209897,2544347049.95,0.030493656552830185,True
2026-06-19,2026-06-19 15:25:00,954.1,966.05,950.05,962.5,3824356,3680942650.0,0.016769730636201654,2596114830.3,0.030493656552830185,False
2026-06-22,2026-06-22 15:25:00,968.0,968.9,954.05,961.0,2526263,2427738743.0,0.015340909090909115,2637511215.6000004,0.030493656552830185,False
2026-06-23,2026-06-23 15:25:00,965.0,966.0,946.0,949.7,2719316,2582534405.2000003,0.02072538860103627,2637511215.6000004,0.030060062895045488,True
2026-06-24,2026-06-24 15:25:00,936.0,944.95,912.0,917.0,3979463,3649167571.0,0.0352029914529915,2637511215.6000004,0.02932129485796623,True
2026-06-25,2026-06-25 15:25:00,919.45,948.95,919.45,941.9,3188273,3003034338.7,0.032084398281581376,2651968162.1000004,0.02932129485796623,True
2026-06-29,2026-06-29 15:25:00,960.1,965.35,936.3,960.0,12271972,11781093120.0,0.030257264868242963,2731746465.5,0.030060062895045488,True
2026-06-30,2026-06-30 15:25:00,963.1,969.0,949.3,953.9,3286930,3135402527.0,0.02045478143494969,2840336530.0,0.02999209596678651,True
2026-07-01,2026-07-01 15:25:00,958.0,978.9,950.0,976.0,3474529,3391140304.0,0.030167014613778683,2840336530.0,0.02932129485796623,True
2026-07-02,2026-07-02 15:25:00,980.0,980.9,951.9,957.4,5233245,5010308763.0,0.02959183673469388,2906467709.5,0.029946970839554367,True
2026-07-03,2026-07-03 15:25:00,911.4,926.0,887.1,894.4,24506584,21918688729.6,0.04268158876453805,2968910206.85,0.029659381900011966,True
2026-07-06,2026-07-06 15:25:00,900.0,926.9,895.4,923.1,8172442,7543981210.2,0.035,3031599294.35,0.029946970839554367,True
2026-07-07,2026-07-07 15:25:00,925.05,927.6,898.65,910.45,3227941,2938878883.4500003,0.03129560564293827,3080499265.075,0.029946970839554367,True
2026-07-08,2026-07-08 15:25:00,908.0,924.0,897.35,909.5,5501889,5003968045.5,0.029350220264317155,3080499265.075,0.029946970839554367,True
2026-07-09,2026-07-09 15:25:00,910.8,922.6,903.05,911.35,4197162,3825083588.7000003,0.02146464646464654,3118118403.575,0.029946970839554367,True
2026-07-10,2026-07-10 15:25:00,916.95,923.7,913.55,916.0,2059420,1886428720.0,0.011069305850918906,3139579812.3,0.029946970839554367,False
2026-07-13,2026-07-13 15:25:00,912.0,912.0,895.6,908.0,2812366,2553628328.0,0.017982456140350853,3139579812.3,0.029659381900011966,False
2026-07-14,2026-07-14 15:25:00,905.5,915.0,893.7,913.95,3235152,2956767170.4,0.02352291551628929,3139579812.3,0.029471028499505517,True
2026-07-15,2026-07-15 15:25:00,918.4,937.85,915.1,930.15,4641612,4317395401.8,0.024771341463414635,3139579812.3,0.029471028499505517,True
2026-07-16,2026-07-16 15:25:00,935.0,954.9,919.0,921.1,3421979,3151984856.9,0.038395721925133665,3139579812.3,0.02913294145745978,True
2026-07-17,2026-07-17 15:25:00,926.9,927.75,900.3,905.0,2374024,2148491720.0,0.029614845182867673,3139579812.3,0.02913294145745978,True
2026-07-20,2026-07-20 15:25:00,904.0,915.0,895.05,912.0,2241220,2043992640.0,0.02206858407079651,3139579812.3,0.029471028499505517,True
2026-07-21,2026-07-21 15:25:00,915.95,919.4,898.0,915.9,3540356,3242612060.4,0.023363720727113898,3118118403.575,0.02913294145745978,True
2026-07-22,2026-07-22 15:25:00,918.0,930.8,910.0,912.0,2113418,1927437216.0,0.022657952069716727,3118118403.575,0.02913294145745978,True
2026-07-23,2026-07-23 15:25:00,906.3,915.0,881.0,883.5,3938088,3479300748.0,0.03751517157674059,3051934309.425,0.028655029601163284,True
2026-07-24,2026-07-24 15:25:00,860.0,894.0,838.8,881.35,9647807,8503094699.45,0.06418604651162796,3118118403.575,0.02913294145745978,True
2026-07-27,2026-07-27 15:25:00,871.8,885.0,867.7,877.4,4874287,4276699413.7999997,0.01984400091764161,3143693691.95,0.029471028499505517,False
2026-07-28,2026-07-28 15:25:00,872.0,872.0,830.15,843.95,7580232,6397336796.400001,0.047993119266055075,3160537470.55,0.029471028499505517,True
2026-07-29,2026-07-29 15:25:00,844.1,845.2,825.5,830.0,5206251,4321188330.0,0.02333846700627893,3199818969.525,0.029603340958780776,True
2026-07-30,2026-07-30 15:25:00,830.0,835.65,814.85,833.0,4198205,3497104765.0,0.025060240963855368,3236579957.625,0.029471028499505517,True
2026-07-31,2026-07-31 15:25:00,850.0,878.8,850.0,861.9,6813717,5872742682.3,0.03388235294117642,3236579957.625,0.02913294145745978,True
2026-08-03,2026-08-03 15:25:00,865.55,867.95,826.1,826.1,4019725,3320694822.5,0.048350759632603574,3236579957.625,0.02913294145745978,True
2026-08-04,2026-08-04 15:25:00,846.6,882.8,846.45,880.05,8480001,7462824880.049999,0.04293645168910927,3236579957.625,0.02913294145745978,True
2026-08-05,2026-08-05 15:25:00,888.0,891.95,877.9,889.5,2353003,2092996168.5,0.01582207207207215,3236579957.625,0.029471028499505517,False
2026-08-06,2026-08-06 15:25:00,880.0,885.9,874.2,876.0,1496914,1311296664.0,0.013295454545454468,3199818969.525,0.02913294145745978,False
2026-08-07,2026-08-07 15:25:00,875.0,880.7,870.0,879.0,1519375,1335530625.0,0.012228571428571481,3199818969.525,0.028655029601163284,False
2026-08-10,2026-08-10 15:25:00,880.05,881.95,868.25,879.0,1200981,1055662299.0,0.015567297312652743,3199818969.525,0.028107426546274735,False
2026-08-11,2026-08-11 15:25:00,875.0,881.0,865.9,881.0,1060618,934404458.0,0.017257142857142884,3199818969.525,0.027196294854876322,False
2026-08-12,2026-08-12 15:25:00,881.0,888.0,872.0,888.0,1737601,1542989688.0,0.018161180476730987,3199818969.525,0.027196294854876322,False
2026-08-13,2026-08-13 15:25:00,892.0,894.5,878.05,886.55,1365073,1210205468.1499999,0.01844170403587449,3160537470.55,0.026512420711195677,False
2026-08-14,2026-08-14 15:25:00,886.55,892.55,878.2,890.15,1533036,1364631995.3999999,0.016186340307935154,3160537470.55,0.025933849744836958,False
