Datetime,Open,High,Low,Close,Volume,EMA9,EMA21,ADX,ATR
2026-02-09 09:15:00,267.6,269.7,267.6,268.85,188808,,,0.0,0.0
2026-02-09 09:20:00,268.85,270.6,268.85,270.35,148756,,,0.0,0.0
2026-02-09 09:25:00,270.35,270.95,270.3,270.9,104403,,,0.0,0.0
2026-02-09 09:30:00,270.9,271.65,270.5,270.75,120366,,,0.0,0.0
2026-02-09 09:35:00,270.75,271.5,270.75,270.9,94820,,,0.0,0.0
2026-02-09 09:40:00,270.8,271.5,270.8,271.4,87134,,,0.0,0.0
2026-02-09 09:45:00,271.35,272.45,271.3,272.15,153844,,,0.0,0.0
2026-02-09 09:50:00,272.2,272.75,272.0,272.7,80195,,,0.0,0.0
2026-02-09 09:55:00,272.7,272.7,271.65,272.05,82327,271.25,,0.0,0.0
2026-02-09 10:00:00,272.05,272.4,271.85,272.25,56134,271.45,,0.0,0.0
2026-02-09 10:05:00,272.15,272.65,272.1,272.4,44321,271.64,,0.0,0.0
2026-02-09 10:10:00,272.5,272.55,271.95,272.3,52618,271.77,,0.0,0.0
2026-02-09 10:15:00,272.4,273.3,272.25,272.7,149095,271.96,,0.0,0.0
2026-02-09 10:20:00,272.65,273.3,272.65,273.2,95055,272.21,,0.0,0.0
2026-02-09 10:25:00,273.2,273.5,272.9,273.2,100895,272.41,,0.0,0.0
2026-02-09 10:30:00,273.2,273.35,272.3,272.35,69433,272.39,,0.0,0.0
2026-02-09 10:35:00,272.4,272.95,272.3,272.95,25744,272.51,,0.0,0.0
2026-02-09 10:40:00,272.85,273.2,272.55,273.1,66889,272.62,,0.0,0.0
2026-02-09 10:45:00,273.15,273.3,272.15,272.15,40368,272.53,,0.0,0.0
2026-02-09 10:50:00,272.15,272.6,272.1,272.45,95983,272.51,,0.0,0.0
2026-02-09 10:55:00,272.45,272.95,272.45,272.85,17921,272.58,271.92,0.0,0.88
2026-02-09 11:00:00,272.8,272.95,272.4,272.4,19999,272.54,271.96,0.0,0.87
2026-02-09 11:05:00,272.4,274.0,272.4,273.9,487445,272.82,272.14,0.0,0.9
2026-02-09 11:10:00,273.75,274.05,272.95,274.05,205261,273.06,272.31,0.0,0.91
2026-02-09 11:15:00,274.0,274.15,273.4,273.4,168520,273.13,272.41,0.0,0.9
2026-02-09 11:20:00,273.35,273.6,272.55,272.55,52947,273.01,272.42,0.0,0.91
2026-02-09 11:25:00,272.5,272.85,272.1,272.5,107234,272.91,272.43,0.0,0.9
2026-02-09 11:30:00,272.45,272.65,272.1,272.3,22976,272.79,272.42,50.24,0.89
2026-02-09 11:35:00,272.3,273.0,272.25,272.8,23609,272.79,272.45,48.58,0.88
2026-02-09 11:40:00,272.8,272.95,272.35,272.4,28109,272.71,272.45,47.04,0.87
2026-02-09 11:45:00,272.5,272.5,272.05,272.3,27576,272.63,272.43,44.98,0.85
2026-02-09 11:50:00,272.2,272.3,271.8,271.85,45724,272.47,272.38,42.59,0.83
2026-02-09 11:55:00,271.8,272.25,271.7,271.95,16809,272.37,272.34,40.17,0.82
2026-02-09 12:00:00,271.9,272.6,271.8,272.45,22520,272.39,272.35,38.47,0.82
2026-02-09 12:05:00,272.6,272.7,272.3,272.6,26247,272.43,272.37,37.04,0.8
2026-02-09 12:10:00,272.6,273.05,272.45,272.85,46575,272.51,272.42,36.23,0.79
2026-02-09 12:15:00,272.95,273.05,272.45,272.6,30204,272.53,272.43,35.47,0.78
2026-02-09 12:20:00,272.6,272.6,272.2,272.55,18274,272.53,272.44,34.16,0.76
2026-02-09 12:25:00,272.55,272.75,272.2,272.25,16080,272.48,272.43,33.19,0.75
2026-02-09 12:30:00,272.35,272.35,271.95,272.05,40521,272.39,272.39,31.69,0.73
2026-02-09 12:35:00,272.05,272.3,271.9,271.9,15235,272.29,272.35,30.18,0.72
2026-02-09 12:40:00,271.9,272.4,271.9,272.3,12694,272.29,272.34,28.98,0.71
2026-02-09 12:45:00,272.3,272.8,272.1,272.6,37691,272.36,272.37,28.59,0.71
2026-02-09 12:50:00,272.5,273.1,272.15,272.15,41618,272.31,272.35,28.69,0.72
2026-02-09 12:55:00,272.1,272.35,272.1,272.2,27410,272.29,272.33,28.65,0.7
2026-02-09 13:00:00,272.2,272.55,272.1,272.55,16140,272.34,272.35,28.93,0.68
2026-02-09 13:05:00,272.5,272.75,272.45,272.7,10948,272.41,272.38,29.49,0.67
2026-02-09 13:10:00,272.6,272.8,272.4,272.5,33041,272.43,272.4,30.0,0.65
2026-02-09 13:15:00,272.5,272.85,272.5,272.8,13227,272.51,272.43,30.56,0.64
2026-02-09 13:20:00,272.8,272.8,272.4,272.5,9071,272.5,272.44,30.72,0.63
2026-02-09 13:25:00,272.5,272.7,272.15,272.15,16669,272.43,272.41,30.02,0.62
2026-02-09 13:30:00,272.3,272.45,272.05,272.4,12499,272.43,272.41,29.03,0.61
2026-02-09 13:35:00,272.4,272.6,272.3,272.45,21022,272.43,272.41,28.46,0.6
2026-02-09 13:40:00,272.45,272.5,272.3,272.4,8503,272.43,272.41,27.94,0.58
2026-02-09 13:45:00,272.35,272.65,272.05,272.25,37444,272.39,272.4,26.59,0.58
2026-02-09 13:50:00,272.25,272.7,272.1,272.4,16478,272.39,272.4,25.47,0.58
2026-02-09 13:55:00,272.4,272.65,272.25,272.4,20159,272.39,272.4,24.43,0.57
2026-02-09 14:00:00,272.25,272.65,272.25,272.45,22933,272.4,272.4,23.47,0.56
2026-02-09 14:05:00,272.45,272.85,272.4,272.85,29657,272.49,272.44,23.18,0.56
2026-02-09 14:10:00,272.8,273.0,272.5,272.7,23135,272.54,272.47,23.32,0.56
2026-02-09 14:15:00,272.8,273.0,272.6,272.8,328173,272.59,272.5,23.44,0.55
2026-02-09 14:20:00,272.8,273.15,272.8,273.05,22973,272.68,272.55,23.97,0.54
2026-02-09 14:25:00,273.05,273.45,273.0,273.2,36157,272.78,272.61,25.15,0.54
2026-02-09 14:30:00,273.25,273.45,273.1,273.35,36342,272.9,272.67,26.25,0.53
2026-02-09 14:35:00,273.35,273.8,273.2,273.45,122026,273.01,272.75,27.95,0.53
2026-02-09 14:40:00,273.45,273.6,273.0,273.25,36648,273.06,272.79,28.57,0.53
2026-02-09 14:45:00,273.25,273.7,273.15,273.4,44973,273.13,272.85,29.35,0.53
2026-02-09 14:50:00,273.45,273.7,273.35,273.55,38953,273.21,272.91,30.08,0.53
2026-02-09 14:55:00,273.55,273.85,273.35,273.7,66191,273.31,272.98,31.07,0.52
2026-02-09 15:00:00,273.95,275.4,273.9,275.35,373076,273.72,273.2,33.81,0.58
2026-02-09 15:05:00,275.2,275.55,274.55,274.65,168553,273.9,273.33,36.44,0.6
2026-02-09 15:10:00,274.65,274.8,274.2,274.3,166873,273.98,273.42,37.65,0.6
2026-02-09 15:15:00,274.3,274.9,274.3,274.5,166908,274.09,273.52,38.87,0.6
2026-02-09 15:20:00,274.25,274.65,274.25,274.35,223426,274.14,273.59,39.83,0.59
2026-02-09 15:25:00,274.35,274.4,273.95,274.0,131010,274.11,273.63,39.7,0.58
2026-02-10 09:15:00,275.4,275.4,273.15,273.5,192587,273.99,273.62,40.69,0.66
2026-02-10 09:20:00,273.5,273.65,272.15,272.8,154857,273.75,273.54,39.27,0.7
2026-02-10 09:25:00,272.9,272.95,272.45,272.5,90654,273.5,273.45,37.95,0.69
2026-02-10 09:30:00,272.65,272.85,272.3,272.8,60065,273.36,273.39,36.42,0.69
2026-02-10 09:35:00,272.8,272.85,272.3,272.4,53363,273.17,273.3,34.99,0.68
2026-02-10 09:40:00,272.45,272.45,272.05,272.35,75525,273.0,273.21,33.13,0.67
2026-02-10 09:45:00,272.35,272.35,271.5,271.7,91335,272.74,273.08,31.16,0.68
2026-02-10 09:50:00,271.6,272.35,271.0,272.3,99489,272.66,273.0,30.11,0.71
2026-02-10 09:55:00,272.3,272.75,272.15,272.65,24427,272.65,272.97,28.39,0.7
2026-02-10 10:00:00,272.65,272.75,272.25,272.5,51236,272.62,272.93,26.78,0.69
2026-02-10 10:05:00,272.5,272.65,272.2,272.2,33558,272.54,272.86,25.38,0.68
2026-02-10 10:10:00,272.2,272.55,272.15,272.25,10340,272.48,272.81,24.17,0.67
2026-02-10 10:15:00,272.25,272.65,272.2,272.5,16515,272.48,272.78,22.82,0.66
2026-02-10 10:20:00,272.5,272.8,272.35,272.6,38379,272.51,272.76,21.24,0.65
2026-02-10 10:25:00,272.6,273.2,272.55,273.2,71924,272.65,272.8,20.49,0.65
2026-02-10 10:30:00,273.2,273.6,273.0,273.3,48103,272.78,272.85,20.48,0.65
2026-02-10 10:35:00,273.35,273.35,272.8,272.95,18878,272.81,272.86,20.0,0.64
2026-02-10 10:40:00,272.85,272.9,272.3,272.5,55527,272.75,272.82,18.64,0.64
2026-02-10 10:45:00,272.5,272.55,272.15,272.45,13678,272.69,272.79,17.66,0.63
2026-02-10 10:50:00,272.35,272.6,272.2,272.35,26387,272.62,272.75,16.64,0.62
2026-02-10 10:55:00,272.35,272.45,272.2,272.4,9981,272.58,272.72,15.7,0.6
2026-02-10 11:00:00,272.3,272.8,272.3,272.7,12420,272.6,272.72,15.1,0.6
2026-02-10 11:05:00,272.7,273.1,272.3,273.1,38579,272.7,272.75,15.11,0.61
2026-02-10 11:10:00,273.05,273.2,272.8,273.1,19073,272.78,272.78,15.31,0.6
2026-02-10 11:15:00,272.95,273.15,272.9,273.0,7118,272.82,272.8,15.5,0.58
2026-02-10 11:20:00,273.0,273.0,272.65,272.85,6759,272.83,272.81,14.99,0.57
2026-02-10 11:25:00,272.85,272.9,272.65,272.85,10496,272.83,272.81,14.52,0.55
2026-02-10 11:30:00,272.85,273.1,272.7,273.0,18587,272.87,272.83,14.53,0.55
2026-02-10 11:35:00,273.0,273.25,272.8,273.05,30235,272.9,272.85,14.87,0.54
2026-02-10 11:40:00,273.05,273.15,272.85,272.9,24156,272.9,272.85,15.19,0.53
2026-02-10 11:45:00,272.9,273.3,272.9,273.2,12971,272.96,272.88,15.82,0.52
2026-02-10 11:50:00,273.2,273.2,272.95,273.1,28787,272.99,272.9,16.4,0.51
2026-02-10 11:55:00,273.1,273.35,273.1,273.25,8380,273.04,272.94,17.29,0.5
2026-02-10 12:00:00,273.25,273.3,273.0,273.0,4949,273.03,272.94,17.71,0.49
2026-02-10 12:05:00,273.0,273.15,272.9,273.0,34457,273.03,272.95,17.71,0.48
2026-02-10 12:10:00,273.15,273.35,272.95,273.25,18464,273.07,272.97,18.23,0.47
2026-02-10 12:15:00,273.25,273.45,273.05,273.45,40252,273.15,273.02,18.95,0.47
2026-02-10 12:20:00,273.4,273.45,273.15,273.35,16794,273.19,273.05,19.62,0.46
2026-02-10 12:25:00,273.35,273.35,273.0,273.05,6933,273.16,273.05,19.57,0.46
2026-02-10 12:30:00,273.0,273.2,273.0,273.05,7447,273.14,273.05,19.53,0.44
2026-02-10 12:35:00,273.05,273.2,273.05,273.1,5800,273.13,273.05,19.49,0.43
2026-02-10 12:40:00,273.05,273.15,272.9,273.1,19870,273.12,273.06,18.75,0.42
2026-02-10 12:45:00,273.1,273.4,273.0,273.05,11392,273.11,273.06,18.9,0.42
2026-02-10 12:50:00,273.05,273.2,272.95,273.1,5002,273.11,273.06,18.81,0.41
2026-02-10 12:55:00,273.1,273.4,273.0,273.25,28640,273.14,273.08,19.34,0.41
2026-02-10 13:00:00,273.25,273.4,272.85,272.95,14988,273.1,273.07,19.13,0.42
2026-02-10 13:05:00,272.95,273.1,272.85,273.1,11464,273.1,273.07,18.93,0.41
2026-02-10 13:10:00,273.1,273.15,272.85,273.0,14690,273.08,273.06,18.93,0.41
2026-02-10 13:15:00,273.0,273.15,273.0,273.0,21008,273.06,273.06,18.92,0.39
2026-02-10 13:20:00,273.0,273.65,273.0,273.5,130059,273.15,273.1,20.39,0.41
2026-02-10 13:25:00,273.55,274.55,273.45,274.3,112663,273.38,273.21,23.17,0.44
2026-02-10 13:30:00,274.3,274.35,273.4,273.6,68212,273.42,273.24,25.54,0.46
2026-02-10 13:35:00,273.6,273.9,273.4,273.65,156008,273.47,273.28,27.74,0.46
2026-02-10 13:40:00,273.65,274.45,273.35,274.45,400907,273.67,273.39,30.41,0.5
2026-02-10 13:45:00,274.45,274.6,273.7,274.3,104360,273.79,273.47,33.01,0.51
2026-02-10 13:50:00,274.35,275.75,274.25,275.2,349774,274.07,273.63,36.17,0.56
2026-02-10 13:55:00,275.25,275.5,275.0,275.0,45238,274.26,273.75,39.11,0.56
2026-02-10 14:00:00,275.05,275.6,274.85,275.5,88908,274.51,273.91,41.26,0.57
2026-02-10 14:05:00,275.45,275.6,275.15,275.25,176554,274.66,274.03,43.26,0.56
2026-02-10 14:10:00,275.35,275.5,275.1,275.5,115598,274.82,274.17,44.91,0.55
2026-02-10 14:15:00,275.4,276.85,275.4,276.7,232697,275.2,274.4,47.24,0.6
2026-02-10 14:20:00,276.7,277.0,276.05,276.35,175440,275.43,274.57,49.47,0.61
2026-02-10 14:25:00,276.35,276.6,276.05,276.2,109787,275.58,274.72,51.53,0.61
2026-02-10 14:30:00,276.15,276.3,275.4,275.55,155224,275.58,274.8,51.4,0.62
2026-02-10 14:35:00,275.45,276.0,275.3,275.7,92201,275.6,274.88,50.99,0.63
2026-02-10 14:40:00,275.75,276.25,275.75,276.05,111432,275.69,274.99,50.87,0.62
2026-02-10 14:45:00,276.05,276.2,275.85,275.95,35490,275.74,275.07,50.76,0.61
2026-02-10 14:50:00,276.0,276.4,275.95,276.3,81000,275.85,275.18,50.86,0.6
2026-02-10 14:55:00,276.15,276.4,276.15,276.4,41265,275.96,275.3,50.95,0.59
2026-02-10 15:00:00,276.4,276.65,276.25,276.25,114692,276.02,275.38,51.3,0.58
2026-02-10 15:05:00,276.25,276.3,275.9,276.0,97652,276.02,275.44,50.48,0.57
2026-02-10 15:10:00,276.05,276.5,275.9,276.05,188208,276.02,275.49,49.96,0.57
2026-02-10 15:15:00,276.05,276.6,275.8,275.8,198189,275.98,275.52,49.62,0.58
2026-02-10 15:20:00,275.95,276.1,275.65,275.85,160586,275.95,275.55,48.79,0.58
2026-02-10 15:25:00,275.85,276.0,275.6,275.65,85758,275.89,275.56,47.86,0.57
2026-02-11 09:15:00,261.9,263.25,261.2,262.3,3446653,273.17,274.35,50.04,1.23
2026-02-11 09:20:00,262.35,263.05,260.65,261.05,1674780,270.75,273.15,52.11,1.28
2026-02-11 09:25:00,261.0,261.55,260.0,260.1,1761580,268.62,271.96,54.1,1.3
2026-02-11 09:30:00,260.2,260.85,260.1,260.25,739130,266.95,270.89,55.94,1.27
2026-02-11 09:35:00,260.2,261.0,259.25,260.85,1607394,265.73,269.98,57.73,1.29
2026-02-11 09:40:00,260.7,260.7,259.7,260.3,744411,264.64,269.1,59.4,1.29
2026-02-11 09:45:00,260.3,261.25,260.3,260.8,582642,263.87,268.35,60.41,1.27
2026-02-11 09:50:00,260.8,260.8,259.75,260.3,533152,263.16,267.62,61.42,1.26
2026-02-11 09:55:00,260.45,261.2,260.3,261.15,447165,262.76,267.03,61.96,1.24
2026-02-11 10:00:00,261.1,261.3,260.65,260.8,408535,262.37,266.46,62.35,1.21
2026-02-11 10:05:00,260.85,261.55,260.2,261.45,3687324,262.18,266.01,62.81,1.22
2026-02-11 10:10:00,261.45,261.6,260.55,261.15,378629,261.98,265.56,63.18,1.21
2026-02-11 10:15:00,261.15,261.6,260.7,261.45,331210,261.87,265.19,63.52,1.2
2026-02-11 10:20:00,261.55,261.55,260.55,260.6,613187,261.62,264.77,63.87,1.19
2026-02-11 10:25:00,260.6,261.5,260.2,260.2,3544591,261.33,264.36,64.29,1.19
2026-02-11 10:30:00,260.25,260.6,260.0,260.25,678566,261.12,263.98,64.73,1.17
2026-02-11 10:35:00,260.3,260.7,260.3,260.6,259072,261.01,263.68,64.99,1.13
2026-02-11 10:40:00,260.6,260.75,260.4,260.55,136877,260.92,263.39,65.14,1.09
2026-02-11 10:45:00,260.55,260.7,260.3,260.7,205513,260.88,263.15,65.32,1.06
2026-02-11 10:50:00,260.75,260.95,260.35,260.4,347664,260.78,262.9,65.03,1.04
2026-02-11 10:55:00,260.4,260.8,260.35,260.75,416996,260.77,262.7,64.77,1.01
2026-02-11 11:00:00,260.75,261.0,260.3,260.4,236921,260.7,262.49,64.14,1.0
2026-02-11 11:05:00,260.4,260.45,259.55,260.1,1435680,260.58,262.28,63.93,0.99
2026-02-11 11:10:00,260.0,260.5,260.0,260.35,77298,260.53,262.1,63.63,0.97
2026-02-11 11:15:00,260.3,260.35,260.05,260.15,113292,260.46,261.92,63.36,0.94
2026-02-11 11:20:00,260.15,260.9,260.05,260.6,502840,260.49,261.8,61.99,0.93
2026-02-11 11:25:00,260.6,260.65,260.25,260.65,117744,260.52,261.7,60.72,0.91
2026-02-11 11:30:00,260.65,260.8,260.5,260.75,355207,260.56,261.61,59.23,0.88
2026-02-11 11:35:00,260.75,260.8,260.6,260.7,187566,260.59,261.53,57.84,0.85
2026-02-11 11:40:00,260.7,260.8,260.55,260.75,189310,260.62,261.46,56.61,0.82
2026-02-11 11:45:00,260.75,261.0,260.75,261.0,419625,260.7,261.42,54.99,0.79
2026-02-11 11:50:00,261.0,261.7,260.9,261.7,923977,260.9,261.44,52.04,0.79
2026-02-11 11:55:00,261.65,261.75,261.1,261.25,591839,260.97,261.42,49.21,0.78
2026-02-11 12:00:00,261.3,261.35,260.8,260.8,167557,260.94,261.37,47.01,0.77
2026-02-11 12:05:00,260.9,260.9,260.15,260.75,647956,260.9,261.31,45.78,0.77
2026-02-11 12:10:00,260.75,261.0,260.4,260.65,229180,260.85,261.25,44.43,0.76
2026-02-11 12:15:00,260.65,260.65,260.15,260.3,172090,260.74,261.17,43.47,0.75
2026-02-11 12:20:00,260.3,260.75,260.25,260.7,217326,260.73,261.12,42.36,0.74
2026-02-11 12:25:00,260.7,260.8,260.55,260.7,108780,260.72,261.08,41.21,0.72
2026-02-11 12:30:00,260.7,260.7,260.25,260.3,78457,260.64,261.01,40.54,0.7
2026-02-11 12:35:00,260.25,260.5,260.2,260.45,313986,260.6,260.96,39.99,0.68
2026-02-11 12:40:00,260.45,260.45,260.0,260.1,1656318,260.5,260.88,39.73,0.67
2026-02-11 12:45:00,260.1,260.1,260.0,260.1,1450555,260.42,260.81,39.5,0.65
2026-02-11 12:50:00,260.0,260.35,260.0,260.25,199587,260.39,260.76,38.57,0.63
2026-02-11 12:55:00,260.2,260.25,260.0,260.15,519527,260.34,260.71,37.7,0.61
2026-02-11 13:00:00,260.05,260.15,259.1,259.3,1087939,260.13,260.58,38.13,0.63
2026-02-11 13:05:00,259.3,260.1,259.2,259.65,954569,260.04,260.49,38.53,0.65
2026-02-11 13:10:00,259.65,259.95,258.7,259.25,1323454,259.88,260.38,39.43,0.68
2026-02-11 13:15:00,259.15,259.55,259.15,259.55,218965,259.81,260.3,40.26,0.66
2026-02-11 13:20:00,259.55,260.0,259.35,259.8,1432313,259.81,260.26,39.74,0.66
2026-02-11 13:25:00,259.8,260.15,259.8,260.0,1816879,259.85,260.24,38.85,0.65
2026-02-11 13:30:00,260.0,260.7,259.95,260.5,949387,259.98,260.26,36.75,0.65
2026-02-11 13:35:00,260.45,260.5,259.95,260.1,1296988,260.0,260.25,34.79,0.65
2026-02-11 13:40:00,260.1,260.35,260.05,260.15,166359,260.03,260.24,32.98,0.63
2026-02-11 13:45:00,260.15,260.4,259.95,260.4,894067,260.11,260.25,31.5,0.62
2026-02-11 13:50:00,260.35,260.45,260.25,260.4,346449,260.16,260.26,29.99,0.6
2026-02-11 13:55:00,260.35,260.4,260.05,260.1,326066,260.15,260.25,29.01,0.59
2026-02-11 14:00:00,260.1,260.1,258.7,258.75,1796795,259.87,260.11,30.04,0.63
2026-02-11 14:05:00,258.7,259.45,258.7,259.45,530599,259.79,260.05,31.0,0.63
2026-02-11 14:10:00,259.45,259.65,259.15,259.6,811479,259.75,260.01,31.35,0.63
2026-02-11 14:15:00,259.6,260.15,259.5,259.9,451304,259.78,260.0,30.46,0.63
2026-02-11 14:20:00,259.9,260.0,259.25,259.35,674808,259.69,259.94,30.01,0.63
2026-02-11 14:25:00,259.35,259.35,258.6,258.65,856722,259.49,259.83,30.39,0.64
2026-02-11 14:30:00,258.65,259.8,258.6,259.4,2113953,259.47,259.79,29.78,0.67
2026-02-11 14:35:00,259.4,259.45,259.05,259.3,176533,259.43,259.74,29.21,0.65
2026-02-11 14:40:00,259.3,259.8,259.3,259.8,935089,259.51,259.75,27.96,0.65
2026-02-11 14:45:00,260.0,260.4,259.7,260.35,2382247,259.68,259.8,26.19,0.65
2026-02-11 14:50:00,260.3,260.75,260.0,260.6,2637214,259.86,259.87,25.08,0.65
2026-02-11 14:55:00,260.65,260.65,260.0,260.3,1419437,259.95,259.91,24.04,0.65
2026-02-11 15:00:00,260.4,260.5,260.0,260.3,944103,260.02,259.95,23.08,0.65
2026-02-11 15:05:00,260.3,260.6,260.15,260.3,1440642,260.08,259.98,22.36,0.64
2026-02-11 15:10:00,260.25,260.5,260.0,260.3,3778872,260.12,260.01,21.35,0.63
2026-02-11 15:15:00,260.3,260.4,260.0,260.3,2677203,260.16,260.04,20.42,0.62
2026-02-11 15:20:00,260.25,260.9,259.7,260.85,7250856,260.29,260.11,20.46,0.65
2026-02-11 15:25:00,260.9,262.0,260.35,260.8,8101725,260.4,260.17,21.89,0.7
2026-02-12 09:15:00,259.0,261.8,259.0,261.75,13260978,260.67,260.32,20.75,0.8
2026-02-12 09:20:00,261.8,263.2,261.15,262.05,6574841,260.94,260.47,21.14,0.86
2026-02-12 09:25:00,262.0,262.1,261.2,261.5,3186937,261.05,260.57,21.5,0.86
2026-02-12 09:30:00,261.6,262.65,261.25,262.6,1885024,261.36,260.75,22.3,0.88
2026-02-12 09:35:00,262.65,265.55,262.4,264.65,5260297,262.02,261.11,24.67,0.99
2026-02-12 09:40:00,264.6,265.8,263.85,264.35,3310762,262.49,261.4,26.96,1.04
2026-02-12 09:45:00,264.25,264.75,263.5,264.0,2216954,262.79,261.64,28.6,1.05
2026-02-12 09:50:00,264.0,264.9,263.8,263.85,1472131,263.0,261.84,30.19,1.05
2026-02-12 09:55:00,263.9,264.6,263.5,263.55,754988,263.11,261.99,31.23,1.05
2026-02-12 10:00:00,263.6,263.9,262.75,263.35,819050,263.16,262.12,31.17,1.06
2026-02-12 10:05:00,263.35,264.0,263.1,263.35,546484,263.2,262.23,31.18,1.05
2026-02-12 10:10:00,263.3,263.95,263.0,263.55,709194,263.27,262.35,31.06,1.04
2026-02-12 10:15:00,263.55,263.95,263.25,263.35,813044,263.28,262.44,30.94,1.03
2026-02-12 10:20:00,263.35,263.5,262.2,262.4,720475,263.11,262.44,29.42,1.04
2026-02-12 10:25:00,262.4,263.2,262.4,263.0,980449,263.09,262.49,28.0,1.03
2026-02-12 10:30:00,263.1,263.7,262.85,263.4,586215,263.15,262.57,27.19,1.02
2026-02-12 10:35:00,263.3,263.45,262.8,263.0,582533,263.12,262.61,26.36,1.0
2026-02-12 10:40:00,263.1,264.75,263.05,264.65,952955,263.43,262.8,26.74,1.04
2026-02-12 10:45:00,264.7,265.25,264.2,264.6,1077197,263.66,262.96,27.44,1.04
2026-02-12 10:50:00,264.6,265.2,264.25,264.65,981449,263.86,263.11,28.1,1.04
2026-02-12 10:55:00,264.55,264.85,264.35,264.45,435476,263.98,263.23,28.7,1.01
2026-02-12 11:00:00,264.4,264.9,264.3,264.4,434352,264.06,263.34,29.18,0.99
2026-02-12 11:05:00,264.35,264.6,263.6,264.2,578103,264.09,263.42,28.47,0.99
2026-02-12 11:10:00,264.15,264.4,263.5,263.6,498847,263.99,263.44,27.65,0.99
2026-02-12 11:15:00,263.55,263.9,263.4,263.7,192857,263.93,263.46,26.73,0.96
2026-02-12 11:20:00,263.65,263.8,263.2,263.45,278814,263.84,263.46,25.56,0.95
2026-02-12 11:25:00,263.4,264.4,263.35,264.15,579593,263.9,263.52,25.19,0.95
2026-02-12 11:30:00,264.2,264.2,263.35,263.5,173889,263.82,263.52,24.85,0.95
2026-02-12 11:35:00,263.5,263.75,262.95,263.0,474349,263.66,263.47,23.84,0.94
2026-02-12 11:40:00,263.1,263.4,263.0,263.25,427103,263.57,263.45,22.91,0.91
2026-02-12 11:45:00,263.25,263.8,263.05,263.6,496056,263.58,263.47,22.58,0.91
2026-02-12 11:50:00,263.6,263.7,262.7,262.8,405531,263.42,263.4,21.65,0.91
2026-02-12 11:55:00,262.8,262.85,262.5,262.65,804512,263.27,263.34,20.45,0.88
2026-02-12 12:00:00,262.6,262.75,262.0,262.25,727380,263.07,263.24,19.43,0.88
2026-02-12 12:05:00,262.05,262.2,261.25,261.35,813089,262.72,263.07,19.47,0.88
2026-02-12 12:10:00,261.3,261.8,261.15,261.4,418037,262.46,262.91,19.62,0.87
2026-02-12 12:15:00,261.5,261.95,261.3,261.7,362775,262.31,262.8,19.48,0.86
2026-02-12 12:20:00,261.7,262.75,261.7,262.4,627453,262.32,262.77,18.13,0.87
2026-02-12 12:25:00,262.25,263.0,262.15,262.55,356684,262.37,262.75,17.23,0.87
2026-02-12 12:30:00,262.55,263.35,262.35,262.35,405066,262.37,262.71,16.87,0.88
2026-02-12 12:35:00,262.45,262.75,262.05,262.2,306191,262.33,262.66,16.04,0.87
2026-02-12 12:40:00,262.15,262.35,261.85,262.25,314825,262.32,262.63,14.97,0.85
2026-02-12 12:45:00,262.25,262.3,261.75,261.9,179035,262.23,262.56,13.99,0.84
2026-02-12 12:50:00,262.05,262.05,261.75,261.9,167059,262.17,262.5,13.08,0.81
2026-02-12 12:55:00,261.85,262.2,261.8,262.0,114602,262.13,262.46,12.32,0.79
2026-02-12 13:00:00,262.0,262.35,261.95,262.1,121420,262.13,262.42,11.88,0.77
2026-02-12 13:05:00,262.1,262.2,261.35,261.5,187399,262.0,262.34,11.66,0.78
2026-02-12 13:10:00,261.5,261.6,261.15,261.25,209666,261.85,262.24,11.76,0.76
2026-02-12 13:15:00,261.3,262.0,261.15,261.4,267528,261.76,262.16,11.1,0.76
2026-02-12 13:20:00,261.4,261.4,260.8,261.1,322707,261.63,262.07,11.06,0.76
2026-02-12 13:25:00,261.1,261.1,260.5,260.7,225275,261.44,261.94,11.46,0.75
2026-02-12 13:30:00,260.7,261.35,260.4,261.3,379315,261.41,261.88,11.34,0.76
2026-02-12 13:35:00,261.2,261.35,260.65,260.95,349950,261.32,261.8,11.23,0.76
2026-02-12 13:40:00,260.95,261.4,260.9,261.1,354574,261.28,261.74,11.03,0.74
2026-02-12 13:45:00,261.2,261.25,260.35,260.5,228313,261.12,261.62,11.74,0.75
2026-02-12 13:50:00,260.5,260.6,259.8,260.0,588528,260.9,261.48,13.13,0.75
2026-02-12 13:55:00,260.0,260.6,259.95,260.5,296144,260.82,261.39,14.41,0.75
2026-02-12 14:00:00,260.45,260.6,260.25,260.35,125655,260.72,261.29,15.61,0.73
2026-02-12 14:05:00,260.35,260.4,260.25,260.3,87126,260.64,261.2,16.72,0.7
2026-02-12 14:10:00,260.3,260.65,260.2,260.55,289729,260.62,261.14,17.07,0.69
2026-02-12 14:15:00,260.5,260.55,260.1,260.2,147285,260.54,261.06,17.56,0.68
2026-02-12 14:20:00,260.1,260.45,260.1,260.35,133818,260.5,260.99,18.02,0.66
2026-02-12 14:25:00,260.4,260.65,260.3,260.65,173734,260.53,260.96,17.86,0.65
2026-02-12 14:30:00,260.65,260.65,260.35,260.45,155867,260.51,260.92,17.71,0.63
2026-02-12 14:35:00,260.35,260.45,260.15,260.25,271969,260.46,260.85,18.0,0.62
2026-02-12 14:40:00,260.2,260.4,260.1,260.15,306588,260.4,260.79,18.37,0.6
2026-02-12 14:45:00,260.15,260.2,259.35,259.5,459249,260.22,260.67,20.0,0.61
2026-02-12 14:50:00,259.65,260.3,259.4,260.25,533037,260.23,260.64,21.18,0.63
2026-02-12 14:55:00,260.2,261.4,260.1,261.4,814661,260.46,260.7,19.76,0.66
2026-02-12 15:00:00,261.4,262.15,261.2,261.75,856570,260.72,260.8,19.64,0.67
2026-02-12 15:05:00,261.75,261.75,260.8,260.9,548627,260.75,260.81,18.78,0.69
2026-02-12 15:10:00,260.8,260.95,260.6,260.65,489246,260.73,260.79,17.63,0.67
2026-02-12 15:15:00,260.5,260.65,260.25,260.25,502149,260.64,260.74,16.76,0.66
2026-02-12 15:20:00,260.3,260.4,259.65,259.9,799300,260.49,260.67,16.81,0.66
2026-02-12 15:25:00,259.9,260.0,259.5,259.85,975336,260.36,260.59,17.05,0.65
2026-02-13 09:15:00,257.0,258.5,255.9,257.95,2251276,259.88,260.35,19.91,0.81
2026-02-13 09:20:00,257.95,257.95,256.7,257.35,638276,259.37,260.08,22.56,0.83
2026-02-13 09:25:00,257.35,257.9,257.0,257.55,710319,259.01,259.85,25.02,0.83
2026-02-13 09:30:00,257.35,257.35,256.4,257.25,604902,258.66,259.61,27.58,0.85
2026-02-13 09:35:00,256.8,257.45,256.2,256.7,479637,258.27,259.35,30.03,0.87
2026-02-13 09:40:00,256.65,258.4,256.55,258.05,743908,258.22,259.23,30.76,0.92
2026-02-13 09:45:00,258.0,258.15,256.9,256.95,313870,257.97,259.02,31.43,0.93
2026-02-13 09:50:00,256.95,257.45,256.7,256.9,257897,257.75,258.83,32.18,0.92
2026-02-13 09:55:00,257.0,257.1,256.5,256.7,236753,257.54,258.64,33.02,0.91
2026-02-13 10:00:00,256.75,256.8,256.0,256.35,251797,257.3,258.43,34.13,0.9
2026-02-13 10:05:00,256.5,256.5,255.6,255.75,394385,256.99,258.19,35.41,0.9
2026-02-13 10:10:00,255.7,255.7,255.05,255.25,464014,256.65,257.92,36.9,0.89
2026-02-13 10:15:00,255.25,255.25,254.7,255.15,625651,256.35,257.67,38.46,0.88
2026-02-13 10:20:00,255.2,255.95,255.15,255.95,728616,256.27,257.51,38.66,0.87
2026-02-13 10:25:00,256.0,257.2,256.0,256.75,612235,256.36,257.44,37.08,0.89
2026-02-13 10:30:00,256.8,257.9,256.55,257.75,681469,256.64,257.47,34.82,0.91
2026-02-13 10:35:00,257.9,258.25,257.4,258.25,1050762,256.96,257.54,32.35,0.91
2026-02-13 10:40:00,258.15,259.1,257.55,257.7,1210070,257.11,257.56,30.83,0.94
2026-02-13 10:45:00,257.65,257.75,256.85,257.2,356622,257.13,257.52,28.7,0.94
2026-02-13 10:50:00,257.2,257.55,257.0,257.05,277841,257.11,257.48,26.71,0.92
2026-02-13 10:55:00,257.05,257.3,256.85,256.9,156853,257.07,257.43,24.9,0.9
2026-02-13 11:00:00,256.9,257.25,256.7,257.1,197708,257.08,257.4,23.38,0.88
2026-02-13 11:05:00,257.05,257.15,256.6,256.75,196928,257.01,257.34,22.08,0.86
2026-02-13 11:10:00,256.75,257.2,256.75,257.2,323216,257.05,257.33,20.8,0.85
2026-02-13 11:15:00,257.25,257.6,256.9,256.95,232492,257.03,257.29,19.54,0.84
2026-02-13 11:20:00,257.05,257.2,256.65,256.75,70382,256.97,257.24,18.26,0.82
2026-02-13 11:25:00,256.75,257.7,256.7,257.65,283730,257.11,257.28,17.48,0.83
2026-02-13 11:30:00,257.5,257.9,257.25,257.25,195485,257.14,257.28,17.01,0.82
2026-02-13 11:35:00,257.15,257.4,257.1,257.2,154316,257.15,257.27,16.34,0.8
2026-02-13 11:40:00,257.05,258.1,257.0,258.0,328590,257.32,257.34,16.56,0.81
2026-02-13 11:45:00,258.1,258.8,258.0,258.3,285071,257.52,257.42,17.45,0.81
2026-02-13 11:50:00,258.3,258.6,258.2,258.25,132151,257.66,257.5,18.28,0.79
2026-02-13 11:55:00,258.4,260.0,258.2,260.0,1016515,258.13,257.73,20.16,0.84
2026-02-13 12:00:00,260.15,260.4,259.2,259.35,510962,258.37,257.87,22.15,0.86
2026-02-13 12:05:00,259.35,259.95,259.35,259.55,300321,258.61,258.03,23.99,0.85
2026-02-13 12:10:00,259.55,259.95,259.45,259.85,338517,258.86,258.19,25.71,0.83
2026-02-13 12:15:00,259.85,260.45,259.8,260.35,460439,259.16,258.39,27.63,0.82
2026-02-13 12:20:00,260.3,260.85,260.3,260.75,496035,259.47,258.6,29.66,0.81
2026-02-13 12:25:00,260.7,261.3,260.45,260.5,662098,259.68,258.78,31.8,0.81
2026-02-13 12:30:00,260.65,261.15,260.4,261.15,211577,259.97,258.99,33.67,0.81
2026-02-13 12:35:00,261.0,261.8,260.85,261.75,414608,260.33,259.24,35.76,0.81
2026-02-13 12:40:00,261.75,261.9,261.35,261.6,344495,260.58,259.46,37.76,0.8
2026-02-13 12:45:00,261.5,262.2,260.65,260.7,527045,260.61,259.57,38.14,0.84
2026-02-13 12:50:00,260.7,260.95,260.2,260.3,263639,260.55,259.64,37.68,0.83
2026-02-13 12:55:00,260.25,260.25,259.5,260.0,200927,260.44,259.67,36.15,0.83
2026-02-13 13:00:00,260.0,260.1,259.7,260.0,101871,260.35,259.7,34.73,0.81
2026-02-13 13:05:00,260.0,260.45,260.0,260.4,125979,260.36,259.76,33.79,0.79
2026-02-13 13:10:00,260.45,260.9,260.35,260.5,165291,260.39,259.83,33.37,0.78
2026-02-13 13:15:00,260.45,260.75,260.25,260.45,192133,260.4,259.89,32.81,0.77
2026-02-13 13:20:00,260.4,260.5,259.7,259.8,127006,260.28,259.88,31.37,0.77
2026-02-13 13:25:00,259.8,260.0,259.45,259.75,121789,260.17,259.87,29.66,0.76
2026-02-13 13:30:00,259.75,259.95,259.15,259.5,163081,260.04,259.83,27.63,0.76
2026-02-13 13:35:00,259.5,259.65,259.35,259.55,65607,259.94,259.81,25.74,0.74
2026-02-13 13:40:00,259.55,259.75,259.5,259.6,49003,259.87,259.79,24.14,0.72
2026-02-13 13:45:00,259.6,259.6,258.5,258.6,152560,259.62,259.68,23.58,0.73
2026-02-13 13:50:00,258.6,258.85,257.75,258.15,440303,259.32,259.54,23.86,0.75
2026-02-13 13:55:00,258.1,258.35,258.0,258.1,166885,259.08,259.41,24.12,0.73
2026-02-13 14:00:00,258.2,258.2,257.65,257.9,138590,258.84,259.27,24.71,0.72
2026-02-13 14:05:00,257.9,258.05,257.55,257.7,96168,258.62,259.13,25.35,0.71
2026-02-13 14:10:00,257.65,258.3,257.65,258.25,119190,258.54,259.05,25.45,0.71
2026-02-13 14:15:00,258.25,258.45,257.9,257.9,63907,258.41,258.95,25.25,0.7
2026-02-13 14:20:00,257.9,258.05,257.25,257.3,238580,258.19,258.8,25.8,0.71
2026-02-13 14:25:00,257.3,257.8,257.3,257.55,118480,258.06,258.68,26.3,0.7
2026-02-13 14:30:00,257.55,257.55,257.2,257.5,124055,257.95,258.58,26.88,0.68
2026-02-13 14:35:00,257.35,257.55,257.0,257.25,164519,257.81,258.45,27.63,0.67
2026-02-13 14:40:00,257.1,257.45,256.95,257.05,115366,257.66,258.33,28.39,0.67
2026-02-13 14:45:00,257.05,257.1,256.45,256.45,148824,257.42,258.16,29.61,0.67
2026-02-13 14:50:00,256.4,256.85,256.25,256.7,197681,257.27,258.02,30.94,0.66
2026-02-13 14:55:00,256.7,257.15,256.5,256.8,125485,257.18,257.91,31.4,0.66
2026-02-13 15:00:00,256.7,256.8,256.0,256.2,257005,256.98,257.76,32.35,0.67
2026-02-13 15:05:00,256.2,256.25,255.7,255.9,316448,256.77,257.59,33.5,0.66
2026-02-13 15:10:00,255.9,256.1,255.7,255.95,227105,256.6,257.44,34.57,0.65
2026-02-13 15:15:00,255.9,256.1,255.55,255.65,322259,256.41,257.28,35.71,0.65
2026-02-13 15:20:00,255.65,255.65,255.35,255.5,671455,256.23,257.12,36.95,0.63
2026-02-13 15:25:00,255.55,255.6,255.2,255.35,547999,256.05,256.95,38.24,0.62
2026-02-16 09:15:00,256.0,256.35,253.0,254.0,496502,255.64,256.69,40.7,0.75
2026-02-16 09:20:00,254.0,255.35,254.0,255.25,379038,255.56,256.56,42.98,0.78
2026-02-16 09:25:00,255.25,255.25,254.65,254.85,170616,255.42,256.4,45.1,0.77
2026-02-16 09:30:00,254.75,255.7,254.7,254.9,245407,255.32,256.26,45.94,0.78
2026-02-16 09:35:00,254.9,255.1,253.7,253.9,391451,255.03,256.05,47.28,0.81
2026-02-16 09:40:00,253.85,255.9,253.2,255.6,1587801,255.15,256.01,46.95,0.9
2026-02-16 09:45:00,255.6,256.05,254.45,254.9,1822313,255.1,255.91,46.37,0.93
2026-02-16 09:50:00,254.75,255.0,254.1,254.65,195183,255.01,255.79,46.11,0.93
2026-02-16 09:55:00,254.8,255.8,254.65,255.75,176665,255.16,255.79,44.52,0.94
2026-02-16 10:00:00,255.75,256.35,255.65,255.75,186788,255.28,255.79,42.25,0.93
2026-02-16 10:05:00,255.75,256.25,255.5,255.5,129750,255.32,255.76,40.31,0.92
2026-02-16 10:10:00,255.5,256.4,255.4,256.4,125194,255.54,255.82,38.28,0.93
2026-02-16 10:15:00,256.4,256.95,256.05,256.15,324001,255.66,255.85,35.63,0.92
2026-02-16 10:20:00,256.2,256.6,255.8,256.0,297346,255.73,255.86,33.49,0.92
2026-02-16 10:25:00,256.1,256.1,255.45,255.7,99600,255.72,255.85,31.93,0.91
2026-02-16 10:30:00,255.7,256.25,255.55,255.95,45862,255.77,255.86,30.25,0.9
2026-02-16 10:35:00,255.95,256.15,255.8,255.9,31161,255.79,255.86,28.7,0.87
2026-02-16 10:40:00,255.9,256.4,255.8,256.1,41594,255.86,255.88,26.85,0.86
2026-02-16 10:45:00,256.1,256.35,256.0,256.05,29355,255.89,255.9,25.13,0.83
2026-02-16 10:50:00,256.1,257.75,256.1,257.65,320807,256.25,256.06,24.99,0.87
2026-02-16 10:55:00,257.45,257.65,257.25,257.45,144258,256.49,256.18,24.85,0.85
2026-02-16 11:00:00,257.45,258.3,257.45,258.3,708999,256.85,256.38,25.38,0.85
2026-02-16 11:05:00,258.3,258.5,258.0,258.0,162747,257.08,256.52,26.06,0.83
2026-02-16 11:10:00,257.9,258.05,257.7,257.85,47953,257.23,256.64,26.13,0.81
2026-02-16 11:15:00,257.85,258.15,257.4,257.6,104652,257.31,256.73,25.66,0.81
2026-02-16 11:20:00,257.6,257.7,257.4,257.7,38489,257.39,256.82,25.22,0.78
2026-02-16 11:25:00,257.7,257.75,257.25,257.25,51127,257.36,256.86,24.54,0.77
2026-02-16 11:30:00,257.4,257.4,257.1,257.2,48429,257.33,256.89,23.62,0.75
2026-02-16 11:35:00,257.2,257.75,257.1,257.5,43480,257.36,256.94,23.27,0.74
2026-02-16 11:40:00,257.5,257.5,257.15,257.25,45303,257.34,256.97,22.94,0.72
2026-02-16 11:45:00,257.25,257.25,256.8,256.95,59544,257.26,256.97,21.92,0.71
2026-02-16 11:50:00,256.95,257.1,256.8,257.0,31842,257.21,256.97,20.97,0.69
2026-02-16 11:55:00,257.0,257.7,257.0,257.7,76673,257.31,257.04,21.03,0.69
2026-02-16 12:00:00,257.6,257.95,257.6,257.9,79581,257.43,257.12,21.42,0.68
2026-02-16 12:05:00,257.9,257.95,257.7,257.9,51833,257.52,257.19,21.79,0.66
2026-02-16 12:10:00,257.9,258.7,257.8,258.55,360087,257.73,257.31,23.03,0.67
2026-02-16 12:15:00,258.55,258.95,257.5,258.85,225102,257.95,257.45,23.5,0.7
2026-02-16 12:20:00,258.9,259.1,258.6,259.05,168159,258.17,257.6,24.12,0.7
2026-02-16 12:25:00,259.2,259.8,259.05,259.1,187971,258.36,257.73,25.43,0.7
2026-02-16 12:30:00,259.15,260.35,259.1,259.6,2375738,258.61,257.9,27.13,0.72
2026-02-16 12:35:00,259.7,260.05,259.6,259.6,335590,258.8,258.06,28.7,0.71
2026-02-16 12:40:00,259.65,259.8,259.2,259.45,138337,258.93,258.18,29.22,0.71
2026-02-16 12:45:00,259.45,259.85,259.3,259.5,98039,259.05,258.3,29.76,0.7
2026-02-16 12:50:00,259.45,259.7,259.2,259.7,192999,259.18,258.43,30.01,0.69
2026-02-16 12:55:00,259.7,259.8,259.0,259.65,164546,259.27,258.54,29.77,0.69
2026-02-16 13:00:00,259.55,260.7,259.55,260.5,377182,259.52,258.72,30.58,0.72
2026-02-16 13:05:00,260.5,260.5,260.3,260.5,143340,259.71,258.88,31.32,0.69
2026-02-16 13:10:00,260.5,260.55,260.0,260.1,121252,259.79,258.99,31.31,0.68
2026-02-16 13:15:00,260.1,260.6,260.1,260.5,137189,259.93,259.13,31.35,0.68
2026-02-16 13:20:00,260.5,261.4,260.25,260.9,585342,260.13,259.29,32.26,0.7
2026-02-16 13:25:00,260.9,261.55,260.6,261.3,361745,260.36,259.47,33.23,0.71
2026-02-16 13:30:00,261.2,261.65,260.8,261.45,338436,260.58,259.65,34.24,0.72
2026-02-16 13:35:00,261.45,261.65,260.95,261.05,172404,260.67,259.78,35.17,0.72
2026-02-16 13:40:00,261.0,261.1,260.85,261.0,119415,260.74,259.89,35.74,0.69
2026-02-16 13:45:00,260.95,261.8,260.8,261.65,292762,260.92,260.05,36.97,0.71
2026-02-16 13:50:00,261.6,261.65,261.15,261.4,176575,261.02,260.17,38.11,0.7
2026-02-16 13:55:00,261.4,261.55,261.1,261.25,135099,261.06,260.27,39.02,0.69
2026-02-16 14:00:00,261.25,261.5,261.1,261.35,80018,261.12,260.37,39.86,0.67
2026-02-16 14:05:00,261.3,261.3,260.2,260.2,196143,260.94,260.35,38.21,0.7
2026-02-16 14:10:00,260.2,260.8,260.15,260.6,172078,260.87,260.38,36.57,0.69
2026-02-16 14:15:00,260.6,260.6,259.9,259.95,157784,260.69,260.34,34.49,0.69
2026-02-16 14:20:00,260.0,260.45,259.85,260.1,200536,260.57,260.32,32.46,0.69
2026-02-16 14:25:00,260.15,260.5,260.1,260.5,130365,260.55,260.33,30.67,0.68
2026-02-16 14:30:00,260.5,260.6,260.25,260.35,91544,260.51,260.33,29.21,0.66
2026-02-16 14:35:00,260.45,260.8,260.05,260.6,138333,260.53,260.36,27.86,0.66
2026-02-16 14:40:00,260.75,260.75,260.1,260.65,146583,260.55,260.38,26.61,0.66
2026-02-16 14:45:00,260.7,260.7,260.2,260.25,57664,260.49,260.37,25.44,0.66
2026-02-16 14:50:00,260.2,261.0,260.15,260.9,266476,260.58,260.42,25.08,0.67
2026-02-16 14:55:00,260.9,261.75,260.8,261.65,287972,260.79,260.53,26.07,0.68
2026-02-16 15:00:00,261.7,263.0,261.7,262.0,2204334,261.03,260.67,28.27,0.71
2026-02-16 15:05:00,262.0,262.9,261.65,262.65,1809658,261.36,260.85,30.18,0.74
2026-02-16 15:10:00,262.7,263.2,262.05,262.35,1954862,261.55,260.98,32.19,0.76
2026-02-16 15:15:00,262.35,262.7,262.0,262.2,1871548,261.68,261.09,33.91,0.75
2026-02-16 15:20:00,262.25,263.0,262.15,262.3,2145194,261.81,261.2,35.75,0.76
2026-02-16 15:25:00,262.3,263.35,262.2,262.4,1402984,261.93,261.31,37.72,0.78
2026-02-17 09:15:00,262.1,263.4,261.5,262.7,351869,262.08,261.44,37.65,0.83
2026-02-17 09:20:00,262.25,262.65,261.8,262.1,151166,262.08,261.5,37.58,0.83
2026-02-17 09:25:00,262.1,262.1,261.15,261.35,168005,261.94,261.48,36.07,0.84
2026-02-17 09:30:00,261.35,261.65,261.0,261.2,200012,261.79,261.46,34.36,0.83
2026-02-17 09:35:00,261.45,261.7,261.15,261.7,105662,261.77,261.48,32.86,0.82
2026-02-17 09:40:00,261.7,262.05,261.35,262.0,274026,261.82,261.53,32.0,0.81
2026-02-17 09:45:00,262.0,262.0,261.5,261.55,67499,261.76,261.53,31.2,0.8
2026-02-17 09:50:00,261.75,261.75,261.5,261.5,35082,261.71,261.53,30.46,0.77
2026-02-17 09:55:00,261.6,262.4,261.4,262.3,71772,261.83,261.6,30.73,0.78
2026-02-17 10:00:00,262.25,262.75,262.1,262.5,235484,261.96,261.68,31.39,0.78
2026-02-17 10:05:00,262.55,262.55,261.95,262.1,34810,261.99,261.72,31.61,0.77
2026-02-17 10:10:00,262.1,262.65,262.1,262.5,34193,262.09,261.79,31.95,0.76
2026-02-17 10:15:00,262.45,262.55,262.4,262.55,28179,262.18,261.86,32.26,0.73
2026-02-17 10:20:00,262.5,262.5,262.1,262.2,33941,262.19,261.89,31.7,0.71
2026-02-17 10:25:00,262.2,262.85,262.05,262.55,79184,262.26,261.95,31.71,0.72
2026-02-17 10:30:00,262.6,262.65,262.1,262.4,345517,262.29,261.99,31.72,0.71
2026-02-17 10:35:00,262.5,262.5,261.95,262.25,57038,262.28,262.01,31.29,0.7
2026-02-17 10:40:00,262.2,262.3,261.65,261.75,46952,262.17,261.99,30.07,0.7
2026-02-17 10:45:00,261.75,262.1,261.55,262.1,87773,262.16,262.0,28.68,0.69
2026-02-17 10:50:00,262.1,263.2,262.1,262.75,168798,262.28,262.07,29.13,0.71
2026-02-17 10:55:00,262.75,263.9,262.75,263.4,257563,262.5,262.19,30.29,0.73
2026-02-17 11:00:00,263.4,263.45,262.85,263.1,45676,262.62,262.27,31.36,0.73
2026-02-17 11:05:00,263.1,263.3,262.95,263.15,41672,262.73,262.35,32.36,0.71
2026-02-17 11:10:00,263.0,263.1,262.85,262.9,173953,262.76,262.4,33.0,0.69
2026-02-17 11:15:00,262.95,263.5,262.8,263.4,99696,262.89,262.49,34.04,0.69
2026-02-17 11:20:00,263.45,263.8,263.25,263.7,66353,263.05,262.6,35.29,0.68
2026-02-17 11:25:00,263.7,263.75,263.5,263.5,32621,263.14,262.68,36.46,0.66
2026-02-17 11:30:00,263.6,263.75,263.4,263.7,33937,263.25,262.78,37.23,0.65
2026-02-17 11:35:00,263.7,263.95,263.6,263.95,97674,263.39,262.88,38.16,0.63
2026-02-17 11:40:00,263.85,264.7,263.85,263.95,408977,263.5,262.98,39.72,0.64
2026-02-17 11:45:00,263.95,264.25,263.95,264.15,31914,263.63,263.09,41.17,0.63
2026-02-17 11:50:00,264.1,264.7,264.0,264.7,51299,263.85,263.23,42.86,0.63
2026-02-17 11:55:00,264.65,264.65,264.0,264.45,141397,263.97,263.34,44.42,0.63
2026-02-17 12:00:00,264.5,264.7,264.3,264.35,69500,264.04,263.44,45.91,0.62
2026-02-17 12:05:00,264.35,264.75,264.35,264.6,102735,264.16,263.54,47.34,0.61
2026-02-17 12:10:00,264.6,264.7,264.0,264.0,53881,264.12,263.58,47.38,0.62
2026-02-17 12:15:00,264.1,264.45,264.0,264.2,35133,264.14,263.64,47.42,0.61
2026-02-17 12:20:00,264.2,264.45,264.15,264.2,44304,264.15,263.69,47.46,0.59
2026-02-17 12:25:00,264.2,264.75,264.2,264.6,49342,264.24,263.77,47.88,0.59
2026-02-17 12:30:00,264.65,265.0,264.55,264.6,365805,264.31,263.85,48.56,0.59
2026-02-17 12:35:00,264.6,264.95,264.5,264.6,146937,264.37,263.92,48.98,0.58
2026-02-17 12:40:00,264.6,264.6,264.2,264.4,29430,264.38,263.96,48.23,0.57
2026-02-17 12:45:00,264.4,264.6,264.3,264.35,36949,264.37,264.0,47.53,0.56
2026-02-17 12:50:00,264.45,264.5,264.1,264.15,29616,264.33,264.01,46.14,0.55
2026-02-17 12:55:00,264.15,264.2,263.3,263.7,109628,264.2,263.98,43.06,0.57
2026-02-17 13:00:00,263.7,264.55,263.7,264.1,45608,264.18,263.99,40.52,0.58
2026-02-17 13:05:00,264.05,264.75,263.95,264.6,63914,264.26,264.05,38.56,0.59
2026-02-17 13:10:00,264.7,264.75,264.05,264.25,171625,264.26,264.07,36.74,0.6
2026-02-17 13:15:00,264.2,264.5,264.1,264.45,42543,264.3,264.1,35.05,0.59
2026-02-17 13:20:00,264.45,264.75,264.3,264.7,39279,264.38,264.16,34.01,0.58
2026-02-17 13:25:00,264.75,265.15,264.55,265.0,429058,264.5,264.23,33.77,0.58
2026-02-17 13:30:00,265.0,265.05,264.35,264.5,101971,264.5,264.26,32.94,0.59
2026-02-17 13:35:00,264.35,264.65,264.05,264.2,48144,264.44,264.25,31.35,0.59
2026-02-17 13:40:00,264.15,264.5,264.1,264.35,45135,264.42,264.26,29.88,0.58
2026-02-17 13:45:00,264.35,264.4,264.0,264.05,69028,264.35,264.24,28.23,0.57
2026-02-17 13:50:00,264.1,264.3,263.75,264.05,66074,264.29,264.22,26.39,0.57
2026-02-17 13:55:00,264.1,264.65,264.0,264.4,89403,264.31,264.24,25.17,0.57
2026-02-17 14:00:00,264.4,264.65,264.3,264.3,37043,264.31,264.25,24.04,0.56
2026-02-17 14:05:00,264.35,264.7,264.3,264.4,233053,264.33,264.26,23.12,0.55
2026-02-17 14:10:00,264.25,264.5,263.95,264.25,227826,264.31,264.26,21.66,0.55
2026-02-17 14:15:00,264.25,264.35,262.95,263.0,972307,264.05,264.14,22.22,0.59
2026-02-17 14:20:00,263.05,263.2,262.45,262.9,290873,263.82,264.03,23.39,0.6
2026-02-17 14:25:00,262.85,262.95,261.55,261.95,224921,263.45,263.84,25.35,0.64
2026-02-17 14:30:00,261.85,262.5,261.85,262.35,58574,263.23,263.71,27.18,0.64
2026-02-17 14:35:00,262.45,262.6,262.1,262.6,65120,263.1,263.61,28.6,0.63
2026-02-17 14:40:00,262.6,262.95,262.4,262.45,97259,262.97,263.5,29.01,0.63
2026-02-17 14:45:00,262.5,262.75,262.15,262.65,61260,262.91,263.42,29.69,0.63
2026-02-17 14:50:00,262.65,262.95,262.65,262.95,100407,262.92,263.38,29.81,0.61
2026-02-17 14:55:00,263.0,263.35,262.65,263.2,224337,262.97,263.36,28.99,0.62
2026-02-17 15:00:00,263.25,263.7,262.9,262.95,175385,262.97,263.33,27.51,0.63
2026-02-17 15:05:00,263.0,263.0,262.7,262.8,180274,262.93,263.28,26.46,0.61
2026-02-17 15:10:00,262.75,263.05,262.7,263.0,138437,262.95,263.25,25.38,0.6
2026-02-17 15:15:00,262.95,263.0,262.55,262.65,193528,262.89,263.2,24.64,0.59
2026-02-17 15:20:00,262.7,263.05,262.4,262.85,615045,262.88,263.17,24.21,0.59
2026-02-17 15:25:00,262.8,262.95,262.55,262.6,160527,262.82,263.12,23.81,0.58
2026-02-18 09:15:00,265.9,265.9,263.55,263.95,1279162,263.05,263.19,24.94,0.71
2026-02-18 09:20:00,264.2,264.5,263.8,264.0,284497,263.24,263.26,26.0,0.71
2026-02-18 09:25:00,264.05,264.6,263.6,264.3,186446,263.45,263.36,26.6,0.73
2026-02-18 09:30:00,264.45,264.55,264.0,264.3,188798,263.62,263.44,27.17,0.72
2026-02-18 09:35:00,264.3,264.8,264.05,264.65,159869,263.83,263.55,27.93,0.72
2026-02-18 09:40:00,264.6,264.7,264.05,264.2,112237,263.9,263.61,28.64,0.72
2026-02-18 09:45:00,264.15,264.25,263.7,263.75,169068,263.87,263.63,28.54,0.71
2026-02-18 09:50:00,263.75,263.85,263.2,263.4,201734,263.78,263.6,27.49,0.71
2026-02-18 09:55:00,263.4,264.4,263.4,263.5,166672,263.72,263.6,27.2,0.72
2026-02-18 10:00:00,263.5,263.7,263.3,263.7,98687,263.72,263.6,26.75,0.7
2026-02-18 10:05:00,263.7,264.25,263.65,264.25,98198,263.82,263.66,26.95,0.7
2026-02-18 10:10:00,264.25,264.35,263.4,263.5,76855,263.76,263.65,26.67,0.71
2026-02-18 10:15:00,263.4,264.1,263.4,263.75,113605,263.76,263.66,26.4,0.71
2026-02-18 10:20:00,263.65,264.05,263.5,263.75,91160,263.76,263.67,26.15,0.7
2026-02-18 10:25:00,263.75,263.95,263.1,263.45,124104,263.69,263.65,25.09,0.71
2026-02-18 10:30:00,263.45,263.55,263.05,263.4,89109,263.64,263.62,24.01,0.7
2026-02-18 10:35:00,263.4,263.7,263.25,263.25,91089,263.56,263.59,23.26,0.69
2026-02-18 10:40:00,263.35,264.2,263.25,264.05,183407,263.66,263.63,23.32,0.7
2026-02-18 10:45:00,264.15,264.75,264.0,264.5,203016,263.83,263.71,24.06,0.7
2026-02-18 10:50:00,264.5,264.8,264.35,264.6,161561,263.98,263.79,24.8,0.69
2026-02-18 10:55:00,264.6,265.3,264.55,265.2,419342,264.22,263.92,26.04,0.69
2026-02-18 11:00:00,265.2,265.25,265.0,265.1,90255,264.4,264.03,27.19,0.67
2026-02-18 11:05:00,265.2,265.25,264.8,265.1,198741,264.54,264.12,27.73,0.66
2026-02-18 11:10:00,265.0,265.15,264.6,264.85,645812,264.6,264.19,27.73,0.66
2026-02-18 11:15:00,264.85,265.15,264.7,265.05,233042,264.69,264.27,27.74,0.65
2026-02-18 11:20:00,265.05,265.15,264.7,264.75,181585,264.7,264.31,27.74,0.64
2026-02-18 11:25:00,264.75,264.9,264.45,264.5,92599,264.66,264.33,27.05,0.63
2026-02-18 11:30:00,264.35,264.6,264.25,264.55,89629,264.64,264.35,25.9,0.62
2026-02-18 11:35:00,264.55,264.6,264.1,264.25,205588,264.56,264.34,24.46,0.61
2026-02-18 11:40:00,264.25,264.65,264.2,264.65,92825,264.58,264.37,23.23,0.6
2026-02-18 11:45:00,264.55,264.65,264.25,264.3,68517,264.52,264.36,22.09,0.59
2026-02-18 11:50:00,264.3,264.45,264.15,264.45,52685,264.51,264.37,20.74,0.58
2026-02-18 11:55:00,264.35,264.45,264.2,264.25,59903,264.46,264.36,19.49,0.56
2026-02-18 12:00:00,264.25,264.55,264.25,264.45,43436,264.46,264.37,18.62,0.55
2026-02-18 12:05:00,264.4,264.75,264.35,264.4,52979,264.44,264.37,18.35,0.54
2026-02-18 12:10:00,264.5,264.65,264.3,264.6,54668,264.48,264.39,17.92,0.53
2026-02-18 12:15:00,264.65,264.8,264.2,264.25,110407,264.43,264.38,17.93,0.54
2026-02-18 12:20:00,264.25,264.45,264.15,264.2,52550,264.38,264.36,17.75,0.53
2026-02-18 12:25:00,264.2,264.35,263.45,263.75,156003,264.26,264.31,17.49,0.54
2026-02-18 12:30:00,263.85,263.9,263.7,263.75,41213,264.16,264.26,17.25,0.53
2026-02-18 12:35:00,263.75,264.0,263.6,263.85,63618,264.09,264.22,16.69,0.52
2026-02-18 12:40:00,263.85,263.95,263.65,263.75,64810,264.03,264.18,16.18,0.51
2026-02-18 12:45:00,263.75,263.9,263.6,263.7,96078,263.96,264.13,15.85,0.5
2026-02-18 12:50:00,263.6,263.95,263.6,263.9,89090,263.95,264.11,15.35,0.49
2026-02-18 12:55:00,263.75,264.15,263.7,263.85,89137,263.93,264.09,14.36,0.49
2026-02-18 13:00:00,264.0,264.2,263.8,264.2,87916,263.98,264.1,13.6,0.49
2026-02-18 13:05:00,264.2,264.45,264.1,264.35,41307,264.06,264.12,13.72,0.48
2026-02-18 13:10:00,264.35,264.45,264.25,264.25,42166,264.1,264.13,13.82,0.47
2026-02-18 13:15:00,264.25,264.45,264.1,264.4,40276,264.16,264.16,13.29,0.46
2026-02-18 13:20:00,264.4,264.5,264.25,264.25,47257,264.17,264.17,12.98,0.45
2026-02-18 13:25:00,264.3,264.5,264.25,264.3,31625,264.2,264.18,12.69,0.44
2026-02-18 13:30:00,264.3,264.3,263.9,264.25,66695,264.21,264.18,12.52,0.44
2026-02-18 13:35:00,264.25,264.35,263.95,264.05,28866,264.18,264.17,12.16,0.44
2026-02-18 13:40:00,264.1,264.25,264.0,264.25,19279,264.19,264.18,11.82,0.43
2026-02-18 13:45:00,264.25,264.35,264.1,264.15,23010,264.18,264.18,11.06,0.42
2026-02-18 13:50:00,264.25,264.3,263.85,263.9,30166,264.13,264.15,11.31,0.42
2026-02-18 13:55:00,263.9,264.2,263.6,264.2,102806,264.14,264.16,12.31,0.43
2026-02-18 14:00:00,264.15,264.2,263.65,263.8,28271,264.07,264.12,13.24,0.44
2026-02-18 14:05:00,263.85,264.0,263.6,263.75,68440,264.01,264.09,14.26,0.43
2026-02-18 14:10:00,263.75,263.8,263.2,263.4,110160,263.89,264.03,16.23,0.44
2026-02-18 14:15:00,263.4,263.4,262.9,263.15,162899,263.74,263.95,18.63,0.45
2026-02-18 14:20:00,263.1,263.15,262.75,262.8,119481,263.55,263.84,21.1,0.44
2026-02-18 14:25:00,262.8,263.0,262.4,262.95,162524,263.43,263.76,23.89,0.45
2026-02-18 14:30:00,262.95,263.1,262.65,263.05,67324,263.36,263.7,25.99,0.45
2026-02-18 14:35:00,262.9,263.3,262.8,262.95,56754,263.27,263.63,26.99,0.45
2026-02-18 14:40:00,263.05,263.2,262.9,263.05,68476,263.23,263.58,27.93,0.45
2026-02-18 14:45:00,263.05,263.05,262.7,262.9,56767,263.16,263.51,29.19,0.44
2026-02-18 14:50:00,262.95,263.3,262.9,263.3,85913,263.19,263.5,29.22,0.44
2026-02-18 14:55:00,263.3,263.55,263.2,263.4,85659,263.23,263.49,28.29,0.43
2026-02-18 15:00:00,263.6,263.8,263.35,263.5,239393,263.29,263.49,26.59,0.44
2026-02-18 15:05:00,263.3,263.55,263.3,263.45,94052,263.32,263.48,25.15,0.43
2026-02-18 15:10:00,263.55,263.6,263.0,263.1,659679,263.28,263.45,24.62,0.43
2026-02-18 15:15:00,263.0,263.1,262.6,262.75,338776,263.17,263.39,25.0,0.44
2026-02-18 15:20:00,262.75,262.85,260.2,260.35,1215562,262.61,263.11,27.81,0.54
2026-02-18 15:25:00,260.1,261.0,258.0,261.0,854843,262.28,262.92,31.24,0.66
2026-02-19 09:15:00,259.0,259.3,255.4,257.35,1709498,261.3,262.41,34.93,0.9
2026-02-19 09:20:00,257.4,259.0,257.2,258.45,532364,260.73,262.05,38.36,0.94
2026-02-19 09:25:00,258.4,258.7,257.4,257.6,275667,260.1,261.65,41.54,0.96
2026-02-19 09:30:00,257.5,257.7,255.8,256.3,595849,259.34,261.16,44.73,1.0
2026-02-19 09:35:00,256.1,257.6,256.1,257.3,259368,258.93,260.81,47.68,1.02
2026-02-19 09:40:00,257.2,257.95,257.05,257.4,232131,258.63,260.5,49.83,1.02
2026-02-19 09:45:00,257.4,257.4,256.55,257.1,167267,258.32,260.19,51.93,1.01
2026-02-19 09:50:00,257.1,257.2,256.6,256.8,124805,258.02,259.88,53.88,0.99
2026-02-19 09:55:00,256.8,256.9,256.25,256.4,120342,257.69,259.57,55.76,0.97
2026-02-19 10:00:00,256.5,256.7,256.1,256.6,113464,257.48,259.3,57.54,0.96
2026-02-19 10:05:00,256.7,257.2,256.5,256.6,185949,257.3,259.05,58.24,0.94
2026-02-19 10:10:00,256.5,256.75,256.15,256.25,92360,257.09,258.8,59.0,0.93
2026-02-19 10:15:00,256.2,256.7,255.9,256.3,178941,256.93,258.57,59.81,0.92
2026-02-19 10:20:00,256.35,256.6,256.2,256.5,52803,256.85,258.38,60.55,0.9
2026-02-19 10:25:00,256.35,256.6,256.05,256.4,45343,256.76,258.2,61.3,0.88
2026-02-19 10:30:00,256.4,256.45,256.1,256.25,29930,256.66,258.02,61.99,0.86
2026-02-19 10:35:00,256.15,256.3,255.3,255.7,207268,256.46,257.81,62.93,0.86
2026-02-19 10:40:00,255.65,256.65,255.45,256.45,211470,256.46,257.69,63.02,0.88
2026-02-19 10:45:00,256.55,257.35,256.3,256.8,197983,256.53,257.61,61.71,0.89
2026-02-19 10:50:00,256.8,257.1,256.75,256.95,38659,256.61,257.55,60.5,0.86
2026-02-19 10:55:00,256.95,257.25,256.75,257.2,80097,256.73,257.52,59.08,0.84
2026-02-19 11:00:00,257.15,257.6,257.0,257.5,118042,256.88,257.52,57.09,0.83
2026-02-19 11:05:00,257.45,257.55,257.0,257.25,58255,256.96,257.49,55.25,0.82
2026-02-19 11:10:00,257.15,257.3,256.85,257.0,32585,256.97,257.45,53.69,0.8
2026-02-19 11:15:00,257.0,257.0,256.6,256.7,38969,256.91,257.38,52.5,0.78
2026-02-19 11:20:00,256.75,256.95,256.4,256.5,60576,256.83,257.3,51.6,0.77
2026-02-19 11:25:00,256.4,256.9,256.4,256.75,36871,256.81,257.25,50.77,0.76
2026-02-19 11:30:00,256.75,256.85,256.5,256.75,18358,256.8,257.2,49.99,0.74
2026-02-19 11:35:00,256.8,257.0,256.65,256.75,29463,256.79,257.16,48.86,0.72
2026-02-19 11:40:00,256.75,256.9,256.5,256.6,24209,256.75,257.11,48.02,0.7
2026-02-19 11:45:00,256.6,256.65,256.0,256.15,102476,256.63,257.02,47.82,0.7
2026-02-19 11:50:00,256.15,256.4,256.0,256.3,13786,256.57,256.96,47.63,0.69
2026-02-19 11:55:00,256.2,256.4,256.2,256.3,8926,256.51,256.9,47.45,0.66
2026-02-19 12:00:00,256.3,256.4,256.05,256.1,36702,256.43,256.83,47.48,0.65
2026-02-19 12:05:00,256.2,256.35,256.0,256.15,27285,256.37,256.76,47.56,0.64
2026-02-19 12:10:00,256.1,256.1,255.7,255.75,91459,256.25,256.67,47.98,0.63
2026-02-19 12:15:00,255.7,255.85,255.5,255.85,84663,256.17,256.6,48.59,0.61
2026-02-19 12:20:00,256.35,256.75,256.25,256.6,75102,256.26,256.6,46.5,0.63
2026-02-19 12:25:00,256.55,256.85,256.4,256.8,47218,256.36,256.62,44.32,0.62
2026-02-19 12:30:00,256.7,256.8,256.3,256.45,30022,256.38,256.6,42.47,0.61
2026-02-19 12:35:00,256.4,256.8,256.35,256.4,42991,256.39,256.58,40.75,0.61
2026-02-19 12:40:00,256.5,256.6,256.1,256.35,44058,256.38,256.56,39.6,0.6
2026-02-19 12:45:00,256.2,256.5,256.05,256.45,35157,256.39,256.55,38.63,0.59
2026-02-19 12:50:00,256.45,256.85,256.45,256.7,46274,256.45,256.56,36.73,0.58
2026-02-19 12:55:00,256.7,257.15,256.6,257.15,97701,256.59,256.62,34.24,0.58
2026-02-19 13:00:00,257.05,257.2,257.0,257.1,35409,256.69,256.66,31.8,0.56
2026-02-19 13:05:00,257.2,257.55,257.1,257.45,81876,256.85,256.73,30.3,0.56
2026-02-19 13:10:00,257.6,257.8,257.5,257.75,62946,257.03,256.83,29.41,0.55
2026-02-19 13:15:00,257.75,257.8,257.3,257.45,55105,257.11,256.88,28.05,0.55
2026-02-19 13:20:00,257.4,257.75,257.4,257.6,26904,257.21,256.95,26.79,0.54
2026-02-19 13:25:00,257.6,257.75,257.35,257.75,58899,257.32,257.02,25.47,0.53
2026-02-19 13:30:00,257.65,257.75,257.2,257.45,61227,257.34,257.06,23.83,0.53
2026-02-19 13:35:00,257.4,257.5,257.2,257.2,20852,257.31,257.07,22.31,0.52
2026-02-19 13:40:00,257.25,257.35,257.1,257.1,14110,257.27,257.08,20.83,0.51
2026-02-19 13:45:00,257.1,257.6,257.1,257.3,38333,257.28,257.1,19.94,0.51
2026-02-19 13:50:00,257.3,257.6,257.15,257.5,61519,257.32,257.13,19.11,0.5
2026-02-19 13:55:00,257.45,257.5,257.1,257.35,38477,257.33,257.15,18.17,0.5
2026-02-19 14:00:00,257.3,257.35,256.8,257.15,71384,257.29,257.15,17.4,0.5
2026-02-19 14:05:00,257.15,257.15,256.85,257.05,39111,257.24,257.14,16.69,0.49
2026-02-19 14:10:00,257.05,257.35,257.0,257.3,84167,257.25,257.16,15.65,0.49
2026-02-19 14:15:00,257.3,257.35,257.0,257.25,27945,257.25,257.17,14.68,0.48
2026-02-19 14:20:00,257.25,257.5,257.1,257.3,61042,257.26,257.18,14.28,0.48
2026-02-19 14:25:00,257.25,257.3,256.6,256.65,43534,257.14,257.13,14.2,0.49
2026-02-19 14:30:00,256.65,257.0,256.65,256.8,28680,257.07,257.1,14.13,0.48
2026-02-19 14:35:00,256.8,257.05,256.5,257.0,66076,257.06,257.09,14.48,0.48
2026-02-19 14:40:00,257.0,257.1,256.2,256.2,54871,256.89,257.01,15.52,0.5
2026-02-19 14:45:00,256.2,256.5,256.0,256.5,126738,256.81,256.96,16.91,0.5
2026-02-19 14:50:00,256.45,256.6,256.0,256.2,187392,256.69,256.89,17.78,0.51
2026-02-19 14:55:00,256.3,256.35,255.6,256.0,306957,256.55,256.81,19.38,0.52
2026-02-19 15:00:00,255.95,256.0,255.15,255.25,217000,256.29,256.67,21.54,0.53
2026-02-19 15:05:00,255.15,255.3,254.1,254.45,783774,255.92,256.47,24.57,0.57
2026-02-19 15:10:00,254.45,254.6,253.8,253.9,291152,255.52,256.24,27.58,0.58
2026-02-19 15:15:00,253.9,254.0,253.25,253.3,344127,255.07,255.97,30.71,0.59
2026-02-19 15:20:00,253.4,253.45,252.2,252.6,353405,254.58,255.66,34.06,0.62
2026-02-19 15:25:00,252.5,252.7,252.0,252.5,492589,254.16,255.37,37.25,0.62
2026-02-20 09:15:00,253.0,254.0,250.7,253.4,552832,254.01,255.2,40.2,0.75
2026-02-20 09:20:00,253.35,254.7,253.35,253.9,190966,253.99,255.08,41.04,0.78
2026-02-20 09:25:00,253.65,254.35,253.25,253.65,161676,253.92,254.95,41.9,0.79
2026-02-20 09:30:00,253.45,254.6,253.25,254.6,158339,254.06,254.92,42.08,0.82
2026-02-20 09:35:00,254.55,255.55,254.5,255.5,193285,254.35,254.97,40.3,0.83
2026-02-20 09:40:00,255.4,255.5,254.55,254.9,113118,254.46,254.96,38.64,0.84
2026-02-20 09:45:00,254.85,255.65,254.75,255.35,129362,254.64,255.0,36.82,0.84
2026-02-20 09:50:00,255.35,255.7,255.15,255.35,85168,254.78,255.03,35.04,0.83
2026-02-20 09:55:00,255.45,255.8,255.3,255.75,71146,254.97,255.1,33.18,0.81
2026-02-20 10:00:00,255.75,255.85,254.9,255.0,59516,254.98,255.09,32.09,0.82
2026-02-20 10:05:00,255.05,255.25,254.6,254.85,55105,254.95,255.07,31.5,0.81
2026-02-20 10:10:00,254.8,255.0,254.05,254.15,56401,254.79,254.98,31.64,0.82
2026-02-20 10:15:00,254.2,255.0,254.2,254.8,34754,254.79,254.97,31.76,0.82
2026-02-20 10:20:00,254.8,255.0,254.6,254.8,31047,254.79,254.95,31.88,0.8
2026-02-20 10:25:00,254.75,255.2,254.7,254.75,35651,254.79,254.93,31.47,0.78
2026-02-20 10:30:00,254.85,255.2,254.85,255.15,20958,254.86,254.95,31.09,0.77
2026-02-20 10:35:00,255.15,255.25,255.0,255.15,52084,254.92,254.97,30.61,0.74
2026-02-20 10:40:00,255.15,255.5,255.15,255.4,61509,255.01,255.01,29.47,0.72
2026-02-20 10:45:00,255.4,255.65,255.15,255.35,42683,255.08,255.04,28.04,0.71
2026-02-20 10:50:00,255.35,255.55,255.2,255.25,58586,255.11,255.06,26.7,0.7
2026-02-20 10:55:00,255.15,255.65,255.0,255.55,56774,255.2,255.1,25.9,0.69
2026-02-20 11:00:00,255.65,256.25,255.4,255.65,202520,255.29,255.15,24.43,0.7
2026-02-20 11:05:00,255.65,255.9,255.55,255.7,41158,255.37,255.2,23.06,0.68
2026-02-20 11:10:00,255.7,255.75,255.25,255.4,31849,255.38,255.22,21.75,0.68
2026-02-20 11:15:00,255.4,255.75,255.35,255.6,19831,255.42,255.26,20.53,0.66
2026-02-20 11:20:00,255.65,255.9,255.5,255.9,25654,255.52,255.31,19.12,0.65
2026-02-20 11:25:00,255.9,256.1,255.75,256.1,80492,255.63,255.39,18.3,0.64
2026-02-20 11:30:00,256.1,256.55,255.95,256.5,98295,255.81,255.49,18.48,0.63
2026-02-20 11:35:00,256.5,256.55,256.25,256.45,30758,255.94,255.57,18.66,0.62
2026-02-20 11:40:00,256.4,256.7,256.3,256.4,52757,256.03,255.65,19.12,0.61
2026-02-20 11:45:00,256.55,256.8,256.25,256.4,59024,256.1,255.72,19.74,0.6
2026-02-20 11:50:00,256.1,256.95,255.95,256.8,310323,256.24,255.82,19.36,0.62
2026-02-20 11:55:00,256.7,257.3,256.6,257.1,121891,256.41,255.93,19.71,0.63
2026-02-20 12:00:00,257.1,258.35,256.7,258.1,1190841,256.75,256.13,21.53,0.68
2026-02-20 12:05:00,258.15,258.55,257.8,258.2,338771,257.04,256.32,23.42,0.68
2026-02-20 12:10:00,258.2,258.35,257.55,257.8,72419,257.19,256.45,24.47,0.69
2026-02-20 12:15:00,257.8,258.45,257.6,258.2,117785,257.39,256.61,25.57,0.69
2026-02-20 12:20:00,258.3,258.75,258.2,258.6,132257,257.64,256.79,26.95,0.69
2026-02-20 12:25:00,258.5,259.05,258.35,258.65,379655,257.84,256.96,28.55,0.69
2026-02-20 12:30:00,258.75,259.25,258.75,259.2,189295,258.11,257.16,30.24,0.68
2026-02-20 12:35:00,259.25,259.65,259.0,259.0,276094,258.29,257.33,32.17,0.68
2026-02-20 12:40:00,259.0,259.35,258.55,258.6,157965,258.35,257.45,32.68,0.69
2026-02-20 12:45:00,258.55,258.75,258.3,258.35,106903,258.35,257.53,32.51,0.68
2026-02-20 12:50:00,258.4,258.55,258.25,258.35,65543,258.35,257.6,32.22,0.66
2026-02-20 12:55:00,258.5,258.5,257.3,258.0,181394,258.28,257.64,29.96,0.68
2026-02-20 13:00:00,258.0,258.1,257.75,258.05,94187,258.23,257.68,27.85,0.67
2026-02-20 13:05:00,258.0,258.0,256.2,256.2,194409,257.83,257.54,27.93,0.72
2026-02-20 13:10:00,256.3,256.55,255.9,256.4,234178,257.54,257.44,28.29,0.72
2026-02-20 13:15:00,256.35,256.55,255.8,256.2,93361,257.27,257.33,28.72,0.72
2026-02-20 13:20:00,256.25,257.15,256.05,257.1,116472,257.24,257.31,28.01,0.74
2026-02-20 13:25:00,257.0,257.45,256.85,257.2,54100,257.23,257.3,26.86,0.73
2026-02-20 13:30:00,257.2,257.7,257.15,257.4,63096,257.26,257.31,25.39,0.72
2026-02-20 13:35:00,257.45,257.65,257.05,257.25,78665,257.26,257.3,24.16,0.72
2026-02-20 13:40:00,257.3,257.45,257.0,257.45,50310,257.3,257.31,23.1,0.71
2026-02-20 13:45:00,257.5,257.6,257.15,257.3,42872,257.3,257.31,21.84,0.69
2026-02-20 13:50:00,257.45,257.6,257.25,257.35,46969,257.31,257.32,20.67,0.68
2026-02-20 13:55:00,257.3,258.75,257.3,258.25,464762,257.5,257.4,20.59,0.71
2026-02-20 14:00:00,258.25,258.4,258.05,258.15,47670,257.63,257.47,20.51,0.7
2026-02-20 14:05:00,258.2,258.35,257.85,258.15,24007,257.73,257.53,20.05,0.69
2026-02-20 14:10:00,258.2,258.35,257.8,257.9,250967,257.77,257.56,19.53,0.68
2026-02-20 14:15:00,257.9,258.25,257.8,257.9,70427,257.79,257.6,19.04,0.67
2026-02-20 14:20:00,257.85,257.9,257.25,257.3,30517,257.69,257.57,17.85,0.67
2026-02-20 14:25:00,257.35,257.35,256.85,256.85,37564,257.53,257.5,17.41,0.66
2026-02-20 14:30:00,256.85,257.25,256.7,257.2,12715,257.46,257.48,17.24,0.66
2026-02-20 14:35:00,257.25,257.3,256.8,257.15,54419,257.4,257.45,16.97,0.65
2026-02-20 14:40:00,257.2,257.3,256.9,257.05,46689,257.33,257.41,16.71,0.64
2026-02-20 14:45:00,257.05,257.65,257.0,257.5,46046,257.36,257.42,15.7,0.64
2026-02-20 14:50:00,257.65,257.65,257.05,257.4,29347,257.37,257.42,14.76,0.64
2026-02-20 14:55:00,257.4,257.95,257.25,257.95,81502,257.49,257.46,14.16,0.64
2026-02-20 15:00:00,257.9,258.4,257.6,257.65,178805,257.52,257.48,14.43,0.65
2026-02-20 15:05:00,257.65,257.7,257.0,257.0,159198,257.42,257.44,13.42,0.65
2026-02-20 15:10:00,257.1,257.35,256.85,257.15,121453,257.36,257.41,12.72,0.64
2026-02-20 15:15:00,257.2,257.45,256.65,257.4,199711,257.37,257.41,12.44,0.65
2026-02-20 15:20:00,257.3,257.35,256.7,256.8,135063,257.26,257.36,12.19,0.65
2026-02-20 15:25:00,256.8,257.85,256.75,257.7,264936,257.34,257.39,11.72,0.67
2026-02-23 09:15:00,258.05,260.25,257.8,259.75,436645,257.83,257.6,14.04,0.76
2026-02-23 09:20:00,259.7,259.95,258.85,259.7,262682,258.2,257.79,16.18,0.78
2026-02-23 09:25:00,259.5,260.3,259.3,259.65,173796,258.49,257.96,18.44,0.79
2026-02-23 09:30:00,259.7,260.1,259.5,260.05,90680,258.8,258.15,20.53,0.78
2026-02-23 09:35:00,260.05,260.8,259.95,260.4,160109,259.12,258.36,22.96,0.78
2026-02-23 09:40:00,260.4,260.7,260.2,260.5,90183,259.4,258.55,25.21,0.77
2026-02-23 09:45:00,260.45,260.65,260.2,260.45,102857,259.61,258.72,27.31,0.75
2026-02-23 09:50:00,260.45,260.7,259.9,260.1,111053,259.71,258.85,28.53,0.76
2026-02-23 09:55:00,260.05,260.35,259.85,259.95,81608,259.76,258.95,29.55,0.74
2026-02-23 10:00:00,260.0,260.2,259.5,259.85,65315,259.77,259.03,29.68,0.74
2026-02-23 10:05:00,259.95,260.1,259.3,259.5,136599,259.72,259.07,29.36,0.75
2026-02-23 10:10:00,259.4,259.5,258.8,258.9,62947,259.56,259.06,28.06,0.74
2026-02-23 10:15:00,258.8,259.1,258.6,259.0,48168,259.44,259.05,26.48,0.73
2026-02-23 10:20:00,258.95,259.0,258.4,258.9,71231,259.34,259.04,24.66,0.73
2026-02-23 10:25:00,258.75,258.9,258.15,258.2,34614,259.11,258.96,23.26,0.73
2026-02-23 10:30:00,258.2,258.9,258.1,258.9,49136,259.07,258.96,22.05,0.73
2026-02-23 10:35:00,258.85,258.9,258.3,258.45,43474,258.94,258.91,20.92,0.72
2026-02-23 10:40:00,258.4,258.4,257.35,257.35,128873,258.62,258.77,21.34,0.74
2026-02-23 10:45:00,257.35,257.5,256.55,256.65,126367,258.23,258.58,22.6,0.75
2026-02-23 10:50:00,256.6,257.0,256.5,256.5,139227,257.88,258.39,23.82,0.74
2026-02-23 10:55:00,256.6,256.7,256.35,256.55,94114,257.62,258.22,25.1,0.72
2026-02-23 11:00:00,256.65,257.15,256.55,256.55,65244,257.4,258.07,25.27,0.72
2026-02-23 11:05:00,256.5,256.5,255.95,256.3,72287,257.18,257.91,26.08,0.71
2026-02-23 11:10:00,256.4,256.75,256.15,256.75,34281,257.1,257.8,26.31,0.7
2026-02-23 11:15:00,256.75,256.95,256.35,256.65,39761,257.01,257.7,26.12,0.7
2026-02-23 11:20:00,256.65,256.95,256.55,256.8,39995,256.97,257.62,25.95,0.69
2026-02-23 11:25:00,256.7,256.95,256.5,256.5,31391,256.87,257.51,25.85,0.67
2026-02-23 11:30:00,256.6,256.6,255.8,255.9,52083,256.68,257.37,26.62,0.68
2026-02-23 11:35:00,255.9,256.45,255.8,256.45,110511,256.63,257.28,27.34,0.68
2026-02-23 11:40:00,256.45,256.55,256.05,256.3,132192,256.57,257.19,27.75,0.67
2026-02-23 11:45:00,256.3,256.35,255.6,255.6,60879,256.37,257.05,28.66,0.67
2026-02-23 11:50:00,255.65,255.95,255.25,255.85,39225,256.27,256.94,29.87,0.68
2026-02-23 11:55:00,255.9,256.05,255.65,255.8,53641,256.17,256.84,30.73,0.66
2026-02-23 12:00:00,255.8,256.15,255.7,255.85,112703,256.11,256.75,31.26,0.65
2026-02-23 12:05:00,255.85,256.05,255.85,255.85,46157,256.06,256.67,31.74,0.63
2026-02-23 12:10:00,255.8,256.25,255.7,256.1,226548,256.07,256.61,31.62,0.63
2026-02-23 12:15:00,256.25,257.05,256.1,256.65,341068,256.18,256.62,29.64,0.64
2026-02-23 12:20:00,256.65,257.05,256.5,256.85,163386,256.32,256.64,27.8,0.64
2026-02-23 12:25:00,256.8,256.9,256.45,256.9,89746,256.43,256.66,26.2,0.63
2026-02-23 12:30:00,256.9,257.15,256.5,256.55,146130,256.46,256.65,24.49,0.63
2026-02-23 12:35:00,256.5,256.85,256.5,256.85,83132,256.54,256.67,22.9,0.62
2026-02-23 12:40:00,256.8,257.0,256.75,256.9,91222,256.61,256.69,21.76,0.6
2026-02-23 12:45:00,256.9,257.3,256.8,256.8,133523,256.65,256.7,21.31,0.59
2026-02-23 12:50:00,256.75,256.9,256.15,256.4,80514,256.6,256.67,20.15,0.6
2026-02-23 12:55:00,256.45,257.95,256.2,257.45,562031,256.77,256.74,20.13,0.66
2026-02-23 13:00:00,257.5,257.8,257.35,257.7,155561,256.95,256.83,20.11,0.65
2026-02-23 13:05:00,257.7,257.75,257.5,257.55,56699,257.07,256.9,20.09,0.63
2026-02-23 13:10:00,257.55,257.85,257.5,257.75,75910,257.21,256.97,20.22,0.61
2026-02-23 13:15:00,257.65,258.0,257.65,257.9,79599,257.35,257.06,20.59,0.6
2026-02-23 13:20:00,257.9,257.95,257.4,257.55,79398,257.39,257.1,20.29,0.6
2026-02-23 13:25:00,257.6,257.7,257.35,257.7,74509,257.45,257.16,19.9,0.59
2026-02-23 13:30:00,257.75,257.75,257.1,257.45,101626,257.45,257.18,18.91,0.59
2026-02-23 13:35:00,257.4,257.55,257.4,257.55,57486,257.47,257.22,18.0,0.57
2026-02-23 13:40:00,257.55,257.95,257.5,257.85,189705,257.55,257.27,17.97,0.56
2026-02-23 13:45:00,257.85,257.95,257.6,257.75,58173,257.59,257.32,17.94,0.55
2026-02-23 13:50:00,257.7,257.9,257.7,257.75,87376,257.62,257.36,17.92,0.54
2026-02-23 13:55:00,257.7,257.8,257.4,257.4,112101,257.58,257.36,17.03,0.53
2026-02-23 14:00:00,257.5,257.65,256.7,257.15,126289,257.49,257.34,16.96,0.55
2026-02-23 14:05:00,257.1,257.55,256.85,257.5,63893,257.49,257.36,16.9,0.56
2026-02-23 14:10:00,257.5,257.6,257.0,257.45,106826,257.48,257.36,16.7,0.56
2026-02-23 14:15:00,257.45,258.3,257.4,258.3,128484,257.65,257.45,16.13,0.58
2026-02-23 14:20:00,258.25,258.3,257.85,257.95,74367,257.71,257.5,15.61,0.57
2026-02-23 14:25:00,257.9,258.1,257.75,258.0,58311,257.77,257.54,14.87,0.56
2026-02-23 14:30:00,257.95,258.65,257.95,258.55,123508,257.92,257.63,15.27,0.57
2026-02-23 14:35:00,258.55,258.7,257.9,258.0,93976,257.94,257.67,15.64,0.58
2026-02-23 14:40:00,257.9,258.2,257.7,257.85,91574,257.92,257.68,15.44,0.57
2026-02-23 14:45:00,257.85,258.3,257.55,258.3,192817,258.0,257.74,14.87,0.58
2026-02-23 14:50:00,258.3,258.55,257.9,258.25,292378,258.05,257.79,14.86,0.59
2026-02-23 14:55:00,258.2,259.5,258.2,259.2,251280,258.28,257.91,16.36,0.62
2026-02-23 15:00:00,259.15,260.15,259.15,259.8,440902,258.58,258.09,18.46,0.64
2026-02-23 15:05:00,259.8,259.8,257.8,258.0,656526,258.47,258.08,17.74,0.7
2026-02-23 15:10:00,258.0,258.15,257.75,257.95,892810,258.36,258.07,16.99,0.69
2026-02-23 15:15:00,257.85,258.0,257.55,257.85,292761,258.26,258.05,15.98,0.68
2026-02-23 15:20:00,257.85,258.0,257.75,257.85,304318,258.18,258.03,15.04,0.66
2026-02-23 15:25:00,257.8,258.0,257.35,257.4,499479,258.02,257.97,14.41,0.66
2026-02-24 09:15:00,257.0,258.0,256.4,256.55,248797,257.73,257.84,15.07,0.7
2026-02-24 09:20:00,256.35,256.8,256.2,256.6,124753,257.5,257.73,15.89,0.7
2026-02-24 09:25:00,256.5,256.6,256.15,256.35,42664,257.27,257.6,16.71,0.68
2026-02-24 09:30:00,256.2,256.4,255.4,255.65,105749,256.95,257.43,18.24,0.7
2026-02-24 09:35:00,255.65,256.1,255.5,255.95,62205,256.75,257.29,19.66,0.69
2026-02-24 09:40:00,255.9,256.0,255.55,255.7,39612,256.54,257.15,20.97,0.68
2026-02-24 09:45:00,255.8,256.55,255.6,256.25,75733,256.48,257.07,21.02,0.7
2026-02-24 09:50:00,256.25,256.4,256.05,256.25,25357,256.43,256.99,21.07,0.68
2026-02-24 09:55:00,256.15,256.25,255.8,256.0,43537,256.35,256.9,21.44,0.67
2026-02-24 10:00:00,255.9,256.45,255.7,255.95,62000,256.27,256.81,21.35,0.67
2026-02-24 10:05:00,255.95,256.2,255.5,256.05,116555,256.22,256.75,21.55,0.67
2026-02-24 10:10:00,255.9,256.2,255.3,255.3,129832,256.04,256.61,22.01,0.68
2026-02-24 10:15:00,255.4,255.75,255.0,255.75,89804,255.98,256.54,22.83,0.69
2026-02-24 10:20:00,255.55,256.1,255.55,255.6,53223,255.91,256.45,22.76,0.68
2026-02-24 10:25:00,255.55,256.3,255.5,256.15,114241,255.95,256.42,22.25,0.69
2026-02-24 10:30:00,256.0,256.6,256.0,256.3,73040,256.02,256.41,21.16,0.68
2026-02-24 10:35:00,256.2,256.6,256.15,256.6,84635,256.14,256.43,20.14,0.67
2026-02-24 10:40:00,256.6,256.75,256.4,256.55,49263,256.22,256.44,18.88,0.66
2026-02-24 10:45:00,256.5,256.95,256.45,256.7,134762,256.32,256.46,17.77,0.65
2026-02-24 10:50:00,256.6,256.85,256.4,256.65,85725,256.38,256.48,16.63,0.64
2026-02-24 10:55:00,256.65,256.8,256.5,256.7,72201,256.45,256.5,15.57,0.62
2026-02-24 11:00:00,256.75,258.55,256.65,257.9,324624,256.74,256.63,17.25,0.68
2026-02-24 11:05:00,257.95,258.25,257.7,258.05,109220,257.0,256.76,18.82,0.68
2026-02-24 11:10:00,258.05,258.25,257.95,258.0,92042,257.2,256.87,20.26,0.66
2026-02-24 11:15:00,258.0,258.1,257.7,257.85,66350,257.33,256.96,20.98,0.65
2026-02-24 11:20:00,257.85,257.95,257.7,257.95,47999,257.45,257.05,21.64,0.63
2026-02-24 11:25:00,257.8,258.35,257.8,258.35,101964,257.63,257.17,22.79,0.62
2026-02-24 11:30:00,258.4,258.5,258.1,258.15,113293,257.74,257.26,24.03,0.61
2026-02-24 11:35:00,258.15,258.45,258.05,258.45,95528,257.88,257.37,25.03,0.6
2026-02-24 11:40:00,258.35,258.5,258.0,258.0,66593,257.9,257.42,25.97,0.6
2026-02-24 11:45:00,258.0,258.2,257.5,257.6,37168,257.84,257.44,25.43,0.6
2026-02-24 11:50:00,257.6,257.6,257.2,257.2,62019,257.71,257.42,24.2,0.59
2026-02-24 11:55:00,257.2,257.2,256.75,256.75,42846,257.52,257.36,22.81,0.59
2026-02-24 12:00:00,256.7,256.7,256.1,256.25,80656,257.27,257.26,22.6,0.59
2026-02-24 12:05:00,256.15,256.45,256.15,256.4,22209,257.09,257.18,22.4,0.58
2026-02-24 12:10:00,256.4,256.95,256.3,256.95,61655,257.06,257.16,21.15,0.58
2026-02-24 12:15:00,256.9,256.9,256.4,256.45,495882,256.94,257.09,20.0,0.58
2026-02-24 12:20:00,256.5,256.5,256.2,256.4,74361,256.83,257.03,19.3,0.57
2026-02-24 12:25:00,256.4,256.65,256.3,256.5,91284,256.77,256.98,18.31,0.55
2026-02-24 12:30:00,256.55,256.55,256.3,256.5,42884,256.71,256.94,17.4,0.54
2026-02-24 12:35:00,256.5,256.9,256.5,256.8,64096,256.73,256.93,16.53,0.53
2026-02-24 12:40:00,256.65,256.85,256.15,256.25,58091,256.63,256.86,15.72,0.54
2026-02-24 12:45:00,256.25,256.3,255.85,255.9,39615,256.49,256.78,15.53,0.54
2026-02-24 12:50:00,255.9,255.95,255.6,255.7,25952,256.33,256.68,15.79,0.53
2026-02-24 12:55:00,255.7,255.95,255.7,255.85,15303,256.23,256.6,16.04,0.51
2026-02-24 13:00:00,255.75,255.95,255.4,255.95,50523,256.18,256.54,16.77,0.52
2026-02-24 13:05:00,255.85,256.05,255.8,256.0,44599,256.14,256.49,17.18,0.5
2026-02-24 13:10:00,256.0,256.4,256.0,256.3,47803,256.17,256.48,16.64,0.5
2026-02-24 13:15:00,256.3,256.3,255.9,256.2,18989,256.18,256.45,16.35,0.49
2026-02-24 13:20:00,256.2,256.3,255.85,255.9,15638,256.12,256.4,16.17,0.49
2026-02-24 13:25:00,255.95,256.1,255.65,255.95,125394,256.09,256.36,16.42,0.49
2026-02-24 13:30:00,255.85,255.95,255.45,255.55,88652,255.98,256.29,17.03,0.49
2026-02-24 13:35:00,255.6,255.9,255.05,255.9,86608,255.96,256.25,18.27,0.51
2026-02-24 13:40:00,255.9,256.1,255.6,255.7,64666,255.91,256.2,18.81,0.51
2026-02-24 13:45:00,255.65,256.2,255.55,255.75,147021,255.88,256.16,19.02,0.51
2026-02-24 13:50:00,255.8,257.25,255.55,257.25,303339,256.15,256.26,18.47,0.57
2026-02-24 13:55:00,257.25,259.7,257.25,259.7,1025589,256.86,256.57,20.52,0.66
2026-02-24 14:00:00,259.7,259.9,259.15,259.5,208837,257.39,256.84,22.56,0.66
2026-02-24 14:05:00,259.4,259.6,259.0,259.45,132220,257.8,257.08,24.16,0.66
2026-02-24 14:10:00,259.5,260.25,259.35,260.2,340463,258.28,257.36,26.09,0.67
2026-02-24 14:15:00,260.15,260.7,260.05,260.4,370636,258.71,257.64,28.15,0.67
2026-02-24 14:20:00,260.4,260.4,259.7,259.8,218275,258.92,257.83,29.39,0.67
2026-02-24 14:25:00,259.75,260.05,259.7,259.9,162177,259.12,258.02,30.54,0.66
2026-02-24 14:30:00,259.9,259.9,259.3,259.4,127411,259.18,258.15,30.84,0.65
2026-02-24 14:35:00,259.45,259.95,259.35,259.85,181613,259.31,258.3,31.16,0.65
2026-02-24 14:40:00,259.55,260.6,259.45,260.2,266354,259.49,258.47,32.03,0.68
2026-02-24 14:45:00,260.2,260.2,259.45,259.75,162417,259.54,258.59,32.83,0.68
2026-02-24 14:50:00,259.75,260.8,259.6,260.3,267000,259.69,258.75,34.04,0.7
2026-02-24 14:55:00,260.4,261.4,260.2,261.3,342332,260.01,258.98,35.56,0.73
2026-02-24 15:00:00,261.3,261.3,260.95,261.2,257803,260.25,259.18,36.97,0.71
2026-02-24 15:05:00,261.2,261.6,260.75,261.5,290377,260.5,259.39,38.48,0.72
2026-02-24 15:10:00,261.5,262.35,261.45,261.95,331358,260.79,259.62,40.29,0.73
2026-02-24 15:15:00,261.95,262.45,261.65,262.1,283159,261.05,259.85,42.03,0.73
2026-02-24 15:20:00,261.9,262.4,261.8,262.3,381722,261.3,260.07,43.64,0.72
2026-02-24 15:25:00,262.25,262.5,262.05,262.1,249542,261.46,260.26,45.19,0.71
2026-02-25 09:15:00,262.4,265.0,262.1,264.3,461457,262.03,260.62,47.56,0.81
2026-02-25 09:20:00,264.3,264.5,263.55,263.6,259542,262.34,260.89,49.76,0.82
2026-02-25 09:25:00,263.85,264.15,262.8,263.3,183091,262.53,261.11,50.34,0.85
2026-02-25 09:30:00,263.3,263.3,260.05,262.8,403235,262.59,261.27,47.34,0.96
2026-02-25 09:35:00,262.8,262.85,262.0,262.0,137604,262.47,261.33,44.56,0.95
2026-02-25 09:40:00,262.0,262.5,261.25,262.1,233012,262.4,261.4,41.47,0.97
2026-02-25 09:45:00,262.1,263.0,261.95,262.55,187232,262.43,261.51,38.85,0.97
2026-02-25 09:50:00,262.5,262.6,261.7,262.6,295918,262.46,261.61,36.18,0.97
2026-02-25 09:55:00,262.6,263.6,262.4,263.45,292388,262.66,261.77,34.55,0.98
2026-02-25 10:00:00,263.35,264.3,263.1,264.0,270296,262.93,261.98,33.54,0.99
2026-02-25 10:05:00,263.9,264.0,263.4,263.95,109521,263.13,262.16,32.61,0.97
2026-02-25 10:10:00,264.05,264.3,263.6,264.1,238004,263.33,262.33,31.97,0.96
2026-02-25 10:15:00,264.2,265.1,263.8,263.95,357056,263.45,262.48,31.93,0.98
2026-02-25 10:20:00,263.8,264.3,263.6,263.85,90846,263.53,262.6,31.65,0.96
2026-02-25 10:25:00,263.85,264.05,263.6,263.75,85041,263.57,262.71,31.38,0.94
2026-02-25 10:30:00,263.75,264.2,263.75,263.8,98913,263.62,262.81,31.25,0.91
2026-02-25 10:35:00,263.85,263.85,263.2,263.3,106972,263.56,262.85,30.37,0.9
2026-02-25 10:40:00,263.25,263.85,263.2,263.35,85162,263.51,262.9,29.55,0.89
2026-02-25 10:45:00,263.35,263.5,262.85,263.1,68194,263.43,262.92,28.3,0.88
2026-02-25 10:50:00,263.1,263.3,262.8,262.95,60219,263.34,262.92,27.07,0.86
2026-02-25 10:55:00,262.95,263.4,262.9,263.0,56416,263.27,262.93,26.04,0.84
2026-02-25 11:00:00,262.95,263.45,262.65,262.95,83116,263.2,262.93,24.71,0.84
2026-02-25 11:05:00,262.95,263.15,262.9,262.95,55988,263.15,262.93,23.47,0.81
2026-02-25 11:10:00,262.85,263.15,262.55,262.7,71886,263.06,262.91,21.82,0.8
2026-02-25 11:15:00,262.75,263.0,262.4,262.5,70278,262.95,262.87,20.51,0.79
2026-02-25 11:20:00,262.5,262.9,262.5,262.55,47916,262.87,262.84,19.29,0.77
2026-02-25 11:25:00,262.55,262.7,262.25,262.45,62635,262.79,262.81,18.56,0.76
2026-02-25 11:30:00,262.5,262.55,262.25,262.5,42359,262.73,262.78,17.89,0.74
2026-02-25 11:35:00,262.5,262.8,262.5,262.65,57881,262.71,262.77,16.77,0.72
2026-02-25 11:40:00,262.65,262.9,262.45,262.85,57337,262.74,262.78,15.6,0.7
2026-02-25 11:45:00,262.9,263.35,262.9,263.0,53358,262.79,262.8,15.34,0.69
2026-02-25 11:50:00,263.0,263.25,262.5,262.5,47766,262.73,262.77,14.3,0.7
2026-02-25 11:55:00,262.6,262.75,262.25,262.45,43008,262.68,262.74,13.67,0.69
2026-02-25 12:00:00,262.45,262.9,262.4,262.9,48042,262.72,262.75,12.79,0.68
2026-02-25 12:05:00,262.8,262.9,262.5,262.6,52386,262.7,262.74,11.97,0.67
2026-02-25 12:10:00,262.6,263.1,262.45,262.45,130116,262.65,262.71,11.42,0.66
2026-02-25 12:15:00,262.4,263.15,262.25,262.65,162554,262.65,262.71,10.72,0.68
2026-02-25 12:20:00,262.65,262.9,262.4,262.85,65492,262.69,262.72,10.07,0.67
2026-02-25 12:25:00,262.9,263.2,262.75,263.05,57160,262.76,262.75,9.89,0.66
2026-02-25 12:30:00,263.05,263.2,262.15,262.25,87760,262.66,262.71,9.9,0.68
2026-02-25 12:35:00,262.25,262.3,261.6,261.95,136396,262.52,262.64,10.79,0.68
2026-02-25 12:40:00,261.95,262.0,261.5,261.55,67038,262.32,262.54,11.77,0.67
2026-02-25 12:45:00,261.5,261.5,260.9,261.1,140617,262.08,262.41,13.46,0.67
2026-02-25 12:50:00,261.0,261.7,260.85,261.4,101752,261.94,262.32,14.56,0.68
2026-02-25 12:55:00,261.35,261.5,261.1,261.3,55791,261.81,262.22,15.57,0.66
2026-02-25 13:00:00,261.35,261.35,260.5,260.8,136605,261.61,262.09,17.26,0.67
2026-02-25 13:05:00,260.8,260.95,260.5,260.7,98893,261.43,261.97,18.83,0.66
2026-02-25 13:10:00,260.7,261.55,260.6,260.95,65896,261.33,261.87,18.84,0.68
2026-02-25 13:15:00,260.95,261.45,260.75,261.45,57274,261.36,261.84,18.84,0.68
2026-02-25 13:20:00,261.45,261.45,261.05,261.25,54449,261.34,261.78,18.85,0.66
2026-02-25 13:25:00,261.1,261.4,261.0,261.25,65325,261.32,261.73,18.94,0.65
2026-02-25 13:30:00,261.45,261.95,261.4,261.75,93792,261.4,261.74,17.73,0.65
2026-02-25 13:35:00,261.75,261.85,261.2,261.25,74498,261.37,261.69,17.0,0.65
2026-02-25 13:40:00,261.25,261.65,261.2,261.2,46775,261.34,261.65,16.32,0.64
2026-02-25 13:45:00,261.1,261.45,260.9,261.05,55292,261.28,261.59,16.27,0.64
2026-02-25 13:50:00,261.1,261.3,261.0,261.1,45338,261.24,261.55,16.23,0.62
2026-02-25 13:55:00,261.1,261.15,260.8,260.95,71103,261.19,261.49,16.57,0.61
2026-02-25 14:00:00,260.85,260.85,260.35,260.5,84418,261.05,261.4,17.65,0.61
2026-02-25 14:05:00,260.5,260.65,260.3,260.45,54713,260.93,261.32,18.73,0.6
2026-02-25 14:10:00,260.45,260.8,260.35,260.55,62724,260.85,261.25,19.27,0.59
2026-02-25 14:15:00,260.6,260.85,260.4,260.8,41283,260.84,261.21,19.61,0.58
2026-02-25 14:20:00,260.85,261.45,260.8,261.2,120574,260.91,261.21,18.33,0.59
2026-02-25 14:25:00,261.35,261.5,260.75,260.75,60476,260.88,261.16,17.13,0.59
2026-02-25 14:30:00,260.8,261.4,260.8,261.2,64407,260.94,261.17,16.03,0.6
2026-02-25 14:35:00,261.15,261.4,260.9,261.25,60749,261.01,261.17,15.0,0.59
2026-02-25 14:40:00,261.25,261.25,260.5,260.55,85608,260.91,261.12,15.02,0.6
2026-02-25 14:45:00,260.7,260.75,260.2,260.25,78557,260.78,261.04,15.66,0.6
2026-02-25 14:50:00,260.4,260.9,260.0,260.55,102816,260.74,260.99,16.62,0.61
2026-02-25 14:55:00,260.85,261.0,260.6,260.9,179468,260.77,260.99,17.19,0.6
2026-02-25 15:00:00,261.2,262.4,261.2,261.85,279729,260.98,261.06,17.3,0.65
2026-02-25 15:05:00,261.8,262.4,261.65,262.2,145329,261.23,261.17,17.4,0.65
2026-02-25 15:10:00,262.25,262.4,262.05,262.25,124690,261.43,261.27,17.49,0.64
2026-02-25 15:15:00,262.2,262.25,261.95,262.1,200022,261.57,261.34,17.32,0.62
2026-02-25 15:20:00,262.1,262.15,261.7,262.0,157983,261.65,261.4,16.55,0.61
2026-02-25 15:25:00,261.95,262.15,261.35,261.55,193758,261.63,261.42,15.67,0.62
2026-02-26 09:15:00,263.0,264.4,262.5,262.95,207779,261.9,261.55,17.32,0.73
2026-02-26 09:20:00,262.95,263.4,262.25,263.2,89084,262.16,261.7,18.38,0.75
2026-02-26 09:25:00,263.2,263.55,262.55,263.4,93497,262.41,261.86,19.51,0.76
2026-02-26 09:30:00,263.5,263.7,263.2,263.6,94808,262.64,262.02,20.7,0.75
2026-02-26 09:35:00,263.5,263.95,263.45,263.45,53274,262.81,262.15,22.05,0.74
2026-02-26 09:40:00,263.45,263.75,263.3,263.55,38037,262.95,262.27,22.97,0.72
2026-02-26 09:45:00,263.55,263.65,262.85,262.85,43050,262.93,262.33,22.91,0.73
2026-02-26 09:50:00,262.85,262.9,262.05,262.1,64094,262.77,262.31,21.5,0.73
2026-02-26 09:55:00,262.1,262.25,261.8,262.05,54267,262.62,262.28,20.1,0.72
2026-02-26 10:00:00,262.15,262.15,261.6,262.0,57768,262.5,262.26,19.09,0.71
2026-02-26 10:05:00,262.0,262.35,261.95,262.15,33602,262.43,262.25,17.83,0.7
2026-02-26 10:10:00,262.2,262.35,261.85,261.9,54806,262.32,262.22,16.82,0.69
2026-02-26 10:15:00,261.9,262.0,261.75,262.0,51740,262.26,262.2,16.04,0.67
2026-02-26 10:20:00,262.0,262.15,261.7,261.95,25720,262.2,262.17,15.04,0.66
2026-02-26 10:25:00,261.95,262.3,261.75,262.0,56720,262.16,262.16,14.09,0.65
2026-02-26 10:30:00,262.05,262.15,261.75,262.05,35337,262.14,262.15,13.21,0.64
2026-02-26 10:35:00,261.95,262.05,261.75,261.85,14176,262.08,262.12,12.4,0.62
2026-02-26 10:40:00,261.85,261.85,260.8,261.25,118767,261.91,262.04,13.06,0.64
2026-02-26 10:45:00,261.15,261.55,261.15,261.45,25388,261.82,261.99,13.66,0.63
2026-02-26 10:50:00,261.45,261.55,261.25,261.25,19388,261.71,261.92,14.23,0.62
2026-02-26 10:55:00,261.3,261.4,261.1,261.3,35086,261.63,261.86,15.0,0.6
2026-02-26 11:00:00,261.3,262.5,261.15,262.35,57489,261.77,261.91,14.42,0.64
2026-02-26 11:05:00,262.1,262.2,261.75,261.75,8322,261.77,261.89,13.88,0.63
2026-02-26 11:10:00,261.75,262.6,261.75,262.3,215685,261.87,261.93,14.03,0.64
2026-02-26 11:15:00,262.35,262.7,262.0,262.3,146129,261.96,261.96,14.31,0.65
2026-02-26 11:20:00,262.3,262.6,262.1,262.4,152763,262.05,262.0,14.58,0.64
2026-02-26 11:25:00,262.4,262.7,262.1,262.35,130698,262.11,262.04,15.0,0.64
2026-02-26 11:30:00,262.4,262.8,261.85,262.0,196584,262.09,262.03,14.77,0.65
2026-02-26 11:35:00,262.0,262.05,261.05,261.1,91220,261.89,261.95,14.45,0.67
2026-02-26 11:40:00,261.1,261.15,260.6,260.6,90479,261.63,261.83,14.85,0.66
2026-02-26 11:45:00,260.6,260.9,260.25,260.8,133947,261.46,261.73,15.69,0.66
2026-02-26 11:50:00,260.8,260.8,260.15,260.25,71609,261.22,261.6,16.59,0.66
2026-02-26 11:55:00,260.25,260.25,259.75,259.9,116894,260.96,261.44,17.93,0.65
2026-02-26 12:00:00,259.9,260.75,259.85,260.7,91602,260.91,261.38,18.06,0.67
2026-02-26 12:05:00,260.75,260.75,260.45,260.65,67584,260.85,261.31,18.18,0.65
2026-02-26 12:10:00,260.65,260.8,260.45,260.8,90349,260.84,261.26,18.18,0.63
2026-02-26 12:15:00,260.7,261.5,260.6,260.95,112398,260.87,261.23,16.98,0.65
2026-02-26 12:20:00,260.9,260.95,260.4,260.85,77095,260.86,261.2,16.02,0.64
2026-02-26 12:25:00,260.8,261.1,260.75,260.9,53187,260.87,261.17,14.9,0.63
2026-02-26 12:30:00,260.9,261.3,260.8,261.15,41303,260.93,261.17,14.22,0.62
2026-02-26 12:35:00,261.15,261.2,260.85,260.85,8460,260.91,261.14,13.59,0.61
2026-02-26 12:40:00,260.8,261.35,260.8,261.15,38945,260.96,261.14,13.3,0.61
2026-02-26 12:45:00,261.1,261.2,261.0,261.0,4016,260.97,261.13,13.03,0.59
2026-02-26 12:50:00,261.0,261.15,260.8,260.8,8960,260.93,261.1,12.29,0.58
2026-02-26 12:55:00,260.8,260.85,260.55,260.75,18484,260.9,261.07,11.78,0.56
2026-02-26 13:00:00,260.75,260.95,260.7,260.85,17365,260.89,261.05,11.07,0.55
2026-02-26 13:05:00,260.85,260.95,260.75,260.95,9934,260.9,261.04,10.41,0.53
2026-02-26 13:10:00,260.95,261.0,260.6,260.65,12849,260.85,261.0,10.17,0.53
2026-02-26 13:15:00,260.7,260.75,260.4,260.7,36390,260.82,260.98,10.41,0.52
2026-02-26 13:20:00,260.7,261.3,260.45,261.2,42348,260.9,261.0,10.1,0.53
2026-02-26 13:25:00,261.2,261.4,261.15,261.25,17781,260.97,261.02,10.03,0.52
2026-02-26 13:30:00,261.35,261.45,261.1,261.15,17916,261.0,261.03,10.08,0.51
2026-02-26 13:35:00,261.15,261.75,261.15,261.45,43914,261.09,261.07,10.76,0.52
2026-02-26 13:40:00,261.65,261.75,261.45,261.5,24461,261.17,261.11,11.4,0.51
2026-02-26 13:45:00,261.5,261.7,261.15,261.15,56436,261.17,261.11,11.1,0.51
2026-02-26 13:50:00,261.15,261.6,261.15,261.5,20653,261.24,261.15,10.82,0.5
2026-02-26 13:55:00,261.5,261.6,261.25,261.5,25886,261.29,261.18,10.56,0.5
2026-02-26 14:00:00,261.4,261.9,261.35,261.45,39785,261.32,261.2,11.08,0.5
2026-02-26 14:05:00,261.6,261.7,261.2,261.65,18613,261.39,261.24,11.08,0.5
2026-02-26 14:10:00,261.7,262.6,261.55,262.45,132582,261.6,261.35,12.81,0.53
2026-02-26 14:15:00,262.45,262.75,262.25,262.35,100116,261.75,261.44,14.64,0.52
2026-02-26 14:20:00,262.35,262.65,262.3,262.4,33605,261.88,261.53,16.34,0.52
2026-02-26 14:25:00,262.4,262.65,262.0,262.55,93679,262.01,261.62,16.95,0.52
2026-02-26 14:30:00,262.55,262.7,262.25,262.6,40621,262.13,261.71,17.61,0.52
2026-02-26 14:35:00,262.65,263.0,262.55,262.9,43159,262.28,261.82,18.75,0.52
2026-02-26 14:40:00,263.0,263.8,262.85,263.7,152179,262.57,261.99,20.87,0.54
2026-02-26 14:45:00,263.8,263.85,263.0,263.45,81043,262.74,262.12,22.9,0.55
2026-02-26 14:50:00,263.55,263.8,263.25,263.65,55329,262.93,262.26,24.78,0.55
2026-02-26 14:55:00,263.75,264.2,263.35,263.7,172424,263.08,262.39,26.97,0.57
2026-02-26 15:00:00,263.75,264.45,263.75,264.1,208866,263.28,262.55,29.24,0.57
2026-02-26 15:05:00,264.25,265.4,264.1,265.3,457214,263.69,262.8,32.04,0.61
2026-02-26 15:10:00,265.3,265.45,264.7,264.8,290179,263.91,262.98,34.68,0.62
2026-02-26 15:15:00,264.9,265.5,264.85,265.4,349853,264.21,263.2,37.15,0.62
2026-02-26 15:20:00,265.5,265.5,264.6,264.65,258418,264.3,263.33,38.6,0.63
2026-02-26 15:25:00,264.65,265.0,264.4,264.4,330740,264.32,263.43,39.31,0.63
2026-02-27 09:15:00,264.5,264.9,262.8,263.8,241644,264.21,263.46,36.53,0.7
2026-02-27 09:20:00,263.85,264.9,263.75,264.65,114111,264.3,263.57,33.95,0.72
2026-02-27 09:25:00,264.7,265.8,264.2,265.6,289399,264.56,263.76,32.76,0.76
2026-02-27 09:30:00,265.55,266.5,265.45,265.45,351742,264.74,263.91,32.42,0.78
2026-02-27 09:35:00,265.5,266.25,264.7,266.25,360668,265.04,264.12,30.92,0.81
2026-02-27 09:40:00,266.35,266.4,265.75,266.1,131215,265.25,264.3,29.7,0.81
2026-02-27 09:45:00,266.25,266.25,265.4,265.45,91094,265.29,264.41,28.05,0.81
2026-02-27 09:50:00,265.45,265.9,265.1,265.6,133887,265.35,264.51,26.09,0.81
2026-02-27 09:55:00,265.65,265.8,265.35,265.55,59545,265.39,264.61,24.27,0.79
2026-02-27 10:00:00,265.5,265.9,264.8,265.85,154342,265.48,264.72,23.25,0.81
2026-02-27 10:05:00,265.9,266.6,265.3,266.25,168006,265.64,264.86,21.87,0.83
2026-02-27 10:10:00,266.15,266.8,266.0,266.35,120587,265.78,265.0,20.85,0.83
2026-02-27 10:15:00,266.35,266.45,265.5,265.7,72932,265.76,265.06,19.53,0.83
2026-02-27 10:20:00,265.8,266.7,265.6,266.6,97778,265.93,265.2,18.31,0.85
2026-02-27 10:25:00,266.6,267.6,266.55,267.6,309423,266.26,265.42,18.25,0.86
2026-02-27 10:30:00,267.5,267.9,267.2,267.25,261029,266.46,265.58,18.51,0.85
2026-02-27 10:35:00,267.35,267.65,266.8,267.0,52185,266.57,265.71,18.14,0.85
2026-02-27 10:40:00,267.0,267.25,266.5,266.6,71738,266.58,265.79,17.36,0.84
2026-02-27 10:45:00,266.65,266.85,266.4,266.6,45868,266.58,265.87,16.49,0.83
2026-02-27 10:50:00,266.65,266.65,266.1,266.1,49583,266.48,265.89,15.37,0.81
2026-02-27 10:55:00,266.2,266.2,265.55,265.7,97566,266.33,265.87,15.06,0.8
2026-02-27 11:00:00,265.85,266.4,265.7,266.3,48137,266.32,265.91,14.46,0.8
2026-02-27 11:05:00,266.3,266.7,266.3,266.65,35052,266.39,265.98,13.46,0.78
2026-02-27 11:10:00,266.65,267.0,266.35,267.0,80670,266.51,266.07,12.89,0.77
2026-02-27 11:15:00,267.0,267.3,266.65,266.65,97968,266.54,266.12,12.76,0.77
2026-02-27 11:20:00,266.75,266.75,266.15,266.35,40533,266.5,266.14,11.88,0.76
2026-02-27 11:25:00,266.35,266.35,265.95,266.0,30894,266.4,266.13,11.29,0.74
2026-02-27 11:30:00,266.05,266.2,265.6,265.6,55769,266.24,266.08,11.23,0.74
2026-02-27 11:35:00,265.6,265.85,265.4,265.8,56927,266.15,266.06,11.44,0.72
2026-02-27 11:40:00,265.8,266.2,265.55,266.2,34695,266.16,266.07,11.04,0.72
2026-02-27 11:45:00,266.2,266.3,266.0,266.15,21287,266.16,266.08,10.51,0.7
2026-02-27 11:50:00,266.1,266.25,266.0,266.1,19837,266.15,266.08,10.01,0.68
2026-02-27 11:55:00,266.1,266.3,266.0,266.3,25107,266.18,266.1,9.46,0.66
2026-02-27 12:00:00,266.3,266.6,266.1,266.2,38185,266.18,266.11,9.17,0.65
2026-02-27 12:05:00,266.2,266.3,265.6,265.9,72909,266.13,266.09,9.02,0.65
2026-02-27 12:10:00,265.9,265.9,265.3,265.5,86679,266.0,266.04,9.35,0.65
2026-02-27 12:15:00,265.55,266.0,265.55,265.85,58567,265.97,266.02,9.46,0.64
2026-02-27 12:20:00,265.85,266.25,265.6,265.6,48942,265.9,265.98,9.06,0.65
2026-02-27 12:25:00,265.6,266.05,265.45,265.9,28026,265.9,265.97,8.96,0.64
2026-02-27 12:30:00,265.9,266.05,265.75,265.9,21086,265.9,265.97,8.87,0.63
2026-02-27 12:35:00,265.8,265.85,265.55,265.65,16397,265.85,265.94,9.16,0.61
2026-02-27 12:40:00,265.6,265.75,265.25,265.5,88916,265.78,265.9,9.95,0.61
2026-02-27 12:45:00,265.45,266.15,265.3,265.5,61624,265.72,265.86,9.75,0.62
2026-02-27 12:50:00,265.5,265.8,265.5,265.65,10595,265.71,265.84,9.58,0.6
2026-02-27 12:55:00,265.65,265.95,265.25,265.9,46945,265.75,265.85,9.89,0.61
2026-02-27 13:00:00,265.85,265.9,265.55,265.55,10759,265.71,265.82,10.18,0.6
2026-02-27 13:05:00,265.7,265.85,265.55,265.75,23432,265.72,265.81,10.46,0.58
2026-02-27 13:10:00,265.85,266.0,265.7,265.8,20676,265.73,265.81,10.29,0.57
2026-02-27 13:15:00,265.8,265.8,265.5,265.5,17994,265.69,265.78,10.58,0.56
2026-02-27 13:20:00,265.5,265.75,265.5,265.7,15284,265.69,265.78,10.86,0.54
2026-02-27 13:25:00,265.7,266.1,265.7,265.9,46584,265.73,265.79,10.11,0.53
2026-02-27 13:30:00,265.95,266.0,265.5,265.55,38389,265.69,265.77,9.92,0.53
2026-02-27 13:35:00,265.55,265.95,265.5,265.6,43051,265.68,265.75,9.74,0.53
2026-02-27 13:40:00,265.6,266.3,265.6,266.1,63719,265.76,265.78,9.47,0.54
2026-02-27 13:45:00,266.0,266.6,265.8,266.3,44208,265.87,265.83,9.91,0.55
2026-02-27 13:50:00,266.3,266.35,265.9,266.0,14983,265.89,265.85,10.33,0.55
2026-02-27 13:55:00,266.1,266.8,266.1,266.5,51332,266.02,265.9,11.62,0.56
2026-02-27 14:00:00,266.5,266.95,266.5,266.8,73494,266.17,265.99,13.09,0.55
2026-02-27 14:05:00,266.8,267.15,266.6,267.05,154144,266.35,266.08,14.8,0.55
2026-02-27 14:10:00,267.1,267.15,266.45,266.5,64137,266.38,266.12,15.86,0.56
2026-02-27 14:15:00,266.55,267.2,266.55,266.85,97189,266.47,266.19,16.94,0.57
2026-02-27 14:20:00,266.85,267.0,266.7,266.85,28311,266.55,266.25,17.94,0.55
2026-02-27 14:25:00,266.8,266.8,266.5,266.55,63013,266.55,266.27,18.12,0.54
2026-02-27 14:30:00,266.55,266.75,265.85,265.9,69768,266.42,266.24,17.24,0.56
2026-02-27 14:35:00,265.9,266.15,265.75,265.8,46725,266.3,266.2,16.65,0.55
2026-02-27 14:40:00,265.85,266.95,265.8,266.7,92113,266.38,266.25,16.62,0.58
2026-02-27 14:45:00,266.7,267.0,266.45,266.85,70406,266.47,266.3,16.67,0.58
2026-02-27 14:50:00,266.85,267.2,266.85,267.1,100346,266.6,266.37,17.09,0.57
2026-02-27 14:55:00,267.1,267.45,266.9,267.3,106646,266.74,266.46,17.91,0.57
2026-02-27 15:00:00,267.3,267.3,264.8,264.85,498838,266.36,266.31,18.36,0.66
2026-02-27 15:05:00,264.9,265.1,264.1,264.9,494386,266.07,266.18,19.47,0.68
2026-02-27 15:10:00,264.75,265.45,264.45,264.6,370064,265.77,266.04,19.88,0.69
2026-02-27 15:15:00,264.65,265.1,264.35,264.5,493140,265.52,265.9,20.37,0.69
2026-02-27 15:20:00,264.5,264.8,264.25,264.3,376535,265.28,265.75,20.94,0.69
2026-02-27 15:25:00,264.35,264.55,263.85,264.2,363487,265.06,265.61,21.87,0.69
2026-03-02 09:15:00,256.05,262.0,256.05,261.05,741599,264.26,265.2,25.72,1.04
2026-03-02 09:20:00,260.9,263.0,260.9,262.7,356835,263.95,264.97,28.28,1.09
2026-03-02 09:25:00,262.7,264.5,262.2,263.55,477556,263.87,264.84,29.34,1.15
2026-03-02 09:30:00,263.7,265.25,263.3,265.15,295319,264.12,264.87,29.72,1.19
2026-03-02 09:35:00,265.2,265.2,263.9,264.15,166353,264.13,264.8,30.08,1.19
2026-03-02 09:40:00,264.15,266.35,264.15,266.2,416361,264.54,264.93,29.52,1.24
2026-03-02 09:45:00,266.25,266.4,265.3,265.35,198149,264.7,264.97,28.95,1.24
2026-03-02 09:50:00,265.3,265.85,264.4,264.45,200445,264.65,264.92,28.86,1.25
2026-03-02 09:55:00,264.45,264.95,264.05,264.5,103563,264.62,264.88,28.94,1.23
2026-03-02 10:00:00,264.7,264.8,264.15,264.4,104718,264.58,264.84,29.02,1.2
2026-03-02 10:05:00,264.4,264.5,263.5,263.6,78747,264.38,264.73,29.41,1.19
2026-03-02 10:10:00,263.5,263.65,262.5,262.6,132392,264.03,264.53,30.22,1.19
2026-03-02 10:15:00,262.75,263.05,262.25,262.75,93955,263.77,264.37,31.08,1.17
2026-03-02 10:20:00,262.75,263.4,262.45,263.2,114708,263.66,264.27,31.5,1.16
2026-03-02 10:25:00,263.2,263.4,262.15,262.55,323387,263.44,264.11,32.04,1.17
2026-03-02 10:30:00,262.55,263.4,262.1,263.0,202986,263.35,264.01,32.57,1.17
2026-03-02 10:35:00,263.0,263.35,262.15,262.3,46754,263.14,263.85,33.06,1.17
2026-03-02 10:40:00,262.3,262.55,261.35,261.55,111771,262.82,263.64,33.94,1.17
2026-03-02 10:45:00,261.4,261.8,260.8,260.95,163213,262.45,263.4,35.02,1.17
2026-03-02 10:50:00,260.95,261.2,260.8,261.15,256517,262.19,263.19,36.02,1.13
2026-03-02 10:55:00,261.2,262.2,261.1,261.75,162246,262.1,263.06,35.62,1.13
2026-03-02 11:00:00,261.75,262.1,261.4,261.5,88598,261.98,262.92,35.26,1.11
2026-03-02 11:05:00,261.45,261.7,261.2,261.65,52525,261.91,262.81,35.06,1.08
2026-03-02 11:10:00,261.65,261.75,261.4,261.7,58068,261.87,262.7,34.8,1.04
2026-03-02 11:15:00,261.7,261.75,261.3,261.45,43854,261.79,262.59,34.64,1.02
2026-03-02 11:20:00,261.2,261.45,261.0,261.4,102735,261.71,262.48,34.73,0.99
2026-03-02 11:25:00,261.4,261.45,260.25,260.6,186906,261.49,262.31,35.34,1.0
2026-03-02 11:30:00,260.5,260.85,260.15,260.7,92785,261.33,262.16,35.97,0.98
2026-03-02 11:35:00,260.7,261.1,259.8,260.6,379188,261.18,262.02,36.79,1.0
2026-03-02 11:40:00,260.6,260.6,259.3,260.2,477691,260.99,261.86,37.86,1.01
2026-03-02 11:45:00,260.25,260.75,259.85,260.7,83195,260.93,261.75,38.58,1.01
2026-03-02 11:50:00,260.7,260.7,260.25,260.5,140962,260.84,261.64,39.24,0.98
2026-03-02 11:55:00,260.6,260.6,259.75,259.9,110783,260.66,261.48,40.19,0.98
2026-03-02 12:00:00,259.75,259.85,259.25,259.4,478335,260.4,261.29,41.38,0.96
2026-03-02 12:05:00,259.4,260.1,259.2,259.75,254912,260.27,261.15,41.97,0.96
2026-03-02 12:10:00,259.9,260.0,259.1,259.4,252523,260.1,260.99,42.58,0.95
2026-03-02 12:15:00,259.4,259.5,258.65,259.2,291345,259.92,260.83,43.46,0.95
2026-03-02 12:20:00,259.3,259.45,258.95,259.3,130899,259.8,260.69,44.27,0.93
2026-03-02 12:25:00,259.3,260.4,259.2,260.0,216201,259.84,260.63,43.11,0.94
2026-03-02 12:30:00,260.0,260.65,259.65,260.55,118558,259.98,260.62,41.6,0.94
2026-03-02 12:35:00,260.4,260.55,259.3,259.45,105857,259.87,260.51,40.57,0.96
2026-03-02 12:40:00,259.5,259.8,259.15,259.65,136671,259.83,260.44,39.76,0.94
2026-03-02 12:45:00,259.65,260.55,259.35,260.5,105264,259.96,260.44,37.75,0.96
2026-03-02 12:50:00,260.45,261.25,259.75,261.0,150427,260.17,260.49,35.19,0.98
2026-03-02 12:55:00,261.0,261.35,260.75,261.15,61009,260.37,260.55,32.95,0.96
2026-03-02 13:00:00,261.1,261.5,260.9,261.05,99110,260.5,260.6,31.06,0.95
2026-03-02 13:05:00,261.0,261.1,260.4,260.7,41421,260.54,260.61,29.09,0.93
2026-03-02 13:10:00,260.65,260.95,260.5,260.9,40543,260.61,260.63,27.25,0.91
2026-03-02 13:15:00,260.9,261.0,260.6,260.7,56476,260.63,260.64,25.47,0.89
2026-03-02 13:20:00,260.85,260.9,260.35,260.65,72466,260.63,260.64,24.2,0.87
2026-03-02 13:25:00,260.65,260.75,260.35,260.4,82529,260.59,260.62,23.02,0.85
2026-03-02 13:30:00,260.4,260.65,260.0,260.5,56157,260.57,260.61,22.46,0.84
2026-03-02 13:35:00,260.5,260.8,260.35,260.6,54568,260.58,260.61,21.64,0.82
2026-03-02 13:40:00,260.55,260.55,259.2,259.95,184628,260.45,260.55,22.34,0.85
2026-03-02 13:45:00,259.9,260.6,259.65,259.85,66500,260.33,260.48,22.89,0.85
2026-03-02 13:50:00,259.9,260.0,259.1,259.25,149492,260.11,260.37,23.97,0.86
2026-03-02 13:55:00,259.25,259.25,258.65,259.0,129611,259.89,260.25,25.36,0.84
2026-03-02 14:00:00,259.0,261.15,258.75,261.0,329544,260.11,260.32,23.68,0.92
2026-03-02 14:05:00,261.1,262.05,261.0,261.7,134463,260.43,260.44,22.8,0.92
2026-03-02 14:10:00,261.7,262.5,261.65,262.45,91215,260.83,260.62,22.39,0.92
2026-03-02 14:15:00,262.45,262.85,262.1,262.8,60803,261.23,260.82,22.31,0.91
2026-03-02 14:20:00,262.8,262.8,262.2,262.6,51151,261.5,260.98,22.24,0.9
2026-03-02 14:25:00,262.6,262.65,262.2,262.3,71794,261.66,261.1,22.17,0.88
2026-03-02 14:30:00,262.4,262.4,261.25,262.3,77043,261.79,261.21,20.82,0.89
2026-03-02 14:35:00,262.4,263.2,262.4,262.9,233769,262.01,261.37,20.39,0.89
2026-03-02 14:40:00,262.75,263.2,262.25,262.7,71491,262.15,261.49,19.8,0.89
2026-03-02 14:45:00,262.8,262.85,262.15,262.35,63590,262.19,261.57,19.11,0.88
2026-03-02 14:50:00,262.35,262.35,261.8,262.15,110525,262.18,261.62,18.02,0.87
2026-03-02 14:55:00,262.2,262.2,261.4,261.6,158954,262.07,261.62,16.96,0.86
2026-03-02 15:00:00,261.7,262.2,261.45,262.15,160253,262.08,261.67,15.98,0.86
2026-03-02 15:05:00,262.1,262.45,261.65,262.2,82221,262.11,261.71,14.95,0.86
2026-03-02 15:10:00,262.3,262.3,261.6,262.15,156958,262.11,261.75,13.92,0.85
2026-03-02 15:15:00,262.35,262.5,262.1,262.35,203517,262.16,261.81,13.26,0.83
2026-03-02 15:20:00,262.35,262.4,262.0,262.15,356056,262.16,261.84,12.48,0.81
2026-03-02 15:25:00,262.15,262.85,261.8,262.1,499000,262.15,261.86,12.42,0.82
2026-03-04 09:15:00,258.0,258.95,255.2,256.2,646352,260.96,261.35,15.49,1.11
2026-03-04 09:20:00,256.2,256.2,253.65,253.85,290768,259.54,260.67,18.75,1.18
2026-03-04 09:25:00,253.85,254.05,252.5,253.5,406846,258.33,260.01,22.05,1.19
2026-03-04 09:30:00,253.45,253.7,252.75,253.0,156318,257.26,259.38,25.11,1.18
2026-03-04 09:35:00,253.15,253.55,252.4,253.15,166483,256.44,258.81,28.03,1.18
2026-03-04 09:40:00,253.25,254.55,253.0,254.15,158062,255.98,258.39,29.67,1.2
2026-03-04 09:45:00,254.3,254.5,252.2,252.9,256258,255.37,257.89,31.44,1.25
2026-03-04 09:50:00,252.9,253.7,252.45,253.1,229843,254.91,257.45,33.09,1.25
2026-03-04 09:55:00,253.25,253.25,252.15,252.5,146109,254.43,257.0,34.72,1.24
2026-03-04 10:00:00,252.3,252.8,251.75,252.6,134228,254.06,256.6,36.36,1.23
2026-03-04 10:05:00,252.55,253.3,252.0,253.3,185112,253.91,256.3,37.29,1.24
2026-03-04 10:10:00,253.35,253.95,252.85,253.95,159760,253.92,256.09,37.4,1.23
2026-03-04 10:15:00,253.9,253.9,252.5,252.95,90304,253.73,255.8,37.67,1.24
2026-03-04 10:20:00,252.8,253.0,251.4,251.6,190517,253.3,255.42,38.41,1.26
2026-03-04 10:25:00,251.65,252.0,251.35,251.8,90634,253.0,255.09,39.13,1.23
2026-03-04 10:30:00,251.8,252.3,251.4,251.5,190545,252.7,254.77,39.41,1.21
2026-03-04 10:35:00,251.35,252.0,251.2,251.4,121314,252.44,254.46,39.78,1.19
2026-03-04 10:40:00,251.4,251.65,251.3,251.45,67541,252.24,254.19,40.12,1.15
2026-03-04 10:45:00,251.65,252.0,251.0,251.25,77067,252.04,253.92,39.94,1.15
2026-03-04 10:50:00,251.3,251.3,250.75,251.0,131402,251.83,253.65,39.93,1.12
2026-03-04 10:55:00,250.95,251.0,249.8,250.3,271625,251.53,253.35,40.47,1.12
2026-03-04 11:00:00,250.25,250.5,249.35,250.3,353577,251.28,253.07,41.2,1.12
2026-03-04 11:05:00,250.3,251.4,249.95,251.0,151160,251.23,252.88,40.63,1.14
2026-03-04 11:10:00,251.0,251.2,250.35,250.45,90098,251.07,252.66,40.1,1.13
2026-03-04 11:15:00,250.5,250.5,250.05,250.1,73060,250.88,252.43,39.81,1.09
2026-03-04 11:20:00,250.1,250.25,249.4,249.8,116599,250.66,252.19,39.96,1.08
2026-03-04 11:25:00,249.85,249.95,249.0,249.25,203214,250.38,251.92,40.34,1.08
2026-03-04 11:30:00,249.25,249.5,249.1,249.3,171908,250.16,251.68,40.68,1.04
2026-03-04 11:35:00,249.4,249.9,249.25,249.75,91033,250.08,251.51,40.36,1.02
2026-03-04 11:40:00,249.7,249.75,249.05,249.2,141997,249.9,251.3,40.21,1.01
2026-03-04 11:45:00,249.25,249.5,249.1,249.35,74094,249.79,251.12,40.08,0.98
2026-03-04 11:50:00,249.3,250.25,249.2,249.5,214973,249.73,250.97,38.73,0.98
2026-03-04 11:55:00,249.6,250.4,249.55,250.25,157240,249.84,250.91,37.26,0.98
2026-03-04 12:00:00,250.2,250.5,250.0,250.35,81382,249.94,250.86,35.75,0.96
2026-03-04 12:05:00,250.4,250.4,249.8,249.8,50080,249.91,250.76,34.56,0.94
2026-03-04 12:10:00,249.9,250.4,249.8,250.0,64803,249.93,250.69,33.47,0.92
2026-03-04 12:15:00,249.95,250.1,248.6,248.8,172187,249.7,250.52,33.64,0.95
2026-03-04 12:20:00,248.8,249.0,247.95,248.8,846487,249.52,250.36,34.3,0.96
2026-03-04 12:25:00,248.8,249.0,247.9,248.95,590983,249.41,250.24,34.95,0.96
2026-03-04 12:30:00,248.9,249.1,248.3,248.7,281819,249.27,250.1,35.36,0.95
2026-03-04 12:35:00,248.7,249.0,248.55,249.0,120617,249.21,250.0,35.74,0.93
2026-03-04 12:40:00,248.9,249.2,248.6,249.0,184436,249.17,249.91,35.68,0.91
2026-03-04 12:45:00,248.9,249.5,248.8,248.8,428910,249.1,249.81,35.01,0.9
2026-03-04 12:50:00,248.7,248.8,248.5,248.8,73192,249.04,249.71,34.73,0.88
2026-03-04 12:55:00,248.75,249.1,248.55,248.65,134888,248.96,249.62,33.86,0.86
2026-03-04 13:00:00,248.7,249.0,248.6,248.8,69977,248.93,249.54,33.06,0.84
2026-03-04 13:05:00,248.95,249.5,248.65,249.5,208209,249.04,249.54,31.35,0.84
2026-03-04 13:10:00,249.5,249.5,249.2,249.4,329219,249.11,249.53,29.76,0.81
2026-03-04 13:15:00,249.4,249.5,248.8,249.05,60229,249.1,249.48,28.88,0.81
2026-03-04 13:20:00,249.0,249.5,248.7,249.5,107333,249.18,249.48,28.22,0.81
2026-03-04 13:25:00,249.4,249.5,248.9,249.0,183416,249.14,249.44,27.6,0.8
2026-03-04 13:30:00,248.95,249.15,248.6,248.6,74154,249.04,249.36,27.47,0.79
2026-03-04 13:35:00,248.7,248.95,248.5,248.95,82724,249.02,249.33,27.5,0.77
2026-03-04 13:40:00,248.95,249.0,248.6,249.0,49383,249.01,249.3,27.39,0.75
2026-03-04 13:45:00,248.9,249.05,248.35,248.8,69162,248.97,249.25,27.68,0.75
2026-03-04 13:50:00,248.7,248.8,248.25,248.4,54015,248.86,249.17,28.09,0.74
2026-03-04 13:55:00,248.35,248.45,247.7,248.2,188477,248.73,249.09,29.19,0.74
2026-03-04 14:00:00,248.2,248.35,247.95,248.2,82686,248.62,249.01,30.22,0.72
2026-03-04 14:05:00,248.2,249.35,248.0,249.25,98056,248.75,249.03,28.68,0.75
2026-03-04 14:10:00,249.35,249.6,249.25,249.5,913202,248.9,249.07,26.78,0.74
2026-03-04 14:15:00,249.5,251.2,249.15,250.6,1685847,249.24,249.21,26.89,0.8
2026-03-04 14:20:00,250.6,250.65,249.5,249.55,117943,249.3,249.24,26.98,0.81
2026-03-04 14:25:00,249.55,249.75,249.05,249.3,191300,249.3,249.25,26.26,0.81
2026-03-04 14:30:00,249.25,249.85,248.8,249.7,104911,249.38,249.29,25.18,0.82
2026-03-04 14:35:00,249.55,249.7,248.7,249.35,259198,249.37,249.29,24.0,0.83
2026-03-04 14:40:00,249.25,250.0,249.25,249.95,89425,249.49,249.35,23.33,0.83
2026-03-04 14:45:00,249.95,250.05,249.0,249.75,128189,249.54,249.39,22.25,0.84
2026-03-04 14:50:00,249.65,249.9,249.3,249.75,77077,249.58,249.42,21.26,0.82
2026-03-04 14:55:00,249.65,249.8,248.85,249.3,165175,249.53,249.41,19.93,0.83
2026-03-04 15:00:00,249.5,249.5,248.1,248.15,177967,249.25,249.3,19.78,0.86
2026-03-04 15:05:00,248.2,248.45,247.6,247.85,208118,248.97,249.16,20.22,0.86
2026-03-04 15:10:00,247.85,247.85,247.25,247.45,276233,248.67,249.01,21.0,0.85
2026-03-04 15:15:00,247.4,248.2,247.2,248.0,367188,248.53,248.92,21.07,0.85
2026-03-04 15:20:00,247.9,248.2,247.6,247.85,349901,248.4,248.82,21.13,0.84
2026-03-04 15:25:00,247.85,248.25,247.55,248.1,363582,248.34,248.75,21.09,0.83
2026-03-05 09:15:00,249.75,251.4,249.5,250.25,403051,248.72,248.89,21.88,0.95
2026-03-05 09:20:00,250.35,251.2,250.0,251.1,180537,249.2,249.09,22.62,0.96
2026-03-05 09:25:00,251.1,251.9,251.0,251.35,210270,249.63,249.3,23.8,0.96
2026-03-05 09:30:00,251.35,251.4,250.3,250.45,72825,249.79,249.4,23.92,0.97
2026-03-05 09:35:00,250.45,250.55,249.3,249.45,268765,249.72,249.41,22.85,0.98
2026-03-05 09:40:00,249.5,250.4,249.4,250.05,403179,249.79,249.46,21.85,0.98
2026-03-05 09:45:00,250.15,250.15,249.55,249.8,240299,249.79,249.49,20.93,0.96
2026-03-05 09:50:00,249.8,250.5,249.6,250.5,176340,249.93,249.59,20.42,0.96
2026-03-05 09:55:00,250.5,251.05,250.0,250.7,164428,250.09,249.69,20.47,0.96
2026-03-05 10:00:00,250.7,251.25,250.7,251.0,70875,250.27,249.81,20.7,0.94
2026-03-05 10:05:00,251.0,252.75,251.0,252.65,281210,250.75,250.07,22.03,0.98
2026-03-05 10:10:00,252.6,252.75,252.1,252.4,151546,251.08,250.28,23.26,0.97
2026-03-05 10:15:00,252.4,254.35,252.3,252.9,514349,251.44,250.52,25.29,1.02
2026-03-05 10:20:00,252.9,253.25,252.6,253.0,71499,251.75,250.74,27.17,1.0
2026-03-05 10:25:00,252.95,253.1,252.25,252.95,72103,251.99,250.94,28.38,0.99
2026-03-05 10:30:00,252.9,253.15,252.65,253.1,36531,252.21,251.14,29.54,0.97
2026-03-05 10:35:00,253.15,253.95,253.15,253.65,97293,252.5,251.37,31.07,0.96
2026-03-05 10:40:00,253.7,253.7,253.05,253.15,49369,252.63,251.53,32.32,0.95
2026-03-05 10:45:00,253.1,253.8,253.05,253.15,38026,252.73,251.68,33.55,0.94
2026-03-05 10:50:00,253.1,253.15,252.5,252.85,31549,252.76,251.78,33.76,0.93
2026-03-05 10:55:00,252.85,253.2,252.8,253.1,19543,252.83,251.9,33.99,0.9
2026-03-05 11:00:00,253.1,253.4,253.05,253.35,27360,252.93,252.03,34.37,0.88
2026-03-05 11:05:00,253.25,253.6,253.15,253.5,29125,253.04,252.17,34.88,0.85
2026-03-05 11:10:00,253.5,253.65,253.15,253.2,38480,253.08,252.26,35.39,0.84
2026-03-05 11:15:00,253.15,254.0,252.95,253.8,61878,253.22,252.4,36.14,0.85
2026-03-05 11:20:00,253.8,254.25,253.7,253.85,59740,253.35,252.53,37.03,0.83
2026-03-05 11:25:00,253.85,253.85,253.1,253.7,47271,253.42,252.64,36.66,0.83
2026-03-05 11:30:00,253.65,253.75,253.15,253.25,52336,253.38,252.69,36.3,0.82
2026-03-05 11:35:00,253.25,253.25,251.65,251.85,204881,253.08,252.62,33.78,0.86
2026-03-05 11:40:00,251.8,252.55,251.65,251.9,231241,252.84,252.55,31.43,0.86
2026-03-05 11:45:00,251.9,251.9,250.8,251.0,198754,252.47,252.41,30.24,0.87
2026-03-05 11:50:00,251.05,251.7,251.0,251.7,59159,252.32,252.35,29.14,0.86
2026-03-05 11:55:00,251.75,251.75,251.05,251.25,56663,252.1,252.25,28.04,0.85
2026-03-05 12:00:00,251.2,251.5,251.0,251.3,74257,251.94,252.16,27.08,0.84
2026-03-05 12:05:00,251.4,251.4,250.9,251.1,63589,251.78,252.06,26.32,0.82
2026-03-05 12:10:00,251.1,252.15,251.05,252.15,112604,251.85,252.07,24.49,0.83
2026-03-05 12:15:00,252.2,252.2,251.45,251.75,24954,251.83,252.04,22.86,0.83
2026-03-05 12:20:00,251.8,252.5,251.75,251.8,27325,251.82,252.02,21.79,0.83
2026-03-05 12:25:00,251.9,252.5,251.8,252.25,34984,251.91,252.04,20.8,0.82
2026-03-05 12:30:00,252.3,253.65,252.2,253.4,93568,252.21,252.17,21.32,0.85
2026-03-05 12:35:00,253.4,254.0,253.05,254.0,61656,252.57,252.33,22.14,0.86
2026-03-05 12:40:00,253.95,254.15,253.7,253.8,45829,252.81,252.47,23.05,0.84
2026-03-05 12:45:00,253.85,254.0,253.15,253.7,40723,252.99,252.58,22.88,0.84
2026-03-05 12:50:00,253.7,254.15,253.4,253.95,76931,253.18,252.7,22.89,0.83
2026-03-05 12:55:00,254.1,254.5,254.05,254.35,120788,253.42,252.85,23.29,0.82
2026-03-05 13:00:00,254.35,255.0,254.25,254.4,97990,253.61,252.99,24.15,0.82
2026-03-05 13:05:00,254.35,254.95,254.2,254.75,71621,253.84,253.15,24.86,0.81
2026-03-05 13:10:00,254.75,255.2,254.5,255.2,82713,254.11,253.34,25.76,0.81
2026-03-05 13:15:00,255.2,256.3,254.95,255.4,317409,254.37,253.53,27.5,0.83
2026-03-05 13:20:00,255.5,256.9,255.2,256.1,351737,254.72,253.76,29.49,0.87
2026-03-05 13:25:00,256.05,256.3,255.6,256.1,180810,254.99,253.97,31.34,0.87
2026-03-05 13:30:00,256.0,256.5,255.9,256.25,77101,255.24,254.18,33.18,0.85
2026-03-05 13:35:00,256.2,256.2,255.5,255.65,41227,255.33,254.31,34.02,0.85
2026-03-05 13:40:00,255.75,256.2,255.5,256.0,37629,255.46,254.47,34.79,0.84
2026-03-05 13:45:00,256.1,256.2,255.8,255.8,55622,255.53,254.59,35.51,0.82
2026-03-05 13:50:00,255.8,255.8,254.45,254.7,136245,255.36,254.6,33.62,0.85
2026-03-05 13:55:00,254.7,254.75,254.25,254.4,115595,255.17,254.58,31.57,0.83
2026-03-05 14:00:00,254.45,254.75,253.9,254.6,165199,255.06,254.58,29.46,0.83
2026-03-05 14:05:00,254.6,254.65,253.6,253.7,69414,254.78,254.5,27.92,0.84
2026-03-05 14:10:00,253.7,253.75,253.2,253.6,80120,254.55,254.42,26.98,0.83
2026-03-05 14:15:00,253.65,253.85,253.15,253.2,53875,254.28,254.31,25.95,0.82
2026-03-05 14:20:00,253.2,255.15,253.15,254.85,172276,254.39,254.36,24.98,0.88
2026-03-05 14:25:00,254.85,255.15,254.6,255.1,95440,254.53,254.43,24.08,0.86
2026-03-05 14:30:00,255.0,255.0,254.3,254.45,83063,254.52,254.43,22.79,0.86
2026-03-05 14:35:00,254.35,256.15,254.35,256.1,107881,254.83,254.58,22.86,0.9
2026-03-05 14:40:00,256.2,257.65,256.15,257.25,331721,255.32,254.82,24.05,0.93
2026-03-05 14:45:00,257.35,258.2,257.05,258.1,270875,255.87,255.12,25.49,0.94
2026-03-05 14:50:00,258.1,258.6,258.0,258.6,198748,256.42,255.44,27.05,0.93
2026-03-05 14:55:00,258.55,258.8,257.7,258.3,305407,256.8,255.7,28.04,0.94
2026-03-05 15:00:00,258.2,258.3,257.4,257.4,351421,256.92,255.85,28.51,0.93
2026-03-05 15:05:00,257.5,257.75,257.25,257.6,246672,257.05,256.01,28.72,0.91
2026-03-05 15:10:00,257.6,257.6,256.05,256.3,303123,256.9,256.04,27.34,0.94
2026-03-05 15:15:00,256.4,257.1,256.35,256.8,132374,256.88,256.11,26.05,0.94
2026-03-05 15:20:00,256.8,257.0,256.4,256.75,126646,256.86,256.16,24.86,0.92
2026-03-05 15:25:00,256.8,257.25,256.55,257.25,109385,256.93,256.26,24.02,0.91
2026-03-06 09:15:00,256.55,257.0,255.75,257.0,192318,256.95,256.33,22.39,0.94
2026-03-06 09:20:00,257.0,260.35,256.7,260.35,266815,257.63,256.7,23.33,1.07
2026-03-06 09:25:00,260.4,261.6,260.3,261.3,192227,258.36,257.11,24.79,1.08
2026-03-06 09:30:00,261.3,261.4,260.75,261.1,123288,258.91,257.48,26.14,1.06
2026-03-06 09:35:00,261.15,263.2,260.75,263.1,311519,259.75,257.99,28.11,1.12
2026-03-06 09:40:00,263.1,263.35,262.15,262.45,253311,260.29,258.39,29.98,1.13
2026-03-06 09:45:00,262.45,264.45,262.45,263.15,645511,260.86,258.83,32.08,1.17
2026-03-06 09:50:00,263.15,264.0,263.15,263.65,218680,261.42,259.26,34.02,1.15
2026-03-06 09:55:00,263.65,263.8,263.1,263.5,133532,261.83,259.65,35.76,1.13
2026-03-06 10:00:00,263.5,263.6,262.4,262.65,173656,262.0,259.92,36.48,1.14
2026-03-06 10:05:00,262.6,262.65,262.1,262.5,103152,262.1,260.16,36.79,1.11
2026-03-06 10:10:00,262.4,262.6,261.8,262.1,499591,262.1,260.33,36.7,1.09
2026-03-06 10:15:00,262.15,262.6,261.25,261.7,291269,262.02,260.46,35.96,1.11
2026-03-06 10:20:00,261.7,262.8,261.35,262.7,629026,262.16,260.66,35.41,1.12
2026-03-06 10:25:00,262.6,262.9,262.0,262.0,34649,262.12,260.78,34.97,1.11
2026-03-06 10:30:00,262.0,262.55,261.65,262.35,100389,262.17,260.93,34.11,1.1
2026-03-06 10:35:00,262.35,262.5,262.0,262.4,253574,262.22,261.06,33.32,1.07
2026-03-06 10:40:00,262.4,262.4,262.0,262.35,60143,262.24,261.18,32.58,1.04
2026-03-06 10:45:00,262.35,262.55,262.0,262.1,181710,262.21,261.26,32.03,1.02
2026-03-06 10:50:00,262.0,262.65,262.0,262.45,148925,262.26,261.37,31.62,1.0
2026-03-06 10:55:00,262.35,262.65,262.05,262.55,63290,262.32,261.48,31.23,0.98
2026-03-06 11:00:00,262.6,264.0,262.6,263.75,180558,262.61,261.68,32.04,1.0
2026-03-06 11:05:00,263.75,263.75,263.25,263.4,45160,262.76,261.84,32.78,0.98
2026-03-06 11:10:00,263.45,263.75,262.75,262.85,91544,262.78,261.93,32.6,0.98
2026-03-06 11:15:00,262.9,263.2,262.65,262.75,40098,262.78,262.01,32.26,0.96
2026-03-06 11:20:00,262.9,263.0,262.6,262.75,86531,262.77,262.07,31.85,0.93
2026-03-06 11:25:00,262.8,263.1,262.5,263.1,47860,262.84,262.17,31.47,0.92
2026-03-06 11:30:00,263.1,263.3,262.6,262.7,44386,262.81,262.22,31.35,0.91
2026-03-06 11:35:00,262.7,263.1,262.65,263.1,26902,262.87,262.3,31.23,0.89
2026-03-06 11:40:00,263.15,263.25,262.45,262.7,213722,262.83,262.33,30.68,0.88
2026-03-06 11:45:00,262.7,263.4,262.5,263.35,57278,262.94,262.42,30.38,0.88
2026-03-06 11:50:00,263.4,263.45,262.8,263.0,55174,262.95,262.48,30.16,0.87
2026-03-06 11:55:00,263.0,263.1,262.6,263.05,38812,262.97,262.53,29.47,0.85
2026-03-06 12:00:00,263.05,263.3,262.85,263.05,28706,262.99,262.58,29.14,0.83
2026-03-06 12:05:00,263.05,263.05,260.8,261.35,248076,262.66,262.46,28.64,0.9
2026-03-06 12:10:00,261.35,262.05,261.15,262.0,73531,262.53,262.42,28.17,0.9
2026-03-06 12:15:00,262.05,262.15,261.85,262.1,146976,262.44,262.39,27.55,0.87
2026-03-06 12:20:00,262.1,262.5,262.0,262.4,459830,262.43,262.39,26.36,0.86
2026-03-06 12:25:00,262.4,262.45,262.0,262.0,219088,262.35,262.36,25.25,0.84
2026-03-06 12:30:00,262.0,262.15,261.4,261.65,142794,262.21,262.29,25.03,0.83
2026-03-06 12:35:00,261.6,262.0,261.5,261.7,23342,262.11,262.24,24.82,0.82
2026-03-06 12:40:00,261.8,262.4,261.75,262.35,54139,262.15,262.25,23.85,0.81
2026-03-06 12:45:00,262.25,262.35,262.0,262.2,21769,262.16,262.25,22.95,0.79
2026-03-06 12:50:00,262.1,262.7,262.1,262.3,34336,262.19,262.25,21.45,0.78
2026-03-06 12:55:00,262.35,262.45,262.0,262.15,39478,262.18,262.24,20.24,0.76
2026-03-06 13:00:00,262.25,262.4,261.9,262.0,70731,262.15,262.22,19.29,0.75
2026-03-06 13:05:00,262.0,262.4,261.9,262.35,31484,262.19,262.23,18.41,0.74
2026-03-06 13:10:00,262.4,262.7,262.35,262.5,20589,262.25,262.26,17.23,0.72
2026-03-06 13:15:00,262.6,262.9,262.4,262.45,30421,262.29,262.27,16.53,0.71
2026-03-06 13:20:00,262.4,262.8,262.4,262.5,37646,262.33,262.29,15.89,0.7
2026-03-06 13:25:00,262.45,262.7,262.45,262.55,14989,262.38,262.32,15.29,0.67
2026-03-06 13:30:00,262.65,262.65,262.0,262.0,47178,262.3,262.29,14.71,0.67
2026-03-06 13:35:00,262.0,262.65,262.0,262.5,24782,262.34,262.31,14.18,0.67
2026-03-06 13:40:00,262.35,262.5,262.25,262.35,17442,262.34,262.31,13.68,0.65
2026-03-06 13:45:00,262.45,262.45,262.1,262.25,29297,262.32,262.31,13.57,0.64
2026-03-06 13:50:00,262.25,262.7,262.25,262.45,40259,262.35,262.32,12.77,0.63
2026-03-06 13:55:00,262.6,262.6,262.25,262.25,17932,262.33,262.31,12.02,0.62
2026-03-06 14:00:00,262.35,262.5,262.0,262.3,126305,262.32,262.31,11.98,0.61
2026-03-06 14:05:00,262.4,262.5,262.05,262.4,24557,262.34,262.32,11.94,0.6
2026-03-06 14:10:00,262.5,262.85,262.3,262.45,53374,262.36,262.33,11.31,0.6
2026-03-06 14:15:00,262.35,263.5,262.3,263.3,153339,262.55,262.42,12.17,0.63
2026-03-06 14:20:00,263.3,263.5,263.15,263.3,59833,262.7,262.5,12.96,0.62
2026-03-06 14:25:00,263.3,263.45,263.05,263.1,35321,262.78,262.55,13.38,0.6
2026-03-06 14:30:00,263.1,263.35,263.05,263.15,44541,262.85,262.61,13.77,0.59
2026-03-06 14:35:00,263.2,263.4,262.8,262.9,88832,262.86,262.63,13.34,0.59
2026-03-06 14:40:00,262.9,262.9,262.4,262.55,69835,262.8,262.63,12.91,0.59
2026-03-06 14:45:00,262.5,262.8,261.0,261.15,298301,262.47,262.49,14.78,0.64
2026-03-06 14:50:00,261.1,261.7,261.0,261.2,170116,262.22,262.38,16.52,0.65
2026-03-06 14:55:00,261.2,261.2,259.35,259.4,264367,261.65,262.1,19.53,0.7
2026-03-06 15:00:00,259.4,259.5,259.0,259.15,196768,261.15,261.84,22.52,0.69
2026-03-06 15:05:00,259.1,259.15,258.5,258.5,155075,260.62,261.53,25.56,0.69
2026-03-06 15:10:00,258.6,258.95,258.4,258.8,160292,260.26,261.28,28.44,0.69
2026-03-06 15:15:00,258.8,259.0,258.15,258.95,91840,260.0,261.07,31.23,0.69
2026-03-06 15:20:00,259.0,259.65,258.8,259.3,346970,259.86,260.91,32.33,0.7
2026-03-06 15:25:00,259.3,259.55,258.8,259.05,287318,259.7,260.74,33.34,0.7
2026-03-09 09:15:00,253.05,255.0,249.4,249.9,498440,257.74,259.76,36.87,1.13
2026-03-09 09:20:00,250.0,250.0,248.0,248.2,252044,255.83,258.71,40.27,1.17
2026-03-09 09:25:00,248.25,249.4,247.6,249.25,201457,254.51,257.85,43.46,1.2
2026-03-09 09:30:00,249.25,250.85,249.25,250.35,254784,253.68,257.16,45.07,1.22
2026-03-09 09:35:00,250.4,251.25,249.85,250.9,195074,253.12,256.6,46.21,1.23
2026-03-09 09:40:00,250.8,251.35,250.6,250.65,138076,252.63,256.05,47.17,1.21
2026-03-09 09:45:00,250.6,250.9,250.15,250.75,189207,252.25,255.57,48.18,1.18
2026-03-09 09:50:00,250.65,250.95,250.3,250.7,127527,251.94,255.13,49.06,1.16
2026-03-09 09:55:00,250.8,251.2,250.45,250.7,93560,251.69,254.73,49.62,1.14
2026-03-09 10:00:00,250.7,251.35,249.55,249.75,95678,251.31,254.27,50.39,1.17
2026-03-09 10:05:00,249.75,250.45,249.5,249.85,150386,251.01,253.87,51.11,1.16
2026-03-09 10:10:00,249.85,250.85,249.85,250.0,65495,250.81,253.52,51.33,1.15
2026-03-09 10:15:00,249.85,250.8,249.5,250.35,129442,250.72,253.23,51.64,1.16
2026-03-09 10:20:00,250.35,250.65,249.7,249.95,177763,250.57,252.93,51.94,1.15
2026-03-09 10:25:00,249.95,250.5,249.85,250.25,36849,250.5,252.69,52.21,1.13
2026-03-09 10:30:00,250.2,250.35,249.05,249.05,234310,250.21,252.36,52.76,1.13
2026-03-09 10:35:00,249.0,249.35,248.8,249.1,70068,249.99,252.06,53.37,1.11
2026-03-09 10:40:00,249.1,249.7,248.9,249.3,57369,249.85,251.81,53.41,1.09
2026-03-09 10:45:00,249.3,249.35,248.3,248.3,65607,249.54,251.49,53.71,1.09
2026-03-09 10:50:00,248.4,250.4,248.2,250.3,135359,249.69,251.38,52.57,1.14
2026-03-09 10:55:00,250.2,250.8,250.15,250.6,92832,249.87,251.31,51.03,1.12
2026-03-09 11:00:00,250.65,250.9,250.3,250.7,71332,250.04,251.26,49.48,1.09
2026-03-09 11:05:00,250.7,250.7,250.1,250.15,61568,250.06,251.16,48.18,1.07
2026-03-09 11:10:00,250.2,250.2,249.4,249.7,47368,249.99,251.02,47.43,1.06
2026-03-09 11:15:00,249.7,250.3,249.35,250.3,38637,250.05,250.96,46.59,1.05
2026-03-09 11:20:00,250.2,251.75,250.1,251.45,238419,250.33,251.0,44.06,1.08
2026-03-09 11:25:00,251.45,252.2,251.3,252.05,91456,250.67,251.1,41.26,1.07
2026-03-09 11:30:00,252.05,252.2,251.6,252.1,68679,250.96,251.19,38.66,1.05
2026-03-09 11:35:00,252.1,252.55,251.9,252.45,79489,251.26,251.3,35.92,1.03
2026-03-09 11:40:00,252.5,253.3,252.5,253.1,369348,251.63,251.47,34.09,1.02
2026-03-09 11:45:00,253.1,253.1,252.15,252.6,31582,251.82,251.57,32.02,1.02
2026-03-09 11:50:00,252.6,252.7,252.3,252.55,22328,251.97,251.66,30.09,0.99
2026-03-09 11:55:00,252.5,252.55,251.8,251.9,31499,251.95,251.68,28.14,0.98
2026-03-09 12:00:00,252.0,252.0,251.15,251.65,51899,251.89,251.68,26.98,0.97
2026-03-09 12:05:00,251.75,252.0,251.3,251.65,60610,251.84,251.68,25.91,0.96
2026-03-09 12:10:00,251.65,252.35,251.25,252.0,78338,251.88,251.71,24.47,0.97
2026-03-09 12:15:00,252.1,252.35,251.9,252.15,28041,251.93,251.75,23.13,0.94
2026-03-09 12:20:00,252.15,252.3,251.8,252.3,24967,252.0,251.8,22.01,0.92
2026-03-09 12:25:00,252.25,252.35,252.05,252.2,23189,252.04,251.83,20.89,0.89
2026-03-09 12:30:00,252.3,252.5,252.0,252.0,25742,252.03,251.85,19.63,0.87
2026-03-09 12:35:00,252.0,252.5,251.85,252.45,20039,252.12,251.9,18.67,0.86
2026-03-09 12:40:00,252.45,252.5,252.25,252.3,19911,252.15,251.94,17.78,0.83
2026-03-09 12:45:00,252.35,252.6,251.75,251.75,59429,252.07,251.92,17.68,0.83
2026-03-09 12:50:00,251.9,252.45,251.65,252.45,38275,252.15,251.97,17.73,0.83
2026-03-09 12:55:00,252.45,252.65,252.05,252.55,14722,252.23,252.02,17.37,0.82
2026-03-09 13:00:00,252.65,252.65,251.95,252.3,66850,252.24,252.05,17.2,0.81
2026-03-09 13:05:00,252.3,252.3,251.95,251.95,17746,252.18,252.04,17.04,0.79
2026-03-09 13:10:00,252.05,252.1,251.5,251.7,44840,252.09,252.01,17.58,0.78
2026-03-09 13:15:00,251.6,252.15,251.5,251.95,93396,252.06,252.0,17.96,0.78
2026-03-09 13:20:00,252.0,252.5,251.8,252.4,38722,252.13,252.04,17.51,0.77
2026-03-09 13:25:00,252.3,252.8,251.95,252.6,45301,252.22,252.09,16.46,0.78
2026-03-09 13:30:00,252.5,253.25,252.45,252.8,99261,252.34,252.15,15.91,0.78
2026-03-09 13:35:00,252.7,252.95,252.45,252.9,20482,252.45,252.22,15.39,0.76
2026-03-09 13:40:00,252.9,253.45,252.7,253.15,36539,252.59,252.31,15.74,0.76
2026-03-09 13:45:00,253.1,253.5,252.55,253.25,41473,252.72,252.39,15.72,0.77
2026-03-09 13:50:00,253.15,253.35,252.8,253.1,28125,252.8,252.46,15.7,0.76
2026-03-09 13:55:00,253.1,253.15,252.25,252.7,54113,252.78,252.48,14.65,0.77
2026-03-09 14:00:00,252.55,252.95,252.45,252.8,33949,252.78,252.51,13.68,0.76
2026-03-09 14:05:00,252.7,253.15,252.65,252.95,35125,252.82,252.55,13.04,0.74
2026-03-09 14:10:00,252.95,253.4,252.75,252.9,46690,252.83,252.58,12.93,0.74
2026-03-09 14:15:00,252.8,252.95,252.5,252.6,59248,252.79,252.58,12.26,0.73
2026-03-09 14:20:00,252.6,253.2,252.5,253.15,55760,252.86,252.63,12.13,0.72
2026-03-09 14:25:00,253.2,253.6,253.0,253.25,105565,252.94,252.69,12.71,0.72
2026-03-09 14:30:00,253.2,253.6,252.9,252.95,37317,252.94,252.71,13.0,0.72
2026-03-09 14:35:00,252.95,253.25,252.65,253.0,34481,252.95,252.74,12.68,0.71
2026-03-09 14:40:00,253.0,253.65,252.65,253.25,53716,253.01,252.79,13.09,0.73
2026-03-09 14:45:00,253.2,254.65,253.1,254.0,110267,253.21,252.9,14.8,0.77
2026-03-09 14:50:00,253.8,254.5,253.8,254.45,63709,253.46,253.04,16.39,0.76
2026-03-09 14:55:00,254.6,255.55,254.6,255.55,147317,253.88,253.27,18.84,0.78
2026-03-09 15:00:00,255.5,255.9,255.1,255.85,153709,254.27,253.5,21.37,0.78
2026-03-09 15:05:00,255.9,256.35,254.85,255.0,169394,254.42,253.64,24.02,0.81
2026-03-09 15:10:00,254.9,255.9,254.7,255.7,141663,254.67,253.82,26.12,0.83
2026-03-09 15:15:00,255.7,255.9,255.3,255.65,154114,254.87,253.99,28.07,0.82
2026-03-09 15:20:00,255.65,255.65,255.05,255.05,213762,254.9,254.09,29.25,0.81
2026-03-09 15:25:00,255.05,255.55,255.0,255.55,159937,255.03,254.22,30.22,0.8
2026-03-10 09:15:00,259.0,262.0,258.55,259.0,314771,255.83,254.65,33.69,1.07
2026-03-10 09:20:00,259.0,259.85,258.85,258.9,103934,256.44,255.04,36.92,1.06
2026-03-10 09:25:00,258.85,259.05,258.0,258.25,136395,256.8,255.33,38.79,1.06
2026-03-10 09:30:00,258.35,258.35,257.05,257.25,165270,256.89,255.51,39.42,1.07
2026-03-10 09:35:00,257.3,257.3,256.25,256.45,98836,256.8,255.59,39.16,1.07
2026-03-10 09:40:00,256.4,257.1,255.5,256.95,158364,256.83,255.72,38.19,1.1
2026-03-10 09:45:00,257.0,257.0,256.1,256.5,63335,256.77,255.79,37.29,1.09
2026-03-10 09:50:00,256.4,256.45,255.9,256.25,44113,256.66,255.83,36.26,1.07
2026-03-10 09:55:00,256.25,256.25,255.15,255.25,62955,256.38,255.78,34.57,1.07
2026-03-10 10:00:00,255.2,255.4,254.6,255.3,128017,256.16,255.73,32.5,1.05
2026-03-10 10:05:00,255.3,255.65,255.0,255.4,55080,256.01,255.7,30.78,1.04
2026-03-10 10:10:00,255.4,255.65,254.9,255.5,46410,255.91,255.68,29.08,1.02
2026-03-10 10:15:00,255.55,256.35,255.4,256.15,86798,255.96,255.73,28.08,1.02
2026-03-10 10:20:00,256.15,256.25,255.5,255.85,42213,255.94,255.74,27.14,1.01
2026-03-10 10:25:00,255.85,256.15,255.65,255.65,39172,255.88,255.73,26.28,0.98
2026-03-10 10:30:00,255.6,256.0,255.4,255.85,26914,255.87,255.74,25.17,0.96
2026-03-10 10:35:00,255.85,255.85,255.15,255.65,38004,255.83,255.73,23.84,0.95
2026-03-10 10:40:00,255.65,256.3,255.6,256.3,36798,255.92,255.78,23.07,0.94
2026-03-10 10:45:00,256.4,257.35,256.2,257.1,84412,256.16,255.9,23.27,0.95
2026-03-10 10:50:00,257.1,257.8,256.45,256.6,47674,256.25,255.97,23.79,0.97
2026-03-10 10:55:00,256.7,256.75,256.1,256.5,23250,256.3,256.02,23.8,0.95
2026-03-10 11:00:00,256.5,256.75,256.3,256.55,19992,256.35,256.06,23.81,0.93
2026-03-10 11:05:00,256.55,257.0,256.5,257.0,14510,256.48,256.15,24.04,0.91
2026-03-10 11:10:00,257.0,257.2,256.65,257.1,68172,256.6,256.24,24.43,0.89
2026-03-10 11:15:00,257.1,257.3,256.5,256.65,29700,256.61,256.27,24.55,0.89
2026-03-10 11:20:00,256.65,257.2,256.65,256.75,16821,256.64,256.32,24.66,0.87
2026-03-10 11:25:00,256.7,256.8,256.05,256.1,37158,256.53,256.3,23.77,0.87
2026-03-10 11:30:00,256.15,256.35,256.05,256.3,13653,256.49,256.3,22.95,0.84
2026-03-10 11:35:00,256.3,256.8,256.2,256.8,56708,256.55,256.34,22.74,0.83
2026-03-10 11:40:00,256.7,256.8,256.5,256.6,8971,256.56,256.37,22.53,0.8
2026-03-10 11:45:00,256.45,256.55,255.8,255.85,61503,256.42,256.32,21.19,0.8
2026-03-10 11:50:00,255.85,256.25,255.5,256.2,55470,256.37,256.31,19.85,0.8
2026-03-10 11:55:00,256.15,256.3,255.75,255.9,31716,256.28,256.27,18.53,0.79
2026-03-10 12:00:00,255.9,256.2,255.3,256.05,114620,256.23,256.25,17.95,0.79
2026-03-10 12:05:00,256.0,256.2,255.5,255.55,12963,256.1,256.19,17.41,0.79
2026-03-10 12:10:00,255.55,256.0,254.8,254.9,177122,255.86,256.07,17.82,0.81
2026-03-10 12:15:00,254.75,255.35,254.45,255.25,101085,255.74,256.0,18.59,0.81
2026-03-10 12:20:00,255.1,255.25,254.6,254.75,31949,255.54,255.88,19.31,0.8
2026-03-10 12:25:00,254.75,255.25,254.7,255.0,15101,255.43,255.8,19.98,0.79
2026-03-10 12:30:00,255.05,255.3,255.0,255.3,19267,255.4,255.76,20.48,0.77
2026-03-10 12:35:00,255.3,255.75,255.15,255.4,36077,255.4,255.72,19.97,0.76
2026-03-10 12:40:00,255.3,255.65,255.3,255.4,31072,255.4,255.69,19.49,0.74
2026-03-10 12:45:00,255.35,255.65,255.25,255.65,25530,255.45,255.69,19.13,0.73
2026-03-10 12:50:00,255.65,255.7,255.25,255.7,32185,255.5,255.69,18.67,0.71
2026-03-10 12:55:00,255.7,256.0,255.5,255.85,40206,255.57,255.71,17.56,0.7
2026-03-10 13:00:00,255.85,256.4,255.75,255.85,62489,255.63,255.72,16.9,0.7
2026-03-10 13:05:00,255.85,255.85,255.2,255.5,25061,255.6,255.7,16.18,0.7
2026-03-10 13:10:00,255.5,255.65,255.2,255.3,18067,255.54,255.66,15.52,0.69
2026-03-10 13:15:00,255.3,255.35,253.1,253.25,295091,255.08,255.44,17.45,0.76
2026-03-10 13:20:00,253.0,253.75,252.6,253.2,107919,254.71,255.24,19.61,0.78
2026-03-10 13:25:00,253.2,254.45,253.2,254.4,77487,254.65,255.16,20.37,0.8
2026-03-10 13:30:00,254.4,254.95,254.35,254.8,35287,254.68,255.13,20.29,0.79
2026-03-10 13:35:00,254.95,255.25,254.5,254.9,52582,254.72,255.11,19.78,0.79
2026-03-10 13:40:00,255.05,255.6,254.6,255.6,182317,254.9,255.15,18.81,0.8
2026-03-10 13:45:00,255.55,255.65,255.25,255.4,38149,255.0,255.18,17.84,0.78
2026-03-10 13:50:00,255.3,255.85,255.3,255.85,56163,255.17,255.24,16.66,0.77
2026-03-10 13:55:00,255.85,256.65,255.55,256.35,123360,255.4,255.34,16.4,0.79
2026-03-10 14:00:00,256.35,256.4,255.5,255.7,26712,255.46,255.37,16.09,0.79
2026-03-10 14:05:00,255.8,256.4,255.5,256.25,33012,255.62,255.45,15.8,0.8
2026-03-10 14:10:00,256.25,257.55,256.2,257.55,330557,256.01,255.64,16.79,0.82
2026-03-10 14:15:00,257.6,258.2,257.55,257.75,207750,256.36,255.83,18.26,0.81
2026-03-10 14:20:00,257.7,258.0,257.3,257.7,93240,256.62,256.0,19.2,0.81
2026-03-10 14:25:00,257.7,257.7,256.1,257.15,179982,256.73,256.11,18.36,0.85
2026-03-10 14:30:00,257.1,257.7,256.55,257.65,95347,256.91,256.25,17.58,0.86
2026-03-10 14:35:00,257.65,258.1,257.55,257.6,73802,257.05,256.37,17.29,0.85
2026-03-10 14:40:00,257.6,257.8,257.05,257.5,48397,257.14,256.47,16.36,0.84
2026-03-10 14:45:00,257.4,258.3,257.1,258.25,90577,257.36,256.63,16.05,0.86
2026-03-10 14:50:00,258.3,258.55,257.9,258.5,80940,257.59,256.8,16.02,0.85
2026-03-10 14:55:00,258.4,258.65,258.05,258.6,79000,257.79,256.97,16.1,0.84
2026-03-10 15:00:00,258.5,258.5,257.35,257.85,83991,257.8,257.05,15.2,0.86
2026-03-10 15:05:00,258.0,258.5,257.75,258.4,103250,257.92,257.17,14.36,0.85
2026-03-10 15:10:00,258.35,258.7,258.15,258.3,146615,258.0,257.27,13.83,0.84
2026-03-10 15:15:00,258.25,259.15,258.15,259.0,216858,258.2,257.43,13.9,0.84
2026-03-10 15:20:00,259.0,259.3,258.75,259.15,169668,258.39,257.59,14.14,0.83
2026-03-10 15:25:00,259.15,259.85,258.6,258.6,154450,258.43,257.68,14.96,0.85
2026-03-11 09:15:00,258.95,261.0,258.35,261.0,291084,258.94,257.98,16.73,0.94
2026-03-11 09:20:00,261.0,262.0,260.45,260.8,306474,259.32,258.24,19.01,0.97
2026-03-11 09:25:00,260.8,262.0,260.7,261.0,189114,259.65,258.49,21.13,0.98
2026-03-11 09:30:00,260.95,260.95,260.3,260.5,209249,259.82,258.67,22.41,0.97
2026-03-11 09:35:00,260.5,260.5,259.65,259.8,185665,259.82,258.77,22.59,0.96
2026-03-11 09:40:00,259.95,260.6,259.65,260.4,121775,259.93,258.92,22.84,0.96
2026-03-11 09:45:00,260.4,261.75,260.3,261.55,134220,260.26,259.16,23.97,0.99
2026-03-11 09:50:00,261.5,262.8,261.5,261.7,216451,260.55,259.39,25.65,1.0
2026-03-11 09:55:00,261.7,262.4,261.25,261.4,64050,260.72,259.57,26.84,1.01
2026-03-11 10:00:00,261.25,261.65,260.8,261.3,56127,260.83,259.73,27.29,1.0
2026-03-11 10:05:00,261.25,261.3,260.45,260.5,44318,260.77,259.8,27.22,0.99
2026-03-11 10:10:00,260.4,260.6,259.9,259.95,128842,260.6,259.81,26.43,0.98
2026-03-11 10:15:00,260.0,260.65,260.0,260.35,137429,260.55,259.86,25.75,0.97
2026-03-11 10:20:00,260.35,261.15,260.2,261.0,49176,260.64,259.97,25.58,0.96
2026-03-11 10:25:00,261.0,261.15,260.1,260.3,35469,260.57,260.0,25.27,0.97
2026-03-11 10:30:00,260.4,260.65,260.2,260.4,36086,260.54,260.03,24.98,0.94
2026-03-11 10:35:00,260.5,260.6,260.0,260.05,20898,260.44,260.03,24.4,0.93
2026-03-11 10:40:00,260.15,261.2,259.8,260.45,303696,260.44,260.07,24.49,0.95
2026-03-11 10:45:00,260.45,260.45,259.8,260.15,69518,260.38,260.08,24.57,0.94
2026-03-11 10:50:00,260.15,260.6,260.0,260.55,14675,260.42,260.12,24.8,0.92
2026-03-11 10:55:00,260.6,261.0,260.3,260.9,38158,260.51,260.19,25.42,0.91
2026-03-11 11:00:00,260.9,261.0,260.55,260.85,21923,260.58,260.25,25.99,0.89
2026-03-11 11:05:00,260.8,260.8,260.05,260.1,16528,260.48,260.24,25.56,0.88
2026-03-11 11:10:00,260.05,260.1,259.75,260.05,40779,260.4,260.22,24.62,0.86
2026-03-11 11:15:00,259.95,260.15,259.75,259.75,30041,260.27,260.18,23.82,0.84
2026-03-11 11:20:00,259.75,260.0,259.2,259.4,54699,260.09,260.11,22.14,0.83
2026-03-11 11:25:00,259.3,259.65,259.15,259.4,28953,259.96,260.04,20.61,0.82
2026-03-11 11:30:00,259.5,259.5,258.75,258.95,57702,259.75,259.94,19.82,0.82
2026-03-11 11:35:00,259.0,259.3,258.6,258.65,98072,259.53,259.83,19.3,0.81
2026-03-11 11:40:00,258.65,259.05,258.45,258.45,93152,259.32,259.7,19.04,0.8
2026-03-11 11:45:00,258.55,258.7,258.1,258.15,64263,259.08,259.56,19.3,0.79
2026-03-11 11:50:00,258.15,258.25,257.65,257.9,91455,258.85,259.41,20.1,0.78
2026-03-11 11:55:00,257.9,258.15,257.75,257.95,65642,258.67,259.28,20.84,0.76
2026-03-11 12:00:00,257.95,258.75,257.75,258.55,82879,258.64,259.21,20.26,0.77
2026-03-11 12:05:00,258.55,258.65,258.05,258.35,126406,258.59,259.13,19.72,0.77
2026-03-11 12:10:00,258.35,258.8,258.2,258.65,74231,258.6,259.09,18.91,0.76
2026-03-11 12:15:00,258.65,259.45,258.45,259.25,121547,258.73,259.1,18.13,0.77
2026-03-11 12:20:00,259.2,259.5,259.1,259.25,80811,258.83,259.12,17.47,0.75
2026-03-11 12:25:00,259.25,259.3,259.0,259.1,13931,258.89,259.12,16.67,0.73
2026-03-11 12:30:00,259.1,259.75,259.0,259.1,149604,258.93,259.11,16.67,0.73
2026-03-11 12:35:00,259.25,259.3,258.3,258.55,99038,258.85,259.06,15.6,0.74
2026-03-11 12:40:00,258.55,259.3,258.25,259.25,15342,258.93,259.08,14.69,0.76
2026-03-11 12:45:00,259.4,259.4,258.5,259.0,42164,258.95,259.07,13.66,0.77
2026-03-11 12:50:00,259.0,259.2,258.8,259.0,13037,258.96,259.07,12.7,0.75
2026-03-11 12:55:00,259.0,259.05,258.6,258.85,24845,258.94,259.05,12.21,0.73
2026-03-11 13:00:00,258.85,258.95,258.25,258.45,27746,258.84,258.99,12.38,0.73
2026-03-11 13:05:00,258.4,258.8,258.4,258.55,12668,258.78,258.95,12.54,0.72
2026-03-11 13:10:00,258.65,258.65,257.25,257.6,76894,258.54,258.83,14.29,0.75
2026-03-11 13:15:00,257.35,257.55,256.9,257.4,75470,258.32,258.7,16.28,0.75
2026-03-11 13:20:00,257.4,258.2,257.3,258.15,43375,258.28,258.65,16.73,0.75
2026-03-11 13:25:00,258.15,258.3,257.65,258.3,50577,258.29,258.62,16.96,0.75
2026-03-11 13:30:00,258.15,258.5,257.65,257.85,13392,258.2,258.55,16.78,0.75
2026-03-11 13:35:00,257.8,257.85,257.35,257.5,54609,258.06,258.45,17.03,0.74
2026-03-11 13:40:00,257.5,257.85,257.4,257.7,24111,257.99,258.38,17.26,0.73
2026-03-11 13:45:00,257.7,257.7,257.55,257.65,24467,257.92,258.32,17.48,0.7
2026-03-11 13:50:00,257.65,258.0,257.4,257.7,35771,257.88,258.26,17.0,0.7
2026-03-11 13:55:00,257.6,257.85,257.15,257.65,47665,257.83,258.21,16.98,0.7
2026-03-11 14:00:00,257.65,257.65,257.1,257.35,32759,257.73,258.13,17.04,0.69
2026-03-11 14:05:00,257.25,257.5,256.8,256.85,46776,257.56,258.01,17.59,0.69
2026-03-11 14:10:00,256.65,257.2,256.35,256.75,171481,257.4,257.9,18.74,0.7
2026-03-11 14:15:00,256.75,256.9,256.1,256.75,90598,257.27,257.79,20.12,0.7
2026-03-11 14:20:00,256.7,257.0,256.25,256.25,27588,257.06,257.65,21.12,0.7
2026-03-11 14:25:00,256.2,257.55,255.85,257.55,119511,257.16,257.64,20.7,0.75
2026-03-11 14:30:00,257.45,257.85,256.95,257.05,93832,257.14,257.59,19.68,0.76
2026-03-11 14:35:00,257.0,257.35,256.9,257.05,16918,257.12,257.54,18.83,0.74
2026-03-11 14:40:00,256.95,257.05,256.55,256.7,30145,257.04,257.46,18.64,0.73
2026-03-11 14:45:00,256.65,257.1,256.6,257.0,30096,257.03,257.42,18.36,0.72
2026-03-11 14:50:00,257.0,257.1,256.25,256.75,57918,256.97,257.36,18.68,0.73
2026-03-11 14:55:00,256.8,256.8,255.95,256.0,42769,256.78,257.24,19.42,0.73
2026-03-11 15:00:00,256.0,256.95,256.0,256.05,124602,256.63,257.13,19.72,0.74
2026-03-11 15:05:00,256.1,256.45,255.2,255.55,213183,256.42,256.99,21.06,0.77
2026-03-11 15:10:00,255.6,255.75,255.0,255.2,160428,256.17,256.82,22.53,0.77
2026-03-11 15:15:00,255.2,255.9,255.05,255.85,124063,256.11,256.73,23.5,0.77
2026-03-11 15:20:00,255.85,256.05,255.5,255.5,143826,255.99,256.62,24.01,0.76
2026-03-11 15:25:00,255.55,255.95,255.1,255.8,97589,255.95,256.55,24.99,0.76
2026-03-12 09:15:00,253.9,255.1,251.85,252.8,332853,255.32,256.21,28.01,0.92
2026-03-12 09:20:00,252.8,253.65,252.45,253.0,174363,254.86,255.92,30.81,0.93
2026-03-12 09:25:00,252.95,253.95,252.45,253.75,196294,254.63,255.72,32.84,0.96
2026-03-12 09:30:00,253.7,253.95,252.95,253.8,140692,254.47,255.54,34.72,0.96
2026-03-12 09:35:00,253.85,254.1,253.5,253.65,87186,254.3,255.37,36.16,0.94
2026-03-12 09:40:00,253.7,254.45,253.05,254.35,200879,254.31,255.28,37.75,0.96
2026-03-12 09:45:00,254.35,255.25,254.0,255.1,143478,254.47,255.26,37.72,0.98
2026-03-12 09:50:00,255.1,255.35,254.5,255.0,91828,254.58,255.24,37.51,0.97
2026-03-12 09:55:00,255.0,256.2,254.4,256.15,126461,254.89,255.32,35.97,1.01
2026-03-12 10:00:00,256.15,256.45,255.5,256.15,58674,255.14,255.4,34.2,1.01
2026-03-12 10:05:00,256.15,256.15,255.3,255.65,65189,255.24,255.42,32.77,1.0
2026-03-12 10:10:00,255.7,256.2,254.9,255.1,68253,255.22,255.39,31.88,1.01
2026-03-12 10:15:00,255.05,255.1,254.4,255.1,51724,255.19,255.36,31.54,1.0
2026-03-12 10:20:00,255.1,255.3,254.9,255.25,40175,255.2,255.35,30.9,0.97
2026-03-12 10:25:00,255.2,256.8,255.2,256.6,132541,255.48,255.47,29.05,1.0
2026-03-12 10:30:00,256.75,258.15,256.1,258.15,156213,256.02,255.71,28.55,1.05
2026-03-12 10:35:00,258.25,260.0,257.8,259.95,208485,256.8,256.1,29.25,1.11
2026-03-12 10:40:00,260.0,260.65,259.75,260.6,216209,257.56,256.51,30.22,1.1
2026-03-12 10:45:00,260.6,260.9,259.9,260.3,159290,258.11,256.85,31.24,1.09
2026-03-12 10:50:00,260.35,260.8,260.0,260.6,112222,258.61,257.19,32.19,1.08
2026-03-12 10:55:00,260.6,263.35,260.6,263.25,463039,259.54,257.74,34.09,1.16
2026-03-12 11:00:00,263.65,263.75,263.0,263.35,232660,260.3,258.25,35.99,1.14
2026-03-12 11:05:00,263.35,264.2,263.1,263.3,274822,260.9,258.71,37.88,1.14
2026-03-12 11:10:00,263.3,263.8,263.15,263.7,119656,261.46,259.16,39.64,1.11
2026-03-12 11:15:00,263.6,264.8,263.05,263.3,272513,261.83,259.54,41.57,1.14
2026-03-12 11:20:00,263.15,263.75,262.9,263.65,147098,262.19,259.91,43.15,1.13
2026-03-12 11:25:00,263.9,264.0,263.3,263.8,76518,262.51,260.27,44.7,1.11
2026-03-12 11:30:00,263.8,264.3,263.4,264.25,212401,262.86,260.63,46.23,1.1
2026-03-12 11:35:00,264.25,266.45,264.2,266.4,433789,263.57,261.15,48.2,1.15
2026-03-12 11:40:00,266.4,267.8,266.35,267.6,705324,264.37,261.74,50.28,1.17
2026-03-12 11:45:00,267.5,267.8,266.85,267.45,519809,264.99,262.26,52.21,1.16
2026-03-12 11:50:00,267.35,267.7,266.8,267.6,163136,265.51,262.74,53.93,1.15
2026-03-12 11:55:00,267.7,269.0,267.35,269.0,358159,266.21,263.31,55.76,1.17
2026-03-12 12:00:00,268.9,269.9,268.15,268.4,492011,266.65,263.78,57.59,1.2
2026-03-12 12:05:00,268.35,268.8,267.4,268.7,345899,267.06,264.22,58.3,1.21
2026-03-12 12:10:00,268.6,269.65,268.15,269.55,205977,267.56,264.71,59.16,1.22
2026-03-12 12:15:00,269.5,270.35,269.05,269.3,486582,267.91,265.13,60.1,1.22
2026-03-12 12:20:00,269.3,269.6,268.75,269.1,208020,268.14,265.49,60.59,1.21
2026-03-12 12:25:00,269.0,270.2,269.0,269.3,228809,268.38,265.83,61.2,1.21
2026-03-12 12:30:00,269.25,269.85,269.15,269.4,186654,268.58,266.16,61.76,1.18
2026-03-12 12:35:00,269.3,269.85,269.25,269.35,174093,268.73,266.45,62.28,1.15
2026-03-12 12:40:00,269.35,269.5,267.5,267.8,607431,268.55,266.57,60.49,1.19
2026-03-12 12:45:00,267.9,268.0,267.35,267.75,125879,268.39,266.68,58.66,1.17
2026-03-12 12:50:00,267.75,268.0,267.6,267.65,90978,268.24,266.77,56.96,1.13
2026-03-12 12:55:00,267.75,268.9,267.3,268.3,388894,268.25,266.91,55.87,1.15
2026-03-12 13:00:00,268.3,268.5,268.05,268.1,63102,268.22,267.01,54.87,1.12
2026-03-12 13:05:00,268.25,268.25,267.45,268.1,139071,268.2,267.11,53.16,1.11
2026-03-12 13:10:00,268.1,268.4,268.1,268.15,41631,268.19,267.21,51.68,1.07
2026-03-12 13:15:00,268.3,268.6,267.8,268.15,270139,268.18,267.29,49.91,1.05
2026-03-12 13:20:00,268.15,268.55,267.85,268.55,49240,268.25,267.41,48.27,1.04
2026-03-12 13:25:00,268.5,269.35,268.45,268.95,494049,268.39,267.55,47.34,1.03
2026-03-12 13:30:00,269.55,269.85,268.2,268.7,578681,268.45,267.65,46.8,1.06
2026-03-12 13:35:00,268.65,269.55,268.5,268.65,295418,268.49,267.74,46.3,1.06
2026-03-12 13:40:00,268.7,269.15,267.75,267.75,109936,268.35,267.74,44.74,1.08
2026-03-12 13:45:00,267.85,268.95,267.6,268.7,127702,268.42,267.83,43.09,1.09
2026-03-12 13:50:00,268.85,269.1,268.35,268.9,111493,268.51,267.93,41.69,1.07
2026-03-12 13:55:00,268.95,268.95,268.3,268.45,111424,268.5,267.98,40.31,1.05
2026-03-12 14:00:00,268.6,268.9,268.4,268.5,134946,268.5,268.02,39.03,1.03
2026-03-12 14:05:00,268.65,268.9,267.7,267.85,163530,268.37,268.01,36.77,1.03
2026-03-12 14:10:00,267.8,268.5,267.45,268.45,114536,268.39,268.05,34.32,1.04
2026-03-12 14:15:00,268.45,269.1,268.25,268.85,100054,268.48,268.12,32.78,1.03
2026-03-12 14:20:00,268.85,269.15,268.6,268.8,58670,268.54,268.18,31.4,1.0
2026-03-12 14:25:00,268.9,269.0,267.95,268.05,284149,268.44,268.17,29.19,1.01
2026-03-12 14:30:00,268.15,268.6,267.95,268.2,96446,268.4,268.17,27.13,0.99
2026-03-12 14:35:00,268.2,268.3,267.8,268.1,81406,268.34,268.17,25.38,0.97
2026-03-12 14:40:00,268.1,268.3,267.85,268.1,110239,268.29,268.16,23.75,0.94
2026-03-12 14:45:00,268.1,268.45,267.9,268.25,160472,268.28,268.17,22.12,0.92
2026-03-12 14:50:00,268.35,268.5,267.1,268.1,186468,268.25,268.16,21.64,0.95
2026-03-12 14:55:00,268.05,268.5,267.95,268.5,189856,268.3,268.19,21.19,0.93
2026-03-12 15:00:00,268.5,268.85,268.1,268.75,264191,268.39,268.24,20.16,0.92
2026-03-12 15:05:00,268.85,268.95,267.9,268.5,194706,268.41,268.27,19.49,0.92
2026-03-12 15:10:00,268.5,268.5,267.6,267.75,226866,268.28,268.22,19.3,0.92
2026-03-12 15:15:00,267.8,268.05,267.25,267.4,438253,268.1,268.15,19.58,0.92
2026-03-12 15:20:00,267.5,268.0,267.1,267.65,417217,268.01,268.1,20.04,0.92
2026-03-12 15:25:00,267.65,268.0,266.95,267.1,314698,267.83,268.01,20.65,0.92
2026-03-13 09:15:00,265.85,270.3,265.55,267.9,674045,267.84,268.0,20.55,1.11
2026-03-13 09:20:00,267.9,268.0,265.05,265.35,589467,267.34,267.76,19.78,1.19
2026-03-13 09:25:00,265.3,266.0,264.75,265.3,233067,266.94,267.54,18.68,1.2
2026-03-13 09:30:00,265.3,267.5,264.7,266.25,869463,266.8,267.42,19.09,1.27
2026-03-13 09:35:00,266.15,266.6,264.5,264.55,380573,266.35,267.16,19.21,1.31
2026-03-13 09:40:00,264.65,264.75,263.5,263.5,368117,265.78,266.82,18.14,1.31
2026-03-13 09:45:00,263.4,263.85,262.4,263.05,365535,265.23,266.48,17.57,1.32
2026-03-13 09:50:00,263.0,263.05,262.3,262.7,165523,264.73,266.14,17.13,1.29
2026-03-13 09:55:00,262.7,263.05,262.2,262.35,93428,264.25,265.79,16.8,1.27
2026-03-13 10:00:00,262.35,262.95,261.9,262.55,213845,263.91,265.5,16.78,1.26
2026-03-13 10:05:00,262.55,263.1,261.5,262.5,352835,263.63,265.23,17.11,1.27
2026-03-13 10:10:00,262.5,262.75,262.2,262.65,179361,263.43,264.99,17.42,1.24
2026-03-13 10:15:00,262.85,262.95,262.3,262.35,216638,263.22,264.75,17.41,1.21
2026-03-13 10:20:00,262.35,262.6,261.0,261.25,225254,262.82,264.43,18.52,1.23
2026-03-13 10:25:00,261.25,262.5,260.75,262.2,209081,262.7,264.23,19.74,1.25
2026-03-13 10:30:00,262.2,262.3,261.0,261.0,85393,262.36,263.94,20.86,1.26
2026-03-13 10:35:00,261.1,261.5,261.0,261.2,56443,262.13,263.69,21.91,1.22
2026-03-13 10:40:00,261.25,261.3,260.55,261.0,160262,261.9,263.44,23.24,1.2
2026-03-13 10:45:00,260.95,261.55,260.5,261.4,109405,261.8,263.26,24.03,1.19
2026-03-13 10:50:00,261.35,262.85,261.35,261.9,179789,261.82,263.13,22.84,1.21
2026-03-13 10:55:00,261.85,262.0,261.2,262.0,71559,261.86,263.03,21.9,1.19
2026-03-13 11:00:00,262.0,262.0,261.15,261.55,88976,261.8,262.9,21.08,1.17
2026-03-13 11:05:00,261.55,261.65,261.05,261.2,68404,261.68,262.74,20.44,1.14
2026-03-13 11:10:00,261.25,262.45,261.1,261.8,276924,261.7,262.66,19.2,1.15
2026-03-13 11:15:00,261.7,261.8,261.15,261.3,51211,261.62,262.53,18.06,1.13
2026-03-13 11:20:00,261.3,261.75,261.0,261.25,88234,261.55,262.42,16.78,1.11
2026-03-13 11:25:00,261.25,262.55,261.1,262.35,77041,261.71,262.41,16.6,1.13
2026-03-13 11:30:00,262.35,263.45,262.1,262.95,89186,261.96,262.46,17.33,1.14
2026-03-13 11:35:00,262.95,263.45,262.7,263.25,64346,262.21,262.53,18.01,1.12
2026-03-13 11:40:00,263.15,263.3,262.8,263.0,56899,262.37,262.57,18.64,1.09
2026-03-13 11:45:00,263.0,263.2,262.35,262.5,82532,262.4,262.57,18.47,1.08
2026-03-13 11:50:00,262.5,263.25,262.3,262.45,57838,262.41,262.56,18.31,1.07
2026-03-13 11:55:00,262.45,262.5,261.7,261.9,36152,262.31,262.5,17.21,1.06
2026-03-13 12:00:00,262.1,262.2,261.7,261.95,71777,262.24,262.45,16.18,1.03
2026-03-13 12:05:00,261.95,262.1,261.6,262.1,29891,262.21,262.42,15.08,1.01
2026-03-13 12:10:00,262.15,262.8,261.6,262.8,41814,262.33,262.45,15.04,1.02
2026-03-13 12:15:00,262.75,262.85,261.7,261.7,24267,262.2,262.38,15.08,1.02
2026-03-13 12:20:00,261.7,261.8,260.75,260.75,110027,261.91,262.23,14.37,1.02
2026-03-13 12:25:00,260.8,261.55,260.8,261.2,64399,261.77,262.14,13.72,1.01
2026-03-13 12:30:00,261.2,261.4,260.7,261.4,87859,261.69,262.07,13.25,1.0
2026-03-13 12:35:00,261.45,261.6,260.15,260.5,158570,261.46,261.93,13.57,1.02
2026-03-13 12:40:00,260.4,260.6,260.1,260.25,73828,261.21,261.78,13.93,1.0
2026-03-13 12:45:00,260.2,260.9,260.1,260.9,56585,261.15,261.7,13.7,0.99
2026-03-13 12:50:00,260.9,260.95,259.75,260.2,130371,260.96,261.56,13.98,1.0
2026-03-13 12:55:00,260.4,260.45,259.35,259.5,293946,260.67,261.37,14.74,1.0
2026-03-13 13:00:00,259.5,259.7,258.95,259.0,75238,260.34,261.16,15.91,0.99
2026-03-13 13:05:00,259.05,259.05,258.35,258.45,63246,259.96,260.91,17.59,0.98
2026-03-13 13:10:00,258.4,258.9,258.1,258.2,40476,259.61,260.67,19.36,0.97
2026-03-13 13:15:00,258.2,258.9,258.0,258.3,163081,259.35,260.45,21.1,0.96
2026-03-13 13:20:00,258.3,258.6,257.7,257.7,57938,259.02,260.2,22.98,0.96
2026-03-13 13:25:00,257.9,258.85,257.6,258.75,128829,258.96,260.07,24.14,0.97
2026-03-13 13:30:00,258.75,258.85,258.0,258.2,126022,258.81,259.9,25.22,0.97
2026-03-13 13:35:00,258.2,258.25,257.6,257.95,68920,258.64,259.72,26.62,0.95
2026-03-13 13:40:00,257.95,258.3,257.8,258.0,37238,258.51,259.56,27.8,0.93
2026-03-13 13:45:00,258.0,258.2,257.75,258.1,41262,258.43,259.43,28.94,0.91
2026-03-13 13:50:00,257.9,258.15,257.3,257.75,62046,258.29,259.28,30.46,0.91
2026-03-13 13:55:00,257.7,257.75,256.75,256.9,96221,258.01,259.06,32.33,0.91
2026-03-13 14:00:00,256.75,257.75,256.6,256.9,119737,257.79,258.87,34.18,0.92
2026-03-13 14:05:00,256.9,257.85,256.8,257.65,358036,257.76,258.76,35.61,0.93
2026-03-13 14:10:00,257.7,258.45,257.5,258.3,78713,257.87,258.71,35.37,0.93
2026-03-13 14:15:00,258.3,258.65,257.65,258.65,43638,258.03,258.71,34.69,0.93
2026-03-13 14:20:00,258.7,259.2,258.45,258.75,67177,258.17,258.71,32.93,0.92
2026-03-13 14:25:00,258.85,259.05,258.45,258.65,82329,258.27,258.71,31.29,0.91
2026-03-13 14:30:00,258.7,259.7,258.6,259.2,59117,258.45,258.75,29.5,0.92
2026-03-13 14:35:00,259.2,259.4,258.55,258.55,42352,258.47,258.73,27.74,0.91
2026-03-13 14:40:00,258.6,258.7,258.25,258.5,43735,258.48,258.71,25.95,0.89
2026-03-13 14:45:00,258.5,258.6,257.45,257.7,96779,258.32,258.62,25.48,0.9
2026-03-13 14:50:00,257.9,258.25,257.2,257.7,79950,258.2,258.54,25.36,0.91
2026-03-13 14:55:00,257.65,258.45,257.4,258.35,147684,258.23,258.52,24.85,0.92
2026-03-13 15:00:00,258.25,258.6,257.75,257.8,129712,258.14,258.45,24.08,0.91
2026-03-13 15:05:00,257.7,258.25,257.7,257.95,195123,258.1,258.41,23.44,0.9
2026-03-13 15:10:00,257.9,259.0,257.6,259.0,184734,258.28,258.46,22.06,0.92
2026-03-13 15:15:00,258.9,259.5,258.85,259.2,180696,258.47,258.53,21.51,0.91
2026-03-13 15:20:00,259.2,259.2,258.2,258.6,147968,258.49,258.54,20.01,0.91
2026-03-13 15:25:00,258.65,260.0,258.1,258.25,214899,258.44,258.51,19.6,0.96
2026-03-16 09:15:00,257.05,260.8,254.4,255.2,445367,257.8,258.21,20.64,1.22
2026-03-16 09:20:00,255.2,255.3,252.6,252.9,278257,256.82,257.73,22.45,1.29
2026-03-16 09:25:00,252.9,252.9,251.3,252.5,383506,255.95,257.25,24.62,1.3
2026-03-16 09:30:00,252.5,254.75,252.5,254.75,257939,255.71,257.02,24.89,1.35
2026-03-16 09:35:00,254.9,256.1,254.6,255.15,242740,255.6,256.85,24.12,1.36
2026-03-16 09:40:00,254.75,255.5,254.1,254.25,143684,255.33,256.62,23.66,1.36
2026-03-16 09:45:00,254.2,254.85,254.1,254.1,83915,255.08,256.39,23.24,1.33
2026-03-16 09:50:00,254.1,256.65,253.7,255.7,338826,255.21,256.33,21.58,1.41
2026-03-16 09:55:00,255.7,256.3,254.65,254.85,177180,255.14,256.19,20.04,1.42
2026-03-16 10:00:00,254.8,255.95,254.5,254.8,170960,255.07,256.06,18.71,1.42
2026-03-16 10:05:00,254.75,255.9,254.65,254.8,380054,255.01,255.95,17.48,1.41
2026-03-16 10:10:00,254.7,255.0,254.3,254.8,138325,254.97,255.85,16.6,1.38
2026-03-16 10:15:00,254.8,254.8,253.2,253.45,181497,254.67,255.63,16.54,1.39
2026-03-16 10:20:00,253.3,253.35,252.0,252.15,132716,254.16,255.31,17.19,1.39
2026-03-16 10:25:00,252.0,252.05,250.65,250.7,145294,253.47,254.89,18.44,1.4
2026-03-16 10:30:00,250.7,251.8,250.55,250.85,116560,252.95,254.52,19.66,1.39
2026-03-16 10:35:00,250.85,251.9,250.8,251.05,58492,252.57,254.21,20.69,1.38
2026-03-16 10:40:00,251.0,251.2,250.35,250.75,93236,252.2,253.89,21.87,1.35
2026-03-16 10:45:00,250.65,250.75,250.0,250.25,92061,251.81,253.56,23.14,1.32
2026-03-16 10:50:00,250.15,250.4,249.3,249.55,149535,251.36,253.2,24.65,1.31
2026-03-16 10:55:00,249.5,251.05,248.9,251.0,266939,251.29,253.0,25.31,1.35
2026-03-16 11:00:00,251.0,252.05,250.3,251.6,135696,251.35,252.87,24.92,1.37
2026-03-16 11:05:00,251.3,252.35,251.3,251.8,85194,251.44,252.77,24.27,1.36
2026-03-16 11:10:00,251.75,252.1,251.2,251.9,93062,251.53,252.69,23.74,1.33
2026-03-16 11:15:00,251.85,253.95,251.65,253.7,109216,251.97,252.79,22.42,1.38
2026-03-16 11:20:00,253.7,253.85,253.1,253.55,47529,252.28,252.86,21.2,1.35
2026-03-16 11:25:00,253.5,253.65,253.1,253.4,30449,252.51,252.9,20.07,1.31
2026-03-16 11:30:00,253.45,254.15,253.05,253.95,41772,252.79,253.0,19.42,1.3
2026-03-16 11:35:00,253.95,254.35,253.5,254.0,43243,253.04,253.09,18.98,1.28
2026-03-16 11:40:00,254.0,254.4,253.6,253.65,28969,253.16,253.14,18.61,1.26
2026-03-16 11:45:00,253.65,253.7,253.05,253.4,48644,253.21,253.17,17.67,1.23
2026-03-16 11:50:00,253.3,253.65,252.7,252.9,27340,253.15,253.14,16.43,1.21
2026-03-16 11:55:00,252.85,253.4,252.6,252.75,84829,253.07,253.11,15.34,1.2
2026-03-16 12:00:00,252.8,253.55,252.8,252.9,19103,253.03,253.09,14.33,1.18
2026-03-16 12:05:00,252.9,253.7,252.55,253.65,38035,253.16,253.14,13.51,1.18
2026-03-16 12:10:00,253.55,254.05,253.2,253.5,41673,253.23,253.17,12.75,1.16
2026-03-16 12:15:00,253.5,253.55,252.95,253.5,63194,253.28,253.2,11.94,1.13
2026-03-16 12:20:00,253.4,254.0,253.15,253.95,33626,253.41,253.27,11.53,1.12
2026-03-16 12:25:00,253.95,253.95,253.2,253.35,35217,253.4,253.28,11.16,1.1
2026-03-16 12:30:00,253.35,253.45,251.4,251.5,102549,253.02,253.11,11.87,1.15
2026-03-16 12:35:00,251.4,251.8,250.75,251.45,68186,252.71,252.96,13.04,1.14
2026-03-16 12:40:00,251.45,251.75,251.0,251.25,43633,252.42,252.81,14.13,1.12
2026-03-16 12:45:00,251.1,251.15,250.4,250.5,58499,252.03,252.6,15.6,1.11
2026-03-16 12:50:00,250.5,251.15,250.3,251.0,96988,251.83,252.45,17.04,1.1
2026-03-16 12:55:00,250.95,251.0,250.3,250.75,39502,251.61,252.3,18.37,1.08
2026-03-16 13:00:00,250.75,251.35,250.45,250.45,28595,251.38,252.13,19.03,1.07
2026-03-16 13:05:00,250.1,250.1,249.6,249.95,141783,251.09,251.93,20.34,1.06
2026-03-16 13:10:00,249.85,250.75,249.65,249.65,36936,250.8,251.72,20.57,1.06
2026-03-16 13:15:00,249.85,250.95,249.7,250.75,100030,250.79,251.64,20.5,1.07
2026-03-16 13:20:00,250.9,251.15,250.65,250.7,38111,250.77,251.55,20.16,1.05
2026-03-16 13:25:00,251.0,251.2,250.5,250.7,14348,250.76,251.47,19.99,1.03
2026-03-16 13:30:00,250.7,250.9,250.3,250.45,12176,250.7,251.38,20.05,1.01
2026-03-16 13:35:00,250.55,251.1,250.45,251.05,9475,250.77,251.35,19.78,0.99
2026-03-16 13:40:00,251.0,251.15,250.35,250.5,16457,250.71,251.27,19.65,0.98
2026-03-16 13:45:00,250.4,251.0,250.3,250.7,16665,250.71,251.22,19.59,0.97
2026-03-16 13:50:00,250.75,250.8,250.1,250.35,53788,250.64,251.14,19.79,0.96
2026-03-16 13:55:00,250.1,250.7,250.05,250.15,21977,250.54,251.05,20.03,0.94
2026-03-16 14:00:00,250.3,250.45,249.9,250.2,34331,250.47,250.97,20.46,0.92
2026-03-16 14:05:00,250.2,250.5,250.2,250.5,33634,250.48,250.93,20.75,0.89
2026-03-16 14:10:00,250.35,252.15,250.35,251.5,111114,250.68,250.98,20.31,0.94
2026-03-16 14:15:00,251.5,252.5,251.05,252.5,84008,251.05,251.12,20.3,0.96
2026-03-16 14:20:00,252.4,253.75,252.4,253.75,136497,251.59,251.36,21.47,0.98
2026-03-16 14:25:00,253.8,254.0,252.95,253.65,137147,252.0,251.57,22.74,0.98
2026-03-16 14:30:00,253.7,254.15,253.6,254.0,97725,252.4,251.79,24.03,0.96
2026-03-16 14:35:00,253.8,254.35,253.8,254.35,64022,252.79,252.02,25.39,0.94
2026-03-16 14:40:00,254.35,254.95,253.65,254.65,162477,253.16,252.26,27.08,0.96
2026-03-16 14:45:00,254.6,255.0,253.9,254.6,85170,253.45,252.47,28.68,0.97
2026-03-16 14:50:00,254.6,255.35,254.2,254.9,75138,253.74,252.69,30.41,0.98
2026-03-16 14:55:00,255.0,255.2,254.55,254.65,93978,253.92,252.87,32.02,0.96
2026-03-16 15:00:00,254.85,254.85,253.05,253.5,142814,253.84,252.93,30.8,1.0
2026-03-16 15:05:00,253.55,254.35,253.45,253.85,81199,253.84,253.01,29.67,1.0
2026-03-16 15:10:00,253.7,254.05,253.45,253.55,63777,253.78,253.06,28.62,0.98
2026-03-16 15:15:00,253.5,253.65,253.0,253.15,126062,253.66,253.07,26.95,0.96
2026-03-16 15:20:00,253.2,253.9,253.1,253.45,111415,253.61,253.1,25.73,0.95
2026-03-16 15:25:00,253.25,253.45,252.7,253.05,122775,253.5,253.1,23.99,0.94
2026-03-17 09:15:00,255.5,255.65,252.4,252.9,291338,253.38,253.08,24.58,1.05
2026-03-17 09:20:00,252.9,253.45,251.6,252.5,154658,253.2,253.03,24.09,1.09
2026-03-17 09:25:00,252.5,252.75,252.0,252.3,73643,253.02,252.96,23.64,1.07
2026-03-17 09:30:00,252.4,252.75,252.0,252.25,115288,252.87,252.9,23.22,1.06
2026-03-17 09:35:00,252.25,253.0,252.1,253.0,78969,252.9,252.91,23.08,1.05
2026-03-17 09:40:00,252.95,253.35,252.05,252.55,63157,252.83,252.87,23.27,1.06
2026-03-17 09:45:00,252.75,253.2,252.2,252.8,67550,252.82,252.87,23.44,1.06
2026-03-17 09:50:00,252.8,252.8,252.15,252.45,43782,252.75,252.83,23.52,1.04
2026-03-17 09:55:00,252.55,252.55,251.5,252.25,77847,252.65,252.78,22.55,1.04
2026-03-17 10:00:00,252.4,252.6,252.0,252.55,35647,252.63,252.76,21.7,1.02
2026-03-17 10:05:00,252.55,253.3,252.25,253.3,58885,252.76,252.81,21.73,1.02
2026-03-17 10:10:00,253.15,253.15,252.6,253.0,41186,252.81,252.82,21.76,1.01
2026-03-17 10:15:00,253.15,255.9,253.15,255.8,329554,253.41,253.09,23.82,1.1
2026-03-17 10:20:00,255.9,256.1,255.5,255.5,160222,253.83,253.31,25.84,1.07
2026-03-17 10:25:00,255.6,255.75,253.75,253.75,171778,253.81,253.35,25.45,1.12
2026-03-17 10:30:00,253.85,254.25,253.2,253.35,60653,253.72,253.35,24.52,1.11
2026-03-17 10:35:00,253.2,253.6,252.85,253.6,70881,253.7,253.37,23.31,1.1
2026-03-17 10:40:00,253.45,253.65,253.2,253.5,22764,253.66,253.39,22.23,1.07
2026-03-17 10:45:00,253.4,253.95,253.25,253.95,26057,253.71,253.44,21.5,1.05
2026-03-17 10:50:00,254.0,254.2,253.55,253.85,42662,253.74,253.47,21.04,1.03
2026-03-17 10:55:00,253.85,254.1,253.5,253.7,57916,253.73,253.5,20.55,1.01
2026-03-17 11:00:00,253.65,253.8,253.3,253.45,37922,253.68,253.49,19.84,0.98
2026-03-17 11:05:00,253.5,253.65,252.7,252.85,73495,253.51,253.43,18.45,0.98
2026-03-17 11:10:00,252.9,253.0,252.2,252.6,49261,253.33,253.36,17.65,0.97
2026-03-17 11:15:00,252.6,252.8,252.15,252.35,52727,253.13,253.27,16.97,0.96
2026-03-17 11:20:00,252.35,252.35,251.55,251.55,138844,252.82,253.11,16.96,0.95
2026-03-17 11:25:00,251.4,251.5,250.75,251.15,124571,252.48,252.93,17.68,0.94
2026-03-17 11:30:00,251.2,251.4,250.4,250.55,108709,252.1,252.72,18.62,0.95
2026-03-17 11:35:00,250.6,251.25,250.15,251.0,108831,251.88,252.56,19.69,0.95
2026-03-17 11:40:00,250.9,251.15,250.1,250.3,101682,251.56,252.35,20.73,0.96
2026-03-17 11:45:00,250.35,251.35,250.25,250.8,50083,251.41,252.21,21.35,0.97
2026-03-17 11:50:00,250.8,251.5,250.8,250.95,30179,251.32,252.1,21.67,0.95
2026-03-17 11:55:00,250.95,251.65,250.4,251.5,136134,251.35,252.04,22.36,0.97
2026-03-17 12:00:00,251.4,251.4,250.85,251.0,19265,251.28,251.95,23.0,0.95
2026-03-17 12:05:00,251.0,251.4,250.8,251.35,27584,251.3,251.89,23.65,0.94
2026-03-17 12:10:00,251.35,251.55,251.1,251.1,31233,251.26,251.82,23.94,0.91
2026-03-17 12:15:00,251.1,251.1,250.05,250.1,79157,251.03,251.67,25.24,0.92
2026-03-17 12:20:00,250.15,250.3,250.0,250.0,128037,250.82,251.51,26.48,0.89
2026-03-17 12:25:00,250.1,250.65,250.0,250.65,28815,250.79,251.44,26.92,0.88
2026-03-17 12:30:00,250.65,250.8,250.2,250.8,44593,250.79,251.38,27.02,0.86
2026-03-17 12:35:00,250.8,251.2,250.45,250.85,55118,250.8,251.33,26.36,0.86
2026-03-17 12:40:00,250.8,251.0,250.45,251.0,26371,250.84,251.3,25.73,0.84
2026-03-17 12:45:00,251.0,251.4,250.95,251.35,40723,250.94,251.3,24.42,0.83
2026-03-17 12:50:00,251.4,251.45,250.9,251.1,44583,250.97,251.29,23.19,0.81
2026-03-17 12:55:00,251.1,251.45,251.0,251.45,18273,251.07,251.3,22.06,0.8
2026-03-17 13:00:00,251.45,252.75,251.35,252.75,126746,251.41,251.43,21.98,0.82
2026-03-17 13:05:00,252.75,252.95,252.05,252.9,74004,251.7,251.57,22.15,0.83
2026-03-17 13:10:00,252.85,253.1,252.65,252.95,88222,251.95,251.69,22.48,0.81
2026-03-17 13:15:00,253.1,253.35,253.0,253.2,38580,252.2,251.83,23.08,0.79
2026-03-17 13:20:00,253.2,253.55,253.0,253.2,55183,252.4,251.95,23.86,0.78
2026-03-17 13:25:00,253.3,253.55,253.0,253.5,42288,252.62,252.09,24.58,0.77
2026-03-17 13:30:00,253.5,254.7,253.45,254.4,157172,252.98,252.3,26.35,0.79
2026-03-17 13:35:00,254.4,255.0,254.2,254.3,96785,253.24,252.49,28.22,0.79
2026-03-17 13:40:00,254.3,254.5,253.6,254.45,68944,253.48,252.66,28.68,0.8
2026-03-17 13:45:00,254.5,255.55,254.15,255.5,199529,253.89,252.92,29.95,0.83
2026-03-17 13:50:00,255.35,255.8,254.8,255.25,243234,254.16,253.13,31.3,0.83
2026-03-17 13:55:00,255.25,256.1,255.0,255.4,386328,254.41,253.34,32.75,0.85
2026-03-17 14:00:00,255.3,256.0,255.3,255.9,57811,254.71,253.57,34.09,0.84
2026-03-17 14:05:00,255.8,255.95,255.15,255.4,48203,254.84,253.74,35.02,0.84
2026-03-17 14:10:00,255.5,255.85,255.4,255.85,30506,255.05,253.93,35.87,0.82
2026-03-17 14:15:00,255.7,255.85,255.35,255.6,98448,255.16,254.08,36.54,0.8
2026-03-17 14:20:00,255.6,255.8,254.9,255.15,72256,255.16,254.18,36.12,0.81
2026-03-17 14:25:00,255.15,255.55,254.7,255.25,90238,255.17,254.28,35.29,0.81
2026-03-17 14:30:00,255.45,255.8,255.45,255.5,35227,255.24,254.39,34.84,0.8
2026-03-17 14:35:00,255.6,256.35,255.55,256.15,80950,255.42,254.55,35.04,0.8
2026-03-17 14:40:00,256.2,256.4,255.9,256.05,44489,255.55,254.68,35.27,0.79
2026-03-17 14:45:00,256.0,256.3,255.65,256.3,52748,255.7,254.83,34.9,0.78
2026-03-17 14:50:00,256.35,256.95,256.3,256.95,95638,255.95,255.02,35.27,0.77
2026-03-17 14:55:00,256.8,257.15,256.75,257.05,78717,256.17,255.21,35.81,0.76
2026-03-17 15:00:00,257.0,257.0,255.8,256.5,469918,256.23,255.33,34.39,0.78
2026-03-17 15:05:00,256.7,256.75,256.2,256.55,74477,256.3,255.44,33.08,0.77
2026-03-17 15:10:00,256.6,256.9,256.15,256.7,157062,256.38,255.55,32.05,0.77
2026-03-17 15:15:00,256.55,256.75,255.65,255.65,178394,256.23,255.56,30.2,0.78
2026-03-17 15:20:00,255.65,256.0,255.55,255.75,103657,256.14,255.58,28.3,0.77
2026-03-17 15:25:00,255.8,256.15,255.35,255.4,121299,255.99,255.56,26.36,0.77
2026-03-18 09:15:00,257.5,259.25,256.35,259.15,249175,256.62,255.89,27.54,0.92
2026-03-18 09:20:00,259.2,259.75,258.4,258.4,168777,256.98,256.12,28.93,0.94
2026-03-18 09:25:00,258.5,259.4,258.15,258.8,88094,257.34,256.36,29.83,0.95
2026-03-18 09:30:00,258.95,259.95,258.95,259.8,87032,257.83,256.67,31.0,0.96
2026-03-18 09:35:00,260.55,261.15,259.8,259.8,157569,258.23,256.96,32.69,0.98
2026-03-18 09:40:00,259.8,260.5,259.6,260.4,65055,258.66,257.27,33.96,0.98
2026-03-18 09:45:00,260.4,260.45,259.35,259.45,72735,258.82,257.47,34.75,0.98
2026-03-18 09:50:00,259.5,259.75,259.25,259.65,36594,258.99,257.67,35.33,0.96
2026-03-18 09:55:00,259.6,259.6,258.8,259.6,88461,259.11,257.84,35.17,0.95
2026-03-18 10:00:00,259.6,259.6,258.3,258.45,81529,258.98,257.9,34.31,0.97
2026-03-18 10:05:00,258.4,258.6,257.65,258.4,76112,258.86,257.94,32.66,0.97
2026-03-18 10:10:00,258.4,258.75,258.05,258.7,25292,258.83,258.01,31.28,0.96
2026-03-18 10:15:00,258.7,258.9,258.5,258.85,28606,258.83,258.09,30.15,0.93
2026-03-18 10:20:00,258.9,259.3,258.6,259.3,30044,258.93,258.2,29.49,0.92
2026-03-18 10:25:00,259.2,259.4,258.7,258.85,41422,258.91,258.26,28.98,0.91
2026-03-18 10:30:00,258.8,259.0,258.4,258.9,22373,258.91,258.32,28.05,0.89
2026-03-18 10:35:00,258.8,259.2,258.65,259.2,11789,258.97,258.4,27.4,0.88
2026-03-18 10:40:00,259.2,259.4,258.75,258.95,19604,258.96,258.45,27.01,0.87
2026-03-18 10:45:00,258.95,259.35,258.85,258.9,21736,258.95,258.49,26.66,0.85
2026-03-18 10:50:00,258.9,259.15,258.6,259.15,19865,258.99,258.55,25.87,0.83
2026-03-18 10:55:00,259.1,259.35,259.0,259.2,38623,259.03,258.61,25.4,0.81
2026-03-18 11:00:00,259.15,259.35,258.9,259.2,32611,259.07,258.66,24.77,0.79
2026-03-18 11:05:00,259.2,259.35,258.8,259.15,28071,259.08,258.71,23.99,0.78
2026-03-18 11:10:00,259.15,259.2,258.75,259.0,14196,259.07,258.73,23.16,0.77
2026-03-18 11:15:00,259.0,259.0,258.8,258.85,11908,259.02,258.74,22.39,0.74
2026-03-18 11:20:00,258.9,259.15,258.9,259.15,12787,259.05,258.78,21.94,0.72
2026-03-18 11:25:00,259.1,259.5,258.8,259.45,33660,259.13,258.84,22.09,0.72
2026-03-18 11:30:00,259.4,259.45,258.8,258.8,25696,259.06,258.84,22.24,0.71
2026-03-18 11:35:00,258.85,259.35,258.7,259.35,50875,259.12,258.88,22.1,0.71
2026-03-18 11:40:00,259.35,259.5,258.9,258.9,34578,259.08,258.89,22.24,0.71
2026-03-18 11:45:00,258.9,258.95,258.5,258.55,32624,258.97,258.85,21.31,0.69
2026-03-18 11:50:00,258.5,259.45,258.5,259.35,23182,259.05,258.9,21.34,0.71
2026-03-18 11:55:00,259.3,259.35,258.9,259.1,14426,259.06,258.92,21.38,0.69
2026-03-18 12:00:00,259.0,259.15,258.5,258.7,20558,258.99,258.9,20.41,0.69
2026-03-18 12:05:00,258.7,258.8,258.45,258.8,21883,258.95,258.89,19.41,0.68
2026-03-18 12:10:00,258.7,259.1,258.65,258.9,14581,258.94,258.89,19.06,0.67
2026-03-18 12:15:00,258.9,259.1,258.65,258.95,13335,258.94,258.9,18.75,0.65
2026-03-18 12:20:00,258.9,259.0,258.7,259.0,11983,258.95,258.91,18.45,0.64
2026-03-18 12:25:00,258.95,259.0,258.45,258.55,23450,258.87,258.87,17.48,0.63
2026-03-18 12:30:00,258.55,258.95,258.55,258.9,19891,258.88,258.88,16.59,0.62
2026-03-18 12:35:00,258.95,258.95,258.3,258.5,13933,258.8,258.84,15.72,0.62
2026-03-18 12:40:00,258.5,258.8,258.45,258.8,18953,258.8,258.84,14.92,0.61
2026-03-18 12:45:00,258.8,259.25,258.7,259.25,20691,258.89,258.88,14.71,0.61
2026-03-18 12:50:00,259.3,259.45,259.1,259.1,16809,258.93,258.9,14.95,0.6
2026-03-18 12:55:00,259.15,259.2,258.9,259.05,11497,258.96,258.91,14.59,0.58
2026-03-18 13:00:00,259.05,259.45,258.95,259.45,12422,259.06,258.96,14.81,0.58
2026-03-18 13:05:00,259.45,259.45,259.25,259.4,12695,259.12,259.0,15.01,0.56
2026-03-18 13:10:00,259.35,259.95,259.1,259.75,94652,259.25,259.07,16.18,0.57
2026-03-18 13:15:00,259.75,260.5,259.6,260.2,69475,259.44,259.17,18.07,0.59
2026-03-18 13:20:00,260.2,260.8,260.1,260.7,57429,259.69,259.31,20.19,0.59
2026-03-18 13:25:00,260.65,260.9,260.4,260.8,51757,259.91,259.44,22.28,0.59
2026-03-18 13:30:00,260.8,261.45,260.65,261.45,107595,260.22,259.63,24.77,0.6
2026-03-18 13:35:00,261.35,261.5,260.85,261.4,40448,260.46,259.79,27.13,0.6
2026-03-18 13:40:00,261.4,261.45,261.2,261.45,27132,260.66,259.94,29.32,0.59
2026-03-18 13:45:00,261.35,261.35,260.9,260.95,41593,260.71,260.03,30.3,0.58
2026-03-18 13:50:00,260.95,261.45,260.8,261.45,41361,260.86,260.16,31.21,0.59
2026-03-18 13:55:00,261.45,261.45,260.95,261.0,35270,260.89,260.24,32.05,0.58
2026-03-18 14:00:00,261.0,261.3,260.15,260.35,55587,260.78,260.25,30.4,0.61
2026-03-18 14:05:00,260.4,260.7,260.15,260.65,62545,260.75,260.28,28.87,0.61
2026-03-18 14:10:00,260.7,260.8,260.0,260.2,34508,260.64,260.28,27.07,0.62
2026-03-18 14:15:00,260.15,260.8,260.0,260.45,31741,260.61,260.29,25.4,0.62
2026-03-18 14:20:00,260.65,260.8,260.45,260.6,13949,260.6,260.32,23.84,0.61
2026-03-18 14:25:00,260.6,260.8,260.0,260.15,75826,260.51,260.3,23.03,0.62
2026-03-18 14:30:00,260.1,260.4,259.7,259.75,39009,260.36,260.25,22.91,0.62
2026-03-18 14:35:00,259.8,260.35,259.5,259.8,129760,260.25,260.21,23.17,0.64
2026-03-18 14:40:00,259.85,260.35,259.15,259.25,102574,260.05,260.13,24.0,0.66
2026-03-18 14:45:00,259.25,260.1,259.0,259.85,76171,260.01,260.1,25.01,0.68
2026-03-18 14:50:00,259.85,260.05,259.35,259.4,44530,259.89,260.04,25.94,0.68
2026-03-18 14:55:00,259.4,260.55,259.35,260.45,67806,260.0,260.07,25.23,0.71
2026-03-18 15:00:00,260.55,260.9,259.9,260.9,139018,260.18,260.15,23.67,0.72
2026-03-18 15:05:00,260.85,261.0,260.4,260.45,77468,260.23,260.18,21.99,0.72
2026-03-18 15:10:00,260.5,260.5,259.9,260.25,87637,260.24,260.18,21.48,0.71
2026-03-18 15:15:00,260.45,260.8,260.1,260.3,215378,260.25,260.19,20.29,0.71
2026-03-18 15:20:00,260.3,260.3,259.45,259.65,212191,260.13,260.14,20.33,0.72
2026-03-18 15:25:00,259.75,259.95,259.25,259.55,176397,260.01,260.09,20.67,0.72
2026-03-19 09:15:00,256.0,256.8,253.25,253.5,245426,258.71,259.49,24.36,0.98
2026-03-19 09:20:00,253.25,255.15,252.35,255.15,259928,258.0,259.1,27.97,1.07
2026-03-19 09:25:00,255.15,255.95,254.5,255.35,409262,257.47,258.76,30.31,1.09
2026-03-19 09:30:00,255.3,256.05,255.0,255.55,146851,257.09,258.46,32.36,1.09
2026-03-19 09:35:00,255.35,255.75,253.7,253.75,142496,256.42,258.04,34.64,1.13
2026-03-19 09:40:00,253.75,254.45,253.4,254.05,153001,255.94,257.67,36.84,1.13
2026-03-19 09:45:00,254.0,254.2,253.1,253.25,63751,255.41,257.27,38.97,1.13
2026-03-19 09:50:00,253.2,254.25,253.1,253.8,49558,255.08,256.96,40.88,1.13
2026-03-19 09:55:00,253.7,254.15,253.3,253.75,64919,254.82,256.66,42.64,1.11
2026-03-19 10:00:00,253.7,253.9,253.3,253.75,65845,254.6,256.4,44.29,1.09
2026-03-19 10:05:00,253.75,254.15,253.4,254.0,19341,254.48,256.18,45.39,1.07
2026-03-19 10:10:00,254.0,254.15,253.6,253.6,30750,254.31,255.95,46.42,1.05
2026-03-19 10:15:00,253.45,253.6,253.05,253.3,62115,254.11,255.71,47.61,1.02
2026-03-19 10:20:00,253.3,253.9,253.25,253.75,27630,254.03,255.53,48.18,1.01
2026-03-19 10:25:00,253.75,254.45,253.75,254.1,57763,254.05,255.4,47.77,0.99
2026-03-19 10:30:00,254.15,254.65,253.95,254.35,35424,254.11,255.3,47.06,0.98
2026-03-19 10:35:00,254.35,256.15,254.3,256.15,102960,254.52,255.38,44.39,1.02
2026-03-19 10:40:00,256.1,256.35,255.0,255.6,70618,254.73,255.4,41.69,1.04
2026-03-19 10:45:00,255.6,255.65,255.0,255.1,42781,254.81,255.37,39.18,1.02
2026-03-19 10:50:00,255.1,255.5,254.75,255.4,32920,254.93,255.38,37.11,1.0
2026-03-19 10:55:00,255.25,255.45,254.65,254.7,42302,254.88,255.31,35.3,0.99
2026-03-19 11:00:00,254.7,254.85,254.45,254.45,35676,254.79,255.24,33.84,0.97
2026-03-19 11:05:00,254.6,254.9,254.3,254.3,28289,254.7,255.15,32.66,0.95
2026-03-19 11:10:00,254.4,255.1,254.4,254.45,29608,254.65,255.09,31.23,0.94
2026-03-19 11:15:00,254.6,254.6,254.05,254.25,73463,254.57,255.01,30.33,0.92
2026-03-19 11:20:00,254.05,254.95,253.95,254.65,20524,254.58,254.98,28.92,0.93
2026-03-19 11:25:00,254.55,254.6,253.7,253.8,40115,254.43,254.87,27.93,0.93
2026-03-19 11:30:00,253.8,254.3,253.65,254.3,34043,254.4,254.82,27.07,0.91
2026-03-19 11:35:00,254.3,254.45,254.0,254.2,37089,254.36,254.76,26.0,0.89
2026-03-19 11:40:00,254.0,254.3,253.7,254.2,18570,254.33,254.71,25.42,0.88
2026-03-19 11:45:00,254.2,254.4,253.95,254.0,10820,254.26,254.65,24.69,0.86
2026-03-19 11:50:00,254.0,254.4,253.95,254.2,20320,254.25,254.61,24.01,0.84
2026-03-19 11:55:00,254.2,254.2,253.7,253.8,29346,254.16,254.53,23.76,0.82
2026-03-19 12:00:00,254.0,254.0,253.55,253.8,27767,254.09,254.47,23.74,0.8
2026-03-19 12:05:00,253.8,254.2,253.55,254.0,30248,254.07,254.42,23.27,0.8
2026-03-19 12:10:00,254.0,254.5,253.55,254.45,27368,254.15,254.43,22.16,0.8
2026-03-19 12:15:00,254.5,254.9,254.25,254.5,23093,254.22,254.43,20.8,0.8
2026-03-19 12:20:00,254.5,254.5,253.6,253.8,28251,254.13,254.38,20.21,0.8
2026-03-19 12:25:00,253.8,254.0,253.6,253.8,13003,254.07,254.32,19.65,0.78
2026-03-19 12:30:00,253.8,254.15,253.5,254.0,17100,254.05,254.29,18.82,0.78
2026-03-19 12:35:00,254.2,254.4,254.05,254.2,8381,254.08,254.29,17.55,0.76
2026-03-19 12:40:00,254.3,254.3,253.7,253.85,20793,254.04,254.25,17.0,0.75
2026-03-19 12:45:00,253.85,254.4,253.75,254.35,13017,254.1,254.26,16.29,0.75
2026-03-19 12:50:00,254.35,254.6,254.25,254.6,60121,254.2,254.29,15.2,0.73
2026-03-19 12:55:00,254.7,254.75,254.05,254.15,20657,254.19,254.27,14.59,0.73
2026-03-19 13:00:00,254.15,254.2,253.5,253.7,35090,254.09,254.22,14.96,0.73
2026-03-19 13:05:00,253.7,253.7,253.1,253.55,74850,253.98,254.16,15.87,0.72
2026-03-19 13:10:00,253.5,253.7,253.0,253.15,48770,253.82,254.07,16.86,0.72
2026-03-19 13:15:00,253.1,253.1,252.65,252.85,58024,253.62,253.96,18.22,0.71
2026-03-19 13:20:00,252.75,253.0,252.5,252.6,27096,253.42,253.83,19.67,0.7
2026-03-19 13:25:00,252.55,252.8,252.3,252.45,32003,253.22,253.71,21.25,0.69
2026-03-19 13:30:00,252.45,252.75,252.45,252.45,19183,253.07,253.59,22.72,0.67
2026-03-19 13:35:00,252.55,253.0,252.4,253.0,45905,253.06,253.54,23.35,0.67
2026-03-19 13:40:00,252.95,253.3,252.75,252.85,18498,253.01,253.48,23.13,0.66
2026-03-19 13:45:00,252.9,253.25,252.8,253.0,15272,253.01,253.43,22.92,0.65
2026-03-19 13:50:00,253.0,253.25,252.65,252.9,18443,252.99,253.39,23.0,0.65
2026-03-19 13:55:00,252.9,252.9,251.75,251.9,129005,252.77,253.25,24.34,0.67
2026-03-19 14:00:00,251.95,252.3,251.35,251.7,41983,252.56,253.11,26.01,0.69
2026-03-19 14:05:00,251.7,251.7,251.25,251.25,22987,252.3,252.94,27.66,0.67
2026-03-19 14:10:00,251.4,251.4,250.9,250.95,111121,252.03,252.76,29.52,0.67
2026-03-19 14:15:00,250.9,251.9,250.8,251.55,74865,251.93,252.65,29.9,0.69
2026-03-19 14:20:00,251.55,252.15,251.3,252.05,27712,251.96,252.6,29.66,0.69
2026-03-19 14:25:00,252.15,252.25,251.6,251.65,23758,251.89,252.51,29.21,0.69
2026-03-19 14:30:00,251.65,252.5,251.65,252.35,33596,251.99,252.49,28.21,0.7
2026-03-19 14:35:00,252.35,252.65,251.45,251.5,34982,251.89,252.4,27.6,0.72
2026-03-19 14:40:00,251.6,252.15,251.2,252.15,40965,251.94,252.38,27.42,0.73
2026-03-19 14:45:00,252.1,252.4,251.2,251.5,48558,251.85,252.3,26.66,0.76
2026-03-19 14:50:00,251.5,251.5,250.35,250.8,98404,251.64,252.16,27.12,0.78
2026-03-19 14:55:00,250.8,251.25,250.3,250.4,36986,251.39,252.0,27.61,0.78
2026-03-19 15:00:00,250.3,251.7,250.05,251.15,157664,251.34,251.93,27.04,0.83
2026-03-19 15:05:00,251.15,251.2,250.55,251.05,85010,251.29,251.85,26.51,0.82
2026-03-19 15:10:00,251.1,251.9,250.85,251.45,141277,251.32,251.81,24.64,0.83
2026-03-19 15:15:00,251.35,252.4,251.05,252.35,134306,251.52,251.86,23.65,0.85
2026-03-19 15:20:00,252.3,253.15,252.1,253.15,162529,251.85,251.98,23.7,0.86
2026-03-19 15:25:00,252.9,253.35,252.0,253.0,100485,252.08,252.07,23.97,0.89
2026-03-20 09:15:00,254.05,258.5,253.25,258.4,384448,253.34,252.65,27.0,1.11
2026-03-20 09:20:00,258.4,259.6,258.2,259.6,351371,254.6,253.28,30.07,1.12
2026-03-20 09:25:00,259.6,260.9,259.6,260.0,259431,255.68,253.89,33.19,1.13
2026-03-20 09:30:00,260.3,261.6,260.2,260.75,169524,256.69,254.51,36.21,1.15
2026-03-20 09:35:00,260.9,262.25,260.4,262.0,349994,257.75,255.19,39.13,1.18
2026-03-20 09:40:00,262.0,262.8,261.85,262.0,303114,258.6,255.81,41.92,1.17
2026-03-20 09:45:00,262.0,262.6,262.0,262.2,100176,259.32,256.39,44.51,1.15
2026-03-20 09:50:00,262.2,264.35,262.2,264.3,410595,260.32,257.11,47.18,1.19
2026-03-20 09:55:00,264.15,264.55,263.25,263.75,264236,261.0,257.72,49.68,1.2
2026-03-20 10:00:00,263.75,264.65,263.55,264.15,210470,261.63,258.3,52.02,1.19
2026-03-20 10:05:00,264.15,264.75,263.35,263.45,214474,262.0,258.77,53.9,1.2
2026-03-20 10:10:00,263.35,263.55,263.0,263.25,229947,262.25,259.18,55.12,1.17
2026-03-20 10:15:00,263.1,263.55,263.0,263.15,201160,262.43,259.54,56.27,1.14
2026-03-20 10:20:00,263.35,264.2,263.15,264.1,396702,262.76,259.95,57.49,1.14
2026-03-20 10:25:00,264.1,264.8,263.85,264.45,287976,263.1,260.36,58.77,1.13
2026-03-20 10:30:00,264.45,264.55,264.0,264.1,207296,263.3,260.7,59.95,1.1
2026-03-20 10:35:00,264.05,264.2,263.2,263.3,228874,263.3,260.94,59.77,1.1
2026-03-20 10:40:00,263.4,263.95,263.35,263.9,128457,263.42,261.21,59.6,1.08
2026-03-20 10:45:00,263.85,264.4,263.55,264.0,128748,263.54,261.46,59.64,1.06
2026-03-20 10:50:00,263.95,264.75,263.95,264.65,166648,263.76,261.75,59.81,1.05
2026-03-20 10:55:00,264.6,264.6,264.0,264.55,140330,263.92,262.0,59.97,1.03
2026-03-20 11:00:00,264.55,264.65,263.85,263.9,140402,263.91,262.18,59.84,1.02
2026-03-20 11:05:00,264.0,264.5,263.8,264.2,130317,263.97,262.36,59.62,1.01
2026-03-20 11:10:00,264.2,264.95,263.85,264.8,234772,264.14,262.58,59.66,1.01
2026-03-20 11:15:00,264.75,265.0,264.6,265.0,185229,264.31,262.8,59.72,0.98
2026-03-20 11:20:00,264.9,265.65,264.9,265.25,286233,264.5,263.02,60.09,0.97
2026-03-20 11:25:00,265.35,265.55,265.0,265.55,80464,264.71,263.25,60.44,0.95
2026-03-20 11:30:00,265.75,266.2,265.6,265.7,253560,264.91,263.48,61.05,0.94
2026-03-20 11:35:00,265.85,265.95,265.25,265.8,264847,265.09,263.69,60.86,0.93
2026-03-20 11:40:00,265.8,265.8,264.9,265.65,320778,265.2,263.87,59.96,0.92
2026-03-20 11:45:00,265.75,265.9,265.1,265.6,197280,265.28,264.02,59.2,0.92
2026-03-20 11:50:00,265.6,265.75,264.7,264.8,222994,265.18,264.09,57.68,0.92
2026-03-20 11:55:00,264.75,264.95,263.9,264.5,353330,265.05,264.13,54.87,0.93
2026-03-20 12:00:00,264.45,264.55,264.0,264.25,115553,264.89,264.14,52.26,0.91
2026-03-20 12:05:00,264.25,264.5,263.75,263.8,148631,264.67,264.11,49.43,0.9
2026-03-20 12:10:00,263.75,264.2,262.9,263.5,346934,264.44,264.06,46.22,0.92
2026-03-20 12:15:00,263.5,263.5,262.45,262.5,728409,264.05,263.91,43.77,0.93
2026-03-20 12:20:00,262.6,262.7,261.85,261.9,428106,263.62,263.73,42.15,0.93
2026-03-20 12:25:00,262.0,262.25,261.6,262.15,308830,263.33,263.59,40.89,0.91
2026-03-20 12:30:00,262.1,262.25,260.8,262.1,406485,263.08,263.45,40.43,0.94
2026-03-20 12:35:00,262.1,262.7,262.0,262.55,244825,262.97,263.37,39.29,0.93
2026-03-20 12:40:00,262.6,263.65,262.2,262.75,235381,262.93,263.31,36.96,0.95
2026-03-20 12:45:00,262.9,263.3,262.6,263.0,200947,262.94,263.29,34.79,0.94
2026-03-20 12:50:00,262.9,263.55,262.5,263.3,190827,263.01,263.29,32.46,0.94
2026-03-20 12:55:00,263.15,263.8,262.85,263.1,178830,263.03,263.27,30.3,0.95
2026-03-20 13:00:00,263.1,263.8,262.75,263.7,144111,263.17,263.31,28.17,0.95
2026-03-20 13:05:00,263.75,263.8,263.15,263.45,130135,263.22,263.32,26.18,0.94
2026-03-20 13:10:00,263.5,263.85,263.35,263.85,132786,263.35,263.37,24.42,0.92
2026-03-20 13:15:00,263.75,264.45,263.65,263.9,197163,263.46,263.42,23.62,0.91
2026-03-20 13:20:00,263.9,264.2,263.55,264.05,102068,263.58,263.48,22.7,0.9
2026-03-20 13:25:00,264.0,264.5,263.9,264.1,160254,263.68,263.53,22.26,0.88
2026-03-20 13:30:00,264.15,264.4,264.0,264.05,123263,263.76,263.58,21.85,0.86
2026-03-20 13:35:00,264.05,264.45,263.8,264.0,113111,263.8,263.62,21.08,0.85
2026-03-20 13:40:00,264.15,264.2,263.05,263.15,286888,263.67,263.57,20.05,0.86
2026-03-20 13:45:00,263.1,263.3,262.75,263.2,172587,263.58,263.54,19.51,0.85
2026-03-20 13:50:00,263.0,263.6,263.0,263.5,129653,263.56,263.54,18.5,0.84
2026-03-20 13:55:00,263.5,263.8,263.0,263.3,132784,263.51,263.52,17.22,0.84
2026-03-20 14:00:00,263.4,264.1,263.1,264.0,120724,263.61,263.56,16.43,0.84
2026-03-20 14:05:00,264.05,264.2,263.35,263.65,186513,263.62,263.57,15.84,0.84
2026-03-20 14:10:00,263.55,263.65,262.9,263.2,154815,263.53,263.53,14.91,0.84
2026-03-20 14:15:00,262.95,263.3,262.75,263.1,290647,263.45,263.49,14.29,0.83
2026-03-20 14:20:00,263.15,263.4,262.5,262.85,254966,263.33,263.44,14.11,0.83
2026-03-20 14:25:00,262.85,262.85,262.2,262.6,296761,263.18,263.36,14.39,0.82
2026-03-20 14:30:00,262.6,263.25,261.7,263.05,495766,263.16,263.33,15.32,0.86
2026-03-20 14:35:00,263.0,263.1,262.6,263.1,238187,263.14,263.31,16.19,0.84
2026-03-20 14:40:00,263.2,263.2,262.15,262.3,277034,262.98,263.22,17.54,0.85
2026-03-20 14:45:00,262.25,262.85,262.2,262.75,255940,262.93,263.18,18.79,0.84
2026-03-20 14:50:00,262.75,262.75,262.15,262.35,275694,262.81,263.1,20.02,0.83
2026-03-20 14:55:00,262.4,262.65,262.15,262.3,308716,262.71,263.03,21.16,0.81
2026-03-20 15:00:00,262.25,262.65,261.5,262.55,540834,262.68,262.98,22.99,0.83
2026-03-20 15:05:00,262.55,262.85,262.4,262.7,398308,262.68,262.96,24.14,0.81
2026-03-20 15:10:00,262.7,262.75,262.0,262.45,438189,262.64,262.91,25.64,0.81
2026-03-20 15:15:00,262.4,262.5,261.7,261.7,512851,262.45,262.8,27.35,0.81
2026-03-20 15:20:00,261.7,262.25,261.5,261.7,486938,262.3,262.7,29.11,0.8
2026-03-20 15:25:00,261.8,261.8,260.5,261.5,349358,262.14,262.59,31.5,0.83
2026-03-23 09:15:00,260.2,260.25,255.9,256.8,461617,261.07,262.07,35.11,1.06
2026-03-23 09:20:00,256.85,258.05,256.15,256.6,256905,260.18,261.57,38.46,1.1
2026-03-23 09:25:00,256.55,256.7,255.15,255.45,265001,259.23,261.01,41.73,1.12
2026-03-23 09:30:00,255.35,256.25,255.05,256.0,348567,258.59,260.56,44.77,1.12
2026-03-23 09:35:00,255.95,256.3,255.65,256.1,131679,258.09,260.15,47.51,1.1
2026-03-23 09:40:00,255.9,256.2,255.2,256.2,201624,257.71,259.79,50.12,1.09
2026-03-23 09:45:00,255.9,255.9,254.55,254.85,181050,257.14,259.34,52.65,1.12
2026-03-23 09:50:00,254.95,254.95,253.5,253.8,172553,256.47,258.84,55.13,1.14
2026-03-23 09:55:00,253.75,254.45,253.7,253.95,124936,255.97,258.4,57.43,1.12
2026-03-23 10:00:00,253.95,254.1,253.2,254.1,83627,255.59,258.0,59.63,1.11
2026-03-23 10:05:00,254.05,254.6,253.6,253.85,81343,255.24,257.63,60.77,1.1
2026-03-23 10:10:00,253.7,253.75,252.8,252.95,126457,254.79,257.2,62.0,1.1
2026-03-23 10:15:00,253.0,253.0,252.0,252.0,143405,254.23,256.73,63.31,1.09
2026-03-23 10:20:00,252.0,252.5,251.75,251.75,167958,253.73,256.28,64.57,1.08
2026-03-23 10:25:00,251.75,251.95,251.1,251.4,117324,253.27,255.83,65.86,1.07
2026-03-23 10:30:00,251.4,251.9,251.4,251.75,55890,252.96,255.46,67.05,1.04
2026-03-23 10:35:00,251.75,253.15,251.7,252.35,97014,252.84,255.18,66.1,1.06
2026-03-23 10:40:00,252.35,252.5,251.9,252.15,45024,252.7,254.9,65.22,1.04
2026-03-23 10:45:00,252.15,252.25,251.65,252.0,39422,252.56,254.64,64.52,1.02
2026-03-23 10:50:00,252.0,252.1,251.2,251.65,59980,252.38,254.37,64.08,1.01
2026-03-23 10:55:00,251.65,251.8,251.3,251.5,34937,252.2,254.11,63.66,0.99
2026-03-23 11:00:00,251.5,251.55,250.7,251.55,125006,252.07,253.87,63.55,0.98
2026-03-23 11:05:00,251.55,252.5,251.2,251.7,71672,252.0,253.68,61.9,1.0
2026-03-23 11:10:00,251.9,251.9,251.15,251.45,40053,251.89,253.47,60.4,0.98
2026-03-23 11:15:00,251.3,251.7,251.05,251.3,76014,251.77,253.28,59.08,0.97
2026-03-23 11:20:00,251.3,251.95,251.1,251.45,66798,251.71,253.11,57.43,0.96
2026-03-23 11:25:00,251.6,251.8,251.0,251.65,45402,251.7,252.98,55.99,0.95
2026-03-23 11:30:00,251.7,251.9,250.85,250.95,75182,251.55,252.79,54.76,0.96
2026-03-23 11:35:00,251.05,251.2,250.85,251.15,36280,251.47,252.64,53.63,0.93
2026-03-23 11:40:00,251.15,251.6,250.5,250.5,75915,251.27,252.45,51.8,0.94
2026-03-23 11:45:00,250.55,250.65,250.2,250.35,70022,251.09,252.26,50.41,0.92
2026-03-23 11:50:00,250.5,251.15,250.4,250.9,57635,251.05,252.13,48.21,0.91
2026-03-23 11:55:00,250.9,251.15,250.3,250.85,51330,251.01,252.02,46.29,0.91
2026-03-23 12:00:00,250.9,251.1,250.3,250.3,43043,250.87,251.86,44.5,0.9
2026-03-23 12:05:00,250.25,251.6,250.15,251.6,137398,251.01,251.84,41.94,0.93
2026-03-23 12:10:00,251.6,251.75,250.7,250.75,76468,250.96,251.74,39.3,0.93
2026-03-23 12:15:00,250.65,250.7,250.1,250.55,101403,250.88,251.63,37.68,0.92
2026-03-23 12:20:00,250.45,250.6,249.75,249.95,154627,250.69,251.48,36.62,0.92
2026-03-23 12:25:00,250.0,250.45,249.25,250.4,152005,250.63,251.38,36.18,0.93
2026-03-23 12:30:00,250.35,250.8,249.9,250.2,104020,250.55,251.27,35.12,0.93
2026-03-23 12:35:00,250.25,251.15,250.15,250.5,109813,250.54,251.2,33.53,0.93
2026-03-23 12:40:00,250.5,251.0,250.25,250.85,60931,250.6,251.17,32.05,0.92
2026-03-23 12:45:00,251.0,251.0,250.5,250.9,58039,250.66,251.15,30.67,0.9
2026-03-23 12:50:00,250.9,250.9,250.4,250.6,46174,250.65,251.1,29.55,0.88
2026-03-23 12:55:00,250.6,250.65,250.0,250.5,83565,250.62,251.04,29.09,0.87
2026-03-23 13:00:00,250.45,250.6,250.0,250.1,133838,250.52,250.96,28.66,0.86
2026-03-23 13:05:00,250.2,250.65,249.9,250.45,170216,250.5,250.91,28.4,0.85
2026-03-23 13:10:00,250.45,250.55,249.7,250.0,136271,250.4,250.83,28.46,0.85
2026-03-23 13:15:00,250.0,250.75,250.0,250.25,91763,250.37,250.78,28.0,0.85
2026-03-23 13:20:00,250.15,250.3,249.9,250.15,84370,250.33,250.72,27.73,0.83
2026-03-23 13:25:00,250.05,250.45,249.85,250.35,70593,250.33,250.68,27.09,0.82
2026-03-23 13:30:00,250.25,251.25,250.25,251.15,67109,250.5,250.73,25.56,0.83
2026-03-23 13:35:00,251.2,251.45,250.3,250.85,64036,250.57,250.74,24.48,0.84
2026-03-23 13:40:00,250.85,252.0,250.7,251.75,97146,250.8,250.83,24.34,0.86
2026-03-23 13:45:00,251.7,252.3,251.5,252.2,86110,251.08,250.95,24.62,0.86
2026-03-23 13:50:00,252.3,252.9,252.2,252.8,109905,251.43,251.12,25.57,0.85
2026-03-23 13:55:00,252.8,253.2,252.6,252.85,108650,251.71,251.28,26.76,0.84
2026-03-23 14:00:00,252.75,253.75,252.7,253.45,113577,252.06,251.48,28.35,0.85
2026-03-23 14:05:00,253.6,253.75,253.05,253.45,80004,252.34,251.66,29.83,0.84
2026-03-23 14:10:00,253.35,253.6,253.0,253.05,46898,252.48,251.78,31.07,0.83
2026-03-23 14:15:00,253.1,253.5,252.85,253.35,83766,252.65,251.93,31.81,0.82
2026-03-23 14:20:00,253.45,253.6,252.95,253.3,69959,252.78,252.05,32.62,0.81
2026-03-23 14:25:00,253.05,253.1,252.05,252.15,69015,252.66,252.06,31.26,0.84
2026-03-23 14:30:00,252.15,252.25,251.0,251.2,225927,252.37,251.98,29.73,0.86
2026-03-23 14:35:00,251.25,251.95,251.0,251.35,96378,252.16,251.92,28.3,0.86
2026-03-23 14:40:00,251.35,251.95,250.5,251.95,94984,252.12,251.93,27.64,0.89
2026-03-23 14:45:00,251.95,252.25,251.55,251.8,80739,252.06,251.91,26.5,0.88
2026-03-23 14:50:00,251.65,252.55,251.65,251.95,109620,252.03,251.92,24.94,0.88
2026-03-23 14:55:00,251.95,252.9,251.3,252.9,440434,252.21,252.01,23.49,0.91
2026-03-23 15:00:00,252.45,253.35,252.05,252.15,789353,252.2,252.02,22.21,0.93
2026-03-23 15:05:00,252.1,253.05,251.9,252.8,719926,252.32,252.09,20.77,0.94
2026-03-23 15:10:00,252.85,253.35,252.7,252.9,712891,252.43,252.16,19.91,0.93
2026-03-23 15:15:00,252.9,253.5,252.65,252.7,1001106,252.49,252.21,19.34,0.93
2026-03-23 15:20:00,252.6,252.8,252.05,252.55,289677,252.5,252.24,18.16,0.92
2026-03-23 15:25:00,252.9,252.9,252.0,252.0,255669,252.4,252.22,16.9,0.92
2026-03-24 09:15:00,258.0,258.75,255.0,255.35,489650,252.99,252.51,19.92,1.19
2026-03-24 09:20:00,255.35,256.0,254.9,256.0,285245,253.59,252.82,22.6,1.19
2026-03-24 09:25:00,256.0,257.8,256.0,257.1,211579,254.29,253.21,25.62,1.22
2026-03-24 09:30:00,256.95,257.1,256.25,256.4,86933,254.71,253.5,28.42,1.2
2026-03-24 09:35:00,256.5,256.6,255.6,256.25,180304,255.02,253.75,30.22,1.19
2026-03-24 09:40:00,256.1,256.7,255.6,255.85,69358,255.19,253.94,31.94,1.19
2026-03-24 09:45:00,255.85,255.95,255.35,255.45,57349,255.24,254.08,33.21,1.16
2026-03-24 09:50:00,255.6,255.85,255.15,255.85,86255,255.36,254.24,34.13,1.14
2026-03-24 09:55:00,255.7,256.1,255.25,255.35,71394,255.36,254.34,35.1,1.12
2026-03-24 10:00:00,255.3,255.5,254.6,254.8,66762,255.25,254.38,35.15,1.11
2026-03-24 10:05:00,254.85,255.35,254.3,254.75,174102,255.15,254.42,34.81,1.11
2026-03-24 10:10:00,254.75,254.9,254.35,254.8,106554,255.08,254.45,34.5,1.08
2026-03-24 10:15:00,254.75,255.1,254.55,254.6,56384,254.98,254.46,34.35,1.06
2026-03-24 10:20:00,254.6,255.0,254.2,254.85,69922,254.96,254.5,33.72,1.05
2026-03-24 10:25:00,255.0,255.05,253.6,253.75,102958,254.71,254.43,32.35,1.06
2026-03-24 10:30:00,253.8,253.8,253.2,253.25,86980,254.42,254.32,30.59,1.04
2026-03-24 10:35:00,253.2,253.25,252.3,252.7,145102,254.08,254.18,28.82,1.04
2026-03-24 10:40:00,252.65,253.8,252.5,253.25,100128,253.91,254.09,26.92,1.05
2026-03-24 10:45:00,253.25,254.5,253.0,253.9,92437,253.91,254.07,25.82,1.07
2026-03-24 10:50:00,253.9,254.95,253.8,254.0,193529,253.93,254.07,25.19,1.08
2026-03-24 10:55:00,254.05,254.35,253.65,253.75,134644,253.89,254.04,24.42,1.06
2026-03-24 11:00:00,253.75,254.4,253.75,254.4,69927,253.99,254.07,23.75,1.04
2026-03-24 11:05:00,254.35,255.15,254.2,254.75,36849,254.14,254.13,23.81,1.03
2026-03-24 11:10:00,254.75,254.9,254.35,254.5,43684,254.22,254.17,23.86,1.01
2026-03-24 11:15:00,254.5,255.4,254.35,255.3,127622,254.43,254.27,24.33,1.01
2026-03-24 11:20:00,255.25,255.35,254.8,254.8,35878,254.51,254.32,24.77,0.99
2026-03-24 11:25:00,254.85,255.4,254.6,255.2,50769,254.64,254.4,24.84,0.98
2026-03-24 11:30:00,255.2,255.8,255.2,255.6,84646,254.84,254.51,25.29,0.96
2026-03-24 11:35:00,255.55,255.75,255.3,255.4,32109,254.95,254.59,25.7,0.94
2026-03-24 11:40:00,255.65,255.95,255.4,255.9,46010,255.14,254.71,26.28,0.92
2026-03-24 11:45:00,255.85,256.75,255.55,256.5,86391,255.41,254.87,27.51,0.93
2026-03-24 11:50:00,256.35,256.6,256.2,256.5,76933,255.63,255.02,28.64,0.91
2026-03-24 11:55:00,256.5,257.4,256.5,256.8,150904,255.86,255.18,30.28,0.91
2026-03-24 12:00:00,256.8,256.9,256.3,256.3,34736,255.95,255.28,31.39,0.89
2026-03-24 12:05:00,256.3,256.4,255.8,256.0,61310,255.96,255.35,31.48,0.88
2026-03-24 12:10:00,256.0,256.0,255.55,255.75,42718,255.92,255.38,31.11,0.86
2026-03-24 12:15:00,255.75,255.95,255.55,255.8,50116,255.89,255.42,30.77,0.84
2026-03-24 12:20:00,255.75,258.2,255.6,258.2,155172,256.36,255.67,32.19,0.92
2026-03-24 12:25:00,258.25,258.45,256.7,257.4,87725,256.56,255.83,33.63,0.96
2026-03-24 12:30:00,257.4,258.45,257.3,258.45,65390,256.94,256.07,34.97,0.97
2026-03-24 12:35:00,258.45,258.85,258.25,258.85,67224,257.32,256.32,36.44,0.95
2026-03-24 12:40:00,258.85,259.65,258.6,259.15,132194,257.69,256.58,38.2,0.96
2026-03-24 12:45:00,259.5,259.95,259.2,259.45,91157,258.04,256.84,39.96,0.95
2026-03-24 12:50:00,259.5,259.8,259.3,259.45,38767,258.32,257.08,41.6,0.93
2026-03-24 12:55:00,259.6,259.7,258.4,259.0,76935,258.46,257.25,41.47,0.95
2026-03-24 13:00:00,259.1,259.1,258.6,258.85,43171,258.54,257.4,41.35,0.92
2026-03-24 13:05:00,258.9,258.9,258.0,258.35,50626,258.5,257.48,40.25,0.92
2026-03-24 13:10:00,258.35,258.85,258.25,258.7,40063,258.54,257.59,39.22,0.91
2026-03-24 13:15:00,258.6,258.8,258.35,258.8,80849,258.59,257.7,38.27,0.89
2026-03-24 13:20:00,258.8,259.1,258.35,259.1,52568,258.69,257.83,37.7,0.88
2026-03-24 13:25:00,259.05,259.75,258.95,259.75,41542,258.9,258.01,37.76,0.88
2026-03-24 13:30:00,259.75,260.0,259.1,259.9,98716,259.1,258.18,38.03,0.88
2026-03-24 13:35:00,259.95,260.0,258.9,259.2,44372,259.12,258.27,37.88,0.89
2026-03-24 13:40:00,259.15,259.8,259.1,259.3,49534,259.16,258.36,37.74,0.88
2026-03-24 13:45:00,259.3,259.5,258.15,258.2,60835,258.97,258.35,35.89,0.9
2026-03-24 13:50:00,258.2,258.85,258.15,258.4,46635,258.85,258.35,34.18,0.89
2026-03-24 13:55:00,258.55,258.95,258.55,258.6,42803,258.8,258.38,32.72,0.88
2026-03-24 14:00:00,258.7,258.85,257.6,257.65,101787,258.57,258.31,30.84,0.89
2026-03-24 14:05:00,257.65,258.0,257.45,257.6,83002,258.38,258.25,29.3,0.88
2026-03-24 14:10:00,257.55,258.2,257.3,257.85,400704,258.27,258.21,27.55,0.88
2026-03-24 14:15:00,257.8,258.75,257.75,258.4,97108,258.3,258.23,26.04,0.88
2026-03-24 14:20:00,258.45,258.7,257.6,258.05,40585,258.25,258.21,24.41,0.89
2026-03-24 14:25:00,258.05,258.25,257.55,258.05,59123,258.21,258.2,22.81,0.88
2026-03-24 14:30:00,258.1,258.3,257.7,258.05,65081,258.18,258.18,21.4,0.87
2026-03-24 14:35:00,258.05,258.2,256.85,256.9,133852,257.92,258.07,20.93,0.89
2026-03-24 14:40:00,256.8,257.65,256.6,257.25,71128,257.79,257.99,20.81,0.9
2026-03-24 14:45:00,257.15,257.6,256.9,257.6,64673,257.75,257.96,20.7,0.89
2026-03-24 14:50:00,257.6,257.75,257.25,257.55,62244,257.71,257.92,20.3,0.87
2026-03-24 14:55:00,257.55,258.3,257.4,258.1,69470,257.79,257.94,18.93,0.87
2026-03-24 15:00:00,257.95,258.3,257.3,258.15,125424,257.86,257.96,17.82,0.88
2026-03-24 15:05:00,258.2,258.7,257.95,258.65,141034,258.02,258.02,16.98,0.87
2026-03-24 15:10:00,258.7,259.1,258.1,258.4,195430,258.09,258.05,16.8,0.88
2026-03-24 15:15:00,258.4,258.5,257.6,258.5,122766,258.18,258.09,15.75,0.88
2026-03-24 15:20:00,258.5,258.5,257.9,258.0,154440,258.14,258.09,14.78,0.87
2026-03-24 15:25:00,258.0,258.2,257.05,257.8,106440,258.07,258.06,14.84,0.88
2026-03-25 09:15:00,259.95,261.7,259.35,261.05,311790,258.67,258.33,16.27,1.02
2026-03-25 09:20:00,261.05,262.65,261.05,262.5,143492,259.43,258.71,18.12,1.05
2026-03-25 09:25:00,262.4,263.25,262.35,263.2,148206,260.19,259.12,20.14,1.05
2026-03-25 09:30:00,263.1,263.75,262.8,263.6,122670,260.87,259.53,22.24,1.04
2026-03-25 09:35:00,263.7,263.9,263.0,263.15,115633,261.33,259.86,24.26,1.03
2026-03-25 09:40:00,263.15,264.1,262.7,263.95,184767,261.85,260.23,25.71,1.05
2026-03-25 09:45:00,263.85,263.9,263.1,263.4,70718,262.16,260.52,27.06,1.04
2026-03-25 09:50:00,263.35,263.35,262.75,263.1,64331,262.35,260.75,27.79,1.02
2026-03-25 09:55:00,263.3,264.15,263.05,264.1,184692,262.7,261.06,28.96,1.03
2026-03-25 10:00:00,264.15,265.35,264.0,265.25,271561,263.21,261.44,30.65,1.04
2026-03-25 10:05:00,265.35,265.55,264.7,265.05,149762,263.58,261.77,32.32,1.03
2026-03-25 10:10:00,265.05,266.1,265.0,266.1,136961,264.08,262.16,34.1,1.04
2026-03-25 10:15:00,266.1,266.25,265.55,265.75,103872,264.42,262.49,35.83,1.02
2026-03-25 10:20:00,265.6,266.1,265.55,265.8,66488,264.69,262.79,37.42,1.0
2026-03-25 10:25:00,265.8,266.15,265.6,265.9,62929,264.93,263.07,38.93,0.98
2026-03-25 10:30:00,265.95,266.2,265.7,266.05,88975,265.16,263.34,40.36,0.95
2026-03-25 10:35:00,265.95,266.15,265.85,266.15,61322,265.36,263.6,41.68,0.92
2026-03-25 10:40:00,266.15,266.8,265.95,266.6,103608,265.6,263.87,43.25,0.92
2026-03-25 10:45:00,266.6,266.6,265.85,266.45,133608,265.77,264.1,44.49,0.91
2026-03-25 10:50:00,266.45,266.6,266.05,266.3,44988,265.88,264.3,45.64,0.89
2026-03-25 10:55:00,266.3,266.8,265.35,265.75,184642,265.85,264.44,45.19,0.92
2026-03-25 11:00:00,265.8,265.95,265.6,265.65,46279,265.81,264.55,44.78,0.89
2026-03-25 11:05:00,265.75,266.4,265.7,266.1,49006,265.87,264.69,44.79,0.89
2026-03-25 11:10:00,266.1,266.1,265.7,265.7,51533,265.84,264.78,44.79,0.86
2026-03-25 11:15:00,265.7,265.85,265.05,265.85,101746,265.84,264.88,43.45,0.86
2026-03-25 11:20:00,265.8,266.35,265.15,265.35,372042,265.74,264.92,42.72,0.88
2026-03-25 11:25:00,265.2,265.45,264.8,264.9,76946,265.57,264.92,41.39,0.87
2026-03-25 11:30:00,264.9,265.1,264.75,264.85,42978,265.43,264.91,40.07,0.84
2026-03-25 11:35:00,264.95,265.0,263.8,264.0,140385,265.14,264.83,37.29,0.86
2026-03-25 11:40:00,263.85,264.75,263.8,264.5,85890,265.01,264.8,34.72,0.86
2026-03-25 11:45:00,264.6,265.65,264.5,265.3,125499,265.07,264.84,33.47,0.88
2026-03-25 11:50:00,265.25,265.75,265.25,265.7,57949,265.2,264.92,32.42,0.86
2026-03-25 11:55:00,265.65,265.65,264.75,265.15,73876,265.19,264.94,30.66,0.86
2026-03-25 12:00:00,265.05,265.4,264.85,265.35,37259,265.22,264.98,29.03,0.85
2026-03-25 12:05:00,265.3,265.5,265.05,265.4,18266,265.26,265.02,27.65,0.83
2026-03-25 12:10:00,265.35,265.65,265.1,265.5,21461,265.3,265.06,26.58,0.82
2026-03-25 12:15:00,265.5,265.7,265.3,265.7,25011,265.38,265.12,25.66,0.8
2026-03-25 12:20:00,265.7,265.95,265.55,265.55,29527,265.42,265.16,25.17,0.78
2026-03-25 12:25:00,265.6,265.7,265.1,265.3,45612,265.39,265.17,23.85,0.77
2026-03-25 12:30:00,265.3,265.7,264.95,265.25,33842,265.36,265.18,22.34,0.77
2026-03-25 12:35:00,265.25,265.35,264.9,265.0,28821,265.29,265.16,20.86,0.75
2026-03-25 12:40:00,265.0,265.15,264.7,265.05,40573,265.24,265.15,19.63,0.74
2026-03-25 12:45:00,265.0,265.15,264.6,264.95,40542,265.18,265.13,18.68,0.73
2026-03-25 12:50:00,265.0,265.0,264.5,264.65,35053,265.08,265.09,17.99,0.72
2026-03-25 12:55:00,264.55,264.65,264.1,264.3,34762,264.92,265.02,18.05,0.71
2026-03-25 13:00:00,264.3,265.0,264.2,264.9,41477,264.92,265.01,17.32,0.71
2026-03-25 13:05:00,264.9,265.3,264.55,264.8,50838,264.89,264.99,16.13,0.72
2026-03-25 13:10:00,264.85,265.0,264.65,264.75,24132,264.87,264.97,15.03,0.7
2026-03-25 13:15:00,264.75,264.95,264.55,264.65,13980,264.82,264.94,14.12,0.68
2026-03-25 13:20:00,264.65,264.8,264.4,264.7,14899,264.8,264.92,13.59,0.67
2026-03-25 13:25:00,264.7,265.0,264.45,264.55,34069,264.75,264.88,12.63,0.67
2026-03-25 13:30:00,264.4,264.75,264.05,264.7,33666,264.74,264.87,12.58,0.67
2026-03-25 13:35:00,264.65,264.95,264.6,264.75,25622,264.74,264.86,12.05,0.65
2026-03-25 13:40:00,264.9,265.0,264.7,265.0,57200,264.79,264.87,11.45,0.64
2026-03-25 13:45:00,265.0,265.5,264.9,265.35,63190,264.9,264.91,11.45,0.63
2026-03-25 13:50:00,265.2,265.6,265.1,265.25,55774,264.97,264.94,11.63,0.63
2026-03-25 13:55:00,265.25,265.4,265.0,265.25,49826,265.03,264.97,11.55,0.62
2026-03-25 14:00:00,265.1,265.6,265.1,265.4,41897,265.1,265.01,11.88,0.61
2026-03-25 14:05:00,265.4,265.4,264.4,264.5,75777,264.98,264.96,11.48,0.63
2026-03-25 14:10:00,264.6,264.7,264.3,264.4,52388,264.87,264.91,11.3,0.62
2026-03-25 14:15:00,264.4,264.55,264.2,264.25,37909,264.74,264.85,11.33,0.61
2026-03-25 14:20:00,264.3,264.4,263.1,263.15,152551,264.42,264.7,13.02,0.64
2026-03-25 14:25:00,263.25,263.65,263.15,263.4,63588,264.22,264.58,14.59,0.63
2026-03-25 14:30:00,263.55,263.65,263.1,263.2,83375,264.02,264.45,16.11,0.63
2026-03-25 14:35:00,263.3,263.4,262.8,262.95,68336,263.8,264.32,17.89,0.63
2026-03-25 14:40:00,263.0,263.3,262.55,262.95,122298,263.63,264.19,19.83,0.63
2026-03-25 14:45:00,262.8,262.95,261.95,262.25,178467,263.36,264.02,22.22,0.65
2026-03-25 14:50:00,262.2,262.45,261.85,262.05,89514,263.09,263.84,24.52,0.65
2026-03-25 14:55:00,262.0,262.5,261.4,262.4,145540,262.96,263.71,27.03,0.67
2026-03-25 15:00:00,262.4,262.5,261.5,262.3,127673,262.82,263.58,29.36,0.69
2026-03-25 15:05:00,262.25,262.65,262.1,262.65,178969,262.79,263.49,31.04,0.68
2026-03-25 15:10:00,262.65,262.65,262.05,262.2,151212,262.67,263.38,32.66,0.67
2026-03-25 15:15:00,262.3,262.4,261.6,261.8,126989,262.5,263.23,34.57,0.68
2026-03-25 15:20:00,261.65,262.05,261.5,261.7,132694,262.34,263.09,36.43,0.67
2026-03-25 15:25:00,261.7,262.2,261.45,262.2,126260,262.31,263.01,37.65,0.68
2026-03-27 09:15:00,260.3,260.7,257.7,258.5,370341,261.55,262.6,40.59,0.86
2026-03-27 09:20:00,258.4,260.9,258.05,260.25,308577,261.29,262.39,42.94,0.95
2026-03-27 09:25:00,260.2,261.45,259.8,260.45,279821,261.12,262.21,44.09,0.99
2026-03-27 09:30:00,260.65,260.65,259.35,259.5,117771,260.8,261.97,45.36,1.0
2026-03-27 09:35:00,259.3,259.35,258.5,259.25,127323,260.49,261.72,46.87,1.0
2026-03-27 09:40:00,259.3,259.8,259.2,259.55,73124,260.3,261.52,47.5,0.98
2026-03-27 09:45:00,259.7,259.8,259.35,259.5,48326,260.14,261.34,48.09,0.96
2026-03-27 09:50:00,259.65,259.65,258.8,258.8,44733,259.87,261.11,48.9,0.95
2026-03-27 09:55:00,258.75,258.85,258.1,258.4,92102,259.58,260.86,49.96,0.94
2026-03-27 10:00:00,258.4,258.75,258.1,258.45,75763,259.35,260.64,50.93,0.93
2026-03-27 10:05:00,258.5,258.5,257.6,257.85,107142,259.05,260.39,52.04,0.93
2026-03-27 10:10:00,257.85,257.95,257.1,257.4,67528,258.72,260.12,53.26,0.92
2026-03-27 10:15:00,257.4,257.4,256.45,256.45,126241,258.27,259.78,54.61,0.93
2026-03-27 10:20:00,256.55,257.05,256.35,257.05,70986,258.02,259.53,55.9,0.91
2026-03-27 10:25:00,257.05,257.4,256.9,257.25,48376,257.87,259.33,56.39,0.89
2026-03-27 10:30:00,257.25,257.65,256.75,256.9,88668,257.68,259.11,56.35,0.9
2026-03-27 10:35:00,256.95,257.15,256.65,257.0,64310,257.54,258.91,56.38,0.88
2026-03-27 10:40:00,257.0,257.15,256.6,256.7,50374,257.37,258.71,56.43,0.86
2026-03-27 10:45:00,256.7,256.7,256.0,256.1,78729,257.12,258.48,56.81,0.85
2026-03-27 10:50:00,256.15,256.4,255.95,255.95,77854,256.88,258.25,57.19,0.83
2026-03-27 10:55:00,256.0,256.7,255.9,256.5,92774,256.81,258.09,56.86,0.83
2026-03-27 11:00:00,256.5,256.85,256.1,256.45,66330,256.74,257.94,56.22,0.83
2026-03-27 11:05:00,256.45,256.9,256.25,256.9,40359,256.77,257.84,55.51,0.82
2026-03-27 11:10:00,256.9,257.4,256.8,257.1,76298,256.83,257.78,53.74,0.81
2026-03-27 11:15:00,257.0,257.45,256.75,256.9,50588,256.85,257.7,52.1,0.8
2026-03-27 11:20:00,256.9,256.9,256.25,256.5,67931,256.78,257.59,51.12,0.8
2026-03-27 11:25:00,256.5,256.7,256.05,256.1,82309,256.64,257.45,50.41,0.79
2026-03-27 11:30:00,256.1,256.8,256.1,256.5,36566,256.61,257.37,49.51,0.79
2026-03-27 11:35:00,256.5,257.1,256.4,256.95,49857,256.68,257.33,47.97,0.78
2026-03-27 11:40:00,256.95,256.95,256.3,256.7,44779,256.69,257.27,46.68,0.78
2026-03-27 11:45:00,256.65,256.75,256.35,256.45,29771,256.64,257.2,45.47,0.76
2026-03-27 11:50:00,256.45,256.95,256.4,256.9,41184,256.69,257.17,43.85,0.75
2026-03-27 11:55:00,256.9,256.9,255.8,256.1,104180,256.57,257.07,43.17,0.76
2026-03-27 12:00:00,256.05,256.1,255.6,255.9,62121,256.44,256.97,42.77,0.75
2026-03-27 12:05:00,255.85,256.05,255.3,255.9,115785,256.33,256.87,42.74,0.75
2026-03-27 12:10:00,255.9,256.4,255.7,256.15,54712,256.29,256.8,41.83,0.75
2026-03-27 12:15:00,256.15,256.15,255.3,255.45,66030,256.13,256.68,41.47,0.75
2026-03-27 12:20:00,255.45,255.8,255.15,255.75,71034,256.05,256.6,41.3,0.75
2026-03-27 12:25:00,255.7,256.45,255.65,256.1,50190,256.06,256.55,39.66,0.75
2026-03-27 12:30:00,256.1,256.15,255.4,255.75,60319,256.0,256.48,38.48,0.75
2026-03-27 12:35:00,255.75,255.8,255.4,255.8,47731,255.96,256.42,37.38,0.73
2026-03-27 12:40:00,255.8,256.3,255.7,256.05,67163,255.98,256.38,35.32,0.73
2026-03-27 12:45:00,256.2,256.5,255.85,256.3,37650,256.04,256.38,33.02,0.72
2026-03-27 12:50:00,256.3,256.75,256.1,256.6,58892,256.15,256.4,30.89,0.72
2026-03-27 12:55:00,256.6,256.65,256.1,256.6,62654,256.24,256.41,28.91,0.71
2026-03-27 13:00:00,256.6,256.7,256.0,256.15,61842,256.22,256.39,26.87,0.71
2026-03-27 13:05:00,256.15,256.35,255.95,256.25,51112,256.23,256.38,25.03,0.7
2026-03-27 13:10:00,256.25,256.55,256.05,256.4,58006,256.26,256.38,23.59,0.69
2026-03-27 13:15:00,256.45,257.55,256.3,257.3,92251,256.47,256.46,23.91,0.71
2026-03-27 13:20:00,257.25,257.35,256.7,257.2,109688,256.62,256.53,24.21,0.71
2026-03-27 13:25:00,257.1,257.5,256.65,256.8,73253,256.65,256.55,24.69,0.72
2026-03-27 13:30:00,256.8,257.1,256.5,256.8,63915,256.68,256.58,24.75,0.71
2026-03-27 13:35:00,256.75,257.15,256.5,256.7,64458,256.69,256.59,24.88,0.71
2026-03-27 13:40:00,256.65,257.25,256.55,257.15,79039,256.78,256.64,25.16,0.71
2026-03-27 13:45:00,257.1,257.25,256.85,257.05,51080,256.83,256.68,25.43,0.69
2026-03-27 13:50:00,257.05,257.35,256.8,257.15,81901,256.9,256.72,25.85,0.69
2026-03-27 13:55:00,257.0,257.15,256.2,256.35,103734,256.79,256.69,24.52,0.7
2026-03-27 14:00:00,256.3,256.45,256.0,256.4,58754,256.71,256.66,22.82,0.69
2026-03-27 14:05:00,256.3,256.4,255.6,256.1,74776,256.59,256.61,21.98,0.69
2026-03-27 14:10:00,255.95,256.4,255.6,256.35,62738,256.54,256.59,21.21,0.7
2026-03-27 14:15:00,256.2,256.3,255.6,255.85,51689,256.4,256.52,20.48,0.7
2026-03-27 14:20:00,255.85,256.05,255.5,255.9,55621,256.3,256.46,20.04,0.69
2026-03-27 14:25:00,255.7,256.1,255.55,255.9,86955,256.22,256.41,19.47,0.69
2026-03-27 14:30:00,255.9,255.9,255.3,255.55,75882,256.09,256.33,19.52,0.68
2026-03-27 14:35:00,255.55,256.0,255.35,255.5,79497,255.97,256.26,19.24,0.68
2026-03-27 14:40:00,255.5,256.55,255.35,255.7,73652,255.92,256.21,18.26,0.71
2026-03-27 14:45:00,255.7,256.2,255.65,255.95,69320,255.92,256.18,17.35,0.7
2026-03-27 14:50:00,255.8,255.9,255.5,255.85,94601,255.91,256.15,16.13,0.69
2026-03-27 14:55:00,255.75,255.85,255.1,255.25,90970,255.78,256.07,15.96,0.69
2026-03-27 15:00:00,255.25,255.25,254.65,254.75,229404,255.57,255.95,16.67,0.69
2026-03-27 15:05:00,254.75,254.95,254.45,254.6,198344,255.38,255.83,17.67,0.68
2026-03-27 15:10:00,254.65,255.15,254.55,254.7,192388,255.24,255.73,18.0,0.67
2026-03-27 15:15:00,254.7,255.0,254.55,254.8,245578,255.15,255.64,18.31,0.66
2026-03-27 15:20:00,254.8,255.25,254.6,254.9,310825,255.1,255.57,17.85,0.66
2026-03-27 15:25:00,254.8,255.1,254.65,255.0,164645,255.08,255.52,17.43,0.65
2026-03-30 09:15:00,250.35,252.1,249.2,250.5,595171,254.17,255.07,21.33,0.9
2026-03-30 09:20:00,250.35,251.3,249.85,249.85,387728,253.3,254.59,24.94,0.92
2026-03-30 09:25:00,249.9,251.45,249.9,251.05,201134,252.85,254.27,28.04,0.96
2026-03-30 09:30:00,251.1,252.6,250.65,252.5,369010,252.78,254.11,29.12,1.0
2026-03-30 09:35:00,252.6,253.35,252.2,252.4,241755,252.71,253.95,29.15,1.01
2026-03-30 09:40:00,252.15,253.35,252.05,252.8,149951,252.72,253.85,29.28,1.02
2026-03-30 09:45:00,252.85,253.5,252.4,252.65,115636,252.71,253.74,29.2,1.03
2026-03-30 09:50:00,252.55,253.45,252.4,252.65,95452,252.7,253.64,29.13,1.03
2026-03-30 09:55:00,252.75,253.05,252.3,252.4,73003,252.64,253.53,29.14,1.02
2026-03-30 10:00:00,252.4,254.85,252.4,254.0,765262,252.91,253.57,27.16,1.08
2026-03-30 10:05:00,253.9,254.15,252.8,253.0,54929,252.93,253.52,25.32,1.1
2026-03-30 10:10:00,252.85,252.95,252.0,252.5,118306,252.84,253.43,24.2,1.09
2026-03-30 10:15:00,252.6,252.75,251.5,251.5,57413,252.57,253.25,23.6,1.1
2026-03-30 10:20:00,251.55,251.6,251.1,251.3,35457,252.32,253.07,23.38,1.07
2026-03-30 10:25:00,251.3,251.6,251.05,251.25,59765,252.11,252.91,23.22,1.05
2026-03-30 10:30:00,251.35,251.35,250.6,250.8,59602,251.84,252.72,23.45,1.03
2026-03-30 10:35:00,250.8,251.7,250.75,251.45,112250,251.77,252.6,23.18,1.03
2026-03-30 10:40:00,251.45,251.45,250.6,250.65,40098,251.54,252.42,23.07,1.02
2026-03-30 10:45:00,250.65,251.2,250.65,250.9,33411,251.41,252.29,22.97,1.0
2026-03-30 10:50:00,250.85,251.1,250.05,250.05,91535,251.14,252.08,23.43,1.0
2026-03-30 10:55:00,250.1,250.75,250.0,250.35,67413,250.98,251.92,23.91,0.99
2026-03-30 11:00:00,250.3,250.75,249.95,250.5,111088,250.89,251.8,24.4,0.98
2026-03-30 11:05:00,250.5,250.75,250.3,250.35,57684,250.78,251.66,24.85,0.95
2026-03-30 11:10:00,250.25,250.5,249.7,250.05,73809,250.63,251.52,25.85,0.95
2026-03-30 11:15:00,250.05,250.05,249.55,249.6,38624,250.43,251.34,26.91,0.92
2026-03-30 11:20:00,249.55,250.35,249.5,249.65,93190,250.27,251.19,27.28,0.92
2026-03-30 11:25:00,249.65,249.95,249.45,249.9,47070,250.2,251.07,27.68,0.9
2026-03-30 11:30:00,249.85,250.45,249.7,250.2,47050,250.2,250.99,27.04,0.89
2026-03-30 11:35:00,250.3,251.25,250.3,250.55,63547,250.27,250.95,25.15,0.9
2026-03-30 11:40:00,250.65,250.65,249.6,249.7,97333,250.15,250.84,24.29,0.91
2026-03-30 11:45:00,249.7,249.7,249.3,249.4,61910,250.0,250.71,23.83,0.88
2026-03-30 11:50:00,249.3,249.4,248.65,249.0,125994,249.8,250.55,24.08,0.88
2026-03-30 11:55:00,249.05,249.65,249.0,249.45,37563,249.73,250.45,23.89,0.87
2026-03-30 12:00:00,249.45,251.1,249.35,250.75,117866,249.94,250.48,22.56,0.91
2026-03-30 12:05:00,250.8,251.0,249.7,250.5,86359,250.05,250.48,21.32,0.93
2026-03-30 12:10:00,250.5,251.95,250.45,251.75,113877,250.39,250.6,21.14,0.96
2026-03-30 12:15:00,251.8,252.0,251.25,251.35,51833,250.58,250.66,21.01,0.95
2026-03-30 12:20:00,251.45,251.8,251.0,251.15,50487,250.69,250.71,20.54,0.94
2026-03-30 12:25:00,251.15,251.35,250.65,251.35,73333,250.83,250.77,19.63,0.93
2026-03-30 12:30:00,251.35,251.35,251.0,251.3,89633,250.92,250.82,18.78,0.9
2026-03-30 12:35:00,251.3,252.0,251.2,251.95,117697,251.13,250.92,18.73,0.89
2026-03-30 12:40:00,251.95,254.4,251.8,254.0,334975,251.7,251.2,20.49,0.98
2026-03-30 12:45:00,253.9,254.6,253.0,253.0,381215,251.96,251.36,22.24,1.01
2026-03-30 12:50:00,253.1,253.9,251.9,252.95,257875,252.16,251.51,22.44,1.05
2026-03-30 12:55:00,252.95,253.0,252.5,252.6,72674,252.25,251.61,22.62,1.03
2026-03-30 13:00:00,252.65,252.9,252.35,252.65,101761,252.33,251.7,22.6,1.0
2026-03-30 13:05:00,252.65,253.55,252.6,252.85,145466,252.43,251.81,23.08,1.0
2026-03-30 13:10:00,252.85,253.0,252.45,253.0,72184,252.55,251.91,23.32,0.98
2026-03-30 13:15:00,253.0,253.45,253.0,253.35,70528,252.71,252.04,23.9,0.95
2026-03-30 13:20:00,253.35,253.75,253.2,253.3,115040,252.83,252.16,24.66,0.94
2026-03-30 13:25:00,253.3,253.4,252.55,253.2,69496,252.9,252.25,24.44,0.93
2026-03-30 13:30:00,253.25,253.9,252.85,253.9,89064,253.1,252.4,24.65,0.94
2026-03-30 13:35:00,253.85,254.15,253.2,253.45,120995,253.17,252.5,25.04,0.94
2026-03-30 13:40:00,253.45,253.5,251.8,252.1,172951,252.96,252.46,23.66,0.97
2026-03-30 13:45:00,252.1,252.25,251.95,252.1,63512,252.78,252.43,22.39,0.94
2026-03-30 13:50:00,252.1,252.2,251.05,251.05,137135,252.44,252.3,21.3,0.95
2026-03-30 13:55:00,251.05,251.25,250.6,250.7,164178,252.09,252.16,20.7,0.94
2026-03-30 14:00:00,250.7,251.85,250.1,251.45,233273,251.96,252.09,19.48,0.98
2026-03-30 14:05:00,251.55,251.75,251.05,251.2,88803,251.81,252.01,18.36,0.96
2026-03-30 14:10:00,251.05,251.5,250.65,251.05,156161,251.66,251.92,17.72,0.96
2026-03-30 14:15:00,251.05,251.2,250.55,250.6,80221,251.45,251.8,17.22,0.94
2026-03-30 14:20:00,250.65,250.9,249.75,250.0,240813,251.16,251.64,17.53,0.95
2026-03-30 14:25:00,250.0,250.25,249.55,249.7,126618,250.87,251.46,17.98,0.94
2026-03-30 14:30:00,249.55,249.75,247.6,247.8,447453,250.25,251.13,19.74,1.0
2026-03-30 14:35:00,247.65,248.15,247.4,247.7,281434,249.74,250.82,21.49,0.99
2026-03-30 14:40:00,247.6,248.15,246.85,247.05,276600,249.2,250.48,23.4,1.0
2026-03-30 14:45:00,246.95,247.45,246.05,246.55,270508,248.67,250.12,25.55,1.02
2026-03-30 14:50:00,246.5,246.8,245.6,245.65,359451,248.07,249.71,27.74,1.03
2026-03-30 14:55:00,245.65,245.9,245.0,245.5,261235,247.55,249.33,30.01,1.02
2026-03-30 15:00:00,245.45,245.95,245.05,245.5,239238,247.14,248.98,32.05,1.02
2026-03-30 15:05:00,245.5,245.7,245.1,245.35,234502,246.78,248.65,33.94,1.0
2026-03-30 15:10:00,245.4,245.7,244.8,245.05,284050,246.44,248.32,35.83,0.99
2026-03-30 15:15:00,245.0,245.4,244.5,245.4,313287,246.23,248.06,37.72,0.99
2026-03-30 15:20:00,245.3,246.45,245.15,246.35,306092,246.25,247.9,37.73,1.0
2026-03-30 15:25:00,246.45,246.55,244.0,246.0,366052,246.2,247.73,38.41,1.08
2026-04-01 09:15:00,254.5,254.9,250.5,254.32,1326615,247.83,248.33,37.98,1.45
2026-04-01 09:20:00,254.32,256.33,254.08,255.8,507184,249.42,249.01,38.02,1.49
2026-04-01 09:25:00,255.73,256.66,255.68,256.37,274188,250.81,249.68,38.15,1.46
2026-04-01 09:30:00,256.37,257.28,255.96,256.12,349436,251.87,250.26,38.46,1.46
2026-04-01 09:35:00,256.24,256.32,255.0,255.05,293173,252.51,250.7,38.07,1.45
2026-04-01 09:40:00,255.01,255.93,254.3,254.42,701559,252.89,251.04,37.23,1.46
2026-04-01 09:45:00,254.5,254.54,252.6,253.32,361410,252.98,251.24,35.42,1.48
2026-04-01 09:50:00,253.21,253.49,252.65,253.0,200153,252.98,251.4,33.74,1.45
2026-04-01 09:55:00,253.05,253.24,252.01,252.12,207542,252.81,251.47,31.79,1.44
2026-04-01 10:00:00,252.11,253.41,252.07,252.61,226014,252.77,251.57,30.08,1.44
2026-04-01 10:05:00,252.61,252.87,252.0,252.17,186803,252.65,251.63,28.44,1.41
2026-04-01 10:10:00,252.15,252.96,252.15,252.68,85477,252.66,251.72,26.97,1.38
2026-04-01 10:15:00,252.56,252.75,252.15,252.4,116011,252.6,251.78,25.61,1.34
2026-04-01 10:20:00,252.39,252.59,252.01,252.11,176483,252.51,251.81,24.24,1.31
2026-04-01 10:25:00,252.11,252.16,251.6,252.05,111864,252.41,251.84,22.63,1.27
2026-04-01 10:30:00,252.49,252.8,252.02,252.7,103469,252.47,251.91,21.61,1.25
2026-04-01 10:35:00,252.69,253.26,252.69,253.06,203804,252.59,252.02,21.0,1.22
2026-04-01 10:40:00,253.1,253.35,252.59,253.13,336187,252.7,252.12,20.34,1.19
2026-04-01 10:45:00,253.19,254.67,253.06,253.62,258102,252.88,252.26,20.62,1.21
2026-04-01 10:50:00,253.7,254.18,253.52,253.72,127981,253.05,252.39,20.88,1.19
2026-04-01 10:55:00,253.66,253.67,252.85,253.07,57059,253.05,252.45,20.43,1.17
2026-04-01 11:00:00,253.07,253.07,252.02,252.09,77226,252.86,252.42,19.26,1.17
2026-04-01 11:05:00,252.09,253.19,251.77,252.3,124503,252.75,252.41,17.95,1.18
2026-04-01 11:10:00,252.32,253.15,252.27,252.86,90496,252.77,252.45,16.73,1.16
2026-04-01 11:15:00,252.88,253.27,252.71,253.27,83330,252.87,252.52,15.71,1.14
2026-04-01 11:20:00,253.26,253.75,253.02,253.62,64737,253.02,252.62,15.22,1.12
2026-04-01 11:25:00,253.62,254.79,253.62,254.31,212874,253.28,252.78,15.62,1.12
2026-04-01 11:30:00,254.28,254.9,254.28,254.81,165969,253.58,252.96,16.07,1.09
2026-04-01 11:35:00,254.85,254.99,254.64,254.8,104918,253.83,253.13,16.57,1.06
2026-04-01 11:40:00,254.82,255.2,254.8,254.89,254980,254.04,253.29,17.2,1.03
2026-04-01 11:45:00,254.89,254.9,253.84,254.31,141606,254.09,253.38,16.59,1.03
2026-04-01 11:50:00,254.34,254.52,253.21,253.21,95109,253.92,253.37,15.45,1.04
2026-04-01 11:55:00,253.26,254.07,253.12,253.78,111049,253.89,253.4,14.49,1.04
2026-04-01 12:00:00,253.83,254.91,253.73,254.85,227285,254.08,253.53,14.16,1.05
2026-04-01 12:05:00,254.86,255.19,254.44,254.97,270915,254.26,253.67,14.11,1.03
2026-04-01 12:10:00,255.01,255.9,254.99,255.5,215837,254.51,253.83,14.67,1.03
2026-04-01 12:15:00,255.51,256.65,255.14,256.64,228399,254.93,254.09,15.76,1.05
2026-04-01 12:20:00,256.64,256.8,255.97,255.99,205919,255.15,254.26,16.87,1.04
2026-04-01 12:25:00,255.91,256.59,255.43,256.2,155047,255.36,254.44,17.19,1.04
2026-04-01 12:30:00,256.2,256.47,256.09,256.28,60094,255.54,254.6,17.49,1.01
2026-04-01 12:35:00,256.25,256.57,255.86,256.44,70609,255.72,254.77,17.45,1.0
2026-04-01 12:40:00,256.43,256.9,256.32,256.69,97451,255.91,254.95,17.73,0.98
2026-04-01 12:45:00,256.69,257.35,256.67,257.08,130440,256.15,255.14,18.39,0.96
2026-04-01 12:50:00,257.1,257.29,256.66,257.09,93443,256.34,255.32,18.99,0.95
2026-04-01 12:55:00,257.03,257.2,256.47,256.8,101335,256.43,255.45,19.24,0.94
2026-04-01 13:00:00,256.75,256.99,256.42,256.59,77933,256.46,255.56,19.39,0.92
2026-04-01 13:05:00,256.6,256.85,256.5,256.65,53733,256.5,255.65,19.53,0.89
2026-04-01 13:10:00,256.67,256.82,256.19,256.71,82648,256.54,255.75,19.1,0.88
2026-04-01 13:15:00,256.8,256.89,256.32,256.47,98371,256.53,255.82,18.8,0.87
2026-04-01 13:20:00,256.38,256.4,255.5,255.9,115395,256.4,255.82,17.73,0.87
2026-04-01 13:25:00,255.89,255.96,255.11,255.64,303370,256.25,255.81,17.27,0.87
2026-04-01 13:30:00,255.64,255.98,255.07,255.77,73785,256.15,255.8,16.89,0.87
2026-04-01 13:35:00,255.77,255.82,254.6,255.02,209425,255.93,255.73,17.15,0.89
2026-04-01 13:40:00,255.07,255.07,252.57,253.45,421921,255.43,255.52,19.14,0.97
2026-04-01 13:45:00,253.46,254.2,252.83,253.7,93788,255.09,255.36,21.0,0.98
2026-04-01 13:50:00,253.64,253.79,253.52,253.74,98005,254.82,255.21,22.72,0.95
2026-04-01 13:55:00,253.73,254.05,253.5,253.63,88970,254.58,255.07,23.83,0.93
2026-04-01 14:00:00,253.63,253.64,253.2,253.44,104834,254.35,254.92,25.1,0.91
2026-04-01 14:05:00,253.46,253.64,253.36,253.51,57111,254.18,254.79,26.29,0.88
2026-04-01 14:10:00,253.49,253.83,253.2,253.8,91780,254.11,254.7,26.99,0.87
2026-04-01 14:15:00,253.75,253.98,253.2,253.88,70280,254.06,254.63,27.33,0.86
2026-04-01 14:20:00,253.88,253.94,253.25,253.5,81302,253.95,254.52,27.65,0.85
2026-04-01 14:25:00,253.51,253.8,253.4,253.5,59213,253.86,254.43,27.94,0.83
2026-04-01 14:30:00,253.63,253.64,253.23,253.4,53803,253.77,254.34,28.43,0.81
2026-04-01 14:35:00,253.4,253.4,252.73,252.81,129209,253.58,254.2,29.44,0.81
2026-04-01 14:40:00,252.81,252.81,252.1,252.23,120963,253.31,254.02,30.96,0.8
2026-04-01 14:45:00,252.23,252.23,251.3,251.72,119550,252.99,253.81,32.95,0.81
2026-04-01 14:50:00,251.72,252.01,251.41,251.79,105019,252.75,253.63,34.79,0.8
2026-04-01 14:55:00,251.79,251.98,251.22,251.6,213962,252.52,253.44,36.62,0.8
2026-04-01 15:00:00,251.64,252.4,251.58,252.06,230910,252.43,253.32,37.27,0.8
2026-04-01 15:05:00,252.0,252.49,252.0,252.41,130766,252.42,253.23,37.65,0.78
2026-04-01 15:10:00,252.4,252.5,251.59,251.71,234760,252.28,253.1,38.39,0.79
2026-04-01 15:15:00,251.75,251.8,251.56,251.66,341250,252.16,252.97,39.1,0.76
2026-04-01 15:20:00,251.66,252.1,251.61,251.75,334067,252.08,252.85,38.99,0.75
2026-04-01 15:25:00,251.72,251.9,250.91,251.4,319316,251.94,252.72,39.58,0.76
2026-04-02 09:15:00,248.95,248.95,244.35,245.34,433151,250.62,252.05,42.42,1.06
2026-04-02 09:20:00,245.37,245.51,243.65,244.24,289046,249.34,251.34,45.15,1.1
2026-04-02 09:25:00,244.22,244.38,243.0,243.69,253396,248.21,250.65,47.77,1.11
2026-04-02 09:30:00,243.8,243.8,242.76,243.06,171656,247.18,249.96,50.24,1.11
2026-04-02 09:35:00,243.06,244.61,242.75,244.44,253361,246.63,249.45,51.49,1.14
2026-04-02 09:40:00,244.32,244.63,243.91,244.35,148193,246.18,248.99,52.63,1.12
2026-04-02 09:45:00,244.35,244.55,243.2,243.5,103117,245.64,248.49,53.86,1.13
2026-04-02 09:50:00,243.65,243.81,243.05,243.26,67742,245.17,248.02,55.04,1.12
2026-04-02 09:55:00,243.24,243.34,242.15,242.4,148302,244.61,247.51,56.34,1.12
2026-04-02 10:00:00,242.45,242.71,241.75,241.88,161463,244.07,246.99,57.64,1.11
2026-04-02 10:05:00,241.6,241.69,240.92,241.15,192435,243.48,246.46,59.0,1.11
2026-04-02 10:10:00,241.21,242.7,241.1,242.51,123752,243.29,246.1,58.93,1.13
2026-04-02 10:15:00,242.4,242.48,241.68,241.7,76297,242.97,245.7,58.86,1.11
2026-04-02 10:20:00,241.68,242.4,241.57,241.65,71865,242.71,245.33,58.84,1.1
2026-04-02 10:25:00,241.65,241.94,241.35,241.46,54229,242.46,244.98,58.9,1.08
2026-04-02 10:30:00,241.46,241.93,241.21,241.43,71250,242.25,244.66,59.01,1.06
2026-04-02 10:35:00,241.35,242.6,241.1,242.6,92666,242.32,244.47,58.11,1.08
2026-04-02 10:40:00,242.51,242.94,242.5,242.68,60538,242.39,244.31,56.8,1.05
2026-04-02 10:45:00,242.67,242.98,241.87,242.78,152218,242.47,244.17,55.94,1.05
2026-04-02 10:50:00,242.81,243.3,242.53,243.03,65550,242.58,244.07,54.68,1.04
2026-04-02 10:55:00,243.03,243.49,242.84,243.31,62669,242.73,244.0,53.25,1.02
2026-04-02 11:00:00,243.31,243.82,243.15,243.5,61038,242.88,243.95,51.46,1.0
2026-04-02 11:05:00,243.5,243.92,243.34,243.45,52067,243.0,243.91,49.65,0.98
2026-04-02 11:10:00,243.43,243.59,243.0,243.29,42118,243.05,243.85,48.25,0.97
2026-04-02 11:15:00,243.29,243.5,243.1,243.37,25693,243.12,243.81,46.96,0.94
2026-04-02 11:20:00,243.37,243.47,242.86,243.0,54547,243.09,243.73,45.97,0.92
2026-04-02 11:25:00,243.0,243.42,242.76,243.04,37012,243.08,243.67,45.13,0.91
2026-04-02 11:30:00,243.04,243.95,242.93,243.63,51274,243.19,243.67,43.44,0.92
2026-04-02 11:35:00,243.63,244.2,243.61,243.98,125567,243.35,243.7,41.46,0.9
2026-04-02 11:40:00,243.93,244.19,243.6,243.87,29261,243.45,243.71,39.64,0.89
2026-04-02 11:45:00,243.93,244.5,243.93,244.32,52236,243.63,243.77,37.43,0.87
2026-04-02 11:50:00,244.4,244.43,244.1,244.41,29331,243.78,243.83,35.38,0.85
2026-04-02 11:55:00,244.4,245.25,244.25,244.81,109461,243.99,243.91,33.48,0.85
2026-04-02 12:00:00,244.83,245.62,244.4,244.4,80139,244.07,243.96,32.19,0.87
2026-04-02 12:05:00,244.49,244.84,244.1,244.75,45456,244.21,244.03,30.5,0.87
2026-04-02 12:10:00,244.75,245.11,244.44,244.47,132159,244.26,244.07,29.29,0.86
2026-04-02 12:15:00,244.48,244.95,244.26,244.81,145267,244.37,244.14,27.86,0.85
2026-04-02 12:20:00,244.81,245.17,243.6,243.6,216510,244.22,244.09,26.22,0.88
2026-04-02 12:25:00,243.66,244.05,243.56,243.85,86523,244.14,244.07,24.75,0.86
2026-04-02 12:30:00,243.87,244.88,243.73,244.6,63145,244.23,244.12,23.77,0.88
2026-04-02 12:35:00,244.62,245.46,244.45,245.13,77345,244.41,244.21,23.53,0.88
2026-04-02 12:40:00,245.18,245.44,245.0,245.3,55901,244.59,244.31,23.31,0.86
2026-04-02 12:45:00,245.3,245.35,244.76,244.87,57669,244.65,244.36,22.69,0.85
2026-04-02 12:50:00,244.85,245.15,244.6,244.6,19129,244.64,244.38,21.84,0.84
2026-04-02 12:55:00,244.57,245.4,244.57,245.27,36594,244.76,244.46,21.38,0.84
2026-04-02 13:00:00,245.27,245.6,244.74,244.85,93483,244.78,244.5,21.23,0.84
2026-04-02 13:05:00,244.95,245.0,244.0,244.74,57958,244.77,244.52,19.82,0.84
2026-04-02 13:10:00,244.76,245.57,244.3,245.57,47906,244.93,244.61,19.28,0.86
2026-04-02 13:15:00,245.5,245.95,245.44,245.77,65159,245.1,244.72,19.24,0.85
2026-04-02 13:20:00,245.87,246.16,245.65,246.16,72405,245.31,244.85,19.45,0.83
2026-04-02 13:25:00,246.2,246.55,245.66,246.45,51107,245.54,245.0,20.07,0.83
2026-04-02 13:30:00,246.45,246.75,245.7,246.36,101563,245.7,245.12,20.86,0.84
2026-04-02 13:35:00,246.33,247.11,246.04,247.11,58863,245.98,245.3,21.95,0.86
2026-04-02 13:40:00,247.15,247.6,246.95,247.56,82298,246.3,245.51,23.41,0.85
2026-04-02 13:45:00,247.5,247.8,247.2,247.22,141325,246.48,245.66,24.93,0.83
2026-04-02 13:50:00,247.32,247.45,246.9,247.18,86097,246.62,245.8,25.7,0.82
2026-04-02 13:55:00,247.19,247.35,246.78,247.3,91750,246.76,245.94,26.17,0.81
2026-04-02 14:00:00,247.3,248.11,247.24,248.0,144082,247.01,246.12,27.33,0.81
2026-04-02 14:05:00,248.07,248.23,247.75,248.2,52987,247.25,246.31,28.51,0.8
2026-04-02 14:10:00,248.21,248.76,248.2,248.64,108526,247.52,246.52,30.03,0.78
2026-04-02 14:15:00,248.68,249.1,248.44,248.9,102977,247.8,246.74,31.69,0.78
2026-04-02 14:20:00,248.83,249.0,248.48,248.81,45272,248.0,246.93,33.24,0.77
2026-04-02 14:25:00,248.81,249.06,248.43,248.65,59307,248.13,247.08,34.71,0.76
2026-04-02 14:30:00,248.68,249.3,248.54,248.91,62002,248.29,247.25,36.27,0.76
2026-04-02 14:35:00,249.0,249.0,247.96,248.05,94979,248.24,247.32,36.29,0.77
2026-04-02 14:40:00,248.16,248.23,247.0,247.13,80505,248.02,247.31,34.5,0.79
2026-04-02 14:45:00,247.13,247.77,246.6,247.16,138874,247.85,247.29,32.23,0.81
2026-04-02 14:50:00,247.12,248.14,247.09,247.94,78748,247.86,247.35,30.62,0.82
2026-04-02 14:55:00,247.95,247.98,246.7,247.15,305910,247.72,247.33,28.53,0.85
2026-04-02 15:00:00,247.15,248.19,247.15,248.17,150447,247.81,247.41,26.89,0.85
2026-04-02 15:05:00,248.11,249.12,248.11,248.82,123442,248.01,247.54,26.48,0.86
2026-04-02 15:10:00,248.81,248.95,248.31,248.46,168677,248.1,247.62,26.1,0.85
2026-04-02 15:15:00,248.54,248.72,248.0,248.0,181079,248.08,247.66,25.22,0.85
2026-04-02 15:20:00,248.0,248.0,247.38,247.7,212619,248.01,247.66,23.48,0.83
2026-04-02 15:25:00,247.7,248.2,247.34,248.0,166720,248.0,247.69,22.14,0.84
2026-04-06 09:15:00,249.41,250.8,244.85,246.39,797821,247.68,247.57,23.26,1.08
2026-04-06 09:20:00,246.72,247.45,245.2,245.73,255484,247.29,247.4,24.3,1.14
2026-04-06 09:25:00,245.58,245.84,244.28,244.8,237945,246.79,247.17,24.04,1.16
2026-04-06 09:30:00,244.56,246.7,244.5,246.28,274348,246.69,247.09,24.43,1.21
2026-04-06 09:35:00,246.28,247.17,246.02,246.05,145945,246.56,246.99,25.1,1.2
2026-04-06 09:40:00,246.08,246.4,245.05,245.15,153543,246.28,246.83,24.58,1.21
2026-04-06 09:45:00,245.26,246.3,245.1,245.98,168330,246.22,246.75,24.08,1.21
2026-04-06 09:50:00,245.84,246.25,245.27,245.47,114251,246.07,246.63,23.63,1.2
2026-04-06 09:55:00,245.56,245.82,245.2,245.39,56356,245.93,246.52,23.11,1.17
2026-04-06 10:00:00,245.38,245.48,244.62,245.2,130905,245.79,246.4,21.91,1.16
2026-04-06 10:05:00,245.3,245.72,244.92,245.16,50586,245.66,246.29,21.04,1.14
2026-04-06 10:10:00,245.16,245.88,244.9,245.88,74716,245.71,246.25,20.4,1.13
2026-04-06 10:15:00,245.9,246.2,245.1,245.39,95889,245.64,246.17,20.15,1.13
2026-04-06 10:20:00,245.39,245.82,244.38,244.74,199903,245.46,246.04,18.95,1.14
2026-04-06 10:25:00,244.74,244.75,243.85,244.06,219986,245.18,245.86,17.97,1.13
2026-04-06 10:30:00,244.04,244.77,243.55,244.71,210857,245.09,245.76,17.39,1.14
2026-04-06 10:35:00,244.69,244.99,244.01,244.55,77297,244.98,245.65,16.56,1.13
2026-04-06 10:40:00,244.55,244.71,243.7,243.9,103325,244.76,245.49,16.14,1.12
2026-04-06 10:45:00,243.9,244.13,243.26,243.4,213624,244.49,245.3,16.24,1.11
2026-04-06 10:50:00,243.43,243.5,242.07,242.17,390199,244.03,245.01,17.38,1.13
2026-04-06 10:55:00,242.16,242.4,241.85,242.28,317075,243.68,244.77,18.6,1.1
2026-04-06 11:00:00,242.25,242.28,241.2,241.3,294996,243.2,244.45,20.2,1.1
2026-04-06 11:05:00,241.3,241.8,240.75,240.91,273670,242.74,244.13,21.98,1.1
2026-04-06 11:10:00,240.91,240.91,239.86,240.4,449436,242.27,243.79,24.13,1.09
2026-04-06 11:15:00,240.45,240.45,239.36,239.89,288149,241.8,243.44,26.37,1.09
2026-04-06 11:20:00,239.9,240.17,239.17,239.52,204653,241.34,243.08,28.54,1.09
2026-04-06 11:25:00,239.52,240.99,239.42,240.99,209952,241.27,242.89,29.24,1.11
2026-04-06 11:30:00,240.97,241.57,240.71,241.45,164387,241.31,242.76,29.09,1.1
2026-04-06 11:35:00,241.53,242.0,241.18,241.7,176941,241.39,242.66,28.4,1.09
2026-04-06 11:40:00,241.68,241.74,241.0,241.5,86622,241.41,242.56,27.91,1.07
2026-04-06 11:45:00,241.51,242.95,241.46,242.39,227787,241.61,242.54,26.04,1.09
2026-04-06 11:50:00,242.39,242.8,242.28,242.72,92987,241.83,242.56,24.3,1.06
2026-04-06 11:55:00,242.75,243.25,242.28,242.32,163345,241.93,242.54,22.92,1.06
2026-04-06 12:00:00,242.32,244.36,242.27,244.1,306820,242.36,242.68,22.64,1.11
2026-04-06 12:05:00,244.08,244.25,242.39,242.39,224293,242.37,242.65,22.38,1.14
2026-04-06 12:10:00,242.39,242.57,242.06,242.4,154207,242.37,242.63,21.73,1.11
2026-04-06 12:15:00,242.52,242.72,242.3,242.62,77050,242.42,242.63,21.27,1.08
2026-04-06 12:20:00,242.62,243.45,242.55,243.06,82768,242.55,242.67,21.5,1.07
2026-04-06 12:25:00,243.15,243.68,243.0,243.52,112697,242.74,242.75,21.91,1.05
2026-04-06 12:30:00,243.6,243.83,242.6,242.6,192473,242.72,242.73,21.71,1.06
2026-04-06 12:35:00,242.66,243.0,242.38,242.7,107686,242.71,242.73,21.23,1.04
2026-04-06 12:40:00,242.7,243.0,242.52,242.95,44454,242.76,242.75,20.79,1.01
2026-04-06 12:45:00,242.95,243.63,242.88,243.5,138175,242.91,242.82,21.01,1.0
2026-04-06 12:50:00,243.51,243.85,243.25,243.55,160938,243.04,242.88,21.43,0.98
2026-04-06 12:55:00,243.56,244.5,243.5,244.2,266906,243.27,243.0,22.39,0.98
2026-04-06 13:00:00,244.2,244.8,243.72,243.92,244139,243.4,243.09,23.52,0.99
2026-04-06 13:05:00,243.9,244.6,243.88,244.45,135233,243.61,243.21,24.57,0.97
2026-04-06 13:10:00,244.52,245.28,244.45,244.84,244260,243.86,243.36,26.06,0.97
2026-04-06 13:15:00,244.95,245.6,244.8,245.58,276266,244.2,243.56,27.67,0.96
2026-04-06 13:20:00,245.58,245.7,245.41,245.65,143826,244.49,243.75,29.24,0.93
2026-04-06 13:25:00,245.7,245.78,245.1,245.17,131905,244.63,243.88,30.06,0.92
2026-04-06 13:30:00,245.22,245.57,245.05,245.5,166385,244.8,244.03,30.72,0.9
2026-04-06 13:35:00,245.5,246.1,245.2,245.2,259688,244.88,244.13,31.79,0.9
2026-04-06 13:40:00,245.3,245.55,244.7,245.45,181580,244.99,244.25,31.79,0.9
2026-04-06 13:45:00,245.42,245.45,245.0,245.04,93371,245.0,244.32,31.78,0.87
2026-04-06 13:50:00,245.04,245.3,245.0,245.05,48450,245.01,244.39,31.78,0.85
2026-04-06 13:55:00,245.13,245.18,245.0,245.0,150843,245.01,244.45,31.78,0.82
2026-04-06 14:00:00,245.0,245.55,244.96,245.4,349507,245.09,244.53,32.2,0.8
2026-04-06 14:05:00,245.45,245.85,245.2,245.2,87180,245.11,244.59,32.9,0.8
2026-04-06 14:10:00,245.25,245.7,245.17,245.55,80813,245.2,244.68,33.48,0.78
2026-04-06 14:15:00,245.55,245.75,245.02,245.65,122619,245.29,244.77,33.62,0.78
2026-04-06 14:20:00,245.7,246.48,245.55,246.17,232640,245.47,244.9,34.54,0.79
2026-04-06 14:25:00,246.2,246.3,245.57,246.12,93731,245.6,245.01,35.39,0.79
2026-04-06 14:30:00,246.19,246.81,246.1,246.25,147606,245.73,245.12,36.64,0.78
2026-04-06 14:35:00,246.36,246.38,245.91,246.0,110806,245.78,245.2,37.29,0.77
2026-04-06 14:40:00,246.04,246.14,245.4,245.7,110261,245.77,245.25,36.68,0.77
2026-04-06 14:45:00,245.77,246.09,245.5,245.94,145678,245.8,245.31,36.1,0.76
2026-04-06 14:50:00,245.83,246.07,245.34,245.43,91089,245.73,245.32,35.19,0.76
2026-04-06 14:55:00,245.41,245.69,245.01,245.52,97573,245.68,245.34,33.61,0.75
2026-04-06 15:00:00,245.59,246.14,245.49,245.92,139996,245.73,245.39,32.82,0.75
2026-04-06 15:05:00,245.89,246.08,245.62,245.84,126773,245.75,245.43,32.09,0.73
2026-04-06 15:10:00,245.8,246.15,245.71,245.81,209439,245.76,245.47,31.52,0.72
2026-04-06 15:15:00,245.93,245.99,245.45,245.51,334373,245.71,245.47,30.35,0.71
2026-04-06 15:20:00,245.45,245.65,245.05,245.49,212221,245.67,245.47,28.39,0.71
2026-04-06 15:25:00,245.49,245.8,245.17,245.8,279972,245.7,245.5,26.85,0.7
2026-04-07 09:15:00,245.59,245.59,242.3,243.8,480855,245.32,245.35,27.95,0.84
2026-04-07 09:20:00,243.62,244.89,242.26,244.54,340015,245.16,245.27,28.99,0.92
2026-04-07 09:25:00,244.51,245.4,244.26,245.04,195545,245.14,245.25,29.09,0.93
2026-04-07 09:30:00,245.07,245.43,243.42,243.73,260733,244.86,245.11,29.83,0.98
2026-04-07 09:35:00,243.73,243.97,243.34,243.86,120735,244.66,245.0,30.58,0.97
2026-04-07 09:40:00,243.86,244.23,243.1,243.25,89305,244.38,244.84,30.83,0.97
2026-04-07 09:45:00,243.16,243.97,242.87,243.0,95792,244.1,244.67,31.25,0.98
2026-04-07 09:50:00,243.01,243.39,242.85,243.18,67451,243.92,244.54,31.66,0.96
2026-04-07 09:55:00,243.24,243.55,243.01,243.29,69712,243.79,244.42,31.73,0.94
2026-04-07 10:00:00,243.3,244.22,243.3,244.19,68370,243.87,244.4,30.61,0.94
2026-04-07 10:05:00,244.1,244.36,243.7,244.28,72672,243.95,244.39,29.34,0.93
2026-04-07 10:10:00,244.24,244.89,243.96,244.75,77632,244.11,244.42,27.35,0.93
2026-04-07 10:15:00,244.86,245.4,244.72,245.3,128457,244.35,244.5,25.98,0.91
2026-04-07 10:20:00,245.37,245.94,244.5,245.02,255664,244.48,244.55,25.34,0.94
2026-04-07 10:25:00,245.09,245.73,245.0,245.57,45527,244.7,244.64,24.75,0.93
2026-04-07 10:30:00,245.53,245.86,245.3,245.65,77730,244.89,244.74,24.35,0.91
2026-04-07 10:35:00,245.5,245.54,244.87,245.5,67503,245.01,244.8,23.25,0.91
2026-04-07 10:40:00,245.45,246.93,245.34,246.67,154090,245.34,244.97,23.73,0.94
2026-04-07 10:45:00,246.7,246.75,245.85,246.0,70043,245.48,245.07,24.18,0.94
2026-04-07 10:50:00,246.05,246.05,245.19,245.19,77454,245.42,245.08,23.55,0.93
2026-04-07 10:55:00,245.35,245.5,244.9,244.9,85229,245.31,245.06,22.54,0.92
2026-04-07 11:00:00,244.8,245.36,244.72,245.15,49521,245.28,245.07,21.35,0.9
2026-04-07 11:05:00,245.15,245.5,244.95,245.2,35501,245.27,245.08,20.43,0.89
2026-04-07 11:10:00,245.16,245.21,244.39,244.74,57061,245.16,245.05,19.17,0.88
2026-04-07 11:15:00,244.73,245.08,244.55,244.97,32456,245.12,245.04,18.0,0.87
2026-04-07 11:20:00,245.0,245.45,244.92,245.27,40850,245.15,245.06,17.05,0.85
2026-04-07 11:25:00,245.24,246.14,245.12,246.0,91077,245.32,245.15,17.04,0.86
2026-04-07 11:30:00,245.95,246.5,245.95,246.3,131709,245.52,245.25,17.44,0.84
2026-04-07 11:35:00,246.28,246.48,246.07,246.36,354377,245.69,245.35,17.8,0.82
2026-04-07 11:40:00,246.31,246.52,245.91,246.4,1707113,245.83,245.45,17.85,0.81
2026-04-07 11:45:00,246.4,247.96,246.25,247.7,1412817,246.2,245.65,19.32,0.86
2026-04-07 11:50:00,247.7,248.52,247.51,248.42,142665,246.65,245.91,21.09,0.86
2026-04-07 11:55:00,248.31,248.49,248.03,248.16,126713,246.95,246.11,22.74,0.84
2026-04-07 12:00:00,248.08,248.27,247.24,247.45,96204,247.05,246.23,22.91,0.85
2026-04-07 12:05:00,247.49,247.49,247.18,247.4,33570,247.12,246.34,22.97,0.83
2026-04-07 12:10:00,247.4,247.5,246.81,247.25,44866,247.15,246.42,22.44,0.82
2026-04-07 12:15:00,247.25,248.75,247.16,248.68,113963,247.45,246.63,23.12,0.86
2026-04-07 12:20:00,248.7,248.94,248.46,248.55,99050,247.67,246.8,23.9,0.84
2026-04-07 12:25:00,248.55,249.0,248.35,248.9,185540,247.92,246.99,24.45,0.83
2026-04-07 12:30:00,248.96,249.3,248.21,248.51,119178,248.04,247.13,25.21,0.84
2026-04-07 12:35:00,248.52,248.95,248.04,248.95,84499,248.22,247.3,25.62,0.85
2026-04-07 12:40:00,249.0,249.35,248.82,249.31,119788,248.44,247.48,26.36,0.83
2026-04-07 12:45:00,249.2,249.5,248.7,249.24,163054,248.6,247.64,27.18,0.83
2026-04-07 12:50:00,249.25,249.44,249.1,249.3,82207,248.74,247.79,27.94,0.81
2026-04-07 12:55:00,249.3,249.44,248.79,248.82,81285,248.75,247.88,28.01,0.8
2026-04-07 13:00:00,248.83,250.18,248.76,250.07,290714,249.02,248.08,28.8,0.83
2026-04-07 13:05:00,250.11,250.54,249.67,250.5,173487,249.31,248.3,29.83,0.83
2026-04-07 13:10:00,250.5,250.96,250.35,250.48,194167,249.55,248.5,31.11,0.82
2026-04-07 13:15:00,250.5,250.89,250.23,250.78,78385,249.79,248.71,32.04,0.81
2026-04-07 13:20:00,250.79,250.85,250.5,250.75,125740,249.99,248.89,32.91,0.79
2026-04-07 13:25:00,250.74,251.16,250.5,251.1,167098,250.21,249.09,33.99,0.78
2026-04-07 13:30:00,251.1,251.4,250.85,251.25,205534,250.42,249.29,35.18,0.77
2026-04-07 13:35:00,251.3,251.75,251.15,251.47,201458,250.63,249.49,36.56,0.76
2026-04-07 13:40:00,251.47,251.9,251.28,251.7,119508,250.84,249.69,37.95,0.76
2026-04-07 13:45:00,251.7,252.25,251.31,252.03,844324,251.08,249.9,39.49,0.77
2026-04-07 13:50:00,252.03,252.4,251.72,252.11,218245,251.29,250.1,41.03,0.76
2026-04-07 13:55:00,252.08,252.2,251.53,251.82,144861,251.39,250.26,41.92,0.76
2026-04-07 14:00:00,251.91,252.74,251.76,252.5,371737,251.61,250.46,43.16,0.77
2026-04-07 14:05:00,252.48,252.8,252.35,252.75,110391,251.84,250.67,44.36,0.75
2026-04-07 14:10:00,252.79,252.8,251.59,252.06,278176,251.88,250.8,43.58,0.77
2026-04-07 14:15:00,252.08,252.48,251.8,251.8,66382,251.87,250.89,42.86,0.77
2026-04-07 14:20:00,251.76,252.15,251.64,252.04,226764,251.9,250.99,41.81,0.76
2026-04-07 14:25:00,252.04,252.36,251.88,251.96,71854,251.91,251.08,41.11,0.74
2026-04-07 14:30:00,252.0,252.5,251.99,252.18,83131,251.97,251.18,40.64,0.74
2026-04-07 14:35:00,252.14,252.25,251.36,251.59,113837,251.89,251.22,38.77,0.74
2026-04-07 14:40:00,251.62,252.13,251.59,252.07,62433,251.93,251.3,37.04,0.73
2026-04-07 14:45:00,252.07,252.26,251.92,252.1,78199,251.96,251.37,35.63,0.71
2026-04-07 14:50:00,252.13,252.61,252.11,252.48,204160,252.07,251.47,34.87,0.7
2026-04-07 14:55:00,252.4,252.9,252.4,252.75,158098,252.2,251.59,34.56,0.69
2026-04-07 15:00:00,252.77,253.49,252.43,253.0,327077,252.36,251.71,34.96,0.71
2026-04-07 15:05:00,253.04,253.65,253.01,253.45,238860,252.58,251.87,35.51,0.71
2026-04-07 15:10:00,253.5,254.13,253.09,253.91,389726,252.85,252.06,36.48,0.72
2026-04-07 15:15:00,253.9,254.25,253.7,253.7,433997,253.02,252.21,37.49,0.72
2026-04-07 15:20:00,253.71,254.39,253.04,253.9,360444,253.19,252.36,36.83,0.75
2026-04-07 15:25:00,253.91,253.95,253.36,253.5,248164,253.25,252.46,36.21,0.74
2026-04-08 09:15:00,261.2,264.8,261.2,263.1,2408870,255.22,253.43,39.43,1.24
2026-04-08 09:20:00,263.09,263.11,261.2,261.5,496882,256.48,254.16,42.42,1.27
2026-04-08 09:25:00,261.38,263.31,261.08,262.86,351388,257.76,254.96,45.22,1.32
2026-04-08 09:30:00,262.86,263.07,262.26,262.53,190348,258.71,255.64,47.82,1.3
2026-04-08 09:35:00,262.53,262.53,261.7,262.29,122032,259.43,256.25,49.61,1.27
2026-04-08 09:40:00,262.32,263.74,262.21,263.5,269686,260.24,256.91,51.46,1.29
2026-04-08 09:45:00,263.49,264.93,263.49,263.87,391626,260.97,257.54,53.35,1.29
2026-04-08 09:50:00,264.16,264.3,263.3,263.58,267149,261.49,258.09,54.9,1.28
2026-04-08 09:55:00,263.7,263.83,262.76,262.84,151273,261.76,258.52,55.75,1.27
2026-04-08 10:00:00,262.85,263.52,262.85,263.02,120759,262.01,258.93,56.53,1.24
2026-04-08 10:05:00,263.15,263.45,263.02,263.28,78235,262.27,259.33,57.26,1.2
2026-04-08 10:10:00,263.28,263.57,262.81,262.81,123624,262.37,259.64,57.67,1.18
2026-04-08 10:15:00,262.95,263.64,262.63,263.52,112975,262.6,259.99,57.81,1.17
2026-04-08 10:20:00,263.53,263.9,263.21,263.71,75333,262.82,260.33,58.03,1.15
2026-04-08 10:25:00,263.7,264.8,263.55,264.69,217593,263.2,260.73,58.52,1.15
2026-04-08 10:30:00,264.7,265.8,264.7,265.74,391086,263.71,261.18,59.25,1.15
2026-04-08 10:35:00,265.73,265.83,265.05,265.36,156286,264.04,261.56,59.93,1.13
2026-04-08 10:40:00,265.36,266.5,265.34,266.43,261599,264.52,262.01,60.75,1.14
2026-04-08 10:45:00,266.46,266.46,265.43,265.56,137411,264.72,262.33,61.5,1.13
2026-04-08 10:50:00,265.56,266.3,265.56,265.89,144467,264.96,262.65,62.2,1.11
2026-04-08 10:55:00,265.91,266.3,265.8,266.0,83559,265.17,262.96,62.85,1.08
2026-04-08 11:00:00,265.94,266.4,265.94,266.15,80666,265.36,263.25,63.48,1.05
2026-04-08 11:05:00,266.16,266.39,265.55,265.8,225878,265.45,263.48,63.32,1.04
2026-04-08 11:10:00,265.81,266.0,264.94,265.14,391301,265.39,263.63,62.11,1.04
2026-04-08 11:15:00,265.1,265.49,265.0,265.17,158107,265.34,263.77,60.97,1.02
2026-04-08 11:20:00,265.17,265.45,265.1,265.34,66568,265.34,263.91,59.92,0.99
2026-04-08 11:25:00,265.34,265.4,264.81,265.02,143938,265.28,264.01,58.4,0.97
2026-04-08 11:30:00,265.02,265.3,264.37,264.47,200084,265.12,264.06,56.2,0.97
2026-04-08 11:35:00,264.59,265.05,264.37,264.76,102052,265.05,264.12,54.16,0.95
2026-04-08 11:40:00,264.83,265.5,264.68,265.43,90620,265.12,264.24,52.71,0.95
2026-04-08 11:45:00,265.49,265.7,265.33,265.59,97599,265.22,264.36,51.55,0.92
2026-04-08 11:50:00,265.59,265.68,264.84,264.93,173805,265.16,264.41,49.55,0.91
2026-04-08 11:55:00,265.09,265.17,264.35,264.8,113808,265.09,264.45,46.89,0.91
2026-04-08 12:00:00,264.73,265.27,264.56,265.13,66050,265.1,264.51,44.54,0.9
2026-04-08 12:05:00,265.13,265.32,264.88,265.2,93938,265.12,264.57,42.42,0.88
2026-04-08 12:10:00,265.17,265.65,265.17,265.6,78273,265.21,264.67,40.88,0.86
2026-04-08 12:15:00,265.62,265.68,265.35,265.48,66342,265.27,264.74,39.49,0.83
2026-04-08 12:20:00,265.5,266.45,265.5,265.71,167902,265.36,264.83,39.08,0.84
2026-04-08 12:25:00,265.66,265.99,265.27,265.42,155943,265.37,264.88,38.24,0.83
2026-04-08 12:30:00,265.45,265.45,265.05,265.45,110114,265.38,264.93,37.03,0.81
2026-04-08 12:35:00,265.5,265.85,265.33,265.48,94424,265.4,264.98,36.38,0.8
2026-04-08 12:40:00,265.35,266.0,265.35,265.9,152404,265.5,265.07,35.95,0.79
2026-04-08 12:45:00,265.9,265.99,265.66,265.84,63618,265.57,265.14,35.55,0.77
2026-04-08 12:50:00,265.85,265.9,265.41,265.48,81885,265.55,265.17,34.62,0.76
2026-04-08 12:55:00,265.51,265.9,265.39,265.85,67850,265.61,265.23,33.71,0.75
2026-04-08 13:00:00,265.85,266.0,265.73,265.9,61163,265.67,265.29,33.01,0.72
2026-04-08 13:05:00,265.88,266.0,265.69,265.97,72142,265.73,265.35,32.27,0.7
2026-04-08 13:10:00,265.94,266.24,265.84,266.17,456186,265.82,265.43,31.96,0.69
2026-04-08 13:15:00,266.12,266.35,265.1,265.2,119076,265.69,265.41,29.96,0.72
2026-04-08 13:20:00,265.2,265.28,264.24,264.35,219730,265.43,265.31,28.94,0.73
2026-04-08 13:25:00,264.39,264.63,264.0,264.46,217106,265.23,265.23,28.32,0.73
2026-04-08 13:30:00,264.45,264.58,264.0,264.58,83905,265.1,265.17,27.75,0.72
2026-04-08 13:35:00,264.58,265.7,264.47,265.54,214540,265.19,265.21,26.26,0.74
2026-04-08 13:40:00,265.44,266.59,265.1,265.9,195315,265.33,265.27,25.96,0.78
2026-04-08 13:45:00,265.82,266.4,265.8,266.25,103366,265.52,265.36,25.67,0.77
2026-04-08 13:50:00,266.25,266.75,266.2,266.75,102672,265.76,265.49,25.79,0.76
2026-04-08 13:55:00,266.9,267.45,266.38,267.16,485532,266.04,265.64,26.57,0.77
2026-04-08 14:00:00,267.16,267.8,267.1,267.63,263399,266.36,265.82,27.59,0.77
2026-04-08 14:05:00,267.63,267.77,267.22,267.5,157206,266.59,265.97,28.54,0.76
2026-04-08 14:10:00,267.38,267.59,266.59,267.17,130802,266.7,266.08,28.22,0.77
2026-04-08 14:15:00,267.17,267.25,266.69,267.25,139133,266.81,266.19,27.92,0.76
2026-04-08 14:20:00,267.16,267.5,266.36,266.65,197651,266.78,266.23,27.04,0.78
2026-04-08 14:25:00,266.74,266.98,266.65,266.95,76519,266.81,266.29,26.22,0.76
2026-04-08 14:30:00,266.87,267.0,266.37,266.59,319644,266.77,266.32,24.95,0.75
2026-04-08 14:35:00,266.6,267.0,266.6,266.87,118763,266.79,266.37,23.77,0.74
2026-04-08 14:40:00,266.95,267.0,266.0,266.13,242620,266.66,266.35,22.51,0.75
2026-04-08 14:45:00,266.09,266.3,265.6,265.64,239035,266.45,266.28,21.93,0.75
2026-04-08 14:50:00,265.61,265.85,265.08,265.45,218850,266.25,266.21,22.06,0.75
2026-04-08 14:55:00,265.5,265.88,265.47,265.8,210355,266.16,266.17,22.13,0.73
2026-04-08 15:00:00,265.74,265.74,264.86,265.49,217231,266.03,266.11,22.9,0.74
2026-04-08 15:05:00,265.48,266.0,265.48,265.91,380246,266.0,266.09,23.08,0.73
2026-04-08 15:10:00,265.95,266.0,265.84,265.93,321441,265.99,266.08,23.25,0.7
2026-04-08 15:15:00,265.93,266.0,265.83,265.94,463547,265.98,266.06,23.42,0.68
2026-04-08 15:20:00,265.95,266.0,265.83,265.99,534647,265.98,266.06,23.58,0.65
2026-04-08 15:25:00,265.97,266.55,265.31,265.96,1279249,265.98,266.05,22.5,0.68
2026-04-09 09:15:00,266.5,269.24,263.76,268.87,885037,266.56,266.31,23.54,0.91
2026-04-09 09:20:00,268.95,272.32,268.83,272.2,965104,267.68,266.84,26.03,1.03
2026-04-09 09:25:00,272.2,274.29,272.1,274.14,856084,268.98,267.5,28.91,1.09
2026-04-09 09:30:00,274.2,275.5,273.52,274.46,1472164,270.07,268.14,31.85,1.13
2026-04-09 09:35:00,274.46,275.02,273.1,273.51,572338,270.76,268.63,34.1,1.17
2026-04-09 09:40:00,273.51,274.64,273.15,273.22,499369,271.25,269.04,36.19,1.18
2026-04-09 09:45:00,273.22,273.5,271.3,271.6,778352,271.32,269.28,36.14,1.23
2026-04-09 09:50:00,271.6,271.75,269.92,270.1,714609,271.08,269.35,34.94,1.26
2026-04-09 09:55:00,270.17,270.7,269.27,270.35,263944,270.93,269.44,33.33,1.27
2026-04-09 10:00:00,270.07,272.5,270.03,272.35,400211,271.22,269.71,32.75,1.33
2026-04-09 10:05:00,272.41,273.0,272.35,272.85,223543,271.54,269.99,32.44,1.29
2026-04-09 10:10:00,272.95,273.98,272.86,273.7,336646,271.97,270.33,32.56,1.29
2026-04-09 10:15:00,273.78,274.41,272.5,274.22,491057,272.42,270.68,32.85,1.32
2026-04-09 10:20:00,274.22,274.89,273.8,274.88,675637,272.91,271.06,33.31,1.31
2026-04-09 10:25:00,274.9,274.95,273.6,274.0,203916,273.13,271.33,33.55,1.31
2026-04-09 10:30:00,274.27,275.27,273.95,275.0,411236,273.51,271.66,33.92,1.31
2026-04-09 10:35:00,275.02,275.29,274.28,274.56,252768,273.72,271.93,34.27,1.29
2026-04-09 10:40:00,274.51,275.03,274.32,274.58,127975,273.89,272.17,34.59,1.27
2026-04-09 10:45:00,274.58,276.27,274.43,276.08,488283,274.33,272.52,35.47,1.29
2026-04-09 10:50:00,276.14,276.27,274.95,275.4,555002,274.54,272.79,36.28,1.29
2026-04-09 10:55:00,275.4,276.5,275.4,276.3,491539,274.89,273.11,37.14,1.29
2026-04-09 11:00:00,276.29,276.8,276.05,276.48,366845,275.21,273.41,38.07,1.26
2026-04-09 11:05:00,276.5,277.8,276.5,277.6,496764,275.69,273.79,39.36,1.26
2026-04-09 11:10:00,277.7,277.9,277.2,277.6,475294,276.07,274.14,40.59,1.24
2026-04-09 11:15:00,277.6,277.9,277.07,277.22,323424,276.3,274.42,41.55,1.22
2026-04-09 11:20:00,277.22,277.25,276.64,276.92,322863,276.42,274.65,41.8,1.19
2026-04-09 11:25:00,276.92,277.42,276.7,277.3,238860,276.6,274.89,42.12,1.17
2026-04-09 11:30:00,277.18,278.2,277.0,277.55,372400,276.79,275.13,42.83,1.17
2026-04-09 11:35:00,277.55,278.18,277.42,278.03,191425,277.04,275.39,43.49,1.15
2026-04-09 11:40:00,278.15,278.5,277.64,277.81,319776,277.19,275.61,44.26,1.13
2026-04-09 11:45:00,277.87,278.16,277.54,278.16,137105,277.39,275.84,44.81,1.11
2026-04-09 11:50:00,278.16,278.16,277.63,277.82,125439,277.47,276.02,45.32,1.08
2026-04-09 11:55:00,277.75,277.96,277.31,277.62,138475,277.5,276.17,45.18,1.06
2026-04-09 12:00:00,277.62,278.65,277.37,278.55,289953,277.71,276.39,45.52,1.07
2026-04-09 12:05:00,278.6,278.8,278.18,278.58,267886,277.89,276.59,45.93,1.05
2026-04-09 12:10:00,278.59,279.25,278.51,279.08,439447,278.12,276.81,46.58,1.04
2026-04-09 12:15:00,279.11,279.89,279.1,279.78,543855,278.46,277.08,47.52,1.02
2026-04-09 12:20:00,279.78,280.0,279.34,279.55,468181,278.67,277.31,48.45,1.01
2026-04-09 12:25:00,279.51,280.48,279.11,280.36,543510,279.01,277.58,49.56,1.02
2026-04-09 12:30:00,280.36,280.7,280.15,280.43,422305,279.3,277.84,50.68,1.0
2026-04-09 12:35:00,280.52,281.0,280.26,280.75,491011,279.59,278.11,51.86,0.99
2026-04-09 12:40:00,280.69,281.0,279.5,279.76,600157,279.62,278.26,51.4,1.01
2026-04-09 12:45:00,279.8,280.15,279.13,279.3,537614,279.56,278.35,50.31,1.01
2026-04-09 12:50:00,279.2,280.18,279.2,280.15,328008,279.68,278.52,49.33,1.01
2026-04-09 12:55:00,280.15,280.24,279.61,279.72,232183,279.68,278.62,48.47,0.99
2026-04-09 13:00:00,279.72,280.15,279.65,280.13,258274,279.77,278.76,47.67,0.97
2026-04-09 13:05:00,280.15,280.19,278.24,278.71,604467,279.56,278.76,44.54,1.02
2026-04-09 13:10:00,278.63,278.63,277.5,277.92,625848,279.23,278.68,41.98,1.03
2026-04-09 13:15:00,277.96,278.04,277.36,277.73,315284,278.93,278.59,39.76,1.01
2026-04-09 13:20:00,277.73,277.78,276.73,277.55,474360,278.66,278.5,38.36,1.01
2026-04-09 13:25:00,277.56,278.75,277.43,278.75,1131003,278.67,278.52,35.8,1.03
2026-04-09 13:30:00,278.74,278.94,277.3,277.66,443369,278.47,278.44,33.28,1.06
2026-04-09 13:35:00,277.66,278.01,277.45,277.95,334706,278.37,278.4,30.95,1.03
2026-04-09 13:40:00,277.95,278.16,277.01,277.29,416031,278.15,278.3,29.23,1.04
2026-04-09 13:45:00,277.26,277.45,276.23,276.6,556395,277.84,278.14,28.47,1.05
2026-04-09 13:50:00,276.61,276.95,275.65,276.35,484857,277.54,277.98,28.3,1.06
2026-04-09 13:55:00,276.31,276.5,275.99,276.29,321568,277.29,277.83,28.13,1.03
2026-04-09 14:00:00,276.29,276.5,275.97,276.23,292036,277.08,277.68,28.0,1.01
2026-04-09 14:05:00,276.23,276.39,275.8,276.1,263584,276.88,277.54,28.04,0.99
2026-04-09 14:10:00,276.1,276.15,275.65,275.86,220102,276.68,277.39,28.24,0.97
2026-04-09 14:15:00,275.91,276.4,275.67,275.67,242951,276.48,277.23,27.94,0.95
2026-04-09 14:20:00,275.72,276.08,275.21,275.69,266294,276.32,277.09,28.17,0.95
2026-04-09 14:25:00,275.73,275.83,275.32,275.47,197674,276.15,276.94,28.37,0.93
2026-04-09 14:30:00,275.35,276.37,275.21,276.27,306364,276.17,276.88,27.53,0.94
2026-04-09 14:35:00,276.27,276.7,276.07,276.5,296049,276.24,276.85,26.19,0.93
2026-04-09 14:40:00,276.52,276.96,276.5,276.68,224014,276.33,276.83,24.52,0.9
2026-04-09 14:45:00,276.68,277.35,276.58,277.25,266668,276.51,276.87,23.16,0.9
2026-04-09 14:50:00,277.26,277.41,276.69,277.08,292582,276.63,276.89,21.98,0.89
2026-04-09 14:55:00,277.1,277.14,276.65,276.96,238049,276.69,276.9,20.82,0.87
2026-04-09 15:00:00,276.74,277.18,275.8,276.51,301814,276.66,276.86,20.26,0.89
2026-04-09 15:05:00,276.55,277.55,276.51,277.55,313926,276.83,276.92,19.12,0.9
2026-04-09 15:10:00,277.6,277.61,277.35,277.61,298853,276.99,276.99,17.96,0.87
2026-04-09 15:15:00,277.69,277.9,277.08,277.13,490386,277.02,277.0,16.94,0.87
2026-04-09 15:20:00,277.2,277.5,276.69,277.1,488848,277.03,277.01,16.1,0.87
2026-04-09 15:25:00,277.1,277.33,276.81,277.28,300274,277.08,277.03,15.32,0.85
2026-04-10 09:15:00,279.0,283.79,278.99,281.79,996662,278.02,277.46,18.52,1.12
2026-04-10 09:20:00,281.83,282.95,281.69,281.95,333804,278.81,277.87,21.49,1.13
2026-04-10 09:25:00,282.0,282.19,280.99,281.06,338929,279.26,278.16,23.42,1.13
2026-04-10 09:30:00,281.18,282.19,280.97,281.48,346301,279.7,278.46,25.18,1.13
2026-04-10 09:35:00,281.48,281.48,279.8,280.39,309191,279.84,278.64,25.53,1.16
2026-04-10 09:40:00,280.41,281.44,280.0,281.21,202913,280.11,278.87,25.85,1.17
2026-04-10 09:45:00,281.22,281.5,280.91,281.3,108170,280.35,279.09,26.18,1.14
2026-04-10 09:50:00,281.3,281.66,281.2,281.5,103481,280.58,279.31,26.59,1.11
2026-04-10 09:55:00,281.45,282.18,281.4,281.48,160280,280.76,279.51,27.29,1.1
2026-04-10 10:00:00,281.47,281.76,280.75,280.85,94597,280.78,279.63,27.15,1.09
2026-04-10 10:05:00,280.77,280.92,279.23,280.27,259242,280.68,279.69,25.47,1.12
2026-04-10 10:10:00,280.27,281.6,280.2,281.3,100431,280.8,279.84,24.45,1.13
2026-04-10 10:15:00,281.38,281.69,281.28,281.4,90635,280.92,279.98,23.56,1.1
2026-04-10 10:20:00,281.4,281.55,280.92,281.2,67957,280.98,280.09,22.38,1.08
2026-04-10 10:25:00,281.21,282.11,280.86,281.0,170769,280.98,280.17,21.75,1.09
2026-04-10 10:30:00,281.08,281.19,280.75,281.07,87389,281.0,280.25,21.04,1.05
2026-04-10 10:35:00,281.15,281.48,281.07,281.25,79916,281.05,280.34,20.63,1.02
2026-04-10 10:40:00,281.25,281.25,280.61,280.66,64185,280.97,280.37,19.74,1.01
2026-04-10 10:45:00,280.65,280.83,280.31,280.47,141645,280.87,280.38,18.58,0.98
2026-04-10 10:50:00,280.47,280.64,280.22,280.52,78786,280.8,280.39,17.4,0.96
2026-04-10 10:55:00,280.52,281.47,280.17,281.47,248706,280.93,280.49,17.13,0.97
2026-04-10 11:00:00,281.47,281.58,280.56,281.1,110044,280.97,280.55,16.99,0.97
2026-04-10 11:05:00,281.1,281.65,281.02,281.6,96923,281.09,280.64,16.92,0.96
2026-04-10 11:10:00,281.59,281.72,281.51,281.66,49316,281.21,280.74,16.93,0.92
2026-04-10 11:15:00,281.66,282.65,281.54,282.65,274635,281.5,280.91,17.81,0.93
2026-04-10 11:20:00,282.6,283.27,282.5,283.26,314462,281.85,281.12,19.1,0.92
2026-04-10 11:25:00,283.26,283.55,283.05,283.47,175670,282.17,281.34,20.5,0.9
2026-04-10 11:30:00,283.46,283.99,283.27,283.76,284069,282.49,281.56,22.11,0.89
2026-04-10 11:35:00,283.76,283.88,283.35,283.51,153669,282.69,281.73,23.6,0.88
2026-04-10 11:40:00,283.5,283.7,283.1,283.24,129456,282.8,281.87,24.53,0.86
2026-04-10 11:45:00,283.26,283.26,282.3,282.41,184528,282.72,281.92,24.12,0.87
2026-04-10 11:50:00,282.45,283.28,282.43,283.02,109935,282.78,282.02,23.76,0.87
2026-04-10 11:55:00,283.03,283.58,283.01,283.57,126867,282.94,282.16,23.74,0.85
2026-04-10 12:00:00,283.53,283.78,283.21,283.47,133952,283.05,282.28,23.92,0.84
2026-04-10 12:05:00,283.47,283.74,283.15,283.5,146435,283.14,282.39,23.98,0.83
2026-04-10 12:10:00,283.6,283.65,283.25,283.35,97342,283.18,282.48,24.04,0.81
2026-04-10 12:15:00,283.3,283.55,283.02,283.36,124143,283.22,282.56,23.65,0.8
2026-04-10 12:20:00,283.4,283.69,283.16,283.69,104064,283.31,282.66,23.47,0.78
2026-04-10 12:25:00,283.7,284.25,283.7,284.2,254929,283.49,282.8,23.98,0.77
2026-04-10 12:30:00,284.25,284.3,283.8,283.81,165055,283.55,282.89,24.51,0.76
2026-04-10 12:35:00,283.81,284.23,283.7,284.19,109767,283.68,283.01,24.78,0.75
2026-04-10 12:40:00,284.17,284.39,283.8,283.81,258820,283.71,283.08,25.23,0.74
2026-04-10 12:45:00,283.81,284.0,283.74,283.96,107506,283.76,283.16,25.5,0.72
2026-04-10 12:50:00,283.95,283.96,283.33,283.76,109333,283.76,283.22,24.79,0.71
2026-04-10 12:55:00,283.8,284.0,283.41,283.69,117919,283.74,283.26,24.2,0.71
2026-04-10 13:00:00,283.76,283.8,283.45,283.53,82605,283.7,283.28,23.65,0.69
2026-04-10 13:05:00,283.5,284.13,283.4,284.13,103107,283.79,283.36,23.7,0.69
2026-04-10 13:10:00,284.13,284.18,283.7,283.81,79625,283.79,283.4,23.82,0.68
2026-04-10 13:15:00,283.81,283.81,283.16,283.27,247016,283.69,283.39,22.6,0.68
2026-04-10 13:20:00,283.4,283.41,282.73,282.8,217323,283.51,283.34,21.37,0.68
2026-04-10 13:25:00,282.8,283.23,282.52,282.95,134427,283.4,283.3,20.61,0.68
2026-04-10 13:30:00,282.96,282.99,282.41,282.7,142755,283.26,283.25,20.1,0.68
2026-04-10 13:35:00,282.72,283.18,282.56,283.05,86104,283.22,283.23,19.19,0.67
2026-04-10 13:40:00,283.05,283.39,283.01,283.31,111504,283.24,283.24,17.88,0.66
2026-04-10 13:45:00,283.35,283.38,283.01,283.15,78562,283.22,283.23,16.66,0.65
2026-04-10 13:50:00,283.14,283.3,282.85,283.16,62433,283.21,283.22,15.89,0.64
2026-04-10 13:55:00,283.15,283.75,283.11,283.68,117294,283.3,283.26,15.34,0.64
2026-04-10 14:00:00,283.75,284.13,283.5,284.09,358011,283.46,283.34,15.55,0.64
2026-04-10 14:05:00,284.09,284.7,283.99,284.5,351571,283.67,283.44,16.61,0.64
2026-04-10 14:10:00,284.48,285.4,284.48,285.17,509415,283.97,283.6,18.41,0.65
2026-04-10 14:15:00,285.2,285.72,283.5,284.87,410803,284.15,283.72,18.07,0.73
2026-04-10 14:20:00,284.91,285.32,284.51,284.51,146097,284.22,283.79,17.75,0.73
2026-04-10 14:25:00,284.6,284.63,283.56,284.25,228971,284.23,283.83,16.99,0.75
2026-04-10 14:30:00,284.25,284.87,284.16,284.49,265479,284.28,283.89,15.92,0.75
2026-04-10 14:35:00,284.49,284.84,284.1,284.43,69704,284.31,283.94,15.02,0.75
2026-04-10 14:40:00,284.43,284.96,284.4,284.84,92411,284.42,284.02,13.99,0.74
2026-04-10 14:45:00,284.84,285.15,284.55,285.06,172712,284.54,284.12,13.26,0.73
2026-04-10 14:50:00,285.05,285.32,284.9,285.32,127088,284.7,284.23,12.85,0.72
2026-04-10 14:55:00,285.32,285.99,285.2,285.58,368403,284.88,284.35,13.43,0.72
2026-04-10 15:00:00,285.55,285.8,285.17,285.69,210636,285.04,284.47,13.91,0.72
2026-04-10 15:05:00,285.7,286.18,285.52,285.81,368101,285.19,284.59,14.85,0.71
2026-04-10 15:10:00,285.91,285.91,285.01,285.1,313522,285.17,284.64,14.71,0.72
2026-04-10 15:15:00,285.01,285.16,284.62,284.62,325714,285.06,284.64,13.91,0.71
2026-04-10 15:20:00,284.65,284.74,284.2,284.32,399464,284.91,284.61,13.32,0.7
2026-04-10 15:25:00,284.38,284.38,282.62,283.79,650558,284.69,284.53,14.55,0.75
2026-04-13 09:15:00,279.0,280.34,276.49,279.07,948376,283.57,284.04,18.3,1.07
2026-04-13 09:20:00,278.93,281.34,278.85,281.07,552156,283.07,283.77,20.77,1.13
2026-04-13 09:25:00,281.07,281.9,281.01,281.64,322903,282.78,283.57,22.53,1.12
2026-04-13 09:30:00,281.55,283.2,281.03,282.56,430799,282.74,283.48,23.05,1.17
2026-04-13 09:35:00,282.63,282.66,280.94,281.3,232078,282.45,283.28,23.57,1.2
2026-04-13 09:40:00,281.34,282.38,281.08,281.73,207525,282.31,283.14,24.06,1.2
2026-04-13 09:45:00,281.73,282.65,281.21,282.35,164604,282.31,283.07,24.25,1.21
2026-04-13 09:50:00,282.39,283.86,282.3,283.64,226603,282.58,283.12,23.39,1.23
2026-04-13 09:55:00,283.52,284.02,283.05,283.87,282202,282.84,283.19,22.46,1.22
2026-04-13 10:00:00,283.87,284.48,283.1,284.13,217140,283.1,283.28,21.22,1.23
2026-04-13 10:05:00,284.04,284.7,284.04,284.55,215008,283.39,283.39,19.89,1.2
2026-04-13 10:10:00,284.65,286.36,284.61,285.79,863715,283.87,283.61,19.48,1.23
2026-04-13 10:15:00,285.7,286.81,285.1,286.54,1193075,284.4,283.88,19.38,1.25
2026-04-13 10:20:00,286.64,286.83,285.82,286.49,375176,284.82,284.11,19.29,1.24
2026-04-13 10:25:00,286.49,286.8,285.95,286.31,315294,285.12,284.31,19.21,1.22
2026-04-13 10:30:00,286.4,286.6,285.85,285.92,161760,285.28,284.46,19.04,1.2
2026-04-13 10:35:00,285.9,286.09,285.0,285.8,238023,285.38,284.58,18.02,1.19
2026-04-13 10:40:00,285.79,285.9,283.93,284.63,321982,285.23,284.59,17.3,1.23
2026-04-13 10:45:00,284.63,286.33,284.59,285.8,133834,285.35,284.7,16.25,1.26
2026-04-13 10:50:00,285.75,286.2,285.67,286.03,78974,285.48,284.82,15.27,1.22
2026-04-13 10:55:00,286.14,286.6,286.14,286.27,156829,285.64,284.95,14.37,1.19
2026-04-13 11:00:00,286.25,287.4,285.85,287.4,430285,285.99,285.17,14.23,1.21
2026-04-13 11:05:00,287.4,288.0,287.24,287.59,630859,286.31,285.39,14.56,1.19
2026-04-13 11:10:00,287.6,287.99,287.2,287.63,199638,286.58,285.6,14.82,1.17
2026-04-13 11:15:00,287.68,288.48,287.62,288.15,670745,286.89,285.83,15.45,1.15
2026-04-13 11:20:00,288.26,290.19,288.25,290.0,757056,287.51,286.21,17.11,1.19
2026-04-13 11:25:00,290.0,292.0,290.0,291.4,518548,288.29,286.68,19.45,1.23
2026-04-13 11:30:00,291.4,292.45,291.26,292.06,431535,289.04,287.17,21.8,1.23
2026-04-13 11:35:00,292.06,292.24,291.05,291.1,325659,289.46,287.53,23.72,1.23
2026-04-13 11:40:00,291.06,291.36,290.61,291.15,241735,289.79,287.86,24.99,1.21
2026-04-13 11:45:00,291.1,292.35,291.0,292.28,265163,290.29,288.26,26.61,1.21
2026-04-13 11:50:00,292.29,292.5,291.62,292.1,323103,290.65,288.61,28.18,1.2
2026-04-13 11:55:00,292.09,292.14,291.2,291.34,192366,290.79,288.86,29.11,1.18
2026-04-13 12:00:00,291.28,291.55,291.15,291.3,170664,290.89,289.08,29.92,1.15
2026-04-13 12:05:00,291.3,292.0,291.24,291.95,250128,291.1,289.34,30.91,1.13
2026-04-13 12:10:00,291.92,292.08,290.81,291.18,250048,291.12,289.51,31.26,1.14
2026-04-13 12:15:00,291.2,291.35,290.65,291.35,288389,291.17,289.67,31.37,1.11
2026-04-13 12:20:00,291.35,291.67,291.03,291.09,227927,291.15,289.8,31.69,1.09
2026-04-13 12:25:00,291.04,291.2,290.81,290.96,227012,291.11,289.91,31.68,1.06
2026-04-13 12:30:00,290.96,291.09,288.42,289.18,931075,290.73,289.84,29.73,1.14
2026-04-13 12:35:00,289.14,289.22,288.02,288.77,342231,290.33,289.74,28.24,1.14
2026-04-13 12:40:00,288.74,291.5,288.65,291.22,1059504,290.51,289.88,27.33,1.22
2026-04-13 12:45:00,291.23,291.51,290.92,291.11,347214,290.63,289.99,26.49,1.19
2026-04-13 12:50:00,291.15,291.57,291.0,291.45,228382,290.8,290.12,25.75,1.16
2026-04-13 12:55:00,291.44,292.0,290.91,291.6,604868,290.96,290.26,25.36,1.16
2026-04-13 13:00:00,291.61,291.61,290.0,290.85,614239,290.93,290.31,24.12,1.18
2026-04-13 13:05:00,290.86,291.54,290.47,290.66,211993,290.88,290.34,22.97,1.17
2026-04-13 13:10:00,290.66,291.26,290.5,291.2,267309,290.94,290.42,21.91,1.15
2026-04-13 13:15:00,291.26,291.49,290.64,290.76,180988,290.91,290.45,21.12,1.14
2026-04-13 13:20:00,290.77,290.98,290.58,290.66,177994,290.86,290.47,20.32,1.1
2026-04-13 13:25:00,290.66,290.9,290.56,290.6,161433,290.81,290.48,19.56,1.07
2026-04-13 13:30:00,290.6,290.99,290.54,290.6,161334,290.76,290.49,18.94,1.04
2026-04-13 13:35:00,290.7,290.76,290.52,290.65,175802,290.74,290.51,18.34,1.0
2026-04-13 13:40:00,290.65,290.72,290.29,290.67,149239,290.73,290.52,17.46,0.97
2026-04-13 13:45:00,290.61,290.67,290.29,290.6,140353,290.7,290.53,16.63,0.94
2026-04-13 13:50:00,290.6,290.95,290.42,290.89,180066,290.74,290.56,16.24,0.93
2026-04-13 13:55:00,290.83,291.11,290.41,291.0,248157,290.79,290.6,16.09,0.91
2026-04-13 14:00:00,290.94,291.0,290.4,290.41,217106,290.72,290.58,15.93,0.9
2026-04-13 14:05:00,290.42,291.33,290.22,290.99,413719,290.77,290.62,16.24,0.91
2026-04-13 14:10:00,290.99,291.85,290.82,291.68,1073765,290.95,290.72,17.15,0.92
2026-04-13 14:15:00,291.7,291.9,291.25,291.25,1043002,291.01,290.77,18.06,0.9
2026-04-13 14:20:00,291.3,292.68,291.25,292.59,946739,291.33,290.93,19.7,0.93
2026-04-13 14:25:00,292.66,293.0,291.8,292.0,888313,291.46,291.03,21.51,0.94
2026-04-13 14:30:00,291.99,292.05,290.5,290.91,646248,291.35,291.02,20.86,0.97
2026-04-13 14:35:00,290.91,291.4,290.6,290.8,328648,291.24,291.0,20.26,0.96
2026-04-13 14:40:00,290.81,291.06,289.86,290.07,868263,291.01,290.91,18.96,0.97
2026-04-13 14:45:00,290.0,290.42,289.14,289.17,903300,290.64,290.76,18.58,0.99
2026-04-13 14:50:00,289.04,290.0,288.65,289.32,593462,290.38,290.62,18.73,1.0
2026-04-13 14:55:00,289.32,289.82,288.61,289.18,751190,290.14,290.49,18.9,1.01
2026-04-13 15:00:00,289.16,289.77,288.18,288.51,2420337,289.81,290.31,19.49,1.04
2026-04-13 15:05:00,288.55,288.63,287.54,288.22,2168166,289.49,290.12,20.59,1.04
2026-04-13 15:10:00,288.19,289.44,287.38,287.82,2273613,289.16,289.91,20.38,1.09
2026-04-13 15:15:00,287.71,288.0,287.35,287.47,2130213,288.82,289.69,20.22,1.07
2026-04-13 15:20:00,287.5,287.76,285.86,286.25,2524936,288.31,289.38,21.32,1.11
2026-04-13 15:25:00,286.34,287.0,285.68,287.0,1695810,288.05,289.16,22.46,1.12
2026-04-15 09:15:00,291.02,297.39,291.02,296.13,1300911,289.66,289.8,24.33,1.56
2026-04-15 09:20:00,296.23,296.25,292.33,293.08,787722,290.35,290.09,26.07,1.67
2026-04-15 09:25:00,293.07,294.44,293.06,294.13,636715,291.1,290.46,27.69,1.66
2026-04-15 09:30:00,294.14,294.26,293.36,294.01,361289,291.68,290.78,29.19,1.62
2026-04-15 09:35:00,294.02,294.37,293.2,293.5,169052,292.05,291.03,30.45,1.6
2026-04-15 09:40:00,293.6,294.45,293.52,294.07,199723,292.45,291.31,31.65,1.57
2026-04-15 09:45:00,294.07,294.29,293.85,293.91,54542,292.74,291.54,32.75,1.52
2026-04-15 09:50:00,293.92,294.73,293.82,294.36,148372,293.07,291.8,33.94,1.49
2026-04-15 09:55:00,294.3,294.46,293.7,293.87,100521,293.23,291.99,34.92,1.45
2026-04-15 10:00:00,293.86,294.0,293.55,293.99,102590,293.38,292.17,35.65,1.41
2026-04-15 10:05:00,294.06,294.38,293.31,293.52,371152,293.41,292.29,36.5,1.39
2026-04-15 10:10:00,293.5,293.58,293.11,293.38,143843,293.4,292.39,37.04,1.35
2026-04-15 10:15:00,293.42,293.84,293.42,293.56,79217,293.43,292.5,37.66,1.3
2026-04-15 10:20:00,293.56,293.9,293.3,293.55,231782,293.46,292.59,38.09,1.27
2026-04-15 10:25:00,293.55,293.6,293.05,293.6,85826,293.49,292.68,38.14,1.24
2026-04-15 10:30:00,293.58,293.84,293.43,293.43,54868,293.47,292.75,38.33,1.2
2026-04-15 10:35:00,293.55,293.9,293.4,293.58,362481,293.5,292.83,38.54,1.16
2026-04-15 10:40:00,293.72,294.98,293.65,294.5,163879,293.7,292.98,39.36,1.18
2026-04-15 10:45:00,294.6,294.62,294.1,294.2,76043,293.8,293.09,40.12,1.14
2026-04-15 10:50:00,294.15,294.19,293.22,293.52,115428,293.74,293.13,39.52,1.14
2026-04-15 10:55:00,293.52,293.7,293.27,293.49,59461,293.69,293.16,38.95,1.1
2026-04-15 11:00:00,293.45,293.95,293.35,293.78,54954,293.71,293.22,38.62,1.08
2026-04-15 11:05:00,293.76,293.94,293.47,293.59,39090,293.69,293.25,38.31,1.05
2026-04-15 11:10:00,293.6,293.76,293.4,293.47,46467,293.64,293.27,37.91,1.02
2026-04-15 11:15:00,293.47,293.67,293.1,293.17,74300,293.55,293.26,37.01,1.0
2026-04-15 11:20:00,293.2,293.52,293.1,293.52,34985,293.54,293.29,36.19,0.97
2026-04-15 11:25:00,293.49,293.59,293.11,293.39,35717,293.51,293.3,35.5,0.94
2026-04-15 11:30:00,293.26,293.9,293.26,293.8,68162,293.57,293.34,35.19,0.93
2026-04-15 11:35:00,293.8,294.68,293.4,294.55,83417,293.77,293.45,35.64,0.95
2026-04-15 11:40:00,294.58,295.5,294.58,295.46,282507,294.1,293.63,36.66,0.95
2026-04-15 11:45:00,295.48,296.15,294.99,296.13,212620,294.51,293.86,38.0,0.96
2026-04-15 11:50:00,296.18,296.26,295.77,296.04,257776,294.82,294.06,39.31,0.93
2026-04-15 11:55:00,296.06,296.09,295.62,295.92,77052,295.04,294.23,40.21,0.91
2026-04-15 12:00:00,295.92,296.27,295.79,296.27,107233,295.28,294.41,41.17,0.89
2026-04-15 12:05:00,296.24,296.35,295.98,296.2,135934,295.47,294.58,42.11,0.87
2026-04-15 12:10:00,296.19,296.3,294.43,294.43,283765,295.26,294.56,40.17,0.92
2026-04-15 12:15:00,294.44,294.72,294.27,294.38,98108,295.08,294.55,38.14,0.89
2026-04-15 12:20:00,294.43,294.84,294.36,294.53,105325,294.97,294.54,36.4,0.87
2026-04-15 12:25:00,294.53,294.7,294.09,294.68,107150,294.91,294.56,34.37,0.86
2026-04-15 12:30:00,294.66,294.66,294.31,294.64,53067,294.86,294.56,32.49,0.84
2026-04-15 12:35:00,294.65,294.72,294.32,294.7,62659,294.83,294.58,30.83,0.82
2026-04-15 12:40:00,294.75,294.75,294.2,294.58,85898,294.78,294.58,29.07,0.8
2026-04-15 12:45:00,294.57,294.99,294.57,294.65,93143,294.75,294.58,27.81,0.79
2026-04-15 12:50:00,294.67,294.85,294.54,294.77,80647,294.76,294.6,26.58,0.76
2026-04-15 12:55:00,294.77,294.95,294.55,294.59,58624,294.72,294.6,25.6,0.75
2026-04-15 13:00:00,294.59,294.9,294.43,294.84,76951,294.75,294.62,24.43,0.73
2026-04-15 13:05:00,294.81,294.88,294.4,294.85,63357,294.77,294.64,23.28,0.72
2026-04-15 13:10:00,294.85,294.85,293.81,294.06,123445,294.63,294.59,22.2,0.74
2026-04-15 13:15:00,294.07,294.15,293.36,293.37,137975,294.37,294.48,21.93,0.74
2026-04-15 13:20:00,293.5,293.61,293.22,293.46,93349,294.19,294.39,21.89,0.72
2026-04-15 13:25:00,293.48,293.57,292.35,292.65,168291,293.88,294.23,22.95,0.75
2026-04-15 13:30:00,292.65,293.06,292.61,293.03,93761,293.71,294.12,23.92,0.73
2026-04-15 13:35:00,293.05,293.1,292.06,292.21,140864,293.41,293.95,25.4,0.75
2026-04-15 13:40:00,292.22,292.91,292.11,292.88,103856,293.31,293.85,26.76,0.75
2026-04-15 13:45:00,292.87,293.01,292.75,292.97,64934,293.24,293.77,27.77,0.73
2026-04-15 13:50:00,292.96,293.01,292.8,292.98,102976,293.19,293.7,28.7,0.7
2026-04-15 13:55:00,292.91,292.91,292.09,292.67,331900,293.08,293.6,30.3,0.71
2026-04-15 14:00:00,292.67,293.0,292.65,292.8,60835,293.03,293.53,31.54,0.69
2026-04-15 14:05:00,292.82,293.0,292.82,292.92,69526,293.01,293.48,32.69,0.67
2026-04-15 14:10:00,292.93,292.93,292.5,292.5,94497,292.9,293.39,34.08,0.66
2026-04-15 14:15:00,292.5,293.0,292.5,292.95,76191,292.91,293.35,35.16,0.65
2026-04-15 14:20:00,293.0,293.1,292.6,292.72,77148,292.87,293.29,35.83,0.64
2026-04-15 14:25:00,292.71,293.02,292.57,292.82,169239,292.86,293.25,36.5,0.63
2026-04-15 14:30:00,292.9,292.93,292.4,292.88,77897,292.87,293.21,37.34,0.63
2026-04-15 14:35:00,292.87,292.89,292.51,292.62,39481,292.82,293.16,38.12,0.62
2026-04-15 14:40:00,292.61,293.0,292.61,292.89,65324,292.83,293.14,38.41,0.61
2026-04-15 14:45:00,292.89,293.09,292.73,293.0,99699,292.87,293.12,38.35,0.59
2026-04-15 14:50:00,292.96,293.23,292.94,292.95,115871,292.88,293.11,37.75,0.58
2026-04-15 14:55:00,292.95,293.0,292.91,292.95,34359,292.9,293.09,37.26,0.56
2026-04-15 15:00:00,293.0,293.0,292.51,293.0,273060,292.92,293.08,37.55,0.55
2026-04-15 15:05:00,293.0,293.08,292.0,292.29,699729,292.79,293.01,38.53,0.58
2026-04-15 15:10:00,292.4,292.79,292.26,292.74,256374,292.78,292.99,39.44,0.58
2026-04-15 15:15:00,292.69,292.9,292.27,292.47,254130,292.72,292.94,39.85,0.58
2026-04-15 15:20:00,292.47,292.57,292.4,292.42,261010,292.66,292.89,40.22,0.56
2026-04-15 15:25:00,292.42,292.49,291.91,291.92,306431,292.51,292.8,41.25,0.56
2026-04-16 09:15:00,294.37,296.39,294.0,295.65,568892,293.14,293.06,41.03,0.75
2026-04-16 09:20:00,295.78,296.36,293.41,293.9,347412,293.29,293.14,39.94,0.85
2026-04-16 09:25:00,293.9,294.33,293.6,294.15,152785,293.46,293.23,38.93,0.85
2026-04-16 09:30:00,294.2,294.89,294.2,294.57,159105,293.68,293.35,38.46,0.84
2026-04-16 09:35:00,294.67,294.85,294.0,294.45,162914,293.84,293.45,37.71,0.84
2026-04-16 09:40:00,294.45,294.96,293.75,293.75,127327,293.82,293.48,36.63,0.86
2026-04-16 09:45:00,293.75,294.75,293.42,294.7,144898,294.0,293.59,35.12,0.88
2026-04-16 09:50:00,294.7,295.1,294.36,294.69,99218,294.13,293.69,34.09,0.87
2026-04-16 09:55:00,294.7,295.0,293.8,294.0,121609,294.11,293.72,32.31,0.89
2026-04-16 10:00:00,293.92,295.64,293.72,295.49,173410,294.38,293.88,31.34,0.94
2026-04-16 10:05:00,295.38,295.74,295.03,295.08,114559,294.52,293.99,30.54,0.93
2026-04-16 10:10:00,295.21,295.47,294.94,295.12,67029,294.64,294.09,29.65,0.91
2026-04-16 10:15:00,295.03,295.41,294.7,294.8,192185,294.67,294.16,28.45,0.9
2026-04-16 10:20:00,294.8,295.2,294.6,295.05,46402,294.75,294.24,27.17,0.89
2026-04-16 10:25:00,295.1,295.98,295.05,295.85,131954,294.97,294.38,26.9,0.89
2026-04-16 10:30:00,295.77,296.35,295.67,295.78,219446,295.13,294.51,27.02,0.88
2026-04-16 10:35:00,295.79,295.9,295.2,295.37,61882,295.18,294.59,26.35,0.87
2026-04-16 10:40:00,295.37,295.89,295.35,295.35,61235,295.21,294.66,25.73,0.85
2026-04-16 10:45:00,295.3,295.7,295.3,295.49,45814,295.27,294.73,25.06,0.83
2026-04-16 10:50:00,295.49,295.58,295.2,295.21,43692,295.26,294.78,24.26,0.81
2026-04-16 10:55:00,295.34,295.7,295.03,295.7,91515,295.35,294.86,23.2,0.8
2026-04-16 11:00:00,295.7,295.88,295.5,295.7,52454,295.42,294.94,22.48,0.78
2026-04-16 11:05:00,295.63,295.81,295.57,295.65,34775,295.46,295.0,21.82,0.76
2026-04-16 11:10:00,295.63,295.83,295.55,295.83,36145,295.54,295.08,21.21,0.73
2026-04-16 11:15:00,295.82,297.6,295.82,297.04,834046,295.84,295.26,22.76,0.78
2026-04-16 11:20:00,297.0,297.88,296.1,296.1,690765,295.89,295.33,24.43,0.83
2026-04-16 11:25:00,296.26,296.5,296.0,296.32,81285,295.98,295.42,25.76,0.82
2026-04-16 11:30:00,296.24,296.54,296.21,296.34,75060,296.05,295.51,27.03,0.79
2026-04-16 11:35:00,296.39,296.4,295.6,295.72,90534,295.98,295.53,26.9,0.79
2026-04-16 11:40:00,295.75,295.95,295.46,295.62,74943,295.91,295.53,26.52,0.78
2026-04-16 11:45:00,295.61,295.64,294.51,295.15,197292,295.76,295.5,24.67,0.8
2026-04-16 11:50:00,295.17,295.2,294.8,294.99,61022,295.6,295.45,22.95,0.78
2026-04-16 11:55:00,294.96,294.99,294.28,294.36,88277,295.36,295.35,22.09,0.77
2026-04-16 12:00:00,294.35,294.35,293.1,293.2,174162,294.92,295.16,22.57,0.8
2026-04-16 12:05:00,293.2,293.84,293.05,293.84,132250,294.71,295.04,23.07,0.8
2026-04-16 12:10:00,293.71,294.1,293.59,293.85,101511,294.54,294.93,23.08,0.78
2026-04-16 12:15:00,293.86,294.26,293.84,294.06,62105,294.44,294.85,22.82,0.77
2026-04-16 12:20:00,294.06,294.25,293.82,293.91,48169,294.33,294.77,22.6,0.75
2026-04-16 12:25:00,293.9,294.29,293.8,293.8,63317,294.23,294.68,22.31,0.74
2026-04-16 12:30:00,293.8,294.28,293.59,293.6,71200,294.1,294.58,22.33,0.73
2026-04-16 12:35:00,293.59,294.29,293.48,294.19,46991,294.12,294.54,22.49,0.74
2026-04-16 12:40:00,294.2,294.3,294.0,294.02,30979,294.1,294.5,22.62,0.72
2026-04-16 12:45:00,294.08,294.18,293.7,294.0,63169,294.08,294.45,23.16,0.71
2026-04-16 12:50:00,294.0,294.93,293.79,294.31,172832,294.13,294.44,22.06,0.73
2026-04-16 12:55:00,294.31,294.43,294.02,294.37,59185,294.17,294.43,21.04,0.71
2026-04-16 13:00:00,294.37,294.5,294.06,294.5,46804,294.24,294.44,19.95,0.7
2026-04-16 13:05:00,294.45,294.84,294.0,294.21,102840,294.23,294.42,18.77,0.71
2026-04-16 13:10:00,294.16,294.25,293.71,293.82,64315,294.15,294.36,17.73,0.7
2026-04-16 13:15:00,293.82,294.02,293.51,293.7,67027,294.06,294.3,17.13,0.69
2026-04-16 13:20:00,293.7,293.96,293.3,293.42,77082,293.93,294.22,16.93,0.69
2026-04-16 13:25:00,293.42,294.47,293.37,293.94,58135,293.93,294.2,15.73,0.71
2026-04-16 13:30:00,294.0,294.12,293.75,293.96,139621,293.94,294.18,14.63,0.69
2026-04-16 13:35:00,293.96,294.1,293.84,293.98,42017,293.95,294.16,13.6,0.67
2026-04-16 13:40:00,293.98,294.22,293.98,294.04,237447,293.97,294.15,12.9,0.65
2026-04-16 13:45:00,293.98,294.17,293.92,294.0,153032,293.97,294.13,12.11,0.63
2026-04-16 13:50:00,294.0,294.33,293.8,294.0,268596,293.98,294.12,11.74,0.63
2026-04-16 13:55:00,294.0,294.7,293.96,294.65,169778,294.11,294.17,12.15,0.63
2026-04-16 14:00:00,294.7,294.79,294.15,294.27,67343,294.14,294.18,12.71,0.63
2026-04-16 14:05:00,294.27,294.54,294.05,294.32,47548,294.18,294.19,12.94,0.63
2026-04-16 14:10:00,294.31,294.6,294.22,294.59,45990,294.26,294.23,13.28,0.61
2026-04-16 14:15:00,294.59,294.78,294.51,294.7,41674,294.35,294.27,13.97,0.6
2026-04-16 14:20:00,294.7,295.0,294.6,294.72,84740,294.42,294.31,15.05,0.59
2026-04-16 14:25:00,294.72,295.76,294.72,295.66,128872,294.67,294.43,17.18,0.61
2026-04-16 14:30:00,295.7,296.45,295.5,296.41,230127,295.02,294.61,19.87,0.63
2026-04-16 14:35:00,296.44,297.5,296.36,297.4,262058,295.49,294.87,23.11,0.65
2026-04-16 14:40:00,297.35,297.68,297.23,297.36,152135,295.87,295.09,26.21,0.64
2026-04-16 14:45:00,297.36,297.63,297.27,297.52,138814,296.2,295.31,29.1,0.63
2026-04-16 14:50:00,297.48,300.9,297.48,300.11,1329730,296.98,295.75,32.87,0.76
2026-04-16 14:55:00,300.11,305.5,300.0,305.22,3216621,298.63,296.61,36.91,0.99
2026-04-16 15:00:00,305.26,307.65,304.7,307.0,3186183,300.3,297.56,40.78,1.08
2026-04-16 15:05:00,307.07,311.3,306.67,309.74,3017568,302.19,298.66,44.53,1.25
2026-04-16 15:10:00,309.64,310.85,309.05,310.49,1394371,303.85,299.74,48.01,1.27
2026-04-16 15:15:00,310.43,312.3,309.46,312.21,2425338,305.52,300.87,51.3,1.35
2026-04-16 15:20:00,312.26,312.26,309.62,310.5,3140846,306.52,301.75,54.34,1.41
2026-04-16 15:25:00,310.51,310.99,309.83,310.2,1428042,307.25,302.52,57.17,1.4
2026-04-17 09:15:00,311.0,312.53,309.0,310.79,1919441,307.96,303.27,59.85,1.5
2026-04-17 09:20:00,310.9,311.64,309.11,309.11,559382,308.19,303.8,62.33,1.55
2026-04-17 09:25:00,309.14,310.18,308.0,309.5,565339,308.45,304.32,63.41,1.58
2026-04-17 09:30:00,309.41,310.45,308.5,309.4,431137,308.64,304.78,64.45,1.6
2026-04-17 09:35:00,309.41,310.64,309.0,310.43,313368,309.0,305.29,65.44,1.6
2026-04-17 09:40:00,310.54,310.57,307.5,307.69,562971,308.74,305.51,64.76,1.67
2026-04-17 09:45:00,307.68,308.28,307.38,308.01,457055,308.59,305.74,64.01,1.63
2026-04-17 09:50:00,307.93,309.81,307.93,309.4,353122,308.75,306.07,63.74,1.64
2026-04-17 09:55:00,309.32,310.23,309.14,309.7,336437,308.94,306.4,63.58,1.62
2026-04-17 10:00:00,309.81,311.6,309.17,311.3,575037,309.41,306.85,63.75,1.66
2026-04-17 10:05:00,311.19,313.8,311.15,313.22,1631164,310.18,307.43,64.31,1.7
2026-04-17 10:10:00,313.3,313.9,313.05,313.6,562259,310.86,307.99,64.84,1.66
2026-04-17 10:15:00,313.6,314.96,313.52,314.78,1151127,311.64,308.6,65.5,1.65
2026-04-17 10:20:00,314.79,315.06,314.27,314.75,996740,312.27,309.16,66.14,1.61
2026-04-17 10:25:00,314.73,315.25,314.28,314.7,482096,312.75,309.67,66.75,1.58
2026-04-17 10:30:00,314.63,314.95,312.84,313.05,404163,312.81,309.97,65.81,1.61
2026-04-17 10:35:00,313.0,313.03,312.55,312.6,336182,312.77,310.21,64.66,1.55
2026-04-17 10:40:00,312.66,313.09,312.18,312.3,245115,312.68,310.4,63.22,1.52
2026-04-17 10:45:00,312.36,312.45,311.75,312.24,354214,312.59,310.57,61.47,1.48
2026-04-17 10:50:00,312.3,312.39,311.71,312.09,144784,312.49,310.71,59.8,1.45
2026-04-17 10:55:00,312.0,313.3,311.84,312.27,228083,312.45,310.85,58.65,1.45
2026-04-17 11:00:00,312.2,312.23,309.61,309.83,651307,311.92,310.76,55.6,1.5
2026-04-17 11:05:00,309.91,310.48,309.62,309.95,145311,311.53,310.68,52.77,1.47
2026-04-17 11:10:00,310.07,310.44,309.85,309.98,165715,311.22,310.62,50.14,1.43
2026-04-17 11:15:00,309.95,310.3,309.77,310.28,108191,311.03,310.59,47.63,1.39
2026-04-17 11:20:00,310.3,310.41,310.06,310.26,107527,310.88,310.56,45.37,1.34
2026-04-17 11:25:00,310.2,310.27,310.0,310.0,43373,310.7,310.51,43.21,1.29
2026-04-17 11:30:00,310.0,310.15,309.63,309.69,128181,310.5,310.43,40.83,1.25
2026-04-17 11:35:00,309.75,310.0,309.51,309.96,75404,310.39,310.39,38.49,1.22
2026-04-17 11:40:00,310.0,310.99,309.53,310.86,458566,310.48,310.43,37.13,1.23
2026-04-17 11:45:00,310.88,310.88,310.0,310.16,129269,310.42,310.41,35.87,1.21
2026-04-17 11:50:00,310.2,310.45,309.94,310.44,67587,310.42,310.41,34.63,1.18
2026-04-17 11:55:00,310.45,310.65,309.9,310.35,115637,310.41,310.41,33.65,1.16
2026-04-17 12:00:00,310.3,310.3,309.5,309.6,121373,310.25,310.33,32.21,1.14
2026-04-17 12:05:00,309.6,309.87,309.31,309.75,101523,310.15,310.28,30.63,1.11
2026-04-17 12:10:00,309.8,309.9,309.5,309.58,60651,310.03,310.22,29.2,1.08
2026-04-17 12:15:00,309.58,310.03,309.4,309.76,170388,309.98,310.17,28.02,1.06
2026-04-17 12:20:00,309.75,310.49,309.71,310.3,194107,310.04,310.19,27.43,1.05
2026-04-17 12:25:00,310.31,310.31,310.01,310.14,31023,310.06,310.18,26.88,1.01
2026-04-17 12:30:00,310.16,310.19,309.81,309.95,51788,310.04,310.16,26.04,0.98
2026-04-17 12:35:00,310.06,310.06,309.76,309.8,37228,309.99,310.13,25.17,0.95
2026-04-17 12:40:00,309.8,312.0,309.75,312.0,325704,310.39,310.3,26.24,1.01
2026-04-17 12:45:00,311.78,311.9,311.12,311.36,121627,310.59,310.39,27.23,1.0
2026-04-17 12:50:00,311.44,311.45,310.45,310.5,233579,310.57,310.4,27.06,1.0
2026-04-17 12:55:00,310.45,310.87,310.43,310.76,61719,310.61,310.44,26.87,0.98
2026-04-17 13:00:00,310.79,311.68,310.79,311.43,181013,310.77,310.53,27.41,0.97
2026-04-17 13:05:00,311.43,311.5,311.3,311.4,34448,310.9,310.61,27.91,0.94
2026-04-17 13:10:00,311.4,311.75,311.23,311.75,149057,311.07,310.71,28.59,0.92
2026-04-17 13:15:00,311.75,312.72,311.69,312.59,379162,311.37,310.88,29.93,0.92
2026-04-17 13:20:00,312.58,313.8,312.49,313.4,359642,311.78,311.11,31.77,0.94
2026-04-17 13:25:00,313.4,313.67,313.0,313.62,173443,312.15,311.34,33.48,0.93
2026-04-17 13:30:00,313.62,313.7,313.38,313.5,100339,312.42,311.53,35.09,0.9
2026-04-17 13:35:00,313.52,313.69,313.3,313.6,102132,312.65,311.72,36.42,0.87
2026-04-17 13:40:00,313.6,314.49,313.5,313.99,278955,312.92,311.93,38.1,0.88
2026-04-17 13:45:00,313.9,314.49,313.84,313.88,174109,313.11,312.11,39.66,0.87
2026-04-17 13:50:00,313.92,313.94,313.0,313.1,112899,313.11,312.2,39.49,0.87
2026-04-17 13:55:00,313.04,313.6,313.04,313.4,93208,313.17,312.31,39.34,0.86
2026-04-17 14:00:00,313.41,313.56,313.22,313.23,64358,313.18,312.39,39.2,0.83
2026-04-17 14:05:00,313.23,313.44,313.02,313.06,89564,313.16,312.45,38.67,0.81
2026-04-17 14:10:00,313.12,313.25,312.78,312.85,99626,313.1,312.49,37.72,0.8
2026-04-17 14:15:00,312.89,313.2,312.89,313.2,96716,313.12,312.55,36.83,0.78
2026-04-17 14:20:00,313.17,313.25,313.0,313.23,54504,313.14,312.61,36.07,0.75
2026-04-17 14:25:00,313.23,313.45,312.74,313.11,143385,313.13,312.66,34.8,0.75
2026-04-17 14:30:00,313.12,313.21,313.0,313.01,66152,313.11,312.69,33.63,0.72
2026-04-17 14:35:00,313.03,313.3,312.99,313.26,78582,313.14,312.74,32.68,0.7
2026-04-17 14:40:00,313.28,313.91,313.19,313.7,129319,313.25,312.83,32.66,0.7
2026-04-17 14:45:00,313.75,314.16,313.7,314.1,271458,313.42,312.94,32.93,0.69
2026-04-17 14:50:00,314.1,316.4,314.1,316.33,994513,314.0,313.25,34.9,0.77
2026-04-17 14:55:00,316.33,316.62,315.51,315.55,587828,314.31,313.46,36.83,0.79
2026-04-17 15:00:00,315.61,317.25,315.16,316.94,986547,314.84,313.78,38.91,0.85
2026-04-17 15:05:00,317.0,317.48,316.47,316.75,354918,315.22,314.05,40.93,0.86
2026-04-17 15:10:00,316.79,317.65,316.7,317.3,611982,315.64,314.34,42.89,0.86
2026-04-17 15:15:00,317.3,317.8,316.72,317.1,705938,315.93,314.59,44.77,0.87
2026-04-17 15:20:00,317.1,317.13,316.52,316.77,553971,316.1,314.79,46.04,0.86
2026-04-17 15:25:00,316.8,317.1,316.04,316.5,622907,316.18,314.95,46.15,0.87
2026-04-20 09:15:00,318.53,321.82,317.6,321.11,4472164,317.16,315.51,48.1,1.08
2026-04-20 09:20:00,321.0,325.7,320.93,325.7,1819996,318.87,316.43,50.49,1.26
2026-04-20 09:25:00,325.74,327.0,325.06,326.1,1633932,320.32,317.31,52.84,1.29
2026-04-20 09:30:00,326.1,326.86,324.09,325.29,1163764,321.31,318.04,54.05,1.36
2026-04-20 09:35:00,325.32,326.49,324.94,325.01,738176,322.05,318.67,55.18,1.37
2026-04-20 09:40:00,325.0,326.99,325.0,325.5,946633,322.74,319.29,56.32,1.4
2026-04-20 09:45:00,325.5,326.2,325.0,325.94,864973,323.38,319.9,57.38,1.39
2026-04-20 09:50:00,325.86,328.34,325.51,327.59,1356813,324.22,320.6,58.72,1.46
2026-04-20 09:55:00,327.72,328.68,327.01,328.52,925525,325.08,321.32,60.01,1.47
2026-04-20 10:00:00,328.68,328.82,328.04,328.15,571991,325.7,321.94,61.23,1.43
2026-04-20 10:05:00,328.29,330.45,327.11,330.15,2007685,326.59,322.68,62.59,1.52
2026-04-20 10:10:00,330.15,331.3,330.05,331.23,1023552,327.52,323.46,63.95,1.51
2026-04-20 10:15:00,331.27,331.83,330.4,331.5,2376737,328.31,324.19,65.27,1.51
2026-04-20 10:20:00,331.56,332.68,331.01,332.11,1413902,329.07,324.91,66.59,1.52
2026-04-20 10:25:00,332.1,332.48,331.95,332.25,1077817,329.71,325.58,67.81,1.47
2026-04-20 10:30:00,332.25,332.5,332.0,332.33,880252,330.23,326.19,68.95,1.42
2026-04-20 10:35:00,332.29,333.79,331.95,332.22,861153,330.63,326.74,70.15,1.44
2026-04-20 10:40:00,332.34,332.84,332.02,332.64,602684,331.03,327.28,71.27,1.41
2026-04-20 10:45:00,332.53,333.0,330.1,331.15,2413441,331.06,327.63,70.01,1.48
2026-04-20 10:50:00,331.15,331.39,329.74,330.11,922659,330.87,327.85,68.46,1.49
2026-04-20 10:55:00,330.13,330.48,329.63,330.0,647961,330.69,328.05,66.91,1.46
2026-04-20 11:00:00,330.0,330.1,328.12,329.78,1109185,330.51,328.21,64.01,1.49
2026-04-20 11:05:00,329.76,330.6,329.33,330.59,409907,330.53,328.42,61.56,1.48
2026-04-20 11:10:00,330.59,330.7,330.09,330.6,234022,330.54,328.62,59.34,1.43
2026-04-20 11:15:00,330.6,330.84,330.0,330.08,279919,330.45,328.75,57.36,1.41
2026-04-20 11:20:00,330.08,330.73,330.0,330.6,163865,330.48,328.92,55.51,1.37
2026-04-20 11:25:00,330.56,331.65,330.55,331.29,782308,330.64,329.14,54.3,1.36
2026-04-20 11:30:00,331.29,331.33,329.9,330.14,1361592,330.54,329.23,52.46,1.36
2026-04-20 11:35:00,330.05,332.25,329.89,331.9,1181327,330.81,329.47,51.25,1.41
2026-04-20 11:40:00,331.9,331.9,330.1,330.73,377729,330.8,329.59,50.14,1.43
2026-04-20 11:45:00,330.68,330.99,330.41,330.96,124450,330.83,329.71,49.1,1.39
2026-04-20 11:50:00,330.88,330.98,330.1,330.3,163777,330.72,329.76,47.75,1.37
2026-04-20 11:55:00,330.28,330.7,330.01,330.46,212172,330.67,329.83,46.38,1.33
2026-04-20 12:00:00,330.5,330.8,329.87,330.03,731976,330.54,329.85,44.92,1.31
2026-04-20 12:05:00,330.03,330.2,328.57,328.65,432385,330.16,329.74,42.04,1.33
2026-04-20 12:10:00,328.6,329.21,328.26,328.32,337602,329.8,329.61,39.05,1.31
2026-04-20 12:15:00,328.3,329.27,328.3,329.11,301914,329.66,329.56,36.35,1.29
2026-04-20 12:20:00,329.01,329.98,329.0,329.93,244339,329.71,329.6,34.53,1.28
2026-04-20 12:25:00,329.92,329.96,329.27,329.55,200729,329.68,329.59,32.84,1.25
2026-04-20 12:30:00,329.52,329.64,329.31,329.52,162720,329.65,329.59,31.27,1.21
2026-04-20 12:35:00,329.38,329.54,328.8,329.4,266662,329.6,329.57,29.17,1.19
2026-04-20 12:40:00,329.38,330.08,329.19,329.84,319012,329.65,329.59,27.82,1.17
2026-04-20 12:45:00,329.83,330.05,329.38,329.8,278119,329.68,329.61,26.56,1.15
2026-04-20 12:50:00,329.8,330.39,329.8,330.16,206871,329.77,329.66,25.76,1.12
2026-04-20 12:55:00,330.17,330.39,329.84,330.0,191570,329.82,329.69,25.03,1.09
2026-04-20 13:00:00,329.93,330.15,329.42,330.0,476243,329.86,329.72,23.71,1.08
2026-04-20 13:05:00,329.94,330.0,329.32,329.38,260220,329.76,329.69,22.33,1.06
2026-04-20 13:10:00,329.38,329.7,329.0,329.65,190371,329.74,329.69,20.89,1.04
2026-04-20 13:15:00,329.64,329.82,329.36,329.69,145661,329.73,329.69,19.42,1.01
2026-04-20 13:20:00,329.66,329.7,328.64,328.95,310317,329.57,329.62,18.99,1.02
2026-04-20 13:25:00,328.95,329.32,328.5,329.32,308773,329.52,329.59,18.77,1.01
2026-04-20 13:30:00,329.26,329.5,328.65,328.91,343702,329.4,329.53,18.25,1.0
2026-04-20 13:35:00,328.81,329.21,328.1,328.25,375793,329.17,329.41,18.46,1.0
2026-04-20 13:40:00,328.14,328.63,328.02,328.48,446018,329.03,329.33,18.75,0.98
2026-04-20 13:45:00,328.48,328.6,327.0,327.57,876731,328.74,329.17,20.06,1.01
2026-04-20 13:50:00,327.57,328.81,327.56,328.67,239948,328.73,329.12,20.88,1.03
2026-04-20 13:55:00,328.67,329.2,328.5,328.83,239640,328.75,329.1,20.95,1.01
2026-04-20 14:00:00,328.83,328.95,328.2,328.47,185162,328.69,329.04,21.34,1.0
2026-04-20 14:05:00,328.46,328.59,327.93,328.08,243975,328.57,328.95,21.98,0.98
2026-04-20 14:10:00,328.09,328.45,328.07,328.21,144252,328.5,328.89,22.57,0.95
2026-04-20 14:15:00,328.18,328.89,328.0,328.38,368233,328.47,328.84,22.27,0.95
2026-04-20 14:20:00,328.35,328.79,327.9,328.62,192367,328.5,328.82,22.12,0.95
2026-04-20 14:25:00,328.66,329.7,328.55,329.5,330197,328.7,328.88,20.61,0.96
2026-04-20 14:30:00,329.5,329.92,329.32,329.64,445131,328.89,328.95,19.52,0.94
2026-04-20 14:35:00,329.56,330.09,329.56,329.73,390507,329.06,329.02,18.75,0.92
2026-04-20 14:40:00,329.72,329.99,329.21,329.28,263591,329.1,329.04,17.46,0.91
2026-04-20 14:45:00,329.27,329.7,328.26,328.5,387682,328.98,329.0,17.42,0.94
2026-04-20 14:50:00,328.45,328.53,327.61,327.8,338996,328.75,328.89,18.05,0.94
2026-04-20 14:55:00,327.7,327.84,327.41,327.51,245800,328.5,328.76,18.83,0.91
2026-04-20 15:00:00,327.52,328.36,326.51,326.57,480609,328.11,328.56,20.32,0.96
2026-04-20 15:05:00,326.52,326.98,325.57,325.6,598412,327.61,328.29,22.32,0.98
2026-04-20 15:10:00,325.52,326.04,325.49,325.63,518828,327.21,328.05,24.23,0.96
2026-04-20 15:15:00,325.65,325.94,324.06,324.55,769425,326.68,327.73,26.73,1.0
2026-04-20 15:20:00,324.54,325.15,324.4,324.9,473786,326.33,327.48,29.05,0.99
2026-04-20 15:25:00,324.86,325.0,324.55,325.0,358905,326.06,327.25,31.21,0.97
2026-04-21 09:15:00,327.01,328.0,322.51,324.66,997190,325.78,327.01,29.29,1.18
2026-04-21 09:20:00,324.66,328.07,324.56,326.21,697848,325.87,326.94,27.45,1.29
2026-04-21 09:25:00,326.27,326.28,324.8,324.99,319424,325.69,326.76,25.73,1.3
2026-04-21 09:30:00,325.0,325.16,323.45,324.63,269200,325.48,326.57,25.25,1.32
2026-04-21 09:35:00,324.78,325.36,324.4,324.84,153047,325.35,326.41,24.59,1.3
2026-04-21 09:40:00,324.83,325.39,324.14,324.6,151028,325.2,326.25,24.18,1.3
2026-04-21 09:45:00,324.56,326.34,324.56,326.16,164148,325.39,326.24,22.81,1.32
2026-04-21 09:50:00,326.01,326.81,325.26,326.3,205256,325.57,326.25,21.27,1.33
2026-04-21 09:55:00,326.3,327.58,326.28,327.18,371976,325.9,326.33,20.51,1.33
2026-04-21 10:00:00,327.36,328.97,327.2,328.38,554850,326.39,326.52,20.79,1.35
2026-04-21 10:05:00,328.36,328.75,327.77,327.98,205676,326.71,326.65,21.05,1.34
2026-04-21 10:10:00,328.12,330.0,327.67,329.5,395447,327.27,326.91,22.05,1.38
2026-04-21 10:15:00,329.5,330.0,328.7,329.94,490335,327.8,327.18,22.97,1.38
2026-04-21 10:20:00,329.84,329.98,328.51,329.79,203914,328.2,327.42,23.6,1.38
2026-04-21 10:25:00,329.78,330.18,329.31,329.85,278480,328.53,327.64,24.31,1.36
2026-04-21 10:30:00,329.75,329.97,329.45,329.45,176182,328.71,327.81,24.97,1.32
2026-04-21 10:35:00,329.46,330.5,329.45,330.02,260538,328.98,328.01,25.94,1.31
2026-04-21 10:40:00,330.02,330.08,329.42,329.65,152522,329.11,328.16,26.79,1.28
2026-04-21 10:45:00,329.6,330.1,329.48,329.91,124299,329.27,328.32,27.6,1.24
2026-04-21 10:50:00,329.95,330.18,329.69,329.83,158046,329.38,328.45,28.41,1.21
2026-04-21 10:55:00,329.92,330.35,329.78,329.82,166013,329.47,328.58,29.3,1.18
2026-04-21 11:00:00,329.83,330.0,329.73,329.95,80128,329.57,328.7,30.03,1.14
2026-04-21 11:05:00,330.0,330.2,329.91,330.02,63603,329.66,328.82,30.88,1.09
2026-04-21 11:10:00,330.0,330.32,329.81,330.02,143401,329.73,328.93,31.77,1.07
2026-04-21 11:15:00,330.03,332.2,329.95,332.15,536507,330.21,329.22,33.8,1.12
2026-04-21 11:20:00,332.15,332.36,330.81,330.98,366866,330.37,329.38,35.76,1.14
2026-04-21 11:25:00,330.98,331.0,330.2,330.6,225953,330.41,329.49,36.45,1.13
2026-04-21 11:30:00,330.6,330.78,329.8,330.21,631780,330.37,329.56,36.42,1.12
2026-04-21 11:35:00,330.21,330.61,330.05,330.22,331898,330.34,329.62,36.39,1.09
2026-04-21 11:40:00,330.13,330.51,329.92,330.18,236254,330.31,329.67,36.12,1.07
2026-04-21 11:45:00,330.3,330.99,330.11,330.53,155965,330.35,329.75,36.3,1.06
2026-04-21 11:50:00,330.54,330.55,329.78,329.92,126895,330.27,329.76,35.86,1.05
2026-04-21 11:55:00,329.92,330.34,329.8,330.34,142362,330.28,329.82,35.46,1.02
2026-04-21 12:00:00,330.35,330.36,329.58,329.78,208162,330.18,329.81,34.67,1.01
2026-04-21 12:05:00,329.89,329.89,329.51,329.65,115621,330.08,329.8,33.8,0.98
2026-04-21 12:10:00,329.6,329.84,328.6,329.06,197846,329.87,329.73,31.47,0.99
2026-04-21 12:15:00,329.06,329.19,328.3,328.48,252137,329.59,329.62,29.56,0.99
2026-04-21 12:20:00,328.46,329.96,328.4,329.65,272718,329.6,329.62,28.15,1.02
2026-04-21 12:25:00,329.56,329.97,329.31,329.56,188391,329.6,329.61,26.85,1.0
2026-04-21 12:30:00,329.56,329.9,329.53,329.67,120252,329.61,329.62,25.65,0.97
2026-04-21 12:35:00,329.67,329.83,329.45,329.45,116689,329.58,329.6,24.39,0.94
2026-04-21 12:40:00,329.45,330.0,329.36,329.99,120003,329.66,329.64,23.48,0.93
2026-04-21 12:45:00,329.87,330.0,329.47,329.86,123303,329.7,329.66,22.63,0.91
2026-04-21 12:50:00,329.85,329.92,329.1,329.54,124311,329.67,329.65,21.14,0.9
2026-04-21 12:55:00,329.41,330.79,329.1,330.78,483690,329.89,329.75,21.04,0.94
2026-04-21 13:00:00,330.77,331.24,330.67,331.0,219373,330.11,329.87,21.48,0.92
2026-04-21 13:05:00,330.89,331.45,330.85,331.36,205224,330.36,330.0,22.13,0.91
2026-04-21 13:10:00,331.23,331.5,331.18,331.45,141892,330.58,330.13,22.78,0.88
2026-04-21 13:15:00,331.32,331.49,330.97,331.32,344568,330.73,330.24,22.93,0.86
2026-04-21 13:20:00,331.21,331.5,331.08,331.25,130974,330.83,330.33,23.08,0.84
2026-04-21 13:25:00,331.25,331.3,331.07,331.28,155829,330.92,330.42,23.2,0.81
2026-04-21 13:30:00,331.28,331.47,331.11,331.47,149483,331.03,330.51,23.56,0.79
2026-04-21 13:35:00,331.47,331.47,331.14,331.25,87956,331.08,330.58,23.9,0.77
2026-04-21 13:40:00,331.25,331.3,330.4,330.88,359825,331.04,330.61,22.46,0.78
2026-04-21 13:45:00,330.88,330.95,330.5,330.89,135029,331.01,330.63,21.13,0.76
2026-04-21 13:50:00,330.9,331.5,330.77,331.47,160588,331.1,330.71,20.86,0.76
2026-04-21 13:55:00,331.35,331.46,330.72,330.85,130715,331.05,330.72,20.49,0.76
2026-04-21 14:00:00,330.77,331.17,330.7,331.0,159848,331.04,330.75,20.11,0.74
2026-04-21 14:05:00,330.91,331.05,330.64,330.8,93164,330.99,330.75,19.6,0.73
2026-04-21 14:10:00,330.66,331.19,330.63,331.04,102836,331.0,330.78,19.4,0.72
2026-04-21 14:15:00,330.95,331.05,330.65,330.7,73548,330.94,330.77,19.22,0.71
2026-04-21 14:20:00,330.66,330.93,330.62,330.88,79034,330.93,330.78,18.96,0.69
2026-04-21 14:25:00,330.74,330.9,330.56,330.9,122333,330.92,330.79,18.52,0.67
2026-04-21 14:30:00,330.75,331.8,330.64,331.79,301051,331.1,330.88,19.81,0.69
2026-04-21 14:35:00,331.68,332.8,331.61,332.08,731099,331.29,330.99,22.11,0.72
2026-04-21 14:40:00,332.09,332.5,331.51,332.31,316150,331.5,331.11,23.97,0.73
2026-04-21 14:45:00,332.17,333.0,332.09,332.91,371371,331.78,331.28,26.14,0.74
2026-04-21 14:50:00,332.91,332.94,332.31,332.61,360679,331.95,331.4,28.17,0.73
2026-04-21 14:55:00,332.61,332.9,332.12,332.7,286953,332.1,331.51,29.48,0.74
2026-04-21 15:00:00,332.63,332.8,332.51,332.71,269339,332.22,331.62,30.7,0.71
2026-04-21 15:05:00,332.65,333.49,332.61,333.49,498986,332.47,331.79,32.51,0.72
2026-04-21 15:10:00,333.41,333.79,331.62,332.15,933047,332.41,331.83,31.8,0.79
2026-04-21 15:15:00,332.12,332.85,332.0,332.65,586342,332.46,331.9,31.15,0.79
2026-04-21 15:20:00,332.63,332.7,331.7,331.95,433775,332.36,331.91,29.92,0.8
2026-04-21 15:25:00,331.95,332.43,331.5,332.0,434474,332.28,331.91,28.4,0.81
2026-04-22 09:15:00,331.99,334.88,330.7,334.0,1056034,332.63,332.1,29.51,0.97
2026-04-22 09:20:00,333.91,336.8,333.05,336.47,885203,333.4,332.5,31.53,1.1
2026-04-22 09:25:00,336.63,336.65,333.4,333.61,734769,333.44,332.6,33.4,1.2
2026-04-22 09:30:00,333.59,334.35,333.45,334.12,454070,333.58,332.74,35.14,1.19
2026-04-22 09:35:00,334.11,334.37,333.61,333.97,143499,333.65,332.85,36.76,1.17
2026-04-22 09:40:00,333.9,334.96,333.61,334.6,238528,333.84,333.01,38.55,1.18
2026-04-22 09:45:00,334.65,334.97,333.9,334.6,200389,333.99,333.15,40.21,1.17
2026-04-22 09:50:00,334.6,334.88,334.11,334.65,113751,334.13,333.29,41.75,1.15
2026-04-22 09:55:00,334.69,334.98,333.33,333.61,212724,334.02,333.32,41.66,1.18
2026-04-22 10:00:00,333.44,333.92,333.25,333.45,128570,333.91,333.33,41.44,1.15
2026-04-22 10:05:00,333.4,333.64,332.9,333.5,174724,333.83,333.35,40.6,1.13
2026-04-22 10:10:00,333.55,333.73,332.69,332.75,142884,333.61,333.29,39.46,1.13
2026-04-22 10:15:00,332.7,333.22,332.6,332.95,86829,333.48,333.26,38.24,1.11
2026-04-22 10:20:00,332.87,333.8,332.69,333.55,116724,333.49,333.29,37.72,1.11
2026-04-22 10:25:00,333.55,334.8,333.49,334.75,176006,333.74,333.42,38.07,1.12
2026-04-22 10:30:00,334.78,334.78,334.05,334.05,88292,333.81,333.48,38.4,1.1
2026-04-22 10:35:00,334.08,334.28,333.86,334.07,58489,333.86,333.53,38.33,1.06
2026-04-22 10:40:00,334.18,334.25,333.92,334.09,67633,333.9,333.58,38.27,1.03
2026-04-22 10:45:00,334.18,334.19,333.7,334.0,118808,333.92,333.62,37.77,1.0
2026-04-22 10:50:00,333.9,334.29,333.7,333.97,81618,333.93,333.65,37.4,0.98
2026-04-22 10:55:00,334.0,334.04,333.4,333.68,76303,333.88,333.65,36.43,0.97
2026-04-22 11:00:00,333.75,333.75,333.1,333.1,70058,333.73,333.6,34.94,0.95
2026-04-22 11:05:00,333.1,333.22,331.42,331.51,242687,333.28,333.41,33.71,0.99
2026-04-22 11:10:00,331.51,331.8,330.78,331.65,387196,332.96,333.25,33.19,0.99
2026-04-22 11:15:00,331.65,331.79,329.99,330.9,514135,332.54,333.04,33.35,1.03
2026-04-22 11:20:00,330.9,330.9,329.7,330.85,200868,332.21,332.84,33.71,1.04
2026-04-22 11:25:00,330.85,331.29,330.47,330.99,170399,331.96,332.67,33.42,1.03
2026-04-22 11:30:00,330.99,331.49,330.86,330.93,193079,331.76,332.51,32.85,1.01
2026-04-22 11:35:00,330.89,331.5,330.71,331.09,164586,331.62,332.38,32.45,1.0
2026-04-22 11:40:00,331.09,331.7,331.08,331.54,91591,331.61,332.31,31.76,0.98
2026-04-22 11:45:00,331.54,331.66,330.72,330.95,593578,331.48,332.18,31.47,0.98
2026-04-22 11:50:00,330.91,332.27,330.8,331.59,276901,331.5,332.13,30.23,1.0
2026-04-22 11:55:00,331.53,332.4,331.39,332.34,124295,331.67,332.15,28.87,1.0
2026-04-22 12:00:00,332.35,332.59,332.22,332.58,133565,331.85,332.19,27.32,0.97
2026-04-22 12:05:00,332.49,332.96,332.34,332.5,293908,331.98,332.22,25.4,0.96
2026-04-22 12:10:00,332.5,332.97,332.48,332.95,111861,332.17,332.28,23.64,0.93
2026-04-22 12:15:00,332.89,333.35,332.71,332.71,178799,332.28,332.32,22.55,0.92
2026-04-22 12:20:00,332.73,332.81,332.33,332.38,93054,332.3,332.33,20.94,0.9
2026-04-22 12:25:00,332.43,333.46,332.43,333.25,148673,332.49,332.41,20.33,0.91
2026-04-22 12:30:00,333.29,333.4,333.0,333.28,84148,332.65,332.49,19.77,0.88
2026-04-22 12:35:00,333.28,333.46,332.93,333.04,119031,332.73,332.54,19.13,0.87
2026-04-22 12:40:00,333.05,333.29,332.97,333.02,112708,332.79,332.58,18.53,0.84
2026-04-22 12:45:00,333.01,333.24,332.7,333.05,92917,332.84,332.63,17.47,0.83
2026-04-22 12:50:00,333.05,334.9,332.9,334.47,376284,333.16,332.79,18.54,0.88
2026-04-22 12:55:00,334.47,336.0,334.45,335.47,444826,333.63,333.04,20.38,0.91
2026-04-22 13:00:00,335.52,335.7,334.59,335.08,194363,333.92,333.22,22.09,0.92
2026-04-22 13:05:00,335.09,335.33,334.36,334.38,145859,334.01,333.33,23.25,0.93
2026-04-22 13:10:00,334.55,334.79,334.45,334.7,69431,334.15,333.45,24.34,0.9
2026-04-22 13:15:00,334.69,334.8,334.42,334.62,77628,334.24,333.56,25.28,0.88
2026-04-22 13:20:00,334.62,335.69,334.22,335.69,281049,334.53,333.75,26.89,0.9
2026-04-22 13:25:00,335.69,335.91,335.31,335.7,238785,334.77,333.93,28.54,0.89
2026-04-22 13:30:00,335.7,335.97,335.05,335.38,115307,334.89,334.06,29.53,0.89
2026-04-22 13:35:00,335.38,335.53,334.89,335.26,191140,334.96,334.17,30.12,0.88
2026-04-22 13:40:00,335.26,335.52,335.13,335.42,115521,335.05,334.28,30.67,0.86
2026-04-22 13:45:00,335.42,335.42,334.7,335.13,106046,335.07,334.36,30.27,0.85
2026-04-22 13:50:00,335.15,335.5,334.8,335.17,175302,335.09,334.43,30.0,0.84
2026-04-22 13:55:00,335.17,335.5,335.06,335.22,133644,335.12,334.51,29.75,0.82
2026-04-22 14:00:00,335.26,335.5,334.65,334.65,99502,335.02,334.52,28.64,0.82
2026-04-22 14:05:00,334.65,334.72,334.02,334.14,210273,334.85,334.48,26.71,0.82
2026-04-22 14:10:00,334.14,334.25,333.7,334.03,166963,334.68,334.44,25.41,0.81
2026-04-22 14:15:00,334.0,334.18,333.7,334.03,120525,334.55,334.41,24.2,0.79
2026-04-22 14:20:00,334.13,334.25,333.69,333.76,81756,334.39,334.35,22.94,0.78
2026-04-22 14:25:00,333.76,334.15,333.7,333.94,65083,334.3,334.31,21.77,0.76
2026-04-22 14:30:00,333.94,334.3,333.83,333.92,88840,334.23,334.27,20.37,0.75
2026-04-22 14:35:00,333.92,334.43,333.92,334.36,83150,334.25,334.28,19.04,0.74
2026-04-22 14:40:00,334.34,334.5,334.02,334.22,110955,334.25,334.28,17.95,0.73
2026-04-22 14:45:00,334.22,334.3,333.9,333.94,79941,334.19,334.25,16.67,0.71
2026-04-22 14:50:00,333.98,334.0,333.53,333.99,85301,334.15,334.22,16.29,0.7
2026-04-22 14:55:00,333.97,334.31,333.97,334.06,83693,334.13,334.21,15.2,0.68
2026-04-22 15:00:00,334.13,334.24,333.8,334.0,267775,334.1,334.19,14.56,0.67
2026-04-22 15:05:00,333.97,334.1,333.59,333.6,224240,334.0,334.14,14.39,0.66
2026-04-22 15:10:00,333.7,333.97,333.41,333.57,309882,333.92,334.08,14.58,0.66
2026-04-22 15:15:00,333.6,333.74,333.15,333.33,448846,333.8,334.02,15.22,0.65
2026-04-22 15:20:00,333.33,333.83,333.19,333.77,647523,333.79,333.99,15.57,0.65
2026-04-22 15:25:00,333.75,334.0,333.51,333.97,275051,333.83,333.99,15.42,0.65
2026-04-23 09:15:00,333.0,334.9,330.65,332.2,549279,333.5,333.83,18.37,0.82
2026-04-23 09:20:00,332.3,334.69,332.3,333.28,306773,333.46,333.78,21.12,0.9
2026-04-23 09:25:00,333.25,333.27,332.5,332.65,191948,333.3,333.68,23.67,0.89
2026-04-23 09:30:00,332.76,333.2,332.1,332.71,192634,333.18,333.59,26.28,0.9
2026-04-23 09:35:00,332.76,332.79,332.21,332.73,91983,333.09,333.51,28.71,0.89
2026-04-23 09:40:00,332.86,333.18,332.56,332.85,68830,333.04,333.45,30.01,0.87
2026-04-23 09:45:00,332.81,333.66,332.21,333.48,149441,333.13,333.45,30.17,0.9
2026-04-23 09:50:00,333.6,334.35,333.37,333.76,189321,333.26,333.48,29.06,0.9
2026-04-23 09:55:00,333.62,334.7,333.6,334.04,130486,333.41,333.53,27.47,0.91
2026-04-23 10:00:00,334.23,335.7,333.65,334.92,344716,333.71,333.66,26.34,0.97
2026-04-23 10:05:00,335.1,335.15,333.44,333.84,287713,333.74,333.67,24.99,1.0
2026-04-23 10:10:00,333.78,333.83,333.38,333.6,87904,333.71,333.67,23.65,0.98
2026-04-23 10:15:00,333.58,334.4,333.39,334.37,88465,333.84,333.73,23.11,0.98
2026-04-23 10:20:00,334.38,334.4,333.74,333.76,43278,333.83,333.73,22.6,0.96
2026-04-23 10:25:00,333.76,334.29,333.75,334.07,58463,333.88,333.76,22.14,0.94
2026-04-23 10:30:00,334.0,334.1,333.36,333.41,57810,333.78,333.73,21.02,0.93
2026-04-23 10:35:00,333.6,333.95,333.26,333.5,111760,333.73,333.71,19.81,0.92
2026-04-23 10:40:00,333.5,333.97,333.31,333.7,61772,333.72,333.71,18.73,0.91
2026-04-23 10:45:00,333.7,333.99,333.25,333.98,88423,333.77,333.73,17.6,0.9
2026-04-23 10:50:00,334.1,334.43,333.8,334.1,99213,333.84,333.77,17.3,0.89
2026-04-23 10:55:00,334.2,334.35,333.82,334.17,35986,333.9,333.8,17.02,0.87
2026-04-23 11:00:00,334.21,334.99,334.1,334.59,80828,334.04,333.88,17.71,0.87
2026-04-23 11:05:00,334.48,334.95,334.35,334.6,48806,334.15,333.94,18.34,0.86
2026-04-23 11:10:00,334.58,334.58,333.8,333.86,41695,334.09,333.93,17.74,0.86
2026-04-23 11:15:00,333.86,333.99,333.59,333.59,37707,333.99,333.9,16.77,0.84
2026-04-23 11:20:00,333.61,334.72,332.5,332.79,715886,333.75,333.8,16.94,0.9
2026-04-23 11:25:00,332.72,333.4,332.51,333.3,72806,333.66,333.76,17.09,0.9
2026-04-23 11:30:00,333.2,333.31,332.8,332.87,57492,333.5,333.68,17.23,0.88
2026-04-23 11:35:00,332.75,334.35,332.56,334.15,166937,333.63,333.72,16.43,0.93
2026-04-23 11:40:00,334.12,334.4,334.05,334.13,60112,333.73,333.76,15.75,0.9
2026-04-23 11:45:00,334.05,334.79,334.05,334.64,101148,333.91,333.84,15.68,0.89
2026-04-23 11:50:00,334.7,335.34,334.3,335.32,235346,334.2,333.97,16.29,0.9
2026-04-23 11:55:00,335.32,338.39,335.2,338.39,873442,335.03,334.37,19.03,1.01
2026-04-23 12:00:00,338.4,339.0,336.85,336.85,964206,335.4,334.6,21.83,1.06
2026-04-23 12:05:00,336.91,338.8,336.85,338.48,306086,336.01,334.95,24.42,1.1
2026-04-23 12:10:00,338.49,338.95,338.3,338.59,356844,336.53,335.28,26.9,1.08
2026-04-23 12:15:00,338.61,338.94,338.1,338.1,179744,336.84,335.54,28.86,1.07
2026-04-23 12:20:00,338.1,338.27,337.39,337.4,250468,336.95,335.71,29.51,1.06
2026-04-23 12:25:00,337.4,338.0,337.07,337.2,150853,337.0,335.84,29.63,1.05
2026-04-23 12:30:00,337.25,337.3,336.61,336.62,131413,336.93,335.91,29.09,1.04
2026-04-23 12:35:00,336.72,337.0,336.4,336.92,71317,336.93,336.01,28.3,1.02
2026-04-23 12:40:00,336.95,337.0,336.21,336.43,91362,336.83,336.04,27.29,1.01
2026-04-23 12:45:00,336.4,336.5,335.55,335.58,137495,336.58,336.0,25.51,1.0
2026-04-23 12:50:00,335.57,336.18,335.45,335.76,208183,336.41,335.98,23.72,0.99
2026-04-23 12:55:00,335.82,335.95,335.32,335.69,73704,336.27,335.95,22.16,0.97
2026-04-23 13:00:00,335.69,336.54,335.5,336.41,103778,336.3,335.99,21.18,0.98
2026-04-23 13:05:00,336.42,336.82,336.35,336.69,69499,336.38,336.06,20.6,0.95
2026-04-23 13:10:00,336.8,336.99,336.7,336.91,43524,336.48,336.14,20.25,0.92
2026-04-23 13:15:00,336.97,337.91,336.91,337.88,121620,336.76,336.29,20.86,0.92
2026-04-23 13:20:00,337.9,338.36,337.63,338.15,142069,337.04,336.46,21.8,0.92
2026-04-23 13:25:00,338.15,338.33,337.71,338.16,99564,337.26,336.62,22.68,0.9
2026-04-23 13:30:00,338.29,338.41,338.04,338.14,91211,337.44,336.76,23.56,0.88
2026-04-23 13:35:00,338.09,338.09,337.43,337.6,95046,337.47,336.83,23.31,0.87
2026-04-23 13:40:00,337.63,338.15,337.5,338.0,72878,337.58,336.94,23.14,0.86
2026-04-23 13:45:00,338.03,338.03,337.59,337.69,39240,337.6,337.01,22.99,0.84
2026-04-23 13:50:00,337.69,338.67,337.69,338.24,99562,337.73,337.12,23.56,0.84
2026-04-23 13:55:00,338.33,339.78,338.0,339.57,422179,338.1,337.34,25.02,0.89
2026-04-23 14:00:00,339.59,341.25,339.27,340.04,889814,338.48,337.59,27.23,0.94
2026-04-23 14:05:00,340.07,340.2,339.5,339.74,190147,338.74,337.78,29.29,0.93
2026-04-23 14:10:00,339.84,339.84,338.6,338.75,224197,338.74,337.87,29.73,0.94
2026-04-23 14:15:00,338.75,339.0,338.56,338.63,93772,338.72,337.94,30.08,0.92
2026-04-23 14:20:00,338.54,339.28,338.45,339.09,124754,338.79,338.04,30.62,0.92
2026-04-23 14:25:00,339.0,339.05,337.99,338.0,131658,338.63,338.04,30.39,0.92
2026-04-23 14:30:00,338.0,338.0,336.9,336.95,326206,338.3,337.94,28.73,0.93
2026-04-23 14:35:00,336.91,337.25,336.22,336.4,289318,337.92,337.8,26.9,0.94
2026-04-23 14:40:00,336.58,337.06,336.22,336.88,240811,337.71,337.72,25.2,0.93
2026-04-23 14:45:00,336.92,337.41,336.47,336.49,740959,337.47,337.61,23.58,0.93
2026-04-23 14:50:00,336.49,338.0,336.49,336.94,998228,337.36,337.55,22.7,0.96
2026-04-23 14:55:00,337.07,337.14,336.46,336.84,149684,337.26,337.48,21.84,0.95
2026-04-23 15:00:00,336.81,337.79,336.81,337.13,282778,337.23,337.45,21.7,0.95
2026-04-23 15:05:00,337.18,337.73,337.0,337.46,227428,337.28,337.45,21.57,0.94
2026-04-23 15:10:00,337.45,337.64,337.08,337.21,222035,337.26,337.43,21.45,0.92
2026-04-23 15:15:00,337.32,337.45,337.05,337.28,268000,337.27,337.41,21.28,0.9
2026-04-23 15:20:00,337.26,338.2,337.1,338.09,399994,337.43,337.48,21.92,0.91
2026-04-23 15:25:00,338.09,338.75,336.98,338.0,678208,337.55,337.52,22.99,0.95
2026-04-24 09:15:00,339.0,339.8,336.42,337.3,732659,337.5,337.5,24.74,1.06
2026-04-24 09:20:00,337.19,337.6,336.0,337.11,269489,337.42,337.47,25.66,1.09
2026-04-24 09:25:00,337.11,337.75,335.3,335.3,295243,337.0,337.27,25.46,1.15
2026-04-24 09:30:00,335.3,336.3,334.76,334.9,280562,336.58,337.06,24.55,1.17
2026-04-24 09:35:00,334.9,335.6,334.87,335.03,242714,336.27,336.87,23.71,1.15
2026-04-24 09:40:00,334.88,337.23,334.6,336.84,287582,336.38,336.87,24.32,1.22
2026-04-24 09:45:00,336.8,336.99,335.7,335.94,214056,336.29,336.78,24.88,1.22
2026-04-24 09:50:00,335.94,335.95,334.62,334.82,245226,336.0,336.61,24.03,1.23
2026-04-24 09:55:00,334.67,335.35,334.56,334.9,156127,335.78,336.45,23.16,1.21
2026-04-24 10:00:00,334.94,336.9,334.94,336.77,306488,335.98,336.48,23.58,1.25
2026-04-24 10:05:00,336.63,338.25,336.63,338.2,362912,336.42,336.64,24.75,1.26
2026-04-24 10:10:00,338.2,340.49,337.75,339.67,739559,337.07,336.91,26.76,1.33
2026-04-24 10:15:00,339.6,340.2,339.52,339.65,423524,337.59,337.16,28.63,1.3
2026-04-24 10:20:00,339.69,339.7,338.65,338.65,252255,337.8,337.3,29.4,1.29
2026-04-24 10:25:00,338.65,339.82,338.65,339.65,153466,338.17,337.51,30.17,1.29
2026-04-24 10:30:00,339.65,339.65,339.01,339.2,116530,338.38,337.66,30.88,1.25
2026-04-24 10:35:00,339.2,339.35,338.51,338.59,96592,338.42,337.75,30.95,1.23
2026-04-24 10:40:00,338.59,338.67,338.01,338.19,133059,338.37,337.79,30.46,1.21
2026-04-24 10:45:00,338.25,338.63,338.0,338.5,198494,338.4,337.85,29.98,1.18
2026-04-24 10:50:00,338.56,338.56,337.27,337.59,242122,338.24,337.83,28.73,1.19
2026-04-24 10:55:00,337.72,337.74,336.82,336.92,94679,337.97,337.75,27.1,1.17
2026-04-24 11:00:00,336.96,336.97,335.88,336.15,170896,337.61,337.6,25.61,1.17
2026-04-24 11:05:00,336.1,336.38,335.37,335.48,148354,337.18,337.41,24.64,1.16
2026-04-24 11:10:00,335.46,335.55,335.17,335.24,92237,336.79,337.21,23.9,1.12
2026-04-24 11:15:00,335.24,335.24,333.63,334.07,219399,336.25,336.93,24.3,1.15
2026-04-24 11:20:00,334.07,334.89,334.0,334.41,157348,335.88,336.7,24.66,1.13
2026-04-24 11:25:00,334.47,335.2,334.31,334.62,147937,335.63,336.51,24.64,1.12
2026-04-24 11:30:00,334.62,336.2,334.5,336.16,118234,335.74,336.48,23.54,1.15
2026-04-24 11:35:00,336.15,336.96,335.81,336.52,143156,335.89,336.48,21.9,1.15
2026-04-24 11:40:00,336.65,336.65,334.81,334.99,102047,335.71,336.34,21.11,1.18
2026-04-24 11:45:00,334.99,335.27,334.55,334.74,61444,335.52,336.2,20.57,1.16
2026-04-24 11:50:00,334.74,334.77,333.02,333.96,308014,335.21,336.0,21.07,1.19
2026-04-24 11:55:00,333.96,335.0,333.85,334.86,103904,335.14,335.89,21.31,1.19
2026-04-24 12:00:00,335.0,335.0,334.1,334.79,100815,335.07,335.79,21.52,1.17
2026-04-24 12:05:00,334.8,335.99,334.61,335.93,63091,335.24,335.8,20.72,1.18
2026-04-24 12:10:00,335.93,336.6,335.7,336.58,76103,335.51,335.88,19.42,1.17
2026-04-24 12:15:00,336.58,336.65,335.82,336.3,98521,335.67,335.91,18.16,1.15
2026-04-24 12:20:00,336.43,337.2,336.03,336.19,85759,335.77,335.94,17.23,1.15
2026-04-24 12:25:00,336.2,336.26,335.7,335.94,39413,335.8,335.94,16.04,1.13
2026-04-24 12:30:00,335.91,336.57,335.65,336.37,49961,335.92,335.98,15.23,1.12
2026-04-24 12:35:00,336.46,337.18,336.34,336.86,72474,336.11,336.06,15.02,1.1
2026-04-24 12:40:00,336.8,337.6,336.36,336.46,89932,336.18,336.09,15.17,1.11
2026-04-24 12:45:00,336.36,337.6,336.33,337.48,54049,336.44,336.22,15.28,1.12
2026-04-24 12:50:00,337.37,338.4,337.37,338.4,156832,336.83,336.42,16.02,1.11
2026-04-24 12:55:00,338.4,339.1,337.96,338.65,158574,337.19,336.62,17.21,1.11
2026-04-24 13:00:00,338.65,339.0,338.03,338.08,95740,337.37,336.75,18.32,1.11
2026-04-24 13:05:00,337.63,338.65,337.51,337.89,93894,337.48,336.86,18.64,1.11
2026-04-24 13:10:00,337.99,338.2,337.64,338.13,43841,337.61,336.97,18.94,1.08
2026-04-24 13:15:00,338.25,338.25,337.85,337.99,52607,337.68,337.07,19.26,1.05
2026-04-24 13:20:00,338.0,338.62,338.0,338.21,70586,337.79,337.17,19.89,1.03
2026-04-24 13:25:00,338.2,338.46,337.74,338.06,47170,337.84,337.25,20.08,1.02
2026-04-24 13:30:00,338.07,338.43,337.9,337.95,82801,337.86,337.31,20.25,0.99
2026-04-24 13:35:00,337.95,338.24,337.1,337.25,113703,337.74,337.31,19.21,1.0
2026-04-24 13:40:00,337.19,337.43,337.15,337.31,73421,337.66,337.31,18.24,0.97
2026-04-24 13:45:00,337.24,337.95,336.29,336.32,175621,337.39,337.22,17.63,1.0
2026-04-24 13:50:00,336.32,337.61,336.0,337.4,625576,337.39,337.24,17.39,1.03
2026-04-24 13:55:00,337.4,337.4,335.77,335.77,232519,337.07,337.1,17.42,1.06
2026-04-24 14:00:00,335.87,336.37,335.61,335.86,223130,336.83,336.99,17.63,1.04
2026-04-24 14:05:00,335.83,336.25,335.1,335.81,208323,336.62,336.88,18.35,1.05
2026-04-24 14:10:00,335.81,336.37,335.5,335.88,387879,336.47,336.79,18.8,1.04
2026-04-24 14:15:00,335.88,337.0,335.7,336.32,389390,336.44,336.75,18.2,1.05
2026-04-24 14:20:00,336.32,337.92,336.0,337.18,341485,336.59,336.79,17.37,1.09
2026-04-24 14:25:00,337.2,338.0,337.15,337.76,291443,336.82,336.88,16.7,1.08
2026-04-24 14:30:00,337.73,338.66,337.62,338.28,332956,337.12,337.0,16.8,1.08
2026-04-24 14:35:00,338.27,339.18,337.84,337.91,442213,337.27,337.09,17.41,1.09
2026-04-24 14:40:00,337.86,337.96,337.4,337.85,269826,337.39,337.16,17.32,1.07
2026-04-24 14:45:00,337.89,338.2,337.35,337.68,234330,337.45,337.2,17.48,1.06
2026-04-24 14:50:00,337.68,337.98,337.0,337.42,241157,337.44,337.22,17.11,1.05
2026-04-24 14:55:00,337.39,338.29,337.16,337.86,182854,337.53,337.28,17.11,1.06
2026-04-24 15:00:00,337.93,338.21,336.24,336.68,262651,337.36,337.23,15.92,1.1
2026-04-24 15:05:00,336.56,337.65,336.56,337.65,205661,337.42,337.26,14.8,1.1
2026-04-24 15:10:00,337.7,337.77,337.21,337.46,261430,337.42,337.28,13.88,1.07
2026-04-24 15:15:00,337.45,337.75,337.35,337.68,409994,337.48,337.32,13.02,1.04
2026-04-24 15:20:00,337.68,337.9,337.31,337.54,470934,337.49,337.34,12.44,1.02
2026-04-24 15:25:00,337.52,337.52,337.0,337.03,338952,337.4,337.31,11.69,1.0
2026-04-27 09:15:00,339.43,344.25,339.0,343.2,1178959,338.56,337.85,15.1,1.29
2026-04-27 09:20:00,343.04,344.3,343.04,343.49,507595,339.54,338.36,18.27,1.29
2026-04-27 09:25:00,343.49,346.4,342.22,346.2,762910,340.88,339.07,21.74,1.43
2026-04-27 09:30:00,346.15,347.33,345.14,345.28,1110150,341.76,339.64,25.14,1.47
2026-04-27 09:35:00,345.37,347.2,345.01,346.36,433563,342.68,340.25,28.16,1.5
2026-04-27 09:40:00,346.29,346.95,346.09,346.52,217250,343.45,340.82,30.96,1.47
2026-04-27 09:45:00,346.47,346.68,345.32,346.22,319978,344.0,341.31,32.68,1.46
2026-04-27 09:50:00,346.14,346.85,345.43,345.75,272888,344.35,341.71,34.33,1.46
2026-04-27 09:55:00,345.89,346.8,345.76,346.2,149086,344.72,342.12,35.87,1.44
2026-04-27 10:00:00,346.2,346.28,345.6,345.64,179649,344.9,342.44,37.08,1.41
2026-04-27 10:05:00,345.64,345.98,345.38,345.73,117987,345.07,342.74,37.92,1.37
2026-04-27 10:10:00,345.74,346.0,345.25,345.3,99204,345.12,342.97,38.52,1.34
2026-04-27 10:15:00,345.3,346.88,345.3,346.85,173723,345.46,343.32,39.5,1.35
2026-04-27 10:20:00,346.81,347.5,346.35,347.11,364439,345.79,343.67,40.66,1.34
2026-04-27 10:25:00,347.02,347.34,346.35,346.9,227541,346.01,343.96,41.74,1.32
2026-04-27 10:30:00,346.88,347.17,346.05,346.42,124294,346.09,344.19,42.29,1.31
2026-04-27 10:35:00,346.49,346.76,346.2,346.3,87313,346.14,344.38,42.8,1.28
2026-04-27 10:40:00,346.3,346.42,346.12,346.36,64102,346.18,344.56,43.14,1.23
2026-04-27 10:45:00,346.27,347.08,346.2,346.9,118875,346.32,344.77,43.83,1.21
2026-04-27 10:50:00,346.86,347.11,346.85,346.96,79877,346.45,344.97,44.49,1.17
2026-04-27 10:55:00,347.02,347.29,346.87,347.24,111481,346.61,345.18,45.2,1.13
2026-04-27 11:00:00,347.18,347.45,346.9,346.96,114673,346.68,345.34,45.95,1.11
2026-04-27 11:05:00,346.96,347.5,346.96,347.19,147177,346.78,345.51,46.68,1.08
2026-04-27 11:10:00,347.32,347.75,347.25,347.5,106914,346.93,345.69,47.51,1.05
2026-04-27 11:15:00,347.44,348.35,347.44,347.58,255755,347.06,345.86,48.61,1.05
2026-04-27 11:20:00,347.51,350.3,347.5,350.24,910214,347.69,346.26,50.38,1.13
2026-04-27 11:25:00,350.25,352.0,350.0,350.3,813960,348.21,346.63,52.42,1.17
2026-04-27 11:30:00,350.3,350.7,349.58,350.0,249298,348.57,346.93,53.64,1.17
2026-04-27 11:35:00,349.93,350.07,348.76,349.0,240394,348.66,347.12,53.57,1.18
2026-04-27 11:40:00,348.99,349.35,348.0,348.09,213396,348.54,347.21,52.51,1.18
2026-04-27 11:45:00,348.05,348.18,347.3,347.98,213542,348.43,347.28,50.72,1.17
2026-04-27 11:50:00,347.97,348.2,347.85,347.98,66512,348.34,347.34,49.07,1.13
2026-04-27 11:55:00,347.98,348.1,347.31,347.38,112021,348.15,347.35,46.91,1.11
2026-04-27 12:00:00,347.38,347.45,346.71,346.8,115160,347.88,347.3,44.27,1.1
2026-04-27 12:05:00,346.8,347.14,346.71,346.84,109825,347.67,347.25,41.81,1.07
2026-04-27 12:10:00,346.86,346.98,346.6,346.8,55845,347.5,347.21,39.41,1.03
2026-04-27 12:15:00,346.8,347.71,346.75,347.58,89605,347.51,347.25,37.84,1.03
2026-04-27 12:20:00,347.2,347.8,346.9,347.75,144967,347.56,347.29,36.47,1.02
2026-04-27 12:25:00,347.62,348.98,347.16,348.8,179507,347.81,347.43,36.11,1.06
2026-04-27 12:30:00,348.68,349.3,348.37,348.5,165466,347.95,347.53,36.0,1.05
2026-04-27 12:35:00,348.5,348.6,348.31,348.6,65470,348.08,347.62,35.8,1.02
2026-04-27 12:40:00,348.6,348.63,347.62,347.92,93312,348.05,347.65,34.69,1.02
2026-04-27 12:45:00,347.97,348.0,347.69,347.8,70693,348.0,347.66,33.65,0.98
2026-04-27 12:50:00,347.87,348.02,346.84,347.03,125803,347.8,347.61,31.62,0.99
2026-04-27 12:55:00,347.02,348.06,347.0,348.0,99415,347.84,347.64,29.78,1.0
2026-04-27 13:00:00,347.9,348.13,347.69,347.77,64300,347.83,347.65,28.16,0.97
2026-04-27 13:05:00,347.77,349.76,347.77,349.56,350726,348.17,347.83,28.14,1.02
2026-04-27 13:10:00,349.66,353.0,349.66,352.59,785052,349.06,348.26,29.8,1.13
2026-04-27 13:15:00,352.8,353.98,352.05,353.77,612217,350.0,348.76,31.67,1.17
2026-04-27 13:20:00,353.89,354.0,350.92,351.19,1818568,350.24,348.98,32.23,1.26
2026-04-27 13:25:00,351.19,351.66,350.1,350.72,259152,350.33,349.14,31.98,1.28
2026-04-27 13:30:00,350.8,351.37,350.55,350.7,129850,350.41,349.28,31.75,1.26
2026-04-27 13:35:00,350.8,351.15,350.6,350.66,101144,350.46,349.41,31.53,1.22
2026-04-27 13:40:00,350.6,350.84,350.02,350.12,143868,350.39,349.47,30.75,1.2
2026-04-27 13:45:00,350.19,350.39,349.5,349.63,127197,350.24,349.49,29.53,1.19
2026-04-27 13:50:00,349.65,349.95,348.81,349.87,289468,350.16,349.52,27.77,1.19
2026-04-27 13:55:00,349.87,350.0,349.0,349.12,134789,349.96,349.48,26.18,1.18
2026-04-27 14:00:00,349.26,349.36,348.88,349.1,101400,349.78,349.45,24.59,1.14
2026-04-27 14:05:00,349.1,349.5,348.88,349.34,126415,349.7,349.44,23.24,1.12
2026-04-27 14:10:00,349.34,349.7,349.07,349.09,134272,349.57,349.41,22.18,1.1
2026-04-27 14:15:00,349.09,349.46,349.05,349.1,190934,349.48,349.38,21.17,1.06
2026-04-27 14:20:00,349.1,349.15,348.15,348.23,205502,349.23,349.28,20.06,1.06
2026-04-27 14:25:00,348.3,348.78,348.05,348.55,192777,349.09,349.21,19.13,1.04
2026-04-27 14:30:00,348.6,348.6,348.0,348.07,205307,348.89,349.11,18.32,1.02
2026-04-27 14:35:00,348.09,348.28,347.9,348.16,163496,348.74,349.02,17.67,0.99
2026-04-27 14:40:00,348.16,348.19,347.67,347.78,92111,348.55,348.91,17.34,0.97
2026-04-27 14:45:00,347.9,348.44,347.71,348.35,105324,348.51,348.86,16.66,0.96
2026-04-27 14:50:00,348.45,348.45,348.0,348.35,192377,348.48,348.81,16.02,0.93
2026-04-27 14:55:00,348.38,348.5,348.15,348.32,117744,348.45,348.77,15.35,0.91
2026-04-27 15:00:00,348.28,348.3,347.81,347.84,235751,348.33,348.68,15.19,0.89
2026-04-27 15:05:00,347.98,348.18,347.71,348.04,230250,348.27,348.62,15.17,0.87
2026-04-27 15:10:00,348.03,348.44,347.89,348.09,302001,348.23,348.57,14.69,0.85
2026-04-27 15:15:00,348.16,348.7,347.9,348.25,493638,348.24,348.55,13.79,0.85
2026-04-27 15:20:00,348.35,349.7,348.35,348.8,517340,348.35,348.57,14.07,0.88
2026-04-27 15:25:00,348.83,349.9,347.8,349.9,549635,348.66,348.69,13.46,0.94
2026-04-28 09:15:00,349.69,350.9,348.2,350.24,669055,348.98,348.83,14.02,1.02
2026-04-28 09:20:00,350.3,350.68,348.76,348.76,392830,348.93,348.82,14.55,1.06
2026-04-28 09:25:00,348.76,350.0,347.73,348.11,300824,348.77,348.76,13.59,1.12
2026-04-28 09:30:00,348.15,348.85,347.98,348.81,171938,348.78,348.76,12.7,1.11
2026-04-28 09:35:00,348.72,349.44,348.21,348.73,180058,348.77,348.76,12.58,1.11
2026-04-28 09:40:00,348.73,348.73,347.78,347.9,157594,348.59,348.68,11.89,1.11
2026-04-28 09:45:00,347.94,348.5,347.82,348.13,95164,348.5,348.63,11.25,1.09
2026-04-28 09:50:00,348.02,348.5,348.02,348.22,85673,348.44,348.59,10.65,1.06
2026-04-28 09:55:00,348.24,349.14,348.16,349.14,108628,348.58,348.64,10.93,1.05
2026-04-28 10:00:00,349.05,349.55,348.51,348.55,83136,348.58,348.64,11.64,1.05
2026-04-28 10:05:00,348.55,349.36,348.44,348.44,85038,348.55,348.62,12.19,1.05
2026-04-28 10:10:00,348.5,348.5,348.0,348.05,75363,348.45,348.57,11.97,1.02
2026-04-28 10:15:00,348.02,348.41,348.0,348.28,57040,348.42,348.54,11.77,0.99
2026-04-28 10:20:00,348.28,348.5,348.01,348.09,23445,348.35,348.5,11.71,0.97
2026-04-28 10:25:00,348.09,348.33,347.6,347.6,119477,348.2,348.42,10.95,0.96
2026-04-28 10:30:00,347.53,348.0,347.28,347.94,68794,348.15,348.37,10.59,0.95
2026-04-28 10:35:00,347.94,348.58,347.9,348.28,55837,348.17,348.37,10.32,0.93
2026-04-28 10:40:00,348.2,348.99,348.2,348.92,85621,348.32,348.42,10.61,0.93
2026-04-28 10:45:00,348.84,349.0,348.69,348.75,64336,348.41,348.45,10.9,0.9
2026-04-28 10:50:00,348.75,348.98,348.6,348.73,25256,348.47,348.47,11.0,0.87
2026-04-28 10:55:00,348.73,349.3,348.58,349.0,52609,348.58,348.52,11.55,0.86
2026-04-28 11:00:00,349.05,349.05,348.71,348.73,41283,348.61,348.54,12.07,0.84
2026-04-28 11:05:00,348.73,348.73,348.51,348.53,36904,348.59,348.54,12.11,0.81
2026-04-28 11:10:00,348.53,348.74,348.25,348.3,41225,348.53,348.52,11.63,0.79
2026-04-28 11:15:00,348.3,348.88,348.27,348.7,58486,348.57,348.53,11.42,0.79
2026-04-28 11:20:00,348.67,348.88,348.35,348.35,50036,348.52,348.52,11.23,0.77
2026-04-28 11:25:00,348.35,348.39,347.87,348.01,68110,348.42,348.47,10.8,0.76
2026-04-28 11:30:00,348.0,348.55,347.98,348.31,66397,348.4,348.46,10.06,0.75
2026-04-28 11:35:00,348.31,348.48,348.0,348.11,37577,348.34,348.42,9.38,0.74
2026-04-28 11:40:00,348.11,349.15,348.11,349.04,64523,348.48,348.48,9.94,0.75
2026-04-28 11:45:00,349.11,350.0,349.05,349.89,159235,348.76,348.61,11.6,0.76
2026-04-28 11:50:00,349.78,349.95,349.52,349.53,54658,348.92,348.69,13.14,0.75
2026-04-28 11:55:00,349.67,350.0,349.24,350.0,93968,349.13,348.81,13.92,0.75
2026-04-28 12:00:00,350.0,350.0,349.6,349.6,56784,349.23,348.88,14.64,0.73
2026-04-28 12:05:00,349.53,349.76,349.26,349.52,144933,349.29,348.94,14.52,0.72
2026-04-28 12:10:00,349.66,350.19,349.51,349.77,144579,349.38,349.02,15.09,0.72
2026-04-28 12:15:00,349.85,350.15,349.44,349.62,65451,349.43,349.07,15.45,0.72
2026-04-28 12:20:00,349.67,350.15,349.35,349.6,135549,349.46,349.12,15.57,0.72
2026-04-28 12:25:00,349.6,350.0,349.31,349.36,66192,349.44,349.14,15.58,0.72
2026-04-28 12:30:00,349.48,349.49,348.95,349.0,46649,349.35,349.13,14.74,0.71
2026-04-28 12:35:00,349.0,349.87,348.88,349.61,65398,349.41,349.17,14.68,0.73
2026-04-28 12:40:00,349.73,349.8,349.34,349.65,28568,349.45,349.22,14.63,0.71
2026-04-28 12:45:00,349.65,350.09,349.47,350.06,117423,349.58,349.29,15.1,0.71
2026-04-28 12:50:00,349.97,350.45,349.89,350.18,92546,349.7,349.37,16.11,0.7
2026-04-28 12:55:00,350.16,350.88,350.01,350.71,125000,349.9,349.49,17.63,0.71
2026-04-28 13:00:00,350.71,350.9,349.82,349.82,91019,349.88,349.52,18.53,0.73
2026-04-28 13:05:00,349.59,349.89,349.59,349.7,33919,349.85,349.54,18.77,0.71
2026-04-28 13:10:00,349.71,349.85,349.55,349.64,34120,349.81,349.55,18.9,0.69
2026-04-28 13:15:00,349.64,349.93,349.55,349.79,19230,349.8,349.57,19.15,0.67
2026-04-28 13:20:00,349.8,350.15,349.7,350.0,52329,349.84,349.61,19.77,0.66
2026-04-28 13:25:00,350.0,350.36,349.95,350.0,103609,349.87,349.65,20.68,0.65
2026-04-28 13:30:00,350.05,350.05,349.52,349.65,60512,349.83,349.65,20.33,0.64
2026-04-28 13:35:00,349.65,349.95,349.34,349.72,57466,349.81,349.65,19.55,0.64
2026-04-28 13:40:00,349.72,350.0,349.61,349.8,26839,349.81,349.67,18.94,0.63
2026-04-28 13:45:00,349.8,350.0,349.73,349.8,20782,349.8,349.68,18.37,0.61
2026-04-28 13:50:00,349.8,350.15,349.77,350.0,73966,349.84,349.71,18.17,0.6
2026-04-28 13:55:00,349.93,350.45,349.87,350.2,83243,349.91,349.75,18.6,0.6
2026-04-28 14:00:00,349.94,350.38,349.8,350.21,92219,349.97,349.79,18.78,0.6
2026-04-28 14:05:00,350.23,350.34,350.06,350.12,31187,350.0,349.82,18.94,0.59
2026-04-28 14:10:00,350.12,350.27,349.7,349.7,63505,349.94,349.81,17.98,0.58
2026-04-28 14:15:00,349.7,350.0,349.28,349.95,72681,349.94,349.82,17.35,0.59
2026-04-28 14:20:00,349.92,351.12,349.85,350.68,208010,350.09,349.9,17.69,0.62
2026-04-28 14:25:00,350.68,351.0,350.64,350.93,84355,350.26,350.0,17.99,0.61
2026-04-28 14:30:00,351.0,353.34,351.0,353.27,640040,350.86,350.29,20.56,0.7
2026-04-28 14:35:00,353.3,354.9,353.25,354.68,971667,351.62,350.69,23.69,0.74
2026-04-28 14:40:00,354.55,355.13,354.51,355.0,790138,352.3,351.08,26.69,0.74
2026-04-28 14:45:00,355.0,356.0,355.0,355.12,441253,352.86,351.45,29.77,0.75
2026-04-28 14:50:00,355.13,355.16,354.98,354.98,292434,353.29,351.77,32.6,0.72
2026-04-28 14:55:00,355.01,355.25,354.75,355.01,443413,353.63,352.07,34.79,0.71
2026-04-28 15:00:00,355.05,355.11,354.26,354.26,1043604,353.76,352.27,35.91,0.72
2026-04-28 15:05:00,354.26,354.67,353.79,354.24,1105029,353.85,352.45,36.16,0.73
2026-04-28 15:10:00,354.29,354.76,354.01,354.65,1105857,354.01,352.65,36.46,0.73
2026-04-28 15:15:00,354.6,355.14,354.57,355.08,702997,354.23,352.87,37.01,0.72
2026-04-28 15:20:00,355.09,355.77,354.76,355.3,845356,354.44,353.09,37.92,0.73
2026-04-28 15:25:00,355.34,355.5,354.2,354.6,431338,354.47,353.23,37.82,0.76
2026-04-29 09:15:00,356.8,358.1,353.8,353.99,951282,354.38,353.29,39.13,0.93
2026-04-29 09:20:00,354.24,354.58,352.56,352.88,464996,354.08,353.26,38.81,0.98
2026-04-29 09:25:00,352.89,354.19,352.5,353.52,237158,353.97,353.28,38.45,1.01
2026-04-29 09:30:00,353.4,354.44,352.16,352.5,299175,353.67,353.21,37.72,1.07
2026-04-29 09:35:00,352.56,354.0,352.54,353.51,114595,353.64,353.24,37.04,1.09
2026-04-29 09:40:00,353.54,354.12,353.0,353.05,131324,353.52,353.22,36.5,1.1
2026-04-29 09:45:00,353.0,353.14,351.8,351.93,218520,353.2,353.1,34.58,1.11
2026-04-29 09:50:00,351.9,352.25,351.1,351.5,135623,352.86,352.96,32.12,1.11
2026-04-29 09:55:00,351.61,352.39,351.2,352.17,112961,352.72,352.89,29.97,1.11
2026-04-29 10:00:00,352.17,352.46,351.36,351.64,110786,352.51,352.77,28.04,1.11
2026-04-29 10:05:00,351.68,352.3,351.5,352.09,97915,352.42,352.71,26.24,1.1
2026-04-29 10:10:00,352.09,352.25,351.81,352.11,67787,352.36,352.66,24.58,1.07
2026-04-29 10:15:00,352.11,352.4,351.6,351.91,115649,352.27,352.59,22.88,1.05
2026-04-29 10:20:00,351.91,352.62,351.85,352.41,65240,352.3,352.57,21.47,1.04
2026-04-29 10:25:00,352.4,352.59,352.3,352.47,25768,352.33,352.56,20.16,1.0
2026-04-29 10:30:00,352.47,352.6,351.79,351.81,86424,352.23,352.49,19.19,1.0
2026-04-29 10:35:00,351.89,352.0,351.38,351.8,79612,352.14,352.43,18.79,0.98
2026-04-29 10:40:00,351.8,352.4,351.67,352.2,76306,352.15,352.41,17.82,0.97
2026-04-29 10:45:00,352.2,353.89,352.04,353.76,217116,352.48,352.53,17.88,1.01
2026-04-29 10:50:00,353.8,354.3,353.65,354.05,136127,352.79,352.67,18.3,0.99
2026-04-29 10:55:00,354.07,355.15,353.72,355.01,231667,353.23,352.88,19.36,1.01
2026-04-29 11:00:00,355.01,355.06,354.4,354.79,77301,353.55,353.06,20.35,0.99
2026-04-29 11:05:00,354.8,355.0,352.5,353.01,216379,353.44,353.05,18.96,1.07
2026-04-29 11:10:00,353.09,353.29,352.68,353.0,99485,353.35,353.05,17.67,1.04
2026-04-29 11:15:00,353.05,353.36,353.0,353.1,68644,353.3,353.05,16.55,1.01
2026-04-29 11:20:00,353.1,353.54,352.94,353.18,73143,353.28,353.06,15.7,0.99
2026-04-29 11:25:00,353.27,353.3,352.9,352.9,39422,353.2,353.05,14.86,0.96
2026-04-29 11:30:00,352.99,353.15,352.6,352.62,55325,353.08,353.01,13.89,0.94
2026-04-29 11:35:00,352.62,352.78,352.31,352.31,83174,352.93,352.95,13.34,0.92
2026-04-29 11:40:00,352.35,352.76,352.21,352.31,44441,352.81,352.89,12.95,0.9
2026-04-29 11:45:00,352.35,352.49,352.0,352.0,49765,352.64,352.81,12.85,0.88
2026-04-29 11:50:00,352.0,352.2,351.55,351.62,118930,352.44,352.7,13.28,0.87
2026-04-29 11:55:00,351.56,351.62,350.5,350.61,256320,352.07,352.51,14.69,0.89
2026-04-29 12:00:00,350.68,350.7,350.36,350.57,71502,351.77,352.33,16.11,0.86
2026-04-29 12:05:00,350.58,350.64,349.51,349.98,319593,351.41,352.12,18.07,0.87
2026-04-29 12:10:00,349.98,350.07,348.41,349.01,786775,350.93,351.84,20.54,0.91
2026-04-29 12:15:00,349.03,350.4,348.92,349.69,375076,350.68,351.64,22.29,0.94
2026-04-29 12:20:00,349.69,350.06,349.48,349.95,76320,350.54,351.49,23.92,0.92
2026-04-29 12:25:00,350.0,350.07,349.11,349.46,162799,350.32,351.3,25.67,0.92
2026-04-29 12:30:00,349.46,349.71,349.3,349.6,102540,350.18,351.15,27.29,0.9
2026-04-29 12:35:00,349.6,349.68,346.22,346.77,367486,349.5,350.75,30.15,1.02
2026-04-29 12:40:00,346.77,347.71,346.7,347.45,168763,349.09,350.45,32.81,1.02
2026-04-29 12:45:00,347.45,348.29,347.45,348.08,168680,348.89,350.24,34.39,1.01
2026-04-29 12:50:00,348.08,348.28,346.91,347.32,114027,348.57,349.97,36.08,1.03
2026-04-29 12:55:00,347.44,348.21,347.44,347.75,64913,348.41,349.77,37.65,1.02
2026-04-29 13:00:00,347.75,348.85,347.68,348.4,111878,348.41,349.64,38.12,1.03
2026-04-29 13:05:00,348.42,348.71,348.11,348.41,66461,348.41,349.53,38.57,1.01
2026-04-29 13:10:00,348.4,348.72,347.7,347.9,108599,348.31,349.38,39.22,1.01
2026-04-29 13:15:00,347.9,348.0,347.2,347.4,70040,348.12,349.2,40.1,1.0
2026-04-29 13:20:00,347.47,347.5,346.22,346.66,202933,347.83,348.97,41.38,1.01
2026-04-29 13:25:00,346.69,347.39,346.54,346.69,103236,347.6,348.76,42.57,1.0
2026-04-29 13:30:00,346.69,348.4,346.69,347.08,260950,347.5,348.61,42.11,1.04
2026-04-29 13:35:00,347.1,347.27,345.85,346.01,300256,347.2,348.37,42.19,1.06
2026-04-29 13:40:00,346.01,346.1,344.34,344.78,457925,346.72,348.05,42.98,1.09
2026-04-29 13:45:00,344.78,344.89,343.45,344.05,272201,346.18,347.68,44.05,1.11
2026-04-29 13:50:00,344.0,345.75,344.0,345.11,228303,345.97,347.45,43.97,1.14
2026-04-29 13:55:00,345.11,345.53,344.21,344.61,279532,345.7,347.19,43.9,1.15
2026-04-29 14:00:00,344.5,344.52,342.97,343.25,309481,345.21,346.83,44.39,1.17
2026-04-29 14:05:00,343.36,343.85,342.7,342.95,194240,344.76,346.48,44.95,1.17
2026-04-29 14:10:00,342.97,343.41,342.51,343.4,165710,344.48,346.2,45.55,1.16
2026-04-29 14:15:00,343.22,343.86,343.1,343.43,126043,344.27,345.95,45.5,1.14
2026-04-29 14:20:00,343.16,344.33,343.0,344.02,156311,344.22,345.77,44.85,1.15
2026-04-29 14:25:00,344.02,344.07,343.45,343.71,108346,344.12,345.59,44.25,1.12
2026-04-29 14:30:00,343.71,344.9,343.71,344.38,185474,344.17,345.48,42.64,1.12
2026-04-29 14:35:00,344.38,344.62,344.05,344.6,156254,344.26,345.4,41.15,1.1
2026-04-29 14:40:00,344.6,345.5,344.6,345.49,240426,344.5,345.41,38.74,1.09
2026-04-29 14:45:00,345.38,346.0,344.45,344.55,233071,344.51,345.33,36.0,1.11
2026-04-29 14:50:00,344.55,344.75,344.14,344.33,117615,344.48,345.24,33.76,1.09
2026-04-29 14:55:00,344.28,344.35,343.61,343.87,204753,344.36,345.11,32.18,1.07
2026-04-29 15:00:00,343.87,345.05,343.87,344.5,173081,344.38,345.06,29.96,1.08
2026-04-29 15:05:00,344.51,345.11,344.21,345.06,342507,344.52,345.06,27.83,1.07
2026-04-29 15:10:00,345.06,345.16,344.12,344.22,311171,344.46,344.98,25.96,1.07
2026-04-29 15:15:00,344.16,344.44,343.38,343.8,376814,344.33,344.87,24.98,1.07
2026-04-29 15:20:00,343.8,344.8,343.72,344.65,411702,344.39,344.85,23.64,1.07
2026-04-29 15:25:00,344.65,345.2,344.6,344.99,419890,344.51,344.87,21.96,1.04
2026-04-30 09:15:00,344.4,345.9,342.04,344.22,1014824,344.45,344.81,22.48,1.18
2026-04-30 09:20:00,344.69,345.5,344.45,345.48,522930,344.66,344.87,22.96,1.18
2026-04-30 09:25:00,345.46,345.9,344.9,345.5,333355,344.83,344.93,22.94,1.17
2026-04-30 09:30:00,345.5,346.94,345.24,346.93,408792,345.25,345.11,21.83,1.2
2026-04-30 09:35:00,346.82,347.19,345.02,345.6,310638,345.32,345.15,20.57,1.25
2026-04-30 09:40:00,345.56,346.59,345.0,346.42,194009,345.54,345.27,19.42,1.26
2026-04-30 09:45:00,346.4,348.84,345.75,346.98,469162,345.83,345.42,19.54,1.35
2026-04-30 09:50:00,346.98,348.0,346.83,347.07,254435,346.08,345.57,19.65,1.34
2026-04-30 09:55:00,347.02,347.14,345.96,346.23,218476,346.11,345.63,18.9,1.33
2026-04-30 10:00:00,346.23,346.65,346.0,346.27,84621,346.14,345.69,18.2,1.3
2026-04-30 10:05:00,346.29,346.7,345.28,345.45,161169,346.0,345.67,16.92,1.31
2026-04-30 10:10:00,345.54,345.64,345.08,345.34,174695,345.87,345.64,15.91,1.27
2026-04-30 10:15:00,345.33,345.4,343.61,344.51,280738,345.6,345.54,16.13,1.3
2026-04-30 10:20:00,344.5,345.2,344.03,344.14,101142,345.31,345.41,16.34,1.29
2026-04-30 10:25:00,344.22,344.67,343.8,343.9,82326,345.02,345.27,16.7,1.27
2026-04-30 10:30:00,343.99,344.56,343.8,344.12,106232,344.84,345.17,17.03,1.24
2026-04-30 10:35:00,344.12,344.86,344.12,344.84,204354,344.84,345.14,16.98,1.22
2026-04-30 10:40:00,344.71,346.0,344.71,345.95,162585,345.06,345.21,15.83,1.22
2026-04-30 10:45:00,345.9,345.95,344.6,345.26,77744,345.1,345.22,14.74,1.23
2026-04-30 10:50:00,345.26,345.31,345.0,345.08,26793,345.1,345.2,13.73,1.19
2026-04-30 10:55:00,345.18,345.25,344.0,344.05,226418,344.89,345.1,13.76,1.19
2026-04-30 11:00:00,344.11,344.67,344.0,344.46,46525,344.8,345.04,13.8,1.16
2026-04-30 11:05:00,344.46,347.8,344.46,347.8,308568,345.4,345.29,14.52,1.27
2026-04-30 11:10:00,347.8,348.09,347.1,347.65,312851,345.85,345.51,15.36,1.25
2026-04-30 11:15:00,347.7,347.74,346.87,347.29,83708,346.14,345.67,15.9,1.24
2026-04-30 11:20:00,347.31,347.49,346.94,347.42,196537,346.4,345.83,16.4,1.2
2026-04-30 11:25:00,347.31,347.85,346.77,346.97,146828,346.51,345.93,17.12,1.2
2026-04-30 11:30:00,346.97,347.15,346.2,346.2,99748,346.45,345.96,17.13,1.19
2026-04-30 11:35:00,346.2,347.95,346.2,347.35,178340,346.63,346.08,17.72,1.21
2026-04-30 11:40:00,347.37,347.39,346.69,346.7,56951,346.64,346.14,18.28,1.19
2026-04-30 11:45:00,346.66,346.73,345.95,346.45,91567,346.6,346.17,17.93,1.17
2026-04-30 11:50:00,346.45,346.61,346.02,346.23,148772,346.53,346.17,17.6,1.14
2026-04-30 11:55:00,346.22,346.61,346.13,346.2,64750,346.46,346.18,17.3,1.11
2026-04-30 12:00:00,346.23,346.54,345.84,346.48,76066,346.47,346.2,16.65,1.09
2026-04-30 12:05:00,346.44,346.52,345.78,346.0,59389,346.37,346.18,15.97,1.07
2026-04-30 12:10:00,345.97,346.64,345.84,346.5,40185,346.4,346.21,15.48,1.06
2026-04-30 12:15:00,346.56,346.74,346.09,346.13,71230,346.35,346.21,15.15,1.04
2026-04-30 12:20:00,346.21,347.1,345.9,347.09,185585,346.49,346.29,15.26,1.05
2026-04-30 12:25:00,347.09,347.5,346.8,347.25,207428,346.65,346.37,15.81,1.03
2026-04-30 12:30:00,347.26,347.38,346.0,346.27,197492,346.57,346.36,15.11,1.05
2026-04-30 12:35:00,346.18,346.39,345.8,346.05,141252,346.47,346.34,14.19,1.03
2026-04-30 12:40:00,346.07,346.46,345.62,346.34,144963,346.44,346.34,13.26,1.02
2026-04-30 12:45:00,346.32,346.67,346.16,346.3,95198,346.41,346.33,12.52,0.99
2026-04-30 12:50:00,346.3,346.66,346.3,346.44,63397,346.42,346.34,11.83,0.96
2026-04-30 12:55:00,346.5,346.79,346.12,346.55,81720,346.44,346.36,11.06,0.95
2026-04-30 13:00:00,346.55,346.64,345.81,345.81,55420,346.32,346.31,10.82,0.94
2026-04-30 13:05:00,345.81,346.44,345.49,346.26,128262,346.31,346.31,11.06,0.94
2026-04-30 13:10:00,346.24,346.65,346.0,346.15,93603,346.27,346.29,10.89,0.93
2026-04-30 13:15:00,346.0,346.36,345.47,345.5,98647,346.12,346.22,11.47,0.93
2026-04-30 13:20:00,345.5,346.19,345.5,345.86,61279,346.07,346.19,12.01,0.92
2026-04-30 13:25:00,345.87,346.79,345.81,346.75,91398,346.2,346.24,11.42,0.92
2026-04-30 13:30:00,346.79,347.22,346.32,346.43,74131,346.25,346.26,11.0,0.92
2026-04-30 13:35:00,346.37,347.09,346.37,346.82,174021,346.36,346.31,10.62,0.91
2026-04-30 13:40:00,346.82,347.9,346.75,347.89,113752,346.67,346.45,11.38,0.92
2026-04-30 13:45:00,347.8,348.34,347.54,347.76,220607,346.89,346.57,12.57,0.92
2026-04-30 13:50:00,347.77,347.9,347.0,347.05,89948,346.92,346.61,12.73,0.91
2026-04-30 13:55:00,347.05,348.5,347.0,348.37,153207,347.21,346.77,13.55,0.94
2026-04-30 14:00:00,348.44,348.5,347.3,347.3,108547,347.23,346.82,14.31,0.95
2026-04-30 14:05:00,347.29,347.64,347.02,347.56,69484,347.29,346.89,14.52,0.94
2026-04-30 14:10:00,347.56,347.77,347.25,347.3,47112,347.3,346.93,14.87,0.92
2026-04-30 14:15:00,347.44,348.31,347.36,347.65,129442,347.37,346.99,15.83,0.92
2026-04-30 14:20:00,347.65,348.76,347.65,348.5,159000,347.59,347.13,17.18,0.93
2026-04-30 14:25:00,348.5,350.59,348.37,350.5,544724,348.17,347.44,19.74,0.99
2026-04-30 14:30:00,350.6,354.48,350.23,354.39,1323103,349.42,348.07,23.44,1.15
2026-04-30 14:35:00,354.39,354.55,353.65,354.22,500543,350.38,348.63,26.89,1.14
2026-04-30 14:40:00,354.15,354.26,353.2,353.63,287571,351.03,349.08,29.48,1.13
2026-04-30 14:45:00,353.59,354.86,353.48,354.36,384185,351.69,349.56,32.06,1.14
2026-04-30 14:50:00,354.32,354.9,353.68,354.26,362146,352.21,349.99,34.47,1.15
2026-04-30 14:55:00,354.27,354.88,354.1,354.3,220922,352.63,350.38,36.71,1.13
2026-04-30 15:00:00,354.31,354.31,352.38,352.41,538973,352.58,350.57,36.51,1.17
2026-04-30 15:05:00,352.51,352.7,351.51,351.69,1134170,352.4,350.67,35.43,1.17
2026-04-30 15:10:00,351.61,352.8,351.51,352.54,274259,352.43,350.84,34.49,1.18
2026-04-30 15:15:00,352.69,352.75,351.78,352.25,329886,352.4,350.97,33.62,1.17
2026-04-30 15:20:00,352.25,352.5,351.9,352.24,449354,352.36,351.08,32.81,1.14
2026-04-30 15:25:00,352.25,352.8,351.86,352.45,662168,352.38,351.21,32.29,1.13
2026-05-04 09:15:00,355.0,359.4,353.7,357.25,1420218,353.36,351.76,34.44,1.41
2026-05-04 09:20:00,357.4,360.45,357.05,359.75,1067469,354.63,352.48,36.65,1.5
2026-05-04 09:25:00,359.9,360.6,357.85,359.05,1013361,355.52,353.08,38.74,1.56
2026-05-04 09:30:00,359.2,361.7,358.8,360.75,812178,356.56,353.78,40.88,1.62
2026-05-04 09:35:00,360.9,362.85,360.25,362.65,791462,357.78,354.58,43.06,1.67
2026-05-04 09:40:00,362.85,362.85,361.7,362.0,459706,358.62,355.26,45.1,1.65
2026-05-04 09:45:00,362.0,362.65,361.4,361.8,474057,359.26,355.85,46.66,1.63
2026-05-04 09:50:00,361.7,362.55,361.4,361.65,266098,359.74,356.38,48.12,1.6
2026-05-04 09:55:00,361.7,364.7,361.5,364.1,751343,360.61,357.08,49.89,1.68
2026-05-04 10:00:00,364.0,364.9,360.4,360.9,901675,360.67,357.43,50.43,1.81
2026-05-04 10:05:00,361.0,362.25,361.0,362.15,393337,360.96,357.86,50.93,1.79
2026-05-04 10:10:00,362.0,363.0,362.0,362.45,386251,361.26,358.28,51.6,1.76
2026-05-04 10:15:00,362.45,362.8,361.8,362.7,391456,361.55,358.68,52.01,1.72
2026-05-04 10:20:00,362.55,362.95,362.05,362.05,211001,361.65,358.98,52.43,1.68
2026-05-04 10:25:00,362.05,363.8,362.0,363.55,269533,362.03,359.4,53.07,1.69
2026-05-04 10:30:00,363.65,364.1,362.85,363.25,406385,362.27,359.75,53.75,1.67
2026-05-04 10:35:00,363.25,363.25,362.5,362.9,226599,362.4,360.04,53.96,1.62
2026-05-04 10:40:00,362.9,363.05,361.7,361.7,341646,362.26,360.19,53.21,1.61
2026-05-04 10:45:00,361.7,361.95,361.1,361.4,297217,362.09,360.3,51.88,1.57
2026-05-04 10:50:00,361.4,361.95,360.15,361.8,505993,362.03,360.43,49.71,1.58
2026-05-04 10:55:00,361.8,361.9,361.35,361.75,103872,361.97,360.55,47.69,1.53
2026-05-04 11:00:00,361.55,362.3,361.55,362.1,126827,362.0,360.69,46.07,1.5
2026-05-04 11:05:00,362.25,362.5,361.85,362.35,140187,362.07,360.84,44.69,1.46
2026-05-04 11:10:00,362.3,363.2,362.1,363.0,166578,362.26,361.04,43.85,1.44
2026-05-04 11:15:00,363.0,365.35,362.3,364.2,1224688,362.64,361.33,44.09,1.52
2026-05-04 11:20:00,364.2,381.8,364.0,381.55,6068260,366.43,363.17,46.71,2.29
2026-05-04 11:25:00,382.05,387.65,379.45,387.65,6136744,370.67,365.39,49.42,2.57
2026-05-04 11:30:00,387.65,387.65,387.65,387.65,449031,374.07,367.42,51.94,2.45
2026-05-04 11:35:00,387.65,387.65,387.65,387.65,199463,376.78,369.25,54.27,2.33
2026-05-04 11:40:00,387.65,394.8,387.65,389.0,2052209,379.23,371.05,56.69,2.56
2026-05-04 11:45:00,388.7,392.3,387.0,388.0,5780354,380.98,372.59,58.65,2.69
2026-05-04 11:50:00,388.0,396.45,387.8,395.35,5468294,383.85,374.66,60.61,2.98
2026-05-04 11:55:00,395.15,396.95,393.1,394.5,3214139,385.98,376.46,62.45,3.02
2026-05-04 12:00:00,394.6,398.65,393.0,395.1,4313444,387.81,378.16,64.21,3.14
2026-05-04 12:05:00,395.4,398.8,395.0,397.65,3165101,389.78,379.93,65.86,3.18
2026-05-04 12:10:00,397.5,399.0,390.75,390.75,4195227,389.97,380.91,65.47,3.42
2026-05-04 12:15:00,390.95,392.95,388.15,389.2,4179705,389.82,381.67,64.12,3.48
2026-05-04 12:20:00,389.25,391.2,389.25,390.4,1387635,389.93,382.46,62.86,3.41
2026-05-04 12:25:00,390.3,390.3,384.35,386.15,4022886,389.18,382.8,60.04,3.54
2026-05-04 12:30:00,386.2,386.3,382.4,382.55,2940493,387.85,382.77,56.85,3.55
2026-05-04 12:35:00,382.8,384.9,381.9,383.7,2076348,387.02,382.86,53.76,3.53
2026-05-04 12:40:00,383.3,384.2,379.75,380.6,2785564,385.74,382.65,50.28,3.57
2026-05-04 12:45:00,380.8,382.85,376.6,376.75,2925292,383.94,382.12,47.11,3.7
2026-05-04 12:50:00,376.9,378.3,375.7,377.0,2593052,382.55,381.65,44.38,3.65
2026-05-04 12:55:00,377.15,379.4,376.05,378.5,1700618,381.74,381.36,41.53,3.63
2026-05-04 13:00:00,378.65,379.8,377.4,378.15,1067908,381.02,381.07,38.78,3.57
2026-05-04 13:05:00,378.1,379.55,377.65,379.45,430494,380.71,380.92,36.22,3.49
2026-05-04 13:10:00,379.5,381.6,379.25,381.25,1121295,380.82,380.95,34.03,3.44
2026-05-04 13:15:00,381.25,382.55,379.95,381.7,1724508,380.99,381.02,32.27,3.4
2026-05-04 13:20:00,381.7,382.0,379.45,381.3,1114693,381.05,381.05,30.46,3.36
2026-05-04 13:25:00,381.25,381.6,379.3,379.85,569540,380.81,380.94,28.72,3.31
2026-05-04 13:30:00,380.0,380.95,379.45,379.85,709659,380.62,380.84,27.11,3.22
2026-05-04 13:35:00,379.8,379.8,376.6,378.9,1470626,380.28,380.66,25.75,3.22
2026-05-04 13:40:00,379.15,380.95,379.0,380.1,769051,380.24,380.61,24.07,3.17
2026-05-04 13:45:00,380.3,381.1,379.5,380.2,752400,380.23,380.57,22.45,3.09
2026-05-04 13:50:00,380.2,380.4,379.35,379.5,323368,380.09,380.48,21.0,3.0
2026-05-04 13:55:00,379.5,379.9,379.05,379.7,388295,380.01,380.41,19.78,2.89
2026-05-04 14:00:00,379.7,379.95,378.7,379.1,467554,379.83,380.29,18.79,2.82
2026-05-04 14:05:00,379.25,381.95,379.05,381.95,767746,380.25,380.44,17.91,2.82
2026-05-04 14:10:00,382.0,384.2,381.35,383.25,1010084,380.85,380.69,17.91,2.82
2026-05-04 14:15:00,383.25,383.45,381.7,382.1,664785,381.1,380.82,17.91,2.77
2026-05-04 14:20:00,382.25,383.15,381.85,382.2,387331,381.32,380.95,17.92,2.7
2026-05-04 14:25:00,382.4,382.45,381.0,381.05,479976,381.27,380.96,17.46,2.64
2026-05-04 14:30:00,381.15,381.5,379.8,380.2,664294,381.05,380.89,16.41,2.6
2026-05-04 14:35:00,380.35,380.35,378.6,378.8,536153,380.6,380.7,15.6,2.56
2026-05-04 14:40:00,378.9,379.3,378.15,378.35,786371,380.15,380.48,15.05,2.49
2026-05-04 14:45:00,378.35,378.45,376.1,377.25,997181,379.57,380.19,15.39,2.48
2026-05-04 14:50:00,377.05,377.3,374.75,375.05,1117602,378.67,379.72,16.18,2.49
2026-05-04 14:55:00,375.0,376.3,373.95,376.2,1153385,378.17,379.4,17.18,2.48
2026-05-04 15:00:00,376.2,376.45,374.6,375.7,1408165,377.68,379.07,18.02,2.45
2026-05-04 15:05:00,375.7,376.8,375.2,376.7,824881,377.48,378.85,18.57,2.41
2026-05-04 15:10:00,376.75,377.9,376.2,377.1,801298,377.41,378.69,18.38,2.37
2026-05-04 15:15:00,377.15,377.8,376.15,377.8,1166238,377.49,378.61,18.23,2.34
2026-05-04 15:20:00,377.8,378.9,377.2,378.5,1141078,377.69,378.6,17.41,2.31
2026-05-04 15:25:00,378.5,379.7,377.8,379.2,1285903,377.99,378.66,16.18,2.29
2026-05-05 09:15:00,379.9,387.65,379.65,385.8,3995627,379.55,379.3,17.82,2.58
2026-05-05 09:20:00,385.65,387.2,383.85,384.0,2430853,380.44,379.73,19.35,2.62
2026-05-05 09:25:00,383.8,385.0,381.9,384.45,1341453,381.24,380.16,19.76,2.64
2026-05-05 09:30:00,384.4,388.4,384.1,386.8,1606563,382.35,380.76,20.99,2.72
2026-05-05 09:35:00,387.0,388.2,385.85,386.25,891104,383.13,381.26,22.14,2.7
2026-05-05 09:40:00,386.3,386.35,384.5,385.6,818271,383.63,381.66,22.54,2.66
2026-05-05 09:45:00,385.6,386.9,385.2,386.65,452396,384.23,382.11,23.05,2.62
2026-05-05 09:50:00,386.75,386.75,384.55,384.85,474482,384.36,382.36,23.2,2.6
2026-05-05 09:55:00,384.8,384.9,382.25,382.6,953848,384.0,382.38,22.28,2.6
2026-05-05 10:00:00,382.6,383.05,381.35,381.6,575448,383.52,382.31,21.04,2.56
2026-05-05 10:05:00,381.6,382.55,380.3,381.15,1175368,383.05,382.21,19.61,2.54
2026-05-05 10:10:00,381.15,381.3,380.2,380.7,412790,382.58,382.07,18.32,2.47
2026-05-05 10:15:00,380.85,381.9,380.45,381.45,556688,382.35,382.01,17.16,2.43
2026-05-05 10:20:00,381.45,382.6,381.3,382.0,476686,382.28,382.01,16.39,2.37
2026-05-05 10:25:00,382.2,382.3,381.1,381.9,270711,382.21,382.0,15.56,2.32
2026-05-05 10:30:00,381.95,381.95,380.75,381.2,282165,382.0,381.93,14.62,2.26
2026-05-05 10:35:00,381.2,381.3,380.35,380.65,260601,381.73,381.81,13.62,2.2
2026-05-05 10:40:00,380.7,381.25,380.55,380.9,193392,381.57,381.73,12.69,2.13
2026-05-05 10:45:00,380.9,381.7,380.85,381.4,218933,381.53,381.7,12.0,2.07
2026-05-05 10:50:00,381.35,381.8,380.9,381.1,184659,381.45,381.64,11.42,2.01
2026-05-05 10:55:00,381.2,381.75,380.25,380.35,324412,381.23,381.53,10.75,1.99
2026-05-05 11:00:00,380.25,381.7,379.0,380.5,737683,381.08,381.43,10.87,2.02
2026-05-05 11:05:00,380.5,380.5,377.3,378.9,611632,380.65,381.2,11.81,2.08
2026-05-05 11:10:00,378.9,379.5,378.75,379.4,204965,380.4,381.04,12.69,2.01
2026-05-05 11:15:00,379.5,380.3,379.35,380.0,216992,380.32,380.94,12.9,1.96
2026-05-05 11:20:00,380.1,381.2,380.0,380.75,239655,380.4,380.93,12.47,1.93
2026-05-05 11:25:00,380.8,381.25,380.55,381.2,147113,380.56,380.95,12.03,1.87
2026-05-05 11:30:00,381.2,381.3,380.8,380.9,159195,380.63,380.95,11.59,1.8
2026-05-05 11:35:00,380.95,381.3,380.25,380.55,235360,380.61,380.91,11.55,1.77
2026-05-05 11:40:00,380.6,380.75,379.45,379.45,163884,380.38,380.78,12.0,1.75
2026-05-05 11:45:00,379.55,379.85,379.1,379.5,161475,380.21,380.66,12.64,1.7
2026-05-05 11:50:00,379.45,379.55,379.1,379.2,151469,380.0,380.53,13.23,1.64
2026-05-05 11:55:00,379.3,379.7,379.0,379.35,176432,379.87,380.42,13.63,1.59
2026-05-05 12:00:00,379.35,379.35,377.6,378.0,389603,379.5,380.2,14.86,1.6
2026-05-05 12:05:00,378.0,378.1,377.55,377.75,204639,379.15,379.98,16.04,1.55
2026-05-05 12:10:00,377.75,378.25,377.55,378.2,219564,378.96,379.82,16.96,1.51
2026-05-05 12:15:00,378.2,378.75,377.55,377.7,257112,378.71,379.62,17.25,1.5
2026-05-05 12:20:00,377.8,377.85,376.35,376.75,467427,378.32,379.36,18.29,1.5
2026-05-05 12:25:00,376.8,377.0,375.2,375.45,587421,377.74,379.01,19.86,1.51
2026-05-05 12:30:00,375.3,375.5,372.85,373.3,1084827,376.85,378.49,22.22,1.57
2026-05-05 12:35:00,373.4,375.35,373.4,375.35,374441,376.55,378.2,24.42,1.59
2026-05-05 12:40:00,375.35,375.5,374.2,374.3,215160,376.1,377.85,26.29,1.57
2026-05-05 12:45:00,374.2,374.4,373.5,373.7,229176,375.62,377.47,28.28,1.54
2026-05-05 12:50:00,373.7,374.0,373.5,373.7,168825,375.24,377.13,30.13,1.49
2026-05-05 12:55:00,373.75,374.1,373.35,373.85,189636,374.96,376.83,31.91,1.46
2026-05-05 13:00:00,373.75,373.95,372.15,372.4,350989,374.45,376.43,33.98,1.47
2026-05-05 13:05:00,372.5,374.8,372.0,374.35,387109,374.43,376.24,34.85,1.54
2026-05-05 13:10:00,374.4,374.75,374.0,374.75,188221,374.49,376.1,35.66,1.5
2026-05-05 13:15:00,374.7,374.85,371.3,371.75,386621,373.94,375.71,37.38,1.6
2026-05-05 13:20:00,371.65,372.85,371.6,372.5,226981,373.66,375.42,38.98,1.58
2026-05-05 13:25:00,372.4,373.25,372.0,373.2,197134,373.56,375.21,39.99,1.56
2026-05-05 13:30:00,373.2,374.0,373.1,373.7,157957,373.59,375.08,40.09,1.53
2026-05-05 13:35:00,373.85,374.0,373.35,373.75,145769,373.62,374.96,40.17,1.49
2026-05-05 13:40:00,373.85,374.55,373.55,374.4,185409,373.78,374.91,39.63,1.47
2026-05-05 13:45:00,374.45,374.55,373.55,373.55,131014,373.73,374.78,39.12,1.45
2026-05-05 13:50:00,373.55,373.75,372.5,373.1,220009,373.61,374.63,39.23,1.44
2026-05-05 13:55:00,373.1,374.4,372.95,374.1,167274,373.71,374.58,38.59,1.44
2026-05-05 14:00:00,374.15,374.5,373.95,374.15,117657,373.79,374.54,37.88,1.39
2026-05-05 14:05:00,374.0,374.25,373.3,373.55,111533,373.75,374.45,37.62,1.37
2026-05-05 14:10:00,373.55,374.0,373.4,373.65,115841,373.73,374.38,37.37,1.34
2026-05-05 14:15:00,373.8,374.5,373.65,374.4,134500,373.86,374.38,36.52,1.31
2026-05-05 14:20:00,374.45,374.6,374.0,374.4,155980,373.97,374.38,35.61,1.28
2026-05-05 14:25:00,374.35,374.7,374.1,374.55,129397,374.08,374.4,34.63,1.25
2026-05-05 14:30:00,374.55,375.25,374.25,374.55,215867,374.18,374.41,33.02,1.24
2026-05-05 14:35:00,374.55,375.35,374.45,375.0,189400,374.34,374.47,31.4,1.22
2026-05-05 14:40:00,374.8,375.2,374.5,374.9,245339,374.45,374.5,29.9,1.19
2026-05-05 14:45:00,374.9,375.4,374.75,374.95,197175,374.55,374.55,28.23,1.17
2026-05-05 14:50:00,374.95,375.1,374.05,374.3,219914,374.5,374.52,27.45,1.16
2026-05-05 14:55:00,374.3,374.85,374.15,374.5,155034,374.5,374.52,26.73,1.14
2026-05-05 15:00:00,374.6,374.9,374.1,374.15,186048,374.43,374.49,26.06,1.12
2026-05-05 15:05:00,374.3,374.85,374.2,374.75,276329,374.5,374.51,25.44,1.1
2026-05-05 15:10:00,374.75,375.3,374.5,374.85,480053,374.57,374.54,24.1,1.09
2026-05-05 15:15:00,374.9,375.65,374.8,374.8,724599,374.61,374.57,22.44,1.08
2026-05-05 15:20:00,375.0,375.4,374.6,374.6,513252,374.61,374.57,21.07,1.07
2026-05-05 15:25:00,374.7,375.6,374.2,375.5,490389,374.79,374.65,20.38,1.08
2026-05-06 09:15:00,378.0,378.0,373.0,373.5,1102481,374.53,374.55,20.87,1.27
2026-05-06 09:20:00,373.3,375.75,372.55,375.6,398521,374.74,374.64,20.74,1.36
2026-05-06 09:25:00,375.75,375.85,368.4,368.55,899711,373.51,374.09,21.25,1.65
2026-05-06 09:30:00,368.75,373.2,368.4,372.4,673744,373.28,373.94,21.73,1.8
2026-05-06 09:35:00,372.25,375.95,371.6,374.15,827685,373.46,373.96,20.31,1.92
2026-05-06 09:40:00,374.1,375.15,373.65,373.85,355698,373.54,373.95,18.99,1.9
2026-05-06 09:45:00,373.75,374.95,373.75,373.85,205705,373.6,373.94,17.76,1.87
2026-05-06 09:50:00,373.95,375.05,373.8,374.25,163271,373.73,373.97,16.7,1.84
2026-05-06 09:55:00,374.2,377.25,374.2,376.3,411651,374.24,374.18,17.09,1.9
2026-05-06 10:00:00,376.45,376.5,376.0,376.35,202727,374.66,374.38,17.45,1.83
2026-05-06 10:05:00,376.3,376.7,375.85,376.65,184688,375.06,374.58,17.9,1.78
2026-05-06 10:10:00,376.45,377.15,376.15,377.0,157395,375.45,374.8,18.57,1.75
2026-05-06 10:15:00,377.15,377.2,376.25,376.3,148820,375.62,374.94,19.23,1.71
2026-05-06 10:20:00,376.3,377.05,375.95,377.05,227917,375.91,375.13,19.52,1.68
2026-05-06 10:25:00,377.0,377.0,376.7,377.0,85797,376.12,375.3,19.78,1.62
2026-05-06 10:30:00,377.0,377.0,375.7,376.0,108992,376.1,375.36,18.98,1.6
2026-05-06 10:35:00,376.0,376.35,375.1,376.1,168262,376.1,375.43,17.68,1.58
2026-05-06 10:40:00,376.1,376.75,375.75,376.1,74113,376.1,375.49,16.82,1.56
2026-05-06 10:45:00,376.1,376.45,375.3,376.35,102474,376.15,375.57,15.64,1.54
2026-05-06 10:50:00,376.25,376.6,375.1,375.25,259477,375.97,375.54,14.73,1.53
2026-05-06 10:55:00,375.15,376.0,375.1,375.9,67584,375.96,375.57,13.88,1.5
2026-05-06 11:00:00,375.85,376.3,375.6,375.8,174862,375.92,375.59,13.0,1.47
2026-05-06 11:05:00,375.65,376.1,375.6,376.0,75467,375.94,375.63,12.19,1.42
2026-05-06 11:10:00,375.95,376.15,375.75,376.1,73229,375.97,375.67,11.49,1.37
2026-05-06 11:15:00,376.05,376.5,376.0,376.3,71188,376.04,375.73,11.25,1.33
2026-05-06 11:20:00,375.75,377.0,375.75,376.9,124762,376.21,375.84,11.57,1.33
2026-05-06 11:25:00,376.9,377.8,376.9,377.4,198499,376.45,375.98,12.63,1.31
2026-05-06 11:30:00,377.4,378.45,377.35,377.95,253111,376.75,376.16,14.13,1.3
2026-05-06 11:35:00,378.0,378.05,377.25,377.85,119335,376.97,376.31,15.37,1.27
2026-05-06 11:40:00,377.75,379.0,377.75,378.5,134818,377.27,376.51,17.22,1.27
2026-05-06 11:45:00,378.4,378.6,377.6,378.0,126206,377.42,376.65,18.69,1.26
2026-05-06 11:50:00,377.9,379.15,377.85,379.1,100563,377.76,376.87,20.44,1.26
2026-05-06 11:55:00,378.95,383.4,378.95,383.4,945046,378.88,377.46,23.74,1.41
2026-05-06 12:00:00,383.45,384.5,382.8,384.35,649881,379.98,378.09,27.06,1.43
2026-05-06 12:05:00,384.35,384.5,382.7,383.4,359648,380.66,378.57,30.01,1.44
2026-05-06 12:10:00,383.3,383.8,382.5,383.2,271473,381.17,378.99,32.5,1.44
2026-05-06 12:15:00,383.1,383.35,382.6,383.0,188138,381.54,379.36,34.82,1.4
2026-05-06 12:20:00,382.9,383.6,382.45,383.35,247177,381.9,379.72,37.04,1.39
2026-05-06 12:25:00,383.45,383.85,382.8,383.3,169694,382.18,380.05,39.18,1.38
2026-05-06 12:30:00,383.3,384.9,383.25,384.5,309920,382.64,380.45,41.45,1.39
2026-05-06 12:35:00,384.35,384.6,382.1,382.3,235503,382.57,380.62,42.02,1.44
2026-05-06 12:40:00,382.1,383.2,382.1,382.85,143169,382.63,380.82,42.54,1.43
2026-05-06 12:45:00,382.75,382.95,381.3,381.35,429909,382.37,380.87,42.04,1.44
2026-05-06 12:50:00,381.35,382.4,380.8,381.9,759430,382.28,380.96,41.0,1.44
2026-05-06 12:55:00,381.9,382.35,381.6,381.85,185100,382.19,381.04,40.04,1.41
2026-05-06 13:00:00,382.0,382.1,381.45,381.6,145881,382.07,381.09,38.96,1.37
2026-05-06 13:05:00,381.55,382.5,381.35,382.3,154143,382.12,381.2,38.26,1.36
2026-05-06 13:10:00,382.25,383.2,382.25,382.55,154693,382.21,381.33,38.07,1.34
2026-05-06 13:15:00,382.45,382.85,381.4,381.45,245735,382.05,381.34,36.85,1.35
2026-05-06 13:20:00,381.55,381.95,381.45,381.95,110407,382.03,381.39,35.71,1.31
2026-05-06 13:25:00,381.95,382.05,381.45,381.45,162553,381.92,381.4,34.74,1.28
2026-05-06 13:30:00,381.45,384.25,381.45,383.3,377466,382.19,381.57,35.26,1.35
2026-05-06 13:35:00,383.3,383.6,382.65,382.8,129354,382.31,381.68,35.75,1.33
2026-05-06 13:40:00,382.75,383.15,382.5,382.95,102507,382.44,381.8,36.0,1.3
2026-05-06 13:45:00,382.8,383.4,382.6,383.25,120862,382.6,381.93,36.39,1.27
2026-05-06 13:50:00,383.3,384.25,383.25,383.95,173828,382.87,382.11,37.21,1.26
2026-05-06 13:55:00,384.0,384.25,383.85,384.1,128995,383.12,382.29,37.98,1.22
2026-05-06 14:00:00,384.15,384.15,382.75,382.9,162513,383.07,382.35,37.17,1.23
2026-05-06 14:05:00,382.9,383.25,382.6,382.85,150872,383.03,382.39,36.23,1.2
2026-05-06 14:10:00,382.85,383.25,382.75,383.1,108582,383.04,382.46,35.36,1.17
2026-05-06 14:15:00,383.15,384.3,383.1,384.1,190026,383.25,382.61,35.33,1.17
2026-05-06 14:20:00,384.1,384.5,384.0,384.5,237892,383.5,382.78,35.43,1.14
2026-05-06 14:25:00,384.4,384.8,383.9,384.0,248301,383.6,382.89,35.73,1.13
2026-05-06 14:30:00,383.95,384.45,383.05,383.15,247115,383.51,382.91,34.82,1.14
2026-05-06 14:35:00,383.15,385.5,383.1,385.0,530786,383.81,383.1,34.73,1.2
2026-05-06 14:40:00,385.0,385.7,384.75,385.05,320550,384.06,383.28,34.77,1.19
2026-05-06 14:45:00,385.0,385.4,384.25,385.2,245153,384.29,383.46,34.15,1.18
2026-05-06 14:50:00,385.05,385.65,385.0,385.2,254635,384.47,383.61,33.76,1.16
2026-05-06 14:55:00,385.35,385.55,384.8,384.95,265471,384.57,383.74,33.13,1.14
2026-05-06 15:00:00,384.9,385.65,384.4,385.5,382786,384.75,383.9,32.0,1.15
2026-05-06 15:05:00,385.5,385.6,385.25,385.3,296184,384.86,384.02,30.96,1.11
2026-05-06 15:10:00,385.25,385.7,384.85,385.35,373905,384.96,384.14,29.44,1.1
2026-05-06 15:15:00,385.35,387.4,385.35,387.15,622188,385.4,384.42,29.51,1.14
2026-05-06 15:20:00,387.0,387.5,386.3,386.5,549286,385.62,384.61,29.65,1.14
2026-05-06 15:25:00,386.05,386.5,384.5,384.6,571204,385.41,384.61,27.74,1.18
2026-05-07 09:15:00,385.5,387.0,384.7,385.05,459938,385.34,384.65,26.38,1.24
2026-05-07 09:20:00,385.05,386.9,383.45,386.35,349776,385.54,384.8,24.97,1.35
2026-05-07 09:25:00,386.45,386.45,385.1,385.65,164872,385.56,384.88,23.66,1.35
2026-05-07 09:30:00,385.6,390.35,385.25,389.45,763254,386.34,385.29,24.07,1.53
2026-05-07 09:35:00,389.5,391.8,388.75,391.45,733960,387.36,385.85,25.06,1.6
2026-05-07 09:40:00,391.35,392.8,391.0,391.35,862474,388.16,386.35,26.34,1.61
2026-05-07 09:45:00,391.5,392.5,391.3,392.05,246659,388.94,386.87,27.52,1.59
2026-05-07 09:50:00,391.95,392.9,390.95,391.5,434382,389.45,387.29,28.77,1.61
2026-05-07 09:55:00,391.25,392.3,390.85,391.5,257008,389.86,387.67,29.83,1.6
2026-05-07 10:00:00,391.45,393.35,391.15,392.85,421941,390.46,388.15,31.22,1.63
2026-05-07 10:05:00,392.9,393.9,392.15,392.6,425323,390.89,388.55,32.69,1.63
2026-05-07 10:10:00,392.6,393.3,392.45,393.0,174322,391.31,388.95,34.06,1.6
2026-05-07 10:15:00,393.0,394.8,392.9,394.8,407520,392.01,389.49,35.83,1.61
2026-05-07 10:20:00,394.8,394.9,391.85,392.5,542128,392.11,389.76,36.36,1.68
2026-05-07 10:25:00,392.5,393.2,392.35,393.1,161504,392.3,390.06,36.86,1.64
2026-05-07 10:30:00,393.1,394.0,392.9,394.0,184672,392.64,390.42,37.64,1.61
2026-05-07 10:35:00,393.9,397.95,393.6,397.45,905188,393.61,391.06,39.47,1.74
2026-05-07 10:40:00,397.45,398.45,396.25,397.0,926903,394.28,391.6,41.27,1.77
2026-05-07 10:45:00,396.95,397.15,396.3,396.65,362883,394.76,392.06,42.94,1.72
2026-05-07 10:50:00,396.75,397.0,396.0,396.4,306136,395.09,392.45,44.19,1.69
2026-05-07 10:55:00,396.3,396.55,395.25,395.4,249625,395.15,392.72,44.58,1.67
2026-05-07 11:00:00,395.4,395.95,394.85,395.15,259339,395.15,392.94,44.56,1.64
2026-05-07 11:05:00,395.15,395.45,394.25,394.4,265291,395.0,393.08,43.97,1.62
2026-05-07 11:10:00,394.4,395.0,394.25,394.65,224802,394.93,393.22,43.41,1.58
2026-05-07 11:15:00,394.65,395.2,394.45,394.85,142092,394.91,393.37,42.99,1.54
2026-05-07 11:20:00,394.9,396.2,394.85,396.1,234794,395.15,393.62,43.06,1.53
2026-05-07 11:25:00,396.1,396.15,394.95,395.7,205625,395.26,393.8,43.12,1.52
2026-05-07 11:30:00,395.7,396.7,395.5,396.25,229329,395.46,394.03,43.43,1.5
2026-05-07 11:35:00,396.35,396.7,395.9,396.45,201599,395.66,394.25,43.71,1.47
2026-05-07 11:40:00,396.45,396.85,395.9,396.7,189284,395.87,394.47,44.04,1.44
2026-05-07 11:45:00,396.6,399.6,396.5,399.05,931173,396.5,394.89,45.36,1.52
2026-05-07 11:50:00,399.05,399.4,398.5,399.25,440571,397.05,395.28,46.58,1.49
2026-05-07 11:55:00,399.2,401.65,398.95,400.8,1270401,397.8,395.78,48.26,1.55
2026-05-07 12:00:00,400.8,403.75,400.7,403.75,1120487,398.99,396.51,50.19,1.62
2026-05-07 12:05:00,403.8,405.5,403.0,404.0,1369905,399.99,397.19,52.22,1.66
2026-05-07 12:10:00,404.0,404.3,402.05,403.55,1008831,400.7,397.77,53.18,1.69
2026-05-07 12:15:00,403.7,404.75,402.0,403.35,726294,401.23,398.28,54.16,1.74
2026-05-07 12:20:00,403.3,403.45,402.65,402.95,295053,401.58,398.7,55.07,1.7
2026-05-07 12:25:00,403.1,403.75,403.0,403.25,287999,401.91,399.11,55.97,1.65
2026-05-07 12:30:00,403.4,405.2,403.25,404.9,693190,402.51,399.64,57.1,1.67
2026-05-07 12:35:00,404.95,406.5,404.9,405.4,1013551,403.09,400.16,58.35,1.66
2026-05-07 12:40:00,405.45,406.85,404.35,406.8,1219751,403.83,400.77,58.95,1.7
2026-05-07 12:45:00,406.75,406.95,405.35,405.4,685674,404.14,401.19,59.52,1.7
2026-05-07 12:50:00,405.4,406.2,403.7,404.4,679746,404.2,401.48,58.43,1.74
2026-05-07 12:55:00,404.3,404.7,403.9,404.25,238823,404.21,401.73,57.41,1.69
2026-05-07 13:00:00,404.3,404.8,404.1,404.35,199527,404.23,401.97,56.5,1.65
2026-05-07 13:05:00,404.5,404.85,403.1,403.65,391764,404.12,402.12,54.7,1.65
2026-05-07 13:10:00,403.6,403.65,402.85,403.0,369540,403.89,402.2,52.79,1.61
2026-05-07 13:15:00,402.9,403.75,402.65,403.5,295579,403.82,402.32,50.84,1.59
2026-05-07 13:20:00,403.4,403.9,403.2,403.55,187961,403.76,402.43,49.11,1.54
2026-05-07 13:25:00,403.55,404.0,403.55,404.0,134613,403.81,402.57,47.57,1.49
2026-05-07 13:30:00,403.9,404.25,402.9,403.5,275376,403.75,402.66,45.45,1.48
2026-05-07 13:35:00,403.5,404.0,403.05,403.85,127005,403.77,402.77,43.48,1.46
2026-05-07 13:40:00,403.8,404.3,403.75,403.75,343277,403.76,402.86,41.88,1.42
2026-05-07 13:45:00,403.75,404.95,403.65,403.7,581179,403.75,402.93,40.86,1.41
2026-05-07 13:50:00,403.7,404.0,403.5,404.0,173414,403.8,403.03,39.73,1.37
2026-05-07 13:55:00,403.9,404.2,403.2,403.75,250359,403.79,403.1,38.31,1.35
2026-05-07 14:00:00,403.75,405.45,403.6,405.4,283047,404.11,403.31,37.89,1.37
2026-05-07 14:05:00,405.45,405.55,404.65,405.4,309152,404.37,403.5,37.57,1.35
2026-05-07 14:10:00,405.5,405.8,405.3,405.45,212770,404.59,403.67,37.43,1.31
2026-05-07 14:15:00,405.45,406.0,404.3,404.95,565458,404.66,403.79,36.05,1.33
2026-05-07 14:20:00,404.95,405.0,403.5,404.5,467891,404.63,403.85,33.91,1.34
2026-05-07 14:25:00,404.35,404.8,404.15,404.4,249562,404.58,403.9,31.92,1.3
2026-05-07 14:30:00,404.55,406.75,404.4,406.05,727984,404.88,404.1,31.57,1.35
2026-05-07 14:35:00,406.15,407.0,406.1,406.75,448378,405.25,404.34,31.39,1.33
2026-05-07 14:40:00,406.8,408.35,406.0,406.25,1028156,405.45,404.51,31.97,1.38
2026-05-07 14:45:00,406.4,407.75,406.15,406.15,470040,405.59,404.66,32.51,1.39
2026-05-07 14:50:00,406.15,406.45,405.0,406.35,583525,405.74,404.82,31.75,1.4
2026-05-07 14:55:00,406.35,406.6,405.85,406.5,334973,405.89,404.97,31.14,1.37
2026-05-07 15:00:00,406.6,406.85,405.65,406.15,542251,405.94,405.08,30.74,1.36
2026-05-07 15:05:00,406.05,406.4,405.55,406.35,555582,406.03,405.19,30.25,1.33
2026-05-07 15:10:00,406.3,406.9,406.0,406.0,757729,406.02,405.27,30.15,1.31
2026-05-07 15:15:00,406.0,407.25,405.0,406.5,1132731,406.12,405.38,28.93,1.36
2026-05-07 15:20:00,406.75,407.3,406.35,406.8,1016138,406.25,405.51,27.83,1.34
2026-05-07 15:25:00,406.8,407.35,405.3,405.45,874120,406.09,405.5,25.93,1.37
2026-05-08 09:15:00,406.1,408.15,404.5,406.2,1532805,406.11,405.57,24.84,1.48
2026-05-08 09:20:00,405.9,407.45,405.5,406.8,517025,406.25,405.68,23.83,1.5
2026-05-08 09:25:00,406.75,408.85,405.8,405.9,766105,406.18,405.7,22.65,1.58
2026-05-08 09:30:00,405.85,408.9,405.85,407.75,702899,406.49,405.88,21.61,1.65
2026-05-08 09:35:00,407.9,407.95,406.2,407.0,324285,406.6,405.99,20.63,1.65
2026-05-08 09:40:00,407.1,407.2,406.2,406.55,240317,406.59,406.04,19.73,1.62
2026-05-08 09:45:00,406.55,407.35,406.1,407.3,342429,406.73,406.15,19.04,1.6
2026-05-08 09:50:00,407.25,408.5,407.05,408.4,317119,407.06,406.36,19.42,1.6
2026-05-08 09:55:00,408.4,408.9,407.45,407.6,279712,407.17,406.47,20.07,1.59
2026-05-08 10:00:00,407.65,407.65,405.9,406.8,376416,407.1,406.5,18.94,1.6
2026-05-08 10:05:00,406.8,406.9,406.0,406.1,129156,406.9,406.46,17.89,1.56
2026-05-08 10:10:00,406.25,407.1,405.55,407.1,282557,406.94,406.52,16.76,1.56
2026-05-08 10:15:00,407.15,407.35,406.6,406.8,152380,406.91,406.55,15.67,1.52
2026-05-08 10:20:00,406.8,406.95,403.5,403.7,653250,406.27,406.29,16.74,1.62
2026-05-08 10:25:00,403.7,404.4,402.35,404.2,571522,405.85,406.1,18.29,1.64
2026-05-08 10:30:00,404.2,404.85,403.5,404.75,337951,405.63,405.98,19.28,1.62
2026-05-08 10:35:00,404.65,404.75,403.75,403.9,148386,405.29,405.79,20.2,1.59
2026-05-08 10:40:00,403.9,404.6,403.9,404.25,330603,405.08,405.65,21.06,1.55
2026-05-08 10:45:00,404.25,404.55,403.9,403.95,152943,404.85,405.49,21.85,1.51
2026-05-08 10:50:00,404.0,404.3,403.1,403.3,126709,404.54,405.29,23.06,1.49
2026-05-08 10:55:00,403.35,403.55,403.05,403.1,94622,404.25,405.09,24.22,1.45
2026-05-08 11:00:00,403.1,403.25,402.2,402.8,249288,403.96,404.89,25.75,1.43
2026-05-08 11:05:00,402.8,403.45,401.8,402.7,322449,403.71,404.69,27.37,1.44
2026-05-08 11:10:00,402.5,403.7,402.5,403.3,101131,403.63,404.56,28.53,1.43
2026-05-08 11:15:00,403.3,403.7,402.2,402.2,175928,403.34,404.35,29.76,1.43
2026-05-08 11:20:00,402.25,402.5,402.0,402.5,205913,403.17,404.18,31.02,1.39
2026-05-08 11:25:00,402.55,402.65,402.1,402.5,118358,403.04,404.03,31.96,1.35
2026-05-08 11:30:00,402.5,403.35,402.2,402.95,83211,403.02,403.93,31.76,1.34
2026-05-08 11:35:00,402.9,402.95,401.65,402.75,132412,402.97,403.82,31.99,1.33
2026-05-08 11:40:00,402.6,402.9,401.4,401.45,100644,402.66,403.61,32.37,1.34
2026-05-08 11:45:00,401.4,401.5,400.25,400.4,250106,402.21,403.31,33.43,1.34
2026-05-08 11:50:00,400.55,401.4,400.1,401.25,159830,402.02,403.13,34.5,1.34
2026-05-08 11:55:00,401.3,402.2,400.65,401.6,343109,401.94,402.99,34.32,1.35
2026-05-08 12:00:00,401.6,404.4,401.25,404.4,296384,402.43,403.12,31.91,1.43
2026-05-08 12:05:00,404.4,404.4,403.05,403.3,191215,402.6,403.13,29.66,1.43
2026-05-08 12:10:00,403.2,403.7,403.0,403.25,100028,402.73,403.14,27.56,1.39
2026-05-08 12:15:00,403.15,403.55,403.05,403.15,115859,402.82,403.14,25.6,1.35
2026-05-08 12:20:00,403.15,403.5,402.55,403.35,93878,402.92,403.16,24.27,1.33
2026-05-08 12:25:00,403.35,403.85,403.0,403.6,75770,403.06,403.2,22.66,1.31
2026-05-08 12:30:00,403.6,403.85,403.25,403.4,77207,403.13,403.22,21.17,1.28
2026-05-08 12:35:00,403.4,403.6,403.0,403.05,47015,403.11,403.2,20.06,1.24
2026-05-08 12:40:00,403.1,403.75,403.0,403.2,74439,403.13,403.2,18.84,1.22
2026-05-08 12:45:00,403.05,403.3,402.6,403.3,90567,403.16,403.21,18.17,1.19
2026-05-08 12:50:00,403.25,403.4,401.8,402.2,106972,402.97,403.12,18.37,1.21
2026-05-08 12:55:00,402.1,402.65,401.8,402.55,93264,402.89,403.07,18.55,1.2
2026-05-08 13:00:00,402.45,402.6,401.5,401.7,153045,402.65,402.94,19.01,1.19
2026-05-08 13:05:00,401.65,402.0,401.45,401.85,119750,402.49,402.85,19.49,1.16
2026-05-08 13:10:00,401.85,402.15,401.0,401.45,97953,402.28,402.72,20.37,1.16
2026-05-08 13:15:00,401.45,401.75,401.1,401.35,86064,402.1,402.59,21.19,1.14
2026-05-08 13:20:00,401.6,402.75,401.4,402.6,80730,402.2,402.59,20.3,1.15
2026-05-08 13:25:00,402.7,403.2,402.5,403.05,91003,402.37,402.64,18.87,1.13
2026-05-08 13:30:00,403.05,403.4,402.8,403.15,71881,402.52,402.68,17.76,1.1
2026-05-08 13:35:00,403.25,403.35,402.9,402.95,51191,402.61,402.71,16.73,1.07
2026-05-08 13:40:00,402.85,403.9,402.85,403.9,83304,402.87,402.82,16.48,1.07
2026-05-08 13:45:00,403.8,404.2,403.45,403.8,127170,403.05,402.9,16.61,1.06
2026-05-08 13:50:00,403.8,403.95,403.5,403.95,50222,403.23,403.0,16.73,1.03
2026-05-08 13:55:00,403.95,404.65,403.5,403.9,188887,403.37,403.08,17.62,1.03
2026-05-08 14:00:00,403.85,404.2,403.5,404.1,74771,403.51,403.17,18.45,1.02
2026-05-08 14:05:00,404.25,404.35,403.85,404.3,91667,403.67,403.28,19.38,0.99
2026-05-08 14:10:00,404.3,404.95,404.05,404.5,260086,403.84,403.39,20.84,0.99
2026-05-08 14:15:00,404.05,404.4,404.0,404.2,99835,403.91,403.46,22.08,0.96
2026-05-08 14:20:00,404.2,404.65,404.0,404.05,109978,403.94,403.52,23.48,0.95
2026-05-08 14:25:00,404.2,405.2,403.9,404.9,125237,404.13,403.64,25.27,0.97
2026-05-08 14:30:00,405.0,406.15,404.8,405.9,291192,404.48,403.85,27.57,0.98
2026-05-08 14:35:00,405.9,406.3,405.8,406.15,161318,404.82,404.06,29.8,0.96
2026-05-08 14:40:00,406.15,406.4,405.8,406.2,162978,405.09,404.25,31.93,0.94
2026-05-08 14:45:00,406.2,406.5,405.85,406.15,148083,405.3,404.42,33.97,0.93
2026-05-08 14:50:00,406.15,406.2,405.55,405.8,146340,405.4,404.55,35.11,0.92
2026-05-08 14:55:00,405.8,406.0,405.4,405.9,128311,405.5,404.67,35.82,0.9
2026-05-08 15:00:00,405.85,405.85,404.9,405.3,421021,405.46,404.73,35.34,0.91
2026-05-08 15:05:00,405.25,405.55,405.1,405.4,286203,405.45,404.79,34.9,0.88
2026-05-08 15:10:00,405.35,405.4,404.45,404.7,388075,405.3,404.78,33.2,0.89
2026-05-08 15:15:00,404.65,405.25,404.4,404.7,587792,405.18,404.77,31.52,0.89
2026-05-08 15:20:00,404.6,404.75,403.8,404.15,513542,404.97,404.72,29.59,0.89
2026-05-08 15:25:00,404.15,404.35,403.1,403.2,554748,404.62,404.58,28.75,0.91
2026-05-11 09:15:00,400.0,404.4,395.0,401.15,966383,403.93,404.27,31.7,1.31
2026-05-11 09:20:00,401.3,404.2,400.4,403.0,324622,403.74,404.15,34.44,1.43
2026-05-11 09:25:00,403.05,403.4,401.5,402.35,234887,403.46,403.99,36.99,1.45
2026-05-11 09:30:00,402.35,404.9,402.25,404.7,367724,403.71,404.05,37.79,1.51
2026-05-11 09:35:00,404.55,405.5,402.55,402.8,465866,403.53,403.94,37.99,1.58
2026-05-11 09:40:00,402.6,402.75,400.1,400.5,1214801,402.92,403.63,38.96,1.63
2026-05-11 09:45:00,400.7,402.0,400.2,401.3,393932,402.6,403.42,39.87,1.64
2026-05-11 09:50:00,401.15,401.95,400.9,401.8,283526,402.44,403.27,40.71,1.61
2026-05-11 09:55:00,401.8,402.45,401.15,401.9,199753,402.33,403.14,41.0,1.6
2026-05-11 10:00:00,401.9,402.2,400.95,401.5,162568,402.16,402.99,41.34,1.58
2026-05-11 10:05:00,401.45,402.0,401.2,401.65,160910,402.06,402.87,41.66,1.54
2026-05-11 10:10:00,401.7,402.5,400.95,400.95,609345,401.84,402.7,41.41,1.54
2026-05-11 10:15:00,400.85,402.85,400.75,402.25,553081,401.92,402.66,40.79,1.57
2026-05-11 10:20:00,402.2,403.2,402.1,402.6,167312,402.06,402.65,39.85,1.55
2026-05-11 10:25:00,402.45,402.55,400.5,400.65,204379,401.78,402.47,39.81,1.57
2026-05-11 10:30:00,400.6,401.05,400.0,400.25,97819,401.47,402.27,40.01,1.55
2026-05-11 10:35:00,400.15,401.15,397.65,398.2,303206,400.82,401.9,41.04,1.64
2026-05-11 10:40:00,398.3,398.35,396.7,397.45,243673,400.14,401.49,42.28,1.64
2026-05-11 10:45:00,397.4,397.5,393.05,394.85,655162,399.08,400.89,44.18,1.78
2026-05-11 10:50:00,394.9,397.1,394.65,396.85,330251,398.64,400.52,45.96,1.81
2026-05-11 10:55:00,396.85,397.65,396.65,397.05,232669,398.32,400.21,47.08,1.77
2026-05-11 11:00:00,397.05,397.95,396.55,397.3,245112,398.12,399.94,47.85,1.75
2026-05-11 11:05:00,397.2,398.65,396.5,397.6,193684,398.01,399.73,47.9,1.77
2026-05-11 11:10:00,397.65,398.95,397.55,398.45,326957,398.1,399.61,47.67,1.75
2026-05-11 11:15:00,398.5,399.55,398.05,399.15,214058,398.31,399.57,46.91,1.74
2026-05-11 11:20:00,399.3,400.0,398.85,399.35,141151,398.52,399.55,45.8,1.71
2026-05-11 11:25:00,399.45,399.45,398.5,398.85,121042,398.58,399.49,44.93,1.68
2026-05-11 11:30:00,398.85,398.85,396.45,397.75,398200,398.42,399.33,44.95,1.71
2026-05-11 11:35:00,397.75,398.85,397.5,398.85,76926,398.5,399.29,44.97,1.69
2026-05-11 11:40:00,398.85,400.85,398.6,398.75,305989,398.55,399.24,43.28,1.72
2026-05-11 11:45:00,398.75,399.0,397.6,397.75,383156,398.39,399.1,42.17,1.7
2026-05-11 11:50:00,397.75,399.0,397.75,398.7,141243,398.45,399.07,41.14,1.68
2026-05-11 11:55:00,398.65,399.0,398.45,398.7,93464,398.5,399.03,40.18,1.63
2026-05-11 12:00:00,398.75,398.95,398.15,398.3,90852,398.46,398.97,39.44,1.59
2026-05-11 12:05:00,398.25,398.9,397.95,398.7,163148,398.51,398.94,38.86,1.56
2026-05-11 12:10:00,398.8,399.0,398.15,398.3,100585,398.47,398.88,38.22,1.53
2026-05-11 12:15:00,398.3,398.75,397.95,398.7,106130,398.51,398.87,37.74,1.49
2026-05-11 12:20:00,398.65,398.9,398.1,398.4,89915,398.49,398.82,37.12,1.46
2026-05-11 12:25:00,398.35,398.4,397.75,397.75,53579,398.34,398.73,36.77,1.42
2026-05-11 12:30:00,397.8,398.2,397.55,397.9,52432,398.25,398.65,36.57,1.38
2026-05-11 12:35:00,397.9,398.35,397.6,398.0,81437,398.2,398.59,36.19,1.35
2026-05-11 12:40:00,397.9,398.55,397.7,398.0,96370,398.16,398.54,35.56,1.33
2026-05-11 12:45:00,398.0,398.7,398.0,398.45,46303,398.22,398.53,34.76,1.3
2026-05-11 12:50:00,398.5,398.85,398.3,398.45,61631,398.27,398.52,33.81,1.26
2026-05-11 12:55:00,398.45,398.65,398.0,398.3,51748,398.27,398.5,33.2,1.23
2026-05-11 13:00:00,398.3,398.8,398.2,398.25,81515,398.27,398.48,32.4,1.2
2026-05-11 13:05:00,398.25,399.25,397.85,399.25,127493,398.46,398.55,30.98,1.21
2026-05-11 13:10:00,399.15,399.7,399.15,399.55,72375,398.68,398.64,29.05,1.18
2026-05-11 13:15:00,399.6,399.9,398.7,398.75,87355,398.7,398.65,27.78,1.18
2026-05-11 13:20:00,398.9,399.85,398.9,399.65,59645,398.89,398.74,26.6,1.18
2026-05-11 13:25:00,399.65,399.8,399.2,399.3,63165,398.97,398.79,25.5,1.15
2026-05-11 13:30:00,399.4,399.9,399.3,399.5,50007,399.08,398.86,24.32,1.12
2026-05-11 13:35:00,399.7,400.45,399.55,399.85,130645,399.23,398.95,22.8,1.12
2026-05-11 13:40:00,399.8,400.5,399.5,400.2,77989,399.42,399.06,21.39,1.11
2026-05-11 13:45:00,400.25,401.65,400.25,401.6,152047,399.86,399.29,21.53,1.13
2026-05-11 13:50:00,401.75,402.7,401.35,402.6,219338,400.41,399.59,22.61,1.14
2026-05-11 13:55:00,402.75,402.75,402.0,402.1,196443,400.75,399.82,23.65,1.12
2026-05-11 14:00:00,402.1,403.65,402.1,403.05,171851,401.21,400.11,25.26,1.14
2026-05-11 14:05:00,403.05,403.85,403.0,403.5,178281,401.67,400.42,26.88,1.13
2026-05-11 14:10:00,403.5,404.3,402.5,402.95,298390,401.92,400.65,27.52,1.16
2026-05-11 14:15:00,402.95,404.15,402.75,403.9,119378,402.32,400.95,28.11,1.17
2026-05-11 14:20:00,403.95,404.75,403.9,404.1,174651,402.67,401.23,29.13,1.15
2026-05-11 14:25:00,404.1,404.65,404.05,404.2,118132,402.98,401.5,30.08,1.13
2026-05-11 14:30:00,404.2,406.6,404.2,405.85,509123,403.55,401.9,32.11,1.19
2026-05-11 14:35:00,405.75,405.8,404.8,404.85,235809,403.81,402.17,34.0,1.18
2026-05-11 14:40:00,404.85,405.05,403.7,403.7,233743,403.79,402.31,34.0,1.19
2026-05-11 14:45:00,403.65,403.95,402.7,403.0,198754,403.63,402.37,32.74,1.19
2026-05-11 14:50:00,403.1,403.4,401.95,402.0,236645,403.31,402.34,30.77,1.21
2026-05-11 14:55:00,402.1,402.7,401.15,402.45,367848,403.13,402.35,28.95,1.22
2026-05-11 15:00:00,402.5,402.6,401.4,402.0,300018,402.91,402.31,27.26,1.22
2026-05-11 15:05:00,401.85,401.95,400.4,400.8,556901,402.49,402.18,26.54,1.24
2026-05-11 15:10:00,400.65,401.2,400.35,400.45,388497,402.08,402.02,25.91,1.22
2026-05-11 15:15:00,400.45,401.8,400.4,401.3,383116,401.92,401.95,24.66,1.23
2026-05-11 15:20:00,401.3,401.95,401.0,401.75,353027,401.89,401.94,23.33,1.22
2026-05-11 15:25:00,401.65,402.45,400.05,401.55,418804,401.82,401.9,22.93,1.27
2026-05-12 09:15:00,397.1,402.75,397.1,401.8,629988,401.82,401.89,24.31,1.48
2026-05-12 09:20:00,401.55,401.75,398.75,399.3,227359,401.31,401.66,25.59,1.55
2026-05-12 09:25:00,399.1,399.4,398.0,398.1,235322,400.67,401.33,27.1,1.55
2026-05-12 09:30:00,398.1,399.0,397.85,398.65,174033,400.27,401.09,28.58,1.53
2026-05-12 09:35:00,398.5,399.2,397.2,397.2,224468,399.65,400.74,30.22,1.55
2026-05-12 09:40:00,397.1,400.45,396.7,400.15,254783,399.75,400.68,30.31,1.66
2026-05-12 09:45:00,400.1,404.0,399.8,403.0,481839,400.4,400.89,28.6,1.78
2026-05-12 09:50:00,403.2,403.95,402.9,403.9,272941,401.1,401.17,27.01,1.74
2026-05-12 09:55:00,403.9,405.6,403.9,404.7,456083,401.82,401.49,26.43,1.74
2026-05-12 10:00:00,404.65,405.8,404.0,404.1,334944,402.28,401.72,25.99,1.74
2026-05-12 10:05:00,404.15,404.5,403.25,404.0,187446,402.62,401.93,25.02,1.72
2026-05-12 10:10:00,404.0,405.75,403.6,405.15,286769,403.13,402.22,24.78,1.74
2026-05-12 10:15:00,405.15,407.2,404.85,407.0,376159,403.9,402.66,25.2,1.77
2026-05-12 10:20:00,406.9,407.0,404.5,404.7,283313,404.06,402.84,25.32,1.8
2026-05-12 10:25:00,404.7,404.95,404.0,404.05,170955,404.06,402.95,25.04,1.76
2026-05-12 10:30:00,403.95,404.0,402.45,402.7,290734,403.79,402.93,23.7,1.76
2026-05-12 10:35:00,402.8,402.9,401.4,401.8,310038,403.39,402.83,22.2,1.74
2026-05-12 10:40:00,401.7,402.75,401.05,401.6,219973,403.03,402.72,21.01,1.74
2026-05-12 10:45:00,401.6,401.6,399.55,400.15,317427,402.46,402.48,20.7,1.76
2026-05-12 10:50:00,400.2,400.65,399.8,400.5,103540,402.06,402.3,20.42,1.71
2026-05-12 10:55:00,400.45,400.6,400.15,400.5,70639,401.75,402.14,20.16,1.65
2026-05-12 11:00:00,400.5,400.9,400.2,400.2,80237,401.44,401.96,19.68,1.61
2026-05-12 11:05:00,400.25,400.5,400.1,400.45,125454,401.24,401.83,19.29,1.55
2026-05-12 11:10:00,400.35,400.45,399.35,399.55,83889,400.9,401.62,19.4,1.53
2026-05-12 11:15:00,399.7,401.0,399.55,400.5,149292,400.82,401.52,19.01,1.52
2026-05-12 11:20:00,400.55,401.0,400.15,400.15,106008,400.69,401.39,18.65,1.49
2026-05-12 11:25:00,400.25,400.4,399.6,399.6,110005,400.47,401.23,18.7,1.46
2026-05-12 11:30:00,399.6,399.7,398.85,399.2,131554,400.22,401.04,19.22,1.43
2026-05-12 11:35:00,399.4,400.0,399.1,399.85,125617,400.14,400.94,19.39,1.41
2026-05-12 11:40:00,399.85,400.0,399.35,399.35,215844,399.98,400.79,19.55,1.37
2026-05-12 11:45:00,399.4,399.75,399.0,399.4,85653,399.87,400.67,19.95,1.34
2026-05-12 11:50:00,399.4,399.9,399.3,399.75,33016,399.84,400.58,20.14,1.3
2026-05-12 11:55:00,399.75,399.85,399.25,399.65,80868,399.81,400.5,20.36,1.27
2026-05-12 12:00:00,399.5,399.55,398.65,399.2,54476,399.68,400.38,21.03,1.26
2026-05-12 12:05:00,399.2,399.35,398.45,398.6,78382,399.47,400.22,21.8,1.24
2026-05-12 12:10:00,398.65,398.95,398.3,398.3,81515,399.23,400.04,22.63,1.21
2026-05-12 12:15:00,398.35,398.95,398.3,398.8,121987,399.15,399.93,23.4,1.19
2026-05-12 12:20:00,398.8,398.95,398.5,398.55,49327,399.03,399.8,24.11,1.15
2026-05-12 12:25:00,398.55,398.95,397.55,397.55,159911,398.73,399.6,25.52,1.16
2026-05-12 12:30:00,397.65,397.95,396.0,396.3,258905,398.25,399.3,27.69,1.2
2026-05-12 12:35:00,396.3,396.75,395.85,396.15,255985,397.83,399.01,29.78,1.19
2026-05-12 12:40:00,396.0,396.65,395.1,395.95,168010,397.45,398.74,32.04,1.2
2026-05-12 12:45:00,396.1,397.5,395.95,397.2,445316,397.4,398.6,32.82,1.22
2026-05-12 12:50:00,397.2,397.85,397.2,397.45,121633,397.41,398.49,33.06,1.19
2026-05-12 12:55:00,397.4,398.05,397.4,397.8,77634,397.49,398.43,32.99,1.17
2026-05-12 13:00:00,397.8,398.9,397.65,398.55,154532,397.7,398.44,31.83,1.17
2026-05-12 13:05:00,398.6,398.6,397.65,397.7,102168,397.7,398.37,30.76,1.16
2026-05-12 13:10:00,397.95,399.1,397.8,398.95,128377,397.95,398.42,29.14,1.17
2026-05-12 13:15:00,398.95,399.95,398.9,399.65,166081,398.29,398.54,27.4,1.17
2026-05-12 13:20:00,399.65,399.95,398.85,399.3,191863,398.49,398.61,25.72,1.16
2026-05-12 13:25:00,399.3,399.35,398.9,399.15,79917,398.62,398.66,24.16,1.13
2026-05-12 13:30:00,399.15,399.35,398.8,399.15,52988,398.73,398.7,22.59,1.1
2026-05-12 13:35:00,399.15,399.15,398.05,398.25,103443,398.63,398.66,21.71,1.1
2026-05-12 13:40:00,398.15,398.25,396.45,396.6,237646,398.23,398.47,22.28,1.13
2026-05-12 13:45:00,396.45,396.65,394.7,395.75,421613,397.73,398.22,23.84,1.17
2026-05-12 13:50:00,395.75,397.6,395.75,396.8,168885,397.55,398.1,24.19,1.21
2026-05-12 13:55:00,396.8,396.95,396.5,396.85,104177,397.41,397.98,24.51,1.17
2026-05-12 14:00:00,396.85,396.85,396.0,396.4,179925,397.2,397.84,25.12,1.15
2026-05-12 14:05:00,396.5,396.85,395.65,395.65,174043,396.89,397.64,25.9,1.16
2026-05-12 14:10:00,395.65,396.0,395.5,395.6,290039,396.64,397.45,26.71,1.13
2026-05-12 14:15:00,395.6,396.2,395.3,395.35,155178,396.38,397.26,27.47,1.11
2026-05-12 14:20:00,395.3,396.1,393.7,396.0,436727,396.3,397.15,29.06,1.18
2026-05-12 14:25:00,395.9,396.0,394.55,395.1,196903,396.06,396.96,30.53,1.19
2026-05-12 14:30:00,395.1,395.35,392.45,392.55,349807,395.36,396.56,32.73,1.27
2026-05-12 14:35:00,392.65,393.0,391.35,392.85,441154,394.86,396.22,35.09,1.29
2026-05-12 14:40:00,392.85,393.2,392.5,392.7,507772,394.43,395.9,37.02,1.26
2026-05-12 14:45:00,392.6,393.0,391.55,392.1,319272,393.96,395.56,39.09,1.27
2026-05-12 14:50:00,392.1,392.3,391.4,391.75,335969,393.52,395.21,41.05,1.25
2026-05-12 14:55:00,391.85,392.3,391.4,391.55,283106,393.12,394.88,42.87,1.24
2026-05-12 15:00:00,391.55,391.95,390.55,391.75,439808,392.85,394.59,44.8,1.24
2026-05-12 15:05:00,391.8,391.95,391.05,391.5,361628,392.58,394.31,46.59,1.23
2026-05-12 15:10:00,391.5,391.85,391.0,391.1,439081,392.28,394.02,48.27,1.21
2026-05-12 15:15:00,391.05,393.0,390.6,392.95,677852,392.42,393.92,48.08,1.27
2026-05-12 15:20:00,393.0,393.0,391.55,392.3,525245,392.39,393.78,47.9,1.27
2026-05-12 15:25:00,392.5,393.15,391.65,392.3,356442,392.38,393.64,47.51,1.28
2026-05-13 09:15:00,392.5,398.85,392.5,396.45,951968,393.19,393.9,45.83,1.54
2026-05-13 09:20:00,396.5,398.45,395.25,395.65,478348,393.68,394.06,44.27,1.61
2026-05-13 09:25:00,395.8,397.85,394.6,395.15,268406,393.98,394.16,42.3,1.69
2026-05-13 09:30:00,395.1,396.5,394.8,395.25,206319,394.23,394.26,40.48,1.69
2026-05-13 09:35:00,395.35,395.35,393.45,394.0,340242,394.18,394.23,37.76,1.7
2026-05-13 09:40:00,394.0,396.0,394.0,395.55,247152,394.46,394.35,35.65,1.72
2026-05-13 09:45:00,395.7,396.75,395.35,395.8,200077,394.73,394.48,34.15,1.7
2026-05-13 09:50:00,395.8,398.0,395.6,397.6,240397,395.3,394.77,33.42,1.74
2026-05-13 09:55:00,397.6,398.3,397.0,398.3,378275,395.9,395.09,32.9,1.71
2026-05-13 10:00:00,398.3,399.9,397.2,398.95,552474,396.51,395.44,33.15,1.76
2026-05-13 10:05:00,398.95,399.0,397.15,397.35,232518,396.68,395.61,33.33,1.77
2026-05-13 10:10:00,397.45,397.5,396.2,396.95,229944,396.73,395.73,32.66,1.74
2026-05-13 10:15:00,397.0,398.75,397.0,398.5,144000,397.09,395.99,32.63,1.75
2026-05-13 10:20:00,398.7,399.4,398.35,399.05,132009,397.48,396.26,32.88,1.71
2026-05-13 10:25:00,399.1,399.4,398.9,398.9,110604,397.76,396.5,33.12,1.66
2026-05-13 10:30:00,398.9,398.9,398.0,398.65,96712,397.94,396.7,32.51,1.62
2026-05-13 10:35:00,398.65,399.5,398.1,399.0,133473,398.15,396.91,32.26,1.61
2026-05-13 10:40:00,399.1,400.35,398.95,399.65,384468,398.45,397.16,32.43,1.6
2026-05-13 10:45:00,399.65,400.75,398.15,399.1,1733577,398.58,397.33,31.86,1.65
2026-05-13 10:50:00,399.15,399.3,396.55,398.2,441839,398.51,397.41,30.1,1.7
2026-05-13 10:55:00,398.2,398.2,396.0,396.0,164868,398.0,397.28,28.09,1.72
2026-05-13 11:00:00,396.0,398.2,395.8,397.95,465784,397.99,397.34,26.08,1.76
2026-05-13 11:05:00,397.9,397.95,396.95,397.95,93703,397.98,397.4,24.22,1.72
2026-05-13 11:10:00,397.75,397.9,395.9,396.15,283830,397.62,397.29,23.22,1.74
2026-05-13 11:15:00,396.1,398.4,395.95,397.8,279338,397.65,397.33,21.91,1.77
2026-05-13 11:20:00,397.8,399.6,397.4,399.05,377024,397.93,397.49,20.86,1.79
2026-05-13 11:25:00,399.05,399.95,398.4,399.75,326925,398.3,397.69,20.12,1.78
2026-05-13 11:30:00,399.75,400.8,399.0,399.15,922591,398.47,397.83,19.96,1.78
2026-05-13 11:35:00,399.15,400.2,399.0,399.95,306420,398.76,398.02,19.82,1.75
2026-05-13 11:40:00,400.2,401.0,399.95,400.3,362124,399.07,398.23,20.18,1.72
2026-05-13 11:45:00,400.3,400.5,399.8,400.0,141881,399.26,398.39,20.36,1.67
2026-05-13 11:50:00,400.0,400.6,399.3,399.5,132731,399.31,398.49,20.03,1.65
2026-05-13 11:55:00,399.5,400.2,399.4,400.0,100224,399.44,398.63,19.73,1.61
2026-05-13 12:00:00,400.0,400.55,399.9,400.5,117632,399.66,398.8,19.72,1.57
2026-05-13 12:05:00,400.4,401.3,400.15,400.9,183478,399.9,398.99,20.23,1.55
2026-05-13 12:10:00,400.85,401.5,400.2,401.2,383220,400.16,399.19,20.84,1.53
2026-05-13 12:15:00,401.15,401.4,400.05,400.2,125068,400.17,399.28,21.21,1.53
2026-05-13 12:20:00,400.3,401.0,400.05,400.8,89791,400.3,399.42,21.56,1.5
2026-05-13 12:25:00,400.8,403.45,400.8,403.45,309368,400.93,399.79,23.35,1.55
2026-05-13 12:30:00,403.35,403.5,402.1,402.55,185112,401.25,400.04,25.04,1.55
2026-05-13 12:35:00,402.45,402.6,400.35,401.05,250605,401.21,400.13,24.65,1.58
2026-05-13 12:40:00,401.0,401.8,400.3,401.55,175968,401.28,400.26,24.24,1.58
2026-05-13 12:45:00,401.7,402.9,401.4,402.75,155064,401.57,400.48,24.55,1.57
2026-05-13 12:50:00,402.75,404.6,402.75,404.2,315243,402.1,400.82,25.68,1.59
2026-05-13 12:55:00,404.25,406.4,404.0,406.2,764857,402.92,401.31,27.4,1.62
2026-05-13 13:00:00,406.2,406.4,405.3,405.6,236566,403.46,401.7,29.0,1.6
2026-05-13 13:05:00,405.7,406.0,404.8,404.8,189533,403.72,401.98,29.97,1.58
2026-05-13 13:10:00,404.75,406.0,404.6,405.45,330996,404.07,402.3,30.66,1.57
2026-05-13 13:15:00,405.45,405.5,404.25,404.55,176059,404.17,402.5,30.92,1.56
2026-05-13 13:20:00,404.55,404.8,404.05,404.65,115756,404.26,402.7,30.96,1.52
2026-05-13 13:25:00,404.65,404.95,404.25,404.9,121071,404.39,402.9,31.08,1.48
2026-05-13 13:30:00,404.85,406.2,404.75,405.75,231295,404.66,403.16,31.85,1.48
2026-05-13 13:35:00,405.6,406.0,405.15,405.75,190136,404.88,403.39,32.57,1.45
2026-05-13 13:40:00,405.8,406.0,405.15,405.2,81507,404.94,403.56,33.23,1.42
2026-05-13 13:45:00,405.25,405.75,404.75,404.9,105440,404.93,403.68,33.32,1.4
2026-05-13 13:50:00,404.8,405.35,404.3,404.8,156014,404.91,403.78,32.84,1.38
2026-05-13 13:55:00,404.8,405.6,404.4,405.3,110443,404.99,403.92,32.57,1.37
2026-05-13 14:00:00,405.3,406.0,404.4,404.8,154420,404.95,404.0,32.6,1.38
2026-05-13 14:05:00,404.9,405.9,404.75,405.9,89916,405.14,404.17,32.63,1.37
2026-05-13 14:10:00,405.9,407.35,405.65,406.8,417794,405.47,404.41,33.56,1.39
2026-05-13 14:15:00,406.9,407.0,406.0,406.25,165930,405.63,404.58,34.43,1.37
2026-05-13 14:20:00,406.1,406.3,404.95,406.25,210496,405.75,404.73,33.8,1.37
2026-05-13 14:25:00,406.2,406.3,405.4,405.65,154853,405.73,404.81,33.22,1.35
2026-05-13 14:30:00,405.65,407.75,405.5,407.15,446379,406.02,405.03,33.64,1.39
2026-05-13 14:35:00,407.1,407.7,406.7,407.1,236841,406.23,405.21,34.03,1.37
2026-05-13 14:40:00,407.1,407.7,407.05,407.3,229135,406.45,405.4,34.39,1.34
2026-05-13 14:45:00,407.25,407.25,404.8,405.75,312991,406.31,405.44,32.15,1.39
2026-05-13 14:50:00,405.6,406.0,404.8,404.95,291411,406.04,405.39,30.08,1.38
2026-05-13 14:55:00,405.05,405.05,404.0,404.85,253079,405.8,405.34,28.42,1.37
2026-05-13 15:00:00,404.8,404.85,403.0,403.2,430097,405.28,405.15,27.65,1.39
2026-05-13 15:05:00,403.15,403.5,402.65,403.4,278013,404.9,404.99,27.18,1.36
2026-05-13 15:10:00,403.4,403.45,402.5,403.15,285239,404.55,404.82,26.84,1.34
2026-05-13 15:15:00,403.2,404.4,403.2,404.35,592506,404.51,404.78,25.54,1.34
2026-05-13 15:20:00,404.4,405.15,403.75,404.5,448609,404.51,404.75,23.79,1.34
2026-05-13 15:25:00,404.4,405.85,404.3,405.5,312843,404.71,404.82,22.73,1.35
2026-05-14 09:15:00,407.2,414.5,406.7,411.35,1859188,406.04,405.41,25.13,1.72
2026-05-14 09:20:00,411.5,413.3,408.85,409.65,848120,406.76,405.8,27.36,1.85
2026-05-14 09:25:00,409.65,410.7,407.9,409.65,636490,407.34,406.15,28.74,1.89
2026-05-14 09:30:00,409.65,411.4,408.8,409.0,380254,407.67,406.41,30.2,1.93
2026-05-14 09:35:00,408.9,409.55,408.45,409.0,212525,407.94,406.64,31.29,1.89
2026-05-14 09:40:00,408.9,409.2,405.55,406.35,492963,407.62,406.62,30.43,1.97
2026-05-14 09:45:00,406.45,407.9,406.35,406.65,250782,407.42,406.62,29.62,1.95
2026-05-14 09:50:00,406.8,407.2,405.6,405.95,176582,407.13,406.56,28.44,1.93
2026-05-14 09:55:00,405.95,406.75,405.05,405.8,175908,406.86,406.49,27.03,1.92
2026-05-14 10:00:00,405.85,407.3,405.3,406.5,163097,406.79,406.49,25.99,1.93
2026-05-14 10:05:00,406.35,407.15,406.35,406.85,100399,406.8,406.52,25.01,1.87
2026-05-14 10:10:00,406.8,407.25,406.05,406.95,99140,406.83,406.56,23.91,1.84
2026-05-14 10:15:00,406.9,407.7,405.7,407.3,492899,406.93,406.63,23.13,1.85
2026-05-14 10:20:00,407.25,408.3,404.4,405.5,272572,406.64,406.53,21.55,1.95
2026-05-14 10:25:00,405.4,406.15,405.2,405.7,99618,406.45,406.45,20.08,1.9
2026-05-14 10:30:00,405.7,406.45,405.3,406.1,210351,406.38,406.42,18.91,1.86
2026-05-14 10:35:00,406.1,407.75,404.8,405.35,550493,406.18,406.32,18.62,1.91
2026-05-14 10:40:00,405.35,406.4,405.25,406.3,123733,406.2,406.32,18.34,1.88
2026-05-14 10:45:00,406.3,406.4,404.1,404.65,116430,405.89,406.17,17.22,1.9
2026-05-14 10:50:00,404.6,406.6,404.6,406.1,77457,405.93,406.16,16.32,1.9
2026-05-14 10:55:00,406.1,406.15,404.9,404.9,94476,405.73,406.05,15.48,1.87
2026-05-14 11:00:00,404.9,405.4,402.6,402.6,188008,405.1,405.73,15.58,1.92
2026-05-14 11:05:00,402.6,403.35,402.05,402.6,171064,404.6,405.45,15.98,1.89
2026-05-14 11:10:00,402.75,404.35,402.55,404.1,107306,404.5,405.33,15.57,1.88
2026-05-14 11:15:00,404.1,404.8,403.55,404.0,139897,404.4,405.21,14.86,1.85
2026-05-14 11:20:00,404.0,405.8,403.9,405.2,354237,404.56,405.21,14.08,1.86
2026-05-14 11:25:00,405.35,405.35,404.55,404.65,341660,404.58,405.16,13.35,1.8
2026-05-14 11:30:00,404.8,405.5,404.4,405.0,57891,404.66,405.14,12.56,1.77
2026-05-14 11:35:00,405.0,405.45,404.15,404.8,82667,404.69,405.11,11.7,1.75
2026-05-14 11:40:00,404.8,406.7,404.65,406.6,170483,405.07,405.25,11.74,1.76
2026-05-14 11:45:00,406.7,406.8,405.9,406.55,143415,405.37,405.36,11.85,1.72
2026-05-14 11:50:00,406.6,407.45,406.55,406.95,199945,405.68,405.51,12.39,1.68
2026-05-14 11:55:00,406.8,407.6,406.4,407.5,109613,406.05,405.69,12.89,1.66
2026-05-14 12:00:00,407.55,409.6,407.35,409.05,391518,406.65,405.99,14.51,1.69
2026-05-14 12:05:00,409.05,409.95,408.4,409.6,229294,407.24,406.32,16.19,1.68
2026-05-14 12:10:00,409.5,409.95,408.7,409.7,417981,407.73,406.63,17.74,1.66
2026-05-14 12:15:00,409.7,409.8,408.75,408.8,135234,407.94,406.83,19.19,1.63
2026-05-14 12:20:00,409.1,409.25,407.35,408.1,370505,407.98,406.94,19.01,1.64
2026-05-14 12:25:00,408.05,408.45,407.7,408.0,159185,407.98,407.04,18.84,1.6
2026-05-14 12:30:00,408.1,409.15,407.75,408.55,238625,408.09,407.18,19.17,1.59
2026-05-14 12:35:00,408.55,409.1,407.9,408.6,61866,408.2,407.31,19.48,1.57
2026-05-14 12:40:00,408.75,410.25,408.6,409.95,239796,408.55,407.55,20.51,1.58
2026-05-14 12:45:00,409.9,410.1,408.45,408.7,111508,408.58,407.65,21.29,1.58
2026-05-14 12:50:00,408.65,408.95,407.55,408.0,178625,408.46,407.68,21.0,1.57
2026-05-14 12:55:00,408.1,408.2,406.9,406.9,115572,408.15,407.61,20.08,1.56
2026-05-14 13:00:00,406.85,408.2,406.75,406.75,226426,407.87,407.53,19.08,1.55
2026-05-14 13:05:00,406.65,408.0,406.65,407.2,144175,407.74,407.5,18.06,1.54
2026-05-14 13:10:00,407.2,407.55,406.7,406.7,121515,407.53,407.43,17.11,1.51
2026-05-14 13:15:00,406.7,407.3,406.55,406.85,117677,407.39,407.38,16.05,1.47
2026-05-14 13:20:00,406.85,407.8,406.75,406.95,146308,407.3,407.34,15.6,1.45
2026-05-14 13:25:00,406.95,407.0,406.5,406.5,111838,407.14,407.26,14.87,1.41
2026-05-14 13:30:00,406.6,407.55,406.45,407.25,118427,407.16,407.26,14.77,1.39
2026-05-14 13:35:00,407.45,408.5,407.15,408.15,182995,407.36,407.34,15.51,1.39
2026-05-14 13:40:00,408.15,408.5,407.5,407.7,140790,407.43,407.37,16.2,1.37
2026-05-14 13:45:00,407.65,408.35,407.55,408.1,113781,407.56,407.44,16.85,1.35
2026-05-14 13:50:00,407.95,408.25,407.65,408.05,121280,407.66,407.5,17.44,1.31
2026-05-14 13:55:00,408.05,408.6,407.7,408.05,134651,407.74,407.55,18.33,1.29
2026-05-14 14:00:00,408.05,408.2,407.4,407.7,99927,407.73,407.56,18.65,1.27
2026-05-14 14:05:00,407.75,409.0,407.55,408.65,225303,407.91,407.66,19.69,1.28
2026-05-14 14:10:00,408.65,409.0,407.55,407.7,154499,407.87,407.66,20.66,1.28
2026-05-14 14:15:00,407.8,408.35,407.35,407.35,98774,407.77,407.63,21.2,1.27
2026-05-14 14:20:00,407.4,409.05,407.25,408.1,225549,407.83,407.68,22.35,1.3
2026-05-14 14:25:00,408.1,408.8,408.0,408.05,119327,407.88,407.71,23.41,1.27
2026-05-14 14:30:00,408.0,408.6,407.85,407.95,140710,407.89,407.73,24.1,1.25
2026-05-14 14:35:00,408.05,408.05,406.8,407.3,164946,407.77,407.69,22.98,1.25
2026-05-14 14:40:00,407.3,407.7,406.8,407.6,168569,407.74,407.68,21.93,1.23
2026-05-14 14:45:00,407.5,407.75,406.7,406.85,203942,407.56,407.61,20.81,1.22
2026-05-14 14:50:00,406.8,408.15,406.75,408.05,220111,407.66,407.65,20.3,1.23
2026-05-14 14:55:00,408.0,409.2,407.95,409.0,434758,407.93,407.77,20.96,1.23
2026-05-14 15:00:00,409.05,410.65,409.0,410.55,544745,408.45,408.02,22.65,1.25
2026-05-14 15:05:00,410.6,411.35,410.0,411.0,843900,408.96,408.29,24.62,1.26
2026-05-14 15:10:00,411.0,411.2,410.45,410.6,1003545,409.29,408.5,26.45,1.23
2026-05-14 15:15:00,410.65,414.4,410.5,414.3,1180102,410.29,409.03,29.38,1.36
2026-05-14 15:20:00,414.2,417.9,414.0,417.1,1442686,411.65,409.76,32.78,1.48
2026-05-14 15:25:00,417.1,417.4,414.2,414.6,1149040,412.24,410.2,35.93,1.56
2026-05-15 09:15:00,414.8,415.65,409.6,410.4,903781,411.87,410.22,34.99,1.78
2026-05-15 09:20:00,410.45,411.05,405.7,407.9,739148,411.08,410.01,32.79,1.95
2026-05-15 09:25:00,407.65,409.6,407.15,407.5,316137,410.36,409.78,30.74,1.97
2026-05-15 09:30:00,407.45,408.45,406.65,407.1,285478,409.71,409.54,29.06,1.96
2026-05-15 09:35:00,406.65,408.45,406.65,408.45,276225,409.46,409.44,27.5,1.95
2026-05-15 09:40:00,408.45,409.4,408.45,408.95,206927,409.36,409.4,25.55,1.91
2026-05-15 09:45:00,409.0,411.0,408.95,409.1,267790,409.31,409.37,24.46,1.91
2026-05-15 09:50:00,409.25,409.25,406.4,407.0,577220,408.84,409.15,23.19,1.96
2026-05-15 09:55:00,406.9,407.0,406.0,406.0,337078,408.28,408.87,22.17,1.91
2026-05-15 10:00:00,405.9,406.0,404.75,405.7,209054,407.76,408.58,21.73,1.88
2026-05-15 10:05:00,405.7,405.7,404.25,404.4,149997,407.09,408.2,21.52,1.86
2026-05-15 10:10:00,404.4,405.25,404.35,404.6,112798,406.59,407.87,21.33,1.81
2026-05-15 10:15:00,404.65,405.8,404.5,405.55,76138,406.38,407.66,20.81,1.79
2026-05-15 10:20:00,405.55,406.35,405.4,406.1,107283,406.33,407.52,19.99,1.75
2026-05-15 10:25:00,406.0,406.5,405.8,405.8,82051,406.22,407.36,19.13,1.7
2026-05-15 10:30:00,405.75,405.9,404.65,405.2,113884,406.02,407.17,18.93,1.68
2026-05-15 10:35:00,405.05,405.15,404.65,404.8,68222,405.77,406.95,18.74,1.62
2026-05-15 10:40:00,404.9,405.8,404.65,405.1,74983,405.64,406.78,18.11,1.6
2026-05-15 10:45:00,405.0,405.8,405.0,405.65,51787,405.64,406.68,17.52,1.56
2026-05-15 10:50:00,405.7,406.5,405.6,405.85,78409,405.68,406.6,16.46,1.53
2026-05-15 10:55:00,405.95,405.95,405.5,405.65,47099,405.68,406.52,15.54,1.48
2026-05-15 11:00:00,405.55,405.65,404.15,404.45,87930,405.43,406.33,15.56,1.48
2026-05-15 11:05:00,403.65,403.85,402.65,403.1,268006,404.96,406.04,16.36,1.5
2026-05-15 11:10:00,403.25,404.05,402.75,403.2,96744,404.61,405.78,16.94,1.49
2026-05-15 11:15:00,403.1,403.15,400.45,401.85,288129,404.06,405.42,18.48,1.55
2026-05-15 11:20:00,401.65,402.15,401.25,401.4,99305,403.53,405.06,19.91,1.52
2026-05-15 11:25:00,401.45,401.95,401.25,401.4,67733,403.1,404.72,21.24,1.48
2026-05-15 11:30:00,401.45,401.75,400.0,400.85,224823,402.65,404.37,22.97,1.49
2026-05-15 11:35:00,400.8,400.95,399.65,400.15,188781,402.15,403.99,24.7,1.48
2026-05-15 11:40:00,400.2,400.6,400.0,400.45,74764,401.81,403.67,26.3,1.44
2026-05-15 11:45:00,400.5,401.35,400.05,400.7,160988,401.59,403.4,27.0,1.43
2026-05-15 11:50:00,400.7,401.35,400.65,400.75,48503,401.42,403.16,27.65,1.4
2026-05-15 11:55:00,400.7,401.5,400.6,401.4,57567,401.42,403.0,28.09,1.37
2026-05-15 12:00:00,401.45,401.45,400.35,400.95,79843,401.32,402.81,28.64,1.36
2026-05-15 12:05:00,400.9,402.3,400.9,401.45,389063,401.35,402.69,28.2,1.36
2026-05-15 12:10:00,401.45,401.5,400.25,400.6,267386,401.2,402.5,28.2,1.36
2026-05-15 12:15:00,400.6,402.85,400.5,402.7,298202,401.5,402.52,26.88,1.41
2026-05-15 12:20:00,402.7,402.7,401.4,401.75,143129,401.55,402.45,25.66,1.4
2026-05-15 12:25:00,401.65,402.5,401.5,402.05,39495,401.65,402.41,24.53,1.38
2026-05-15 12:30:00,402.0,403.25,402.0,403.25,49756,401.97,402.49,22.79,1.37
2026-05-15 12:35:00,403.25,403.4,402.1,403.15,105134,402.21,402.55,21.31,1.37
2026-05-15 12:40:00,403.1,405.0,403.1,405.0,146899,402.76,402.77,21.19,1.4
2026-05-15 12:45:00,404.85,405.2,404.2,404.3,164148,403.07,402.91,21.23,1.38
2026-05-15 12:50:00,404.2,404.7,404.0,404.6,237742,403.38,403.06,21.04,1.35
2026-05-15 12:55:00,404.6,404.7,403.85,404.45,63631,403.59,403.19,20.7,1.32
2026-05-15 13:00:00,404.45,404.6,403.55,403.6,203110,403.59,403.23,20.04,1.31
2026-05-15 13:05:00,403.6,404.1,403.55,404.1,41957,403.69,403.31,19.43,1.27
2026-05-15 13:10:00,404.1,404.8,403.95,404.0,201757,403.76,403.37,19.5,1.25
2026-05-15 13:15:00,404.0,404.3,403.7,404.25,119458,403.85,403.45,19.24,1.22
2026-05-15 13:20:00,404.3,404.55,403.7,403.85,506098,403.85,403.49,19.23,1.2
2026-05-15 13:25:00,403.9,404.15,403.4,403.95,145079,403.87,403.53,18.82,1.18
2026-05-15 13:30:00,403.95,404.2,402.8,403.0,115865,403.7,403.48,17.7,1.19
2026-05-15 13:35:00,403.0,403.7,402.65,403.3,138933,403.62,403.46,16.47,1.19
2026-05-15 13:40:00,403.3,403.55,403.15,403.55,44959,403.6,403.47,15.34,1.15
2026-05-15 13:45:00,403.5,404.0,401.75,402.1,320396,403.3,403.35,15.69,1.2
2026-05-15 13:50:00,402.1,402.35,401.2,402.05,222360,403.05,403.23,16.47,1.2
2026-05-15 13:55:00,402.05,402.8,401.15,401.85,130449,402.81,403.1,16.6,1.22
2026-05-15 14:00:00,401.85,402.2,400.95,401.0,62599,402.45,402.91,16.9,1.22
2026-05-15 14:05:00,400.95,401.3,400.65,401.25,79736,402.21,402.76,17.44,1.19
2026-05-15 14:10:00,401.55,401.9,401.3,401.7,62529,402.11,402.66,17.12,1.17
2026-05-15 14:15:00,401.75,402.1,401.15,401.8,220090,402.05,402.59,16.57,1.16
2026-05-15 14:20:00,401.8,402.2,401.8,402.15,104314,402.07,402.55,15.92,1.12
2026-05-15 14:25:00,402.2,402.2,401.3,401.55,115809,401.96,402.46,15.88,1.11
2026-05-15 14:30:00,401.7,402.2,401.35,402.05,91776,401.98,402.42,15.83,1.1
2026-05-15 14:35:00,402.15,402.7,401.6,402.45,163036,402.07,402.42,15.06,1.1
2026-05-15 14:40:00,402.45,403.05,402.3,402.6,169160,402.18,402.44,14.1,1.08
2026-05-15 14:45:00,402.55,402.55,399.95,399.95,316582,401.73,402.21,15.24,1.16
2026-05-15 14:50:00,399.8,400.2,397.65,398.25,901456,401.04,401.85,17.54,1.22
2026-05-15 14:55:00,398.25,399.65,397.7,398.9,293999,400.61,401.58,19.67,1.26
2026-05-15 15:00:00,398.7,399.65,398.25,399.65,256587,400.42,401.41,21.65,1.26
2026-05-15 15:05:00,399.85,400.1,398.6,398.85,203558,400.1,401.17,22.89,1.28
2026-05-15 15:10:00,398.85,399.4,398.6,398.85,302045,399.85,400.96,24.04,1.25
2026-05-15 15:15:00,398.95,398.95,397.35,398.4,601143,399.56,400.73,25.79,1.27
2026-05-15 15:20:00,398.35,398.7,397.0,397.45,484812,399.14,400.43,27.57,1.29
2026-05-15 15:25:00,397.45,398.3,397.0,397.8,427802,398.87,400.19,29.23,1.29
2026-05-18 09:15:00,395.6,395.6,390.25,392.9,798177,397.68,399.53,32.52,1.59
2026-05-18 09:20:00,392.7,393.6,391.3,391.75,258536,396.49,398.82,35.58,1.62
2026-05-18 09:25:00,391.75,392.7,390.6,390.8,210195,395.35,398.09,38.53,1.65
2026-05-18 09:30:00,390.75,393.4,390.75,393.35,309366,394.95,397.66,40.53,1.69
2026-05-18 09:35:00,393.35,393.6,391.15,391.35,210652,394.23,397.09,42.19,1.73
2026-05-18 09:40:00,391.3,391.8,389.45,389.75,285973,393.34,396.42,44.08,1.76
2026-05-18 09:45:00,389.8,389.9,386.3,387.0,504964,392.07,395.56,46.32,1.85
2026-05-18 09:50:00,387.1,387.25,386.1,386.3,221610,390.91,394.72,48.42,1.81
2026-05-18 09:55:00,386.5,388.35,386.3,388.25,274863,390.38,394.13,49.38,1.82
2026-05-18 10:00:00,388.3,389.4,387.3,389.4,206688,390.19,393.7,49.41,1.84
2026-05-18 10:05:00,389.35,389.6,388.1,388.25,142191,389.8,393.21,49.27,1.82
2026-05-18 10:10:00,388.4,389.6,388.25,389.1,103344,389.66,392.83,49.14,1.8
2026-05-18 10:15:00,389.25,391.85,388.85,391.55,206826,390.04,392.72,47.27,1.86
2026-05-18 10:20:00,391.3,392.0,390.55,390.55,174844,390.14,392.52,45.44,1.84
2026-05-18 10:25:00,390.5,390.7,389.2,389.55,97633,390.02,392.25,44.31,1.82
2026-05-18 10:30:00,389.5,390.45,388.2,390.45,214640,390.11,392.09,43.64,1.84
2026-05-18 10:35:00,390.6,390.85,389.75,390.15,147020,390.12,391.91,42.71,1.81
2026-05-18 10:40:00,390.15,390.25,388.8,389.65,70420,390.02,391.71,42.22,1.79
2026-05-18 10:45:00,389.4,389.5,387.65,387.8,121637,389.58,391.35,42.17,1.8
2026-05-18 10:50:00,387.65,389.5,387.55,389.3,83451,389.52,391.16,42.15,1.81
2026-05-18 10:55:00,389.3,390.15,389.3,389.8,95003,389.58,391.04,41.59,1.76
2026-05-18 11:00:00,389.85,391.1,389.0,390.7,107874,389.8,391.01,40.31,1.78
2026-05-18 11:05:00,390.65,391.4,390.25,390.75,101771,389.99,390.99,38.89,1.75
2026-05-18 11:10:00,390.85,391.4,390.6,390.8,52694,390.15,390.97,37.58,1.7
2026-05-18 11:15:00,391.0,391.7,390.65,391.15,82329,390.35,390.99,36.1,1.67
2026-05-18 11:20:00,391.15,391.65,390.65,391.1,59498,390.5,391.0,34.73,1.64
2026-05-18 11:25:00,391.1,391.7,390.6,391.55,61358,390.71,391.05,33.41,1.61
2026-05-18 11:30:00,391.4,392.4,390.5,390.6,244440,390.69,391.01,31.53,1.63
2026-05-18 11:35:00,390.65,391.45,390.3,391.3,69518,390.81,391.03,29.95,1.6
2026-05-18 11:40:00,391.2,391.3,390.3,390.75,72295,390.8,391.01,28.47,1.58
2026-05-18 11:45:00,390.65,391.0,390.0,390.05,64841,390.65,390.92,27.36,1.55
2026-05-18 11:50:00,390.05,390.3,389.95,390.0,42204,390.52,390.84,26.37,1.49
2026-05-18 11:55:00,389.8,390.3,389.1,389.2,48660,390.26,390.69,26.16,1.48
2026-05-18 12:00:00,389.2,389.2,388.25,388.35,80749,389.87,390.47,26.55,1.45
2026-05-18 12:05:00,388.35,389.5,388.25,388.95,54080,389.69,390.34,26.55,1.44
2026-05-18 12:10:00,389.1,389.75,388.95,389.65,56911,389.68,390.27,26.23,1.41
2026-05-18 12:15:00,389.55,389.75,389.05,389.25,55002,389.6,390.18,25.94,1.38
2026-05-18 12:20:00,389.2,389.8,389.05,389.6,70106,389.6,390.13,25.59,1.35
2026-05-18 12:25:00,389.6,390.85,389.6,390.5,62282,389.78,390.16,23.96,1.34
2026-05-18 12:30:00,390.55,390.8,390.2,390.45,65453,389.91,390.19,22.44,1.31
2026-05-18 12:35:00,390.45,390.7,390.3,390.55,48291,390.04,390.22,21.03,1.26
2026-05-18 12:40:00,390.5,390.85,390.1,390.55,54728,390.14,390.25,19.96,1.24
2026-05-18 12:45:00,390.5,390.7,390.25,390.35,37744,390.18,390.26,18.97,1.2
2026-05-18 12:50:00,390.25,390.4,389.7,390.4,41926,390.23,390.27,18.72,1.18
2026-05-18 12:55:00,390.4,391.0,390.25,390.8,71719,390.34,390.32,17.62,1.16
2026-05-18 13:00:00,390.9,393.0,390.6,392.45,205471,390.76,390.51,18.15,1.22
2026-05-18 13:05:00,392.6,392.6,391.45,392.15,94454,391.04,390.66,18.65,1.21
2026-05-18 13:10:00,392.1,392.2,391.05,391.95,55970,391.22,390.78,18.57,1.21
2026-05-18 13:15:00,391.9,392.45,391.6,391.85,41897,391.35,390.88,18.72,1.19
2026-05-18 13:20:00,391.85,392.0,391.0,392.0,53447,391.48,390.98,18.08,1.18
2026-05-18 13:25:00,392.1,392.55,391.6,392.1,86601,391.6,391.08,18.02,1.17
2026-05-18 13:30:00,392.25,392.5,391.65,392.25,50857,391.73,391.19,17.96,1.16
2026-05-18 13:35:00,392.25,392.4,391.5,392.0,45362,391.79,391.26,17.7,1.15
2026-05-18 13:40:00,391.9,392.8,391.9,392.4,64167,391.91,391.36,17.87,1.13
2026-05-18 13:45:00,392.45,392.7,391.9,392.65,36656,392.06,391.48,18.02,1.12
2026-05-18 13:50:00,392.7,393.05,392.5,392.75,74314,392.2,391.6,18.54,1.09
2026-05-18 13:55:00,392.8,393.0,391.9,392.6,56301,392.28,391.69,18.06,1.09
2026-05-18 14:00:00,392.65,392.85,392.2,392.75,35412,392.37,391.78,17.62,1.07
2026-05-18 14:05:00,392.55,392.75,391.6,392.0,50393,392.3,391.8,16.39,1.07
2026-05-18 14:10:00,391.95,392.6,391.5,392.3,47140,392.3,391.85,15.39,1.08
2026-05-18 14:15:00,392.1,392.4,391.7,392.35,55222,392.31,391.89,14.46,1.06
2026-05-18 14:20:00,392.35,392.7,392.0,392.1,40106,392.27,391.91,13.72,1.04
2026-05-18 14:25:00,391.95,392.75,391.55,392.5,84752,392.31,391.97,13.13,1.05
2026-05-18 14:30:00,392.55,393.05,392.0,392.25,110793,392.3,391.99,12.27,1.05
2026-05-18 14:35:00,392.25,392.75,392.0,392.5,60488,392.34,392.04,11.47,1.03
2026-05-18 14:40:00,392.4,393.45,392.3,393.3,74821,392.53,392.15,11.74,1.04
2026-05-18 14:45:00,393.3,395.45,393.15,393.3,841098,392.69,392.26,13.86,1.1
2026-05-18 14:50:00,393.3,393.9,393.0,393.5,224519,392.85,392.37,15.58,1.09
2026-05-18 14:55:00,393.5,393.5,392.1,392.5,138560,392.78,392.38,15.84,1.1
2026-05-18 15:00:00,392.6,396.3,392.6,395.8,379787,393.38,392.69,17.88,1.23
2026-05-18 15:05:00,395.85,396.2,394.3,394.5,242704,393.61,392.86,19.78,1.26
2026-05-18 15:10:00,394.5,395.25,394.2,395.0,214462,393.89,393.05,21.41,1.25
2026-05-18 15:15:00,395.0,395.85,394.65,395.0,232276,394.11,393.23,23.24,1.25
2026-05-18 15:20:00,394.95,396.2,394.9,396.05,259266,394.5,393.49,25.11,1.25
2026-05-18 15:25:00,396.0,396.05,394.85,395.8,259633,394.76,393.7,26.77,1.25
2026-05-19 09:15:00,397.0,398.55,391.65,392.0,644644,394.21,393.54,24.87,1.52
2026-05-19 09:20:00,392.0,393.7,391.75,392.85,179914,393.93,393.48,23.11,1.54
2026-05-19 09:25:00,392.65,394.1,392.65,393.6,121833,393.87,393.49,21.79,1.54
2026-05-19 09:30:00,393.55,394.15,392.25,392.25,137608,393.54,393.38,20.24,1.55
2026-05-19 09:35:00,392.15,393.2,391.1,393.0,147859,393.44,393.34,19.7,1.58
2026-05-19 09:40:00,393.25,395.45,393.25,394.3,274389,393.61,393.43,19.07,1.62
2026-05-19 09:45:00,394.2,396.35,393.85,395.85,177630,394.06,393.65,19.01,1.66
2026-05-19 09:50:00,395.85,396.15,394.8,394.8,117651,394.21,393.75,18.95,1.65
2026-05-19 09:55:00,395.0,395.15,394.0,394.35,133456,394.23,393.81,18.23,1.62
2026-05-19 10:00:00,394.4,396.6,394.3,396.1,106993,394.61,394.02,18.43,1.66
2026-05-19 10:05:00,396.1,396.5,395.7,396.5,96699,394.99,394.24,18.62,1.62
2026-05-19 10:10:00,396.5,397.4,396.4,397.05,117118,395.4,394.5,19.28,1.59
2026-05-19 10:15:00,397.1,397.4,396.25,396.25,146673,395.57,394.66,19.76,1.57
2026-05-19 10:20:00,396.3,397.0,396.25,396.85,44966,395.83,394.86,20.2,1.53
2026-05-19 10:25:00,397.0,397.6,396.85,397.6,85204,396.18,395.11,20.96,1.49
2026-05-19 10:30:00,397.55,398.95,397.3,397.5,260961,396.44,395.32,22.35,1.5
2026-05-19 10:35:00,397.3,397.85,397.2,397.85,51127,396.73,395.55,23.54,1.46
2026-05-19 10:40:00,397.8,398.3,397.2,397.5,91520,396.88,395.73,24.86,1.44
2026-05-19 10:45:00,397.4,398.85,397.4,398.35,99970,397.17,395.97,26.34,1.44
2026-05-19 10:50:00,398.55,398.7,398.3,398.5,45015,397.44,396.2,27.72,1.39
2026-05-19 10:55:00,398.45,399.05,397.6,397.85,296124,397.52,396.35,28.13,1.39
2026-05-19 11:00:00,398.15,398.45,396.25,396.65,213529,397.35,396.38,27.08,1.43
2026-05-19 11:05:00,396.45,397.65,396.25,396.8,193196,397.24,396.41,26.11,1.43
2026-05-19 11:10:00,396.8,397.5,396.55,396.6,251732,397.11,396.43,25.21,1.41
2026-05-19 11:15:00,396.7,396.85,396.2,396.7,53670,397.03,396.46,24.0,1.37
2026-05-19 11:20:00,396.55,397.1,396.55,396.8,39010,396.98,396.49,23.1,1.33
2026-05-19 11:25:00,396.8,396.95,396.4,396.75,69912,396.94,396.51,22.1,1.3
2026-05-19 11:30:00,396.7,397.0,396.4,396.9,50803,396.93,396.55,21.21,1.26
2026-05-19 11:35:00,396.9,397.3,396.45,397.2,35672,396.98,396.61,20.7,1.24
2026-05-19 11:40:00,397.1,398.45,397.1,398.4,61621,397.27,396.77,21.22,1.25
2026-05-19 11:45:00,398.4,399.4,398.4,398.75,143989,397.56,396.95,22.36,1.24
2026-05-19 11:50:00,398.65,399.6,398.65,399.35,131923,397.92,397.17,23.55,1.22
2026-05-19 11:55:00,399.3,400.2,399.3,399.95,119889,398.33,397.42,25.01,1.21
2026-05-19 12:00:00,399.9,400.85,399.9,400.55,160459,398.77,397.7,26.72,1.19
2026-05-19 12:05:00,400.5,400.7,400.05,400.25,134628,399.07,397.94,28.31,1.17
2026-05-19 12:10:00,400.45,401.4,400.3,401.15,118083,399.48,398.23,30.15,1.17
2026-05-19 12:15:00,401.35,401.35,400.5,400.95,119138,399.78,398.48,31.85,1.15
2026-05-19 12:20:00,400.95,401.2,400.65,400.9,122369,400.0,398.7,33.44,1.12
2026-05-19 12:25:00,401.0,402.65,400.7,402.65,246629,400.53,399.06,35.58,1.16
2026-05-19 12:30:00,402.6,403.25,402.25,402.55,208422,400.93,399.37,37.79,1.16
2026-05-19 12:35:00,402.55,403.5,402.55,403.4,191569,401.43,399.74,39.92,1.15
2026-05-19 12:40:00,403.3,403.35,402.75,402.9,94155,401.72,400.03,41.9,1.12
2026-05-19 12:45:00,403.0,403.0,402.15,402.4,86467,401.86,400.24,42.65,1.11
2026-05-19 12:50:00,402.35,402.9,401.9,402.85,61761,402.06,400.48,42.92,1.1
2026-05-19 12:55:00,402.85,402.85,401.75,402.0,152325,402.05,400.62,42.91,1.1
2026-05-19 13:00:00,402.0,402.55,402.0,402.35,53354,402.11,400.78,42.89,1.08
2026-05-19 13:05:00,402.4,402.5,402.2,402.4,69545,402.16,400.92,42.88,1.04
2026-05-19 13:10:00,402.35,402.4,401.6,401.6,45038,402.05,400.98,41.75,1.03
2026-05-19 13:15:00,401.55,402.9,401.5,402.65,102170,402.17,401.14,41.17,1.05
2026-05-19 13:20:00,402.65,403.1,402.4,402.9,71268,402.32,401.3,40.8,1.03
2026-05-19 13:25:00,403.0,403.2,402.75,402.9,60328,402.43,401.44,40.55,1.0
2026-05-19 13:30:00,403.0,403.8,402.9,403.8,194680,402.71,401.66,40.83,1.0
2026-05-19 13:35:00,403.8,404.0,402.65,403.2,135307,402.81,401.8,40.59,1.01
2026-05-19 13:40:00,403.2,403.25,402.45,403.2,69707,402.88,401.92,39.97,1.0
2026-05-19 13:45:00,403.2,403.3,402.35,402.95,84960,402.9,402.02,39.2,1.0
2026-05-19 13:50:00,402.95,403.15,401.95,402.0,95667,402.72,402.02,37.72,1.01
2026-05-19 13:55:00,401.95,402.3,401.2,401.7,142986,402.51,401.99,35.12,1.02
2026-05-19 14:00:00,401.7,403.1,401.65,402.95,110518,402.6,402.07,33.72,1.04
2026-05-19 14:05:00,402.9,403.25,402.85,403.2,75299,402.72,402.18,32.57,1.01
2026-05-19 14:10:00,403.1,403.35,402.7,403.25,83801,402.83,402.27,31.27,0.99
2026-05-19 14:15:00,403.25,404.1,403.1,404.0,184490,403.06,402.43,30.89,0.99
2026-05-19 14:20:00,404.0,404.4,403.6,403.95,219734,403.24,402.57,30.82,0.98
2026-05-19 14:25:00,403.8,404.2,403.45,404.2,190615,403.43,402.72,30.5,0.97
2026-05-19 14:30:00,404.1,404.2,403.25,403.7,151130,403.49,402.81,29.84,0.97
2026-05-19 14:35:00,403.6,403.7,402.45,402.75,167687,403.34,402.8,27.96,0.98
2026-05-19 14:40:00,402.75,403.0,401.95,402.15,141940,403.1,402.74,26.37,0.99
2026-05-19 14:45:00,402.05,402.15,400.75,401.75,319177,402.83,402.65,26.16,1.0
2026-05-19 14:50:00,401.75,402.6,401.0,401.0,221585,402.46,402.5,25.35,1.03
2026-05-19 14:55:00,400.95,401.7,400.6,401.5,119932,402.27,402.41,24.98,1.04
2026-05-19 15:00:00,401.55,402.0,401.3,401.75,256802,402.17,402.35,24.21,1.02
2026-05-19 15:05:00,401.7,402.5,401.5,401.75,250307,402.08,402.3,22.85,1.02
2026-05-19 15:10:00,401.75,401.95,401.05,401.9,280846,402.05,402.26,22.07,1.01
2026-05-19 15:15:00,401.85,402.3,400.2,401.05,454492,401.85,402.15,22.16,1.07
2026-05-19 15:20:00,401.0,401.2,400.3,400.6,422963,401.6,402.01,22.24,1.06
2026-05-19 15:25:00,400.35,400.75,398.95,399.6,400027,401.2,401.79,23.35,1.09
2026-05-20 09:15:00,397.0,399.45,396.2,397.05,539983,400.37,401.36,25.7,1.2
2026-05-20 09:20:00,397.05,397.8,396.0,397.35,235504,399.77,400.99,27.95,1.23
2026-05-20 09:25:00,397.25,399.7,396.8,398.25,186961,399.46,400.75,27.93,1.31
2026-05-20 09:30:00,398.45,401.0,397.65,399.4,250806,399.45,400.62,26.81,1.41
2026-05-20 09:35:00,399.45,400.25,398.7,399.6,125310,399.48,400.53,25.76,1.41
2026-05-20 09:40:00,399.45,400.0,398.15,398.35,94067,399.25,400.33,25.15,1.44
2026-05-20 09:45:00,398.35,400.9,398.3,400.8,103979,399.56,400.37,23.82,1.49
2026-05-20 09:50:00,400.8,401.7,399.55,399.8,149016,399.61,400.32,22.25,1.52
2026-05-20 09:55:00,399.9,402.0,399.8,401.7,115550,400.03,400.45,21.02,1.55
2026-05-20 10:00:00,401.7,401.9,400.5,400.75,102697,400.17,400.47,19.87,1.55
2026-05-20 10:05:00,400.65,401.1,399.85,401.0,116014,400.34,400.52,18.64,1.53
2026-05-20 10:10:00,400.9,401.2,400.45,400.7,39468,400.41,400.54,17.41,1.5
2026-05-20 10:15:00,400.7,401.4,400.6,401.4,45983,400.61,400.62,16.25,1.46
2026-05-20 10:20:00,401.3,402.1,400.8,400.8,125393,400.65,400.63,15.77,1.45
2026-05-20 10:25:00,400.9,402.15,400.75,402.0,109535,400.92,400.76,15.28,1.45
2026-05-20 10:30:00,401.9,403.45,401.9,403.45,199283,401.42,401.0,15.83,1.46
2026-05-20 10:35:00,403.45,404.0,403.0,403.65,206459,401.87,401.24,16.71,1.44
2026-05-20 10:40:00,403.7,403.7,402.85,403.35,114906,402.17,401.43,17.35,1.41
2026-05-20 10:45:00,403.35,403.45,402.6,402.65,87867,402.26,401.55,17.65,1.38
2026-05-20 10:50:00,402.8,403.0,401.7,402.3,249969,402.27,401.61,16.94,1.38
2026-05-20 10:55:00,402.45,402.9,401.85,402.7,125375,402.36,401.71,16.28,1.36
2026-05-20 11:00:00,402.7,403.65,402.6,403.45,86318,402.57,401.87,16.32,1.35
2026-05-20 11:05:00,403.5,403.5,402.05,402.25,101862,402.51,401.91,15.75,1.35
2026-05-20 11:10:00,402.4,402.4,401.4,401.4,137539,402.29,401.86,14.68,1.33
2026-05-20 11:15:00,401.5,401.6,399.75,400.4,492150,401.91,401.73,15.02,1.36
2026-05-20 11:20:00,400.55,401.55,400.0,400.6,80417,401.65,401.62,15.33,1.37
2026-05-20 11:25:00,400.65,401.8,400.5,401.6,102813,401.64,401.62,15.34,1.37
2026-05-20 11:30:00,401.75,402.9,401.5,402.7,86912,401.85,401.72,14.28,1.37
2026-05-20 11:35:00,402.8,402.9,402.15,402.85,97653,402.05,401.82,13.28,1.34
2026-05-20 11:40:00,402.9,402.95,402.5,402.75,46333,402.19,401.91,12.36,1.3
2026-05-20 11:45:00,402.75,403.7,402.65,403.2,137145,402.39,402.02,12.21,1.28
2026-05-20 11:50:00,403.35,403.9,401.95,402.2,90165,402.35,402.04,11.35,1.32
2026-05-20 11:55:00,402.3,402.35,401.8,402.1,41489,402.3,402.05,10.67,1.28
2026-05-20 12:00:00,402.2,402.4,401.65,401.7,46075,402.18,402.01,10.2,1.25
2026-05-20 12:05:00,401.8,401.85,401.2,401.3,44478,402.01,401.95,10.2,1.22
2026-05-20 12:10:00,401.15,401.35,400.3,400.7,101048,401.74,401.84,11.0,1.22
2026-05-20 12:15:00,400.7,401.15,400.7,401.1,33948,401.62,401.77,11.75,1.18
2026-05-20 12:20:00,401.1,401.6,400.7,401.3,42219,401.55,401.73,11.86,1.17
2026-05-20 12:25:00,401.2,401.6,401.0,401.15,47783,401.47,401.67,11.96,1.14
2026-05-20 12:30:00,401.4,401.75,401.0,401.6,15329,401.5,401.67,11.85,1.12
2026-05-20 12:35:00,401.65,403.05,401.55,402.8,95815,401.76,401.77,11.76,1.14
2026-05-20 12:40:00,402.8,403.0,402.5,402.6,56704,401.93,401.85,11.68,1.11
2026-05-20 12:45:00,402.6,402.9,402.25,402.4,27533,402.02,401.9,11.28,1.09
2026-05-20 12:50:00,402.45,403.45,402.3,403.45,138404,402.31,402.04,11.51,1.09
2026-05-20 12:55:00,403.3,403.5,402.6,402.75,90227,402.4,402.1,11.76,1.08
2026-05-20 13:00:00,402.9,403.4,402.7,402.8,64602,402.48,402.17,12.01,1.06
2026-05-20 13:05:00,402.75,403.1,402.35,403.0,46509,402.58,402.24,11.69,1.05
2026-05-20 13:10:00,402.95,403.2,402.8,403.0,24218,402.66,402.31,11.54,1.02
2026-05-20 13:15:00,403.1,403.15,402.15,402.2,56449,402.57,402.3,10.98,1.02
2026-05-20 13:20:00,402.4,402.7,402.25,402.35,27882,402.53,402.3,10.46,0.99
2026-05-20 13:25:00,402.5,402.9,401.45,401.55,82715,402.33,402.24,10.99,1.01
2026-05-20 13:30:00,401.5,402.95,401.4,402.7,64140,402.41,402.28,11.48,1.04
2026-05-20 13:35:00,402.7,403.0,402.55,402.75,162226,402.47,402.32,11.85,1.01
2026-05-20 13:40:00,402.7,402.85,401.8,401.85,47177,402.35,402.28,13.06,1.01
2026-05-20 13:45:00,401.85,402.05,401.6,401.9,44953,402.26,402.24,14.38,0.99
2026-05-20 13:50:00,402.0,402.0,400.85,401.4,80576,402.09,402.17,16.29,0.99
2026-05-20 13:55:00,401.4,402.15,401.4,402.15,20900,402.1,402.17,17.77,0.98
2026-05-20 14:00:00,402.4,402.4,401.8,402.0,103783,402.08,402.15,18.66,0.96
2026-05-20 14:05:00,402.15,403.0,401.8,402.9,48681,402.24,402.22,18.43,0.98
2026-05-20 14:10:00,403.0,404.4,402.75,404.0,235464,402.6,402.38,17.85,1.01
2026-05-20 14:15:00,403.95,405.3,403.8,404.45,290207,402.97,402.57,18.16,1.03
2026-05-20 14:20:00,404.55,405.0,403.85,404.8,153541,403.33,402.77,18.45,1.04
2026-05-20 14:25:00,405.0,405.0,404.5,404.95,117835,403.66,402.97,18.72,1.01
2026-05-20 14:30:00,404.8,405.75,404.7,405.35,256304,404.0,403.19,19.65,1.01
2026-05-20 14:35:00,405.5,405.5,404.7,405.15,195296,404.23,403.36,20.51,1.0
2026-05-20 14:40:00,405.15,405.75,405.1,405.55,186062,404.49,403.56,21.53,0.99
2026-05-20 14:45:00,405.65,405.8,405.3,405.4,107522,404.67,403.73,22.53,0.96
2026-05-20 14:50:00,405.3,406.5,405.3,406.15,315852,404.97,403.95,24.03,0.97
2026-05-20 14:55:00,406.2,406.55,405.1,405.6,306480,405.09,404.1,25.04,1.0
2026-05-20 15:00:00,405.45,406.35,405.25,406.05,340156,405.29,404.28,25.98,1.0
2026-05-20 15:05:00,406.0,407.3,406.0,407.2,241921,405.67,404.54,27.61,1.02
2026-05-20 15:10:00,407.4,409.3,407.2,409.2,473094,406.37,404.97,30.15,1.07
2026-05-20 15:15:00,409.2,410.0,408.85,409.95,422714,407.09,405.42,32.75,1.07
2026-05-20 15:20:00,409.85,409.95,409.15,409.3,348235,407.53,405.77,35.17,1.06
2026-05-20 15:25:00,409.3,409.95,408.45,408.45,458938,407.72,406.02,36.23,1.08
2026-05-21 09:15:00,412.0,414.7,411.4,411.4,637721,408.45,406.51,38.72,1.33
2026-05-21 09:20:00,411.6,413.7,411.3,413.3,316457,409.42,407.12,40.91,1.38
2026-05-21 09:25:00,413.45,414.5,412.45,412.55,214902,410.05,407.62,43.12,1.41
2026-05-21 09:30:00,412.6,412.7,411.05,411.35,189633,410.31,407.96,43.64,1.42
2026-05-21 09:35:00,411.4,411.4,409.3,410.1,388244,410.27,408.15,42.58,1.45
2026-05-21 09:40:00,410.1,411.15,409.15,409.3,237037,410.07,408.26,41.48,1.48
2026-05-21 09:45:00,409.2,410.25,408.1,408.5,246089,409.76,408.28,39.64,1.51
2026-05-21 09:50:00,408.55,410.2,408.0,409.5,201884,409.71,408.39,37.86,1.54
2026-05-21 09:55:00,409.55,410.1,408.75,408.9,95853,409.55,408.44,36.21,1.53
2026-05-21 10:00:00,408.95,409.0,408.1,408.2,91572,409.28,408.41,34.14,1.5
2026-05-21 10:05:00,408.2,408.45,407.0,407.7,307541,408.96,408.35,31.99,1.5
2026-05-21 10:10:00,407.75,408.7,407.6,408.7,103227,408.91,408.38,29.79,1.48
2026-05-21 10:15:00,408.55,408.95,408.15,408.3,72505,408.79,408.37,27.76,1.45
2026-05-21 10:20:00,408.3,408.4,407.55,407.7,89841,408.57,408.31,26.14,1.42
2026-05-21 10:25:00,407.8,408.0,407.55,407.8,89872,408.42,408.27,24.64,1.38
2026-05-21 10:30:00,407.8,407.85,407.2,407.35,77157,408.2,408.18,23.52,1.34
2026-05-21 10:35:00,407.3,408.0,406.55,406.75,132071,407.91,408.05,22.98,1.35
2026-05-21 10:40:00,406.7,407.95,406.6,407.75,158968,407.88,408.02,22.48,1.35
2026-05-21 10:45:00,407.6,407.75,406.9,407.35,77682,407.77,407.96,22.01,1.32
2026-05-21 10:50:00,407.35,407.75,407.0,407.75,34148,407.77,407.94,21.57,1.3
2026-05-21 10:55:00,407.75,407.85,407.3,407.5,28425,407.72,407.9,21.04,1.26
2026-05-21 11:00:00,407.45,407.8,407.0,407.5,50373,407.67,407.87,20.84,1.24
2026-05-21 11:05:00,407.6,408.85,407.4,408.85,91122,407.91,407.96,19.37,1.25
2026-05-21 11:10:00,408.8,409.0,407.7,407.8,106446,407.89,407.94,18.13,1.25
2026-05-21 11:15:00,407.75,407.85,406.3,407.2,139940,407.75,407.87,18.05,1.26
2026-05-21 11:20:00,407.15,407.8,406.9,407.6,37545,407.72,407.85,17.98,1.25
2026-05-21 11:25:00,407.6,407.7,406.8,407.5,64876,407.68,407.82,18.0,1.23
2026-05-21 11:30:00,407.65,407.9,407.25,407.65,32864,407.67,407.8,17.75,1.2
2026-05-21 11:35:00,407.7,407.75,407.3,407.6,30450,407.66,407.78,17.52,1.17
2026-05-21 11:40:00,407.55,408.4,407.55,408.4,39141,407.8,407.84,16.43,1.15
2026-05-21 11:45:00,408.4,409.05,408.2,408.65,100552,407.97,407.91,15.85,1.14
2026-05-21 11:50:00,408.65,408.85,408.05,408.8,63982,408.14,407.99,15.12,1.12
2026-05-21 11:55:00,408.85,408.85,407.55,407.9,60473,408.09,407.99,14.26,1.13
2026-05-21 12:00:00,407.95,408.75,407.95,408.35,31749,408.14,408.02,13.47,1.12
2026-05-21 12:05:00,408.4,409.4,408.3,409.35,92749,408.38,408.14,13.1,1.12
2026-05-21 12:10:00,409.4,409.85,408.75,408.85,73527,408.48,408.2,13.25,1.12
2026-05-21 12:15:00,408.85,409.15,408.7,409.05,41805,408.59,408.28,13.33,1.08
2026-05-21 12:20:00,409.0,409.05,407.8,408.8,61409,408.63,408.33,12.57,1.09
2026-05-21 12:25:00,408.7,408.9,407.9,407.95,44151,408.5,408.29,11.87,1.09
2026-05-21 12:30:00,407.9,408.7,407.45,408.5,75840,408.5,408.31,11.78,1.09
2026-05-21 12:35:00,408.5,408.55,407.5,407.7,36225,408.34,408.26,11.69,1.09
2026-05-21 12:40:00,407.8,407.8,406.75,407.35,111957,408.14,408.17,12.46,1.09
2026-05-21 12:45:00,407.35,407.5,406.5,407.1,53693,407.93,408.08,13.42,1.09
2026-05-21 12:50:00,407.1,407.7,407.0,407.7,34934,407.89,408.04,13.98,1.07
2026-05-21 12:55:00,407.7,407.8,407.1,407.45,46770,407.8,407.99,14.32,1.05
2026-05-21 13:00:00,407.45,408.0,406.8,407.45,124329,407.73,407.94,14.99,1.06
2026-05-21 13:05:00,407.45,408.3,407.35,407.75,75374,407.73,407.92,15.08,1.05
2026-05-21 13:10:00,407.75,409.15,407.7,408.75,57500,407.94,408.0,14.15,1.07
2026-05-21 13:15:00,408.75,409.15,408.6,408.9,55459,408.13,408.08,13.3,1.05
2026-05-21 13:20:00,408.9,409.0,408.6,408.75,91032,408.25,408.14,12.5,1.02
2026-05-21 13:25:00,408.7,409.0,408.5,408.55,46144,408.31,408.18,11.62,0.99
2026-05-21 13:30:00,408.55,408.8,408.0,408.8,47020,408.41,408.23,11.57,0.98
2026-05-21 13:35:00,408.8,409.75,408.7,409.7,137458,408.67,408.37,11.4,0.99
2026-05-21 13:40:00,409.7,410.75,409.45,409.85,155317,408.9,408.5,12.35,1.0
2026-05-21 13:45:00,409.85,410.35,409.7,409.85,78706,409.09,408.62,13.24,0.98
2026-05-21 13:50:00,409.85,410.05,409.6,409.8,58673,409.23,408.73,13.88,0.96
2026-05-21 13:55:00,409.7,409.9,409.3,409.75,40486,409.34,408.82,13.97,0.94
2026-05-21 14:00:00,409.75,409.8,409.2,409.55,59093,409.38,408.89,13.87,0.92
2026-05-21 14:05:00,409.55,409.7,408.8,409.2,77039,409.34,408.92,13.13,0.92
2026-05-21 14:10:00,409.2,409.6,409.1,409.15,44707,409.31,408.94,12.43,0.9
2026-05-21 14:15:00,409.1,409.35,408.9,409.2,38939,409.28,408.96,11.64,0.88
2026-05-21 14:20:00,409.2,409.5,409.05,409.35,27641,409.3,409.0,10.97,0.86
2026-05-21 14:25:00,409.15,409.5,407.8,408.05,68931,409.05,408.91,11.78,0.9
2026-05-21 14:30:00,408.0,408.85,408.0,408.35,32271,408.91,408.86,12.54,0.9
2026-05-21 14:35:00,408.35,408.85,408.25,408.3,48842,408.79,408.81,13.24,0.88
2026-05-21 14:40:00,408.3,409.2,407.85,407.85,63655,408.6,408.72,14.38,0.91
2026-05-21 14:45:00,407.95,408.65,407.8,408.2,46310,408.52,408.68,15.5,0.9
2026-05-21 14:50:00,408.2,408.9,408.2,408.65,74031,408.55,408.67,15.99,0.89
2026-05-21 14:55:00,408.5,408.9,408.3,408.45,82078,408.53,408.65,16.44,0.88
2026-05-21 15:00:00,408.45,409.4,408.1,408.5,132823,408.52,408.64,15.8,0.9
2026-05-21 15:05:00,408.45,409.0,408.05,408.4,209847,408.5,408.62,15.3,0.9
2026-05-21 15:10:00,408.45,408.8,408.1,408.25,153664,408.45,408.58,14.83,0.89
2026-05-21 15:15:00,408.3,408.3,407.55,407.7,240487,408.3,408.5,15.31,0.89
2026-05-21 15:20:00,407.55,408.35,407.55,407.85,253744,408.21,408.44,15.64,0.88
2026-05-21 15:25:00,407.9,408.05,407.0,407.65,197921,408.1,408.37,16.74,0.89
2026-05-22 09:15:00,408.5,411.0,408.05,410.35,331517,408.55,408.55,17.49,1.01
2026-05-22 09:20:00,410.35,412.35,410.2,411.9,452833,409.22,408.86,19.12,1.06
2026-05-22 09:25:00,411.9,413.55,411.2,412.4,253629,409.85,409.18,21.26,1.12
2026-05-22 09:30:00,412.4,413.4,412.35,412.85,227317,410.45,409.51,23.25,1.12
2026-05-22 09:35:00,412.85,413.0,411.65,412.35,109785,410.83,409.77,24.13,1.13
2026-05-22 09:40:00,412.4,412.4,410.85,411.25,99976,410.92,409.9,23.99,1.15
2026-05-22 09:45:00,411.15,412.1,410.55,410.6,106369,410.85,409.97,23.51,1.17
2026-05-22 09:50:00,410.6,411.6,410.55,411.5,85745,410.98,410.11,23.07,1.16
2026-05-22 09:55:00,411.5,411.5,409.65,409.9,110043,410.77,410.09,21.66,1.2
2026-05-22 10:00:00,409.85,410.3,409.5,409.55,145875,410.52,410.04,20.19,1.18
2026-05-22 10:05:00,409.65,409.95,408.0,408.2,171173,410.06,409.87,20.0,1.21
2026-05-22 10:10:00,408.1,408.85,408.05,408.65,59130,409.78,409.76,19.81,1.19
2026-05-22 10:15:00,408.7,408.8,407.5,407.7,108783,409.36,409.57,20.07,1.2
2026-05-22 10:20:00,407.75,408.2,407.65,407.65,41235,409.02,409.4,20.31,1.17
2026-05-22 10:25:00,407.6,407.95,407.1,407.15,81451,408.65,409.19,20.96,1.15
2026-05-22 10:30:00,407.15,408.1,407.1,407.75,51807,408.47,409.06,21.35,1.15
2026-05-22 10:35:00,407.75,408.0,407.3,407.35,44250,408.24,408.91,21.72,1.13
2026-05-22 10:40:00,407.35,408.5,407.3,408.45,38135,408.28,408.87,21.34,1.13
2026-05-22 10:45:00,408.45,409.25,408.0,408.5,99713,408.33,408.83,20.05,1.13
2026-05-22 10:50:00,408.5,408.7,407.95,408.0,44975,408.26,408.76,18.9,1.12
2026-05-22 10:55:00,408.1,410.0,407.75,409.5,377785,408.51,408.82,18.64,1.17
2026-05-22 11:00:00,409.6,410.0,408.4,409.4,358979,408.69,408.88,18.39,1.19
2026-05-22 11:05:00,408.95,409.0,408.0,408.0,113906,408.55,408.8,17.65,1.2
2026-05-22 11:10:00,408.1,408.9,408.0,408.85,92480,408.61,408.8,16.97,1.19
2026-05-22 11:15:00,408.85,409.3,408.0,409.25,98638,408.74,408.84,16.77,1.19
2026-05-22 11:20:00,409.05,409.2,408.4,408.85,175647,408.76,408.84,16.59,1.18
2026-05-22 11:25:00,408.75,409.15,408.5,409.1,31676,408.83,408.87,16.42,1.15
2026-05-22 11:30:00,409.1,409.35,408.0,408.65,331277,408.79,408.85,15.49,1.16
2026-05-22 11:35:00,408.65,409.45,408.3,408.7,299379,408.77,408.83,14.77,1.16
2026-05-22 11:40:00,408.7,408.95,408.05,408.7,45443,408.76,408.82,13.72,1.15
2026-05-22 11:45:00,408.7,408.85,408.2,408.6,169877,408.73,408.8,12.74,1.12
2026-05-22 11:50:00,408.75,409.0,408.7,408.9,23981,408.76,408.81,12.07,1.09
2026-05-22 11:55:00,408.9,409.1,408.35,408.5,33484,408.71,408.78,11.55,1.07
2026-05-22 12:00:00,408.5,408.5,407.6,407.9,74502,408.55,408.7,12.12,1.06
2026-05-22 12:05:00,407.95,408.1,407.5,407.5,98491,408.34,408.59,12.77,1.04
2026-05-22 12:10:00,407.6,408.0,407.5,407.65,33156,408.2,408.51,13.38,1.02
2026-05-22 12:15:00,407.8,407.95,407.55,407.8,21460,408.12,408.44,13.94,0.99
2026-05-22 12:20:00,407.8,407.9,407.25,407.4,46344,407.98,408.35,14.89,0.97
2026-05-22 12:25:00,407.35,407.8,407.15,407.55,28238,407.89,408.28,15.91,0.96
2026-05-22 12:30:00,407.65,407.9,407.4,407.85,20142,407.88,408.24,16.6,0.93
2026-05-22 12:35:00,407.85,407.95,407.55,407.7,31167,407.85,408.19,17.1,0.91
2026-05-22 12:40:00,407.8,408.0,407.7,407.95,41948,407.87,408.17,17.44,0.88
2026-05-22 12:45:00,407.95,408.9,407.75,408.75,100380,408.04,408.22,16.65,0.89
2026-05-22 12:50:00,408.8,408.8,408.35,408.45,26448,408.12,408.24,15.91,0.87
2026-05-22 12:55:00,408.6,409.4,408.45,408.65,193385,408.23,408.28,16.24,0.88
2026-05-22 13:00:00,408.65,409.3,408.35,409.25,75957,408.43,408.37,16.32,0.88
2026-05-22 13:05:00,409.3,409.9,409.25,409.8,114988,408.71,408.5,17.26,0.87
2026-05-22 13:10:00,409.8,410.0,409.55,409.85,178306,408.94,408.62,18.25,0.85
2026-05-22 13:15:00,410.0,410.9,409.9,410.2,172393,409.19,408.76,20.16,0.86
2026-05-22 13:20:00,410.15,410.5,410.1,410.4,33298,409.43,408.91,21.92,0.84
2026-05-22 13:25:00,410.35,410.4,410.0,410.0,31260,409.54,409.01,23.3,0.82
2026-05-22 13:30:00,410.1,410.6,410.0,410.55,29006,409.75,409.15,24.8,0.8
2026-05-22 13:35:00,410.6,410.6,410.2,410.25,26200,409.85,409.25,26.19,0.79
2026-05-22 13:40:00,410.25,410.3,409.95,410.1,34177,409.9,409.33,26.77,0.76
2026-05-22 13:45:00,410.05,410.5,410.0,410.25,32980,409.97,409.41,27.58,0.75
2026-05-22 13:50:00,410.15,410.35,410.0,410.25,28263,410.02,409.49,28.32,0.73
2026-05-22 13:55:00,410.15,410.75,410.0,410.7,69943,410.16,409.6,29.52,0.73
2026-05-22 14:00:00,410.7,410.7,409.4,409.4,62085,410.01,409.58,29.01,0.76
2026-05-22 14:05:00,409.6,409.95,409.1,409.9,39441,409.99,409.61,27.86,0.77
2026-05-22 14:10:00,409.85,410.0,409.6,410.0,26180,409.99,409.64,26.88,0.75
2026-05-22 14:15:00,410.0,410.1,409.6,409.75,51396,409.94,409.65,26.14,0.74
2026-05-22 14:20:00,409.8,410.15,409.65,410.0,36705,409.95,409.69,25.55,0.72
2026-05-22 14:25:00,410.0,410.15,408.7,408.75,77060,409.71,409.6,24.45,0.76
2026-05-22 14:30:00,408.65,408.75,407.85,408.55,78705,409.48,409.51,24.63,0.77
2026-05-22 14:35:00,408.3,408.3,407.8,408.0,59620,409.18,409.37,24.86,0.77
2026-05-22 14:40:00,408.05,408.35,407.6,407.7,49001,408.89,409.22,25.32,0.76
2026-05-22 14:45:00,407.6,408.85,407.5,408.8,86925,408.87,409.18,24.67,0.79
2026-05-22 14:50:00,408.7,409.0,408.55,408.85,46435,408.87,409.15,23.78,0.78
2026-05-22 14:55:00,408.8,408.95,408.6,408.8,59486,408.85,409.12,22.95,0.76
2026-05-22 15:00:00,408.8,409.0,407.95,408.95,124308,408.87,409.1,23.13,0.77
2026-05-22 15:05:00,408.9,408.95,408.3,408.6,72034,408.82,409.06,23.29,0.76
2026-05-22 15:10:00,408.55,408.9,408.45,408.8,96796,408.81,409.03,23.45,0.75
2026-05-22 15:15:00,408.8,408.85,408.6,408.7,142069,408.79,409.0,23.59,0.73
2026-05-22 15:20:00,408.75,408.85,408.05,408.25,219397,408.68,408.93,24.51,0.73
2026-05-22 15:25:00,408.3,408.85,407.85,408.85,174152,408.72,408.93,25.61,0.74
2026-05-25 09:15:00,412.0,413.3,410.4,411.0,545339,409.17,409.12,26.59,0.92
2026-05-25 09:20:00,411.15,411.4,409.95,410.85,282342,409.51,409.27,26.92,0.94
2026-05-25 09:25:00,410.8,412.55,410.45,412.45,187837,410.1,409.56,27.91,1.0
2026-05-25 09:30:00,412.45,413.3,412.15,412.7,203738,410.62,409.85,29.2,1.01
2026-05-25 09:35:00,412.7,412.75,411.95,412.15,96384,410.92,410.06,30.14,1.0
2026-05-25 09:40:00,412.15,412.6,411.75,411.9,86905,411.12,410.22,30.75,0.99
2026-05-25 09:45:00,411.8,415.35,411.8,415.15,480090,411.93,410.67,32.53,1.11
2026-05-25 09:50:00,415.25,415.25,412.95,413.1,265163,412.16,410.89,34.18,1.17
2026-05-25 09:55:00,413.0,413.75,412.95,413.65,104178,412.46,411.14,35.72,1.15
2026-05-25 10:00:00,414.0,414.9,413.75,414.6,137513,412.89,411.46,37.54,1.15
2026-05-25 10:05:00,414.6,415.2,414.55,414.85,241963,413.28,411.77,39.33,1.13
2026-05-25 10:10:00,414.85,415.15,413.8,414.2,114213,413.46,411.99,40.01,1.14
2026-05-25 10:15:00,414.05,414.2,413.55,413.6,72316,413.49,412.13,40.33,1.12
2026-05-25 10:20:00,413.6,414.2,413.6,414.0,38685,413.59,412.3,40.63,1.09
2026-05-25 10:25:00,413.85,414.5,413.85,414.3,60603,413.73,412.48,41.06,1.07
2026-05-25 10:30:00,414.45,414.5,413.8,414.15,51737,413.82,412.64,41.38,1.05
2026-05-25 10:35:00,414.0,414.2,413.7,413.75,22462,413.8,412.74,41.53,1.03
2026-05-25 10:40:00,413.7,414.05,413.7,414.0,44755,413.84,412.85,41.67,1.0
2026-05-25 10:45:00,413.9,414.15,413.75,413.8,29260,413.83,412.94,41.87,0.97
2026-05-25 10:50:00,414.0,414.4,413.6,414.05,92231,413.88,413.04,42.22,0.96
2026-05-25 10:55:00,414.2,414.7,414.0,414.6,94575,414.02,413.18,42.76,0.95
2026-05-25 11:00:00,414.6,414.6,413.95,414.15,72958,414.05,413.27,43.15,0.93
2026-05-25 11:05:00,414.1,414.3,413.8,414.05,25506,414.05,413.34,43.2,0.91
2026-05-25 11:10:00,414.05,414.1,413.35,413.6,36400,413.96,413.36,42.34,0.9
2026-05-25 11:15:00,413.5,413.6,412.05,412.4,123088,413.65,413.28,39.53,0.94
2026-05-25 11:20:00,412.4,412.6,412.15,412.45,72014,413.41,413.2,36.93,0.91
2026-05-25 11:25:00,412.5,412.85,412.4,412.55,60308,413.24,413.14,34.82,0.89
2026-05-25 11:30:00,412.6,412.95,412.45,412.9,27948,413.17,413.12,33.0,0.87
2026-05-25 11:35:00,412.7,413.45,412.7,413.15,41382,413.17,413.12,31.91,0.87
2026-05-25 11:40:00,413.2,413.35,412.75,413.0,22564,413.13,413.11,30.9,0.85
2026-05-25 11:45:00,413.0,413.85,412.5,412.55,46588,413.02,413.06,30.55,0.88
2026-05-25 11:50:00,412.6,414.2,412.45,414.05,104340,413.22,413.15,30.58,0.92
2026-05-25 11:55:00,414.0,414.75,413.4,414.4,93380,413.46,413.26,31.13,0.94
2026-05-25 12:00:00,414.4,414.6,414.25,414.45,45517,413.66,413.37,31.63,0.91
2026-05-25 12:05:00,414.45,414.45,413.85,414.15,38192,413.76,413.44,31.3,0.9
2026-05-25 12:10:00,414.15,414.5,413.85,414.0,34915,413.8,413.49,31.05,0.88
2026-05-25 12:15:00,414.0,414.3,413.85,414.3,38056,413.9,413.57,30.82,0.86
2026-05-25 12:20:00,414.3,414.4,414.0,414.25,28340,413.97,413.63,30.73,0.84
2026-05-25 12:25:00,414.25,414.5,413.2,413.35,42943,413.85,413.6,29.04,0.86
2026-05-25 12:30:00,413.25,413.6,412.85,413.0,44652,413.68,413.55,27.04,0.86
2026-05-25 12:35:00,413.15,413.2,412.8,412.9,86543,413.52,413.49,25.27,0.84
2026-05-25 12:40:00,412.95,413.0,412.7,412.7,33994,413.36,413.42,23.79,0.81
2026-05-25 12:45:00,412.75,412.75,411.8,412.0,108838,413.09,413.29,23.72,0.82
2026-05-25 12:50:00,412.05,412.3,411.45,411.45,332417,412.76,413.12,24.05,0.82
2026-05-25 12:55:00,411.6,411.65,410.7,411.25,231272,412.46,412.95,25.11,0.83
2026-05-25 13:00:00,411.25,411.75,411.1,411.55,45413,412.28,412.82,25.88,0.82
2026-05-25 13:05:00,411.55,412.2,411.4,412.1,43829,412.24,412.76,25.73,0.82
2026-05-25 13:10:00,412.2,412.2,410.85,411.7,222537,412.13,412.66,26.16,0.84
2026-05-25 13:15:00,411.55,411.75,410.8,411.7,215406,412.05,412.57,26.62,0.85
2026-05-25 13:20:00,411.75,411.8,411.4,411.5,35083,411.94,412.48,26.94,0.83
2026-05-25 13:25:00,411.6,411.85,411.3,411.6,35434,411.87,412.4,27.35,0.81
2026-05-25 13:30:00,411.7,411.7,410.7,411.0,63528,411.7,412.27,28.35,0.82
2026-05-25 13:35:00,411.0,411.6,410.95,411.6,136125,411.68,412.21,29.28,0.81
2026-05-25 13:40:00,411.5,411.6,410.75,410.95,46654,411.53,412.09,30.34,0.81
2026-05-25 13:45:00,410.95,411.3,410.85,411.25,26837,411.47,412.02,31.33,0.8
2026-05-25 13:50:00,411.3,411.4,411.0,411.1,20854,411.4,411.93,31.97,0.78
2026-05-25 13:55:00,411.25,411.3,410.85,411.15,42043,411.35,411.86,32.74,0.76
2026-05-25 14:00:00,411.15,411.65,411.05,411.4,30646,411.36,411.82,32.5,0.76
2026-05-25 14:05:00,411.4,411.5,410.8,411.0,53412,411.29,411.75,32.61,0.75
2026-05-25 14:10:00,411.0,411.35,410.85,410.95,45662,411.22,411.67,32.71,0.74
2026-05-25 14:15:00,410.95,411.25,410.8,411.0,43118,411.18,411.61,32.88,0.73
2026-05-25 14:20:00,411.0,411.8,410.95,411.6,53323,411.26,411.61,31.54,0.73
2026-05-25 14:25:00,411.8,412.8,411.6,412.45,90164,411.5,411.69,30.18,0.75
2026-05-25 14:30:00,412.5,413.3,412.15,413.3,104760,411.86,411.83,29.61,0.77
2026-05-25 14:35:00,413.65,414.6,413.55,414.1,190576,412.31,412.04,30.41,0.8
2026-05-25 14:40:00,414.1,414.15,413.55,413.85,108502,412.62,412.2,31.15,0.79
2026-05-25 14:45:00,413.8,414.5,413.55,414.4,200041,412.97,412.4,32.13,0.8
2026-05-25 14:50:00,414.4,414.7,414.25,414.65,137576,413.31,412.61,33.2,0.78
2026-05-25 14:55:00,414.85,418.0,414.85,417.85,680773,414.22,413.09,35.78,0.9
2026-05-25 15:00:00,417.8,420.4,417.1,420.4,938779,415.45,413.75,38.72,1.02
2026-05-25 15:05:00,420.4,420.6,419.15,419.5,579634,416.26,414.27,41.49,1.04
2026-05-25 15:10:00,419.45,420.95,418.9,420.2,620313,417.05,414.81,44.12,1.09
2026-05-25 15:15:00,420.2,420.5,418.85,419.8,448324,417.6,415.27,46.49,1.11
2026-05-25 15:20:00,419.95,419.95,418.8,419.35,317768,417.95,415.64,48.6,1.11
2026-05-25 15:25:00,419.55,419.75,418.3,419.45,411846,418.25,415.98,49.75,1.13
2026-05-26 09:15:00,419.5,419.9,415.25,417.95,534875,418.19,416.16,47.3,1.3
2026-05-26 09:20:00,417.7,417.85,416.6,416.7,323804,417.89,416.21,45.03,1.3
2026-05-26 09:25:00,416.7,418.2,416.7,417.55,258487,417.82,416.33,43.15,1.31
2026-05-26 09:30:00,417.5,417.8,417.2,417.4,173116,417.74,416.43,41.4,1.28
2026-05-26 09:35:00,417.6,417.65,416.55,417.1,135367,417.61,416.49,39.14,1.27
2026-05-26 09:40:00,417.0,417.2,416.55,416.85,69119,417.46,416.52,37.03,1.24
2026-05-26 09:45:00,417.0,417.4,416.45,416.9,192921,417.35,416.56,35.25,1.22
2026-05-26 09:50:00,417.15,417.4,416.75,416.8,66405,417.24,416.58,33.59,1.2
2026-05-26 09:55:00,416.85,417.15,416.1,416.5,100071,417.09,416.57,31.33,1.19
2026-05-26 10:00:00,416.4,416.8,416.1,416.6,51504,416.99,416.57,29.23,1.17
2026-05-26 10:05:00,416.5,417.45,416.5,417.4,58310,417.07,416.65,27.94,1.16
2026-05-26 10:10:00,417.4,417.7,417.2,417.5,61448,417.16,416.73,26.99,1.13
2026-05-26 10:15:00,417.65,417.7,417.05,417.2,47387,417.17,416.77,25.91,1.1
2026-05-26 10:20:00,417.25,417.4,416.7,417.4,217173,417.21,416.83,24.45,1.08
2026-05-26 10:25:00,417.3,418.65,417.0,417.2,259110,417.21,416.86,24.31,1.11
2026-05-26 10:30:00,417.2,417.5,416.65,417.25,70543,417.22,416.9,23.73,1.1
2026-05-26 10:35:00,417.05,417.4,416.55,417.25,77053,417.23,416.93,23.06,1.09
2026-05-26 10:40:00,417.2,417.4,417.1,417.15,167606,417.21,416.95,22.44,1.05
2026-05-26 10:45:00,417.15,417.75,416.55,417.6,426650,417.29,417.01,21.12,1.06
2026-05-26 10:50:00,417.6,418.5,417.35,417.55,220857,417.34,417.06,20.7,1.06
2026-05-26 10:55:00,417.5,417.85,417.05,417.7,86883,417.41,417.12,19.92,1.05
2026-05-26 11:00:00,417.7,417.75,417.0,417.25,145881,417.38,417.13,19.13,1.03
2026-05-26 11:05:00,417.25,417.5,416.65,417.35,173653,417.37,417.15,17.92,1.03
2026-05-26 11:10:00,417.45,419.1,417.1,418.65,334881,417.63,417.28,18.4,1.07
2026-05-26 11:15:00,418.6,420.4,418.6,419.95,377206,418.09,417.53,19.75,1.11
2026-05-26 11:20:00,419.95,419.95,418.45,418.75,203047,418.22,417.64,20.8,1.12
2026-05-26 11:25:00,418.95,418.95,418.4,418.4,107905,418.26,417.71,21.7,1.1
2026-05-26 11:30:00,418.55,419.2,417.95,418.8,155247,418.37,417.81,21.91,1.1
2026-05-26 11:35:00,418.9,419.1,418.5,419.0,60930,418.49,417.92,22.11,1.08
2026-05-26 11:40:00,419.05,419.05,418.1,418.45,64758,418.49,417.96,21.73,1.07
2026-05-26 11:45:00,418.4,418.65,418.2,418.6,41595,418.51,418.02,21.38,1.04
2026-05-26 11:50:00,418.6,419.15,418.6,419.05,65752,418.62,418.12,21.55,1.02
2026-05-26 11:55:00,419.1,419.15,418.4,418.55,99607,418.6,418.15,21.41,1.01
2026-05-26 12:00:00,418.75,418.85,418.35,418.55,31355,418.59,418.19,21.19,0.98
2026-05-26 12:05:00,418.65,418.75,418.5,418.5,47920,418.57,418.22,20.99,0.95
2026-05-26 12:10:00,418.5,418.7,418.25,418.45,38221,418.55,418.24,20.36,0.93
2026-05-26 12:15:00,418.45,418.6,418.15,418.55,48384,418.55,418.27,19.61,0.9
2026-05-26 12:20:00,418.7,418.7,418.45,418.6,31488,418.56,418.3,19.06,0.87
2026-05-26 12:25:00,418.6,418.6,417.1,417.2,145486,418.29,418.2,18.84,0.9
2026-05-26 12:30:00,417.2,418.35,417.2,417.85,126624,418.2,418.17,18.63,0.91
2026-05-26 12:35:00,417.85,419.05,417.7,419.0,84964,418.36,418.24,17.36,0.93
2026-05-26 12:40:00,419.05,419.85,418.8,419.05,178895,418.5,418.32,17.05,0.94
2026-05-26 12:45:00,419.05,419.45,418.65,418.8,62515,418.56,418.36,16.55,0.93
2026-05-26 12:50:00,418.95,418.95,417.65,417.95,151506,418.44,418.32,15.93,0.95
2026-05-26 12:55:00,417.8,417.95,416.75,417.5,97814,418.25,418.25,16.26,0.96
2026-05-26 13:00:00,417.4,417.4,416.6,416.9,95097,417.98,418.13,16.69,0.96
2026-05-26 13:05:00,417.0,417.2,416.7,416.7,52766,417.72,418.0,17.1,0.94
2026-05-26 13:10:00,416.55,416.75,416.1,416.1,80918,417.4,417.82,18.03,0.92
2026-05-26 13:15:00,416.1,416.8,415.8,416.55,75873,417.23,417.71,19.15,0.93
2026-05-26 13:20:00,416.75,417.85,416.6,417.55,66576,417.29,417.69,18.64,0.95
2026-05-26 13:25:00,417.5,417.7,416.7,417.7,52150,417.37,417.69,18.18,0.95
2026-05-26 13:30:00,417.7,418.1,417.0,417.05,129817,417.31,417.64,17.21,0.96
2026-05-26 13:35:00,417.25,417.4,417.0,417.35,12569,417.32,417.61,16.32,0.93
2026-05-26 13:40:00,417.35,417.5,417.05,417.5,43266,417.35,417.6,15.35,0.91
2026-05-26 13:45:00,417.5,418.25,417.25,417.95,80323,417.47,417.63,15.03,0.91
2026-05-26 13:50:00,417.75,418.2,417.25,418.1,55663,417.6,417.67,14.74,0.91
2026-05-26 13:55:00,418.0,418.0,417.3,417.55,53896,417.59,417.66,14.46,0.91
2026-05-26 14:00:00,417.4,417.7,417.0,417.45,68361,417.56,417.64,13.72,0.9
2026-05-26 14:05:00,417.45,418.15,417.2,417.7,90593,417.59,417.65,13.65,0.9
2026-05-26 14:10:00,417.7,418.3,417.35,418.05,55464,417.68,417.68,13.78,0.9
2026-05-26 14:15:00,418.15,418.45,417.95,418.35,31484,417.81,417.75,14.11,0.88
2026-05-26 14:20:00,418.4,418.75,417.95,418.2,112076,417.89,417.79,14.8,0.88
2026-05-26 14:25:00,418.2,418.55,417.85,418.15,78121,417.94,417.82,15.23,0.87
2026-05-26 14:30:00,418.15,418.6,418.0,418.55,44938,418.06,417.89,15.7,0.86
2026-05-26 14:35:00,418.55,419.1,417.5,417.55,142896,417.96,417.86,16.14,0.89
2026-05-26 14:40:00,417.55,417.55,417.0,417.05,89414,417.78,417.78,15.46,0.88
2026-05-26 14:45:00,417.2,417.2,416.15,416.75,150583,417.57,417.69,15.31,0.88
2026-05-26 14:50:00,416.75,417.25,416.6,417.05,59824,417.47,417.63,15.07,0.87
2026-05-26 14:55:00,417.0,418.45,417.0,418.45,128987,417.67,417.7,14.99,0.9
2026-05-26 15:00:00,418.4,418.5,417.8,417.8,115041,417.69,417.71,14.99,0.89
2026-05-26 15:05:00,417.8,418.1,417.6,417.7,141477,417.69,417.71,14.63,0.87
2026-05-26 15:10:00,417.65,417.9,417.45,417.7,142718,417.69,417.71,14.04,0.85
2026-05-26 15:15:00,417.8,418.2,417.45,417.65,199854,417.69,417.71,13.93,0.85
2026-05-26 15:20:00,417.65,417.9,417.35,417.5,236944,417.65,417.69,13.65,0.83
2026-05-26 15:25:00,417.5,418.5,417.0,417.85,220077,417.69,417.7,14.23,0.87
2026-05-27 09:15:00,417.2,420.75,417.0,419.0,457154,417.95,417.82,16.7,1.0
2026-05-27 09:20:00,419.35,423.0,419.2,422.85,576411,418.93,418.28,19.99,1.15
2026-05-27 09:25:00,423.0,423.2,420.6,420.75,398543,419.29,418.5,23.12,1.21
2026-05-27 09:30:00,420.75,421.0,419.45,420.95,327520,419.63,418.72,24.43,1.23
2026-05-27 09:35:00,421.0,422.3,420.95,421.15,297510,419.93,418.94,26.24,1.24
2026-05-27 09:40:00,421.1,422.0,420.6,421.75,111658,420.29,419.2,27.5,1.24
2026-05-27 09:45:00,421.75,422.6,421.4,421.75,283968,420.59,419.43,28.94,1.24
2026-05-27 09:50:00,422.0,422.3,420.95,422.2,202757,420.91,419.68,29.73,1.25
2026-05-27 09:55:00,422.1,422.15,421.6,421.7,100806,421.07,419.87,30.47,1.22
2026-05-27 10:00:00,421.75,421.8,421.05,421.4,92911,421.13,420.01,30.46,1.19
2026-05-27 10:05:00,421.3,422.0,421.15,421.5,190005,421.21,420.14,30.59,1.18
2026-05-27 10:10:00,421.5,421.6,418.6,418.9,273497,420.75,420.03,28.6,1.26
2026-05-27 10:15:00,418.9,419.55,418.75,419.4,83527,420.48,419.97,26.75,1.24
2026-05-27 10:20:00,419.4,419.95,419.2,419.5,66174,420.28,419.93,24.98,1.22
2026-05-27 10:25:00,419.4,420.9,419.4,420.5,55521,420.32,419.98,24.08,1.23
2026-05-27 10:30:00,420.5,420.55,418.85,419.45,209600,420.15,419.93,22.74,1.25
2026-05-27 10:35:00,419.35,419.45,418.6,418.85,92828,419.89,419.83,21.28,1.24
2026-05-27 10:40:00,419.0,419.0,418.2,418.55,103395,419.62,419.72,19.94,1.21
2026-05-27 10:45:00,418.65,418.8,418.1,418.45,73611,419.39,419.6,18.8,1.19
2026-05-27 10:50:00,418.5,419.75,418.4,419.3,212773,419.37,419.57,18.03,1.2
2026-05-27 10:55:00,419.45,420.05,418.8,419.8,78914,419.46,419.6,17.57,1.2
2026-05-27 11:00:00,419.8,419.95,419.15,419.35,46365,419.43,419.57,17.14,1.18
2026-05-27 11:05:00,419.45,420.3,419.25,420.0,132722,419.55,419.61,17.05,1.17
2026-05-27 11:10:00,420.05,420.2,419.55,419.6,28868,419.56,419.61,16.97,1.15
2026-05-27 11:15:00,419.6,419.95,419.55,419.6,27665,419.57,419.61,16.89,1.11
2026-05-27 11:20:00,419.85,419.85,416.6,417.0,331766,419.05,419.37,17.35,1.22
2026-05-27 11:25:00,416.95,417.85,416.5,417.75,100665,418.79,419.22,17.85,1.22
2026-05-27 11:30:00,417.9,418.9,417.8,418.3,53610,418.69,419.14,17.23,1.22
2026-05-27 11:35:00,418.3,418.6,418.2,418.2,38348,418.6,419.06,16.66,1.18
2026-05-27 11:40:00,418.3,419.0,418.3,418.8,67283,418.64,419.03,15.73,1.16
2026-05-27 11:45:00,418.8,419.0,418.5,418.5,38499,418.61,418.98,14.86,1.13
2026-05-27 11:50:00,418.6,418.6,418.05,418.4,29836,418.57,418.93,14.49,1.1
2026-05-27 11:55:00,418.5,418.65,417.75,417.85,55159,418.42,418.83,14.42,1.09
2026-05-27 12:00:00,417.95,418.55,417.4,417.65,136663,418.27,418.72,14.67,1.1
2026-05-27 12:05:00,417.7,419.65,417.7,419.5,132847,418.52,418.8,13.66,1.14
2026-05-27 12:10:00,419.45,420.0,419.15,419.6,99110,418.73,418.87,12.99,1.13
2026-05-27 12:15:00,419.75,420.1,419.45,420.1,62861,419.01,418.98,12.47,1.1
2026-05-27 12:20:00,420.1,420.25,419.35,419.55,63887,419.11,419.03,12.14,1.09
2026-05-27 12:25:00,419.55,419.75,419.0,419.0,35799,419.09,419.03,11.41,1.08
2026-05-27 12:30:00,419.1,420.0,419.1,419.45,95788,419.16,419.07,11.01,1.07
2026-05-27 12:35:00,419.45,420.0,419.45,419.8,44069,419.29,419.13,10.65,1.05
2026-05-27 12:40:00,419.65,420.05,419.55,419.95,240994,419.42,419.21,10.37,1.02
2026-05-27 12:45:00,419.95,420.5,419.65,420.2,69442,419.58,419.3,10.66,1.01
2026-05-27 12:50:00,420.1,420.5,419.85,420.4,76873,419.74,419.4,10.93,1.0
2026-05-27 12:55:00,420.25,420.6,420.1,420.2,26428,419.83,419.47,11.31,0.97
2026-05-27 13:00:00,420.25,420.7,420.1,420.5,29050,419.97,419.56,11.79,0.95
2026-05-27 13:05:00,420.5,420.65,419.35,419.7,107665,419.91,419.58,10.97,0.97
2026-05-27 13:10:00,419.85,420.3,419.7,420.0,25359,419.93,419.62,10.21,0.95
2026-05-27 13:15:00,420.0,420.0,419.45,419.55,42607,419.85,419.61,9.85,0.93
2026-05-27 13:20:00,419.55,420.4,419.45,420.2,45483,419.92,419.66,9.43,0.94
2026-05-27 13:25:00,420.2,420.45,419.85,420.35,78528,420.01,419.73,9.11,0.92
2026-05-27 13:30:00,420.3,420.45,419.9,420.35,52725,420.08,419.78,8.82,0.9
2026-05-27 13:35:00,420.3,420.75,420.2,420.6,54776,420.18,419.86,9.05,0.88
2026-05-27 13:40:00,420.65,421.2,420.6,421.05,106588,420.36,419.97,9.93,0.87
2026-05-27 13:45:00,420.8,421.2,420.7,421.0,41059,420.48,420.06,10.75,0.85
2026-05-27 13:50:00,420.95,421.9,420.8,421.4,111228,420.67,420.18,12.43,0.87
2026-05-27 13:55:00,421.4,421.4,421.0,421.3,40022,420.79,420.28,13.98,0.84
2026-05-27 14:00:00,421.25,421.8,421.25,421.65,51462,420.97,420.41,15.87,0.83
2026-05-27 14:05:00,421.7,421.7,421.25,421.4,43237,421.05,420.5,17.63,0.81
2026-05-27 14:10:00,421.4,421.5,420.9,421.3,75302,421.1,420.57,18.37,0.8
2026-05-27 14:15:00,421.3,421.4,421.0,421.25,36849,421.13,420.63,19.05,0.78
2026-05-27 14:20:00,421.25,422.0,421.1,421.85,111157,421.28,420.74,20.47,0.79
2026-05-27 14:25:00,421.85,421.9,421.1,421.3,64457,421.28,420.79,21.78,0.79
2026-05-27 14:30:00,421.35,421.6,420.4,420.6,83325,421.14,420.78,21.31,0.81
2026-05-27 14:35:00,420.65,421.0,420.45,420.85,180641,421.09,420.78,20.88,0.8
2026-05-27 14:40:00,420.9,422.0,420.75,421.75,152310,421.22,420.87,21.81,0.82
2026-05-27 14:45:00,421.8,421.9,419.8,420.5,253568,421.07,420.84,20.92,0.88
2026-05-27 14:50:00,420.55,421.0,420.15,421.0,168424,421.06,420.85,20.09,0.88
2026-05-27 14:55:00,420.9,421.0,420.3,420.95,144434,421.04,420.86,19.32,0.87
2026-05-27 15:00:00,420.75,421.75,420.6,421.3,157468,421.09,420.9,19.6,0.88
2026-05-27 15:05:00,421.2,422.0,420.9,421.6,474233,421.19,420.96,20.14,0.89
2026-05-27 15:10:00,421.6,422.4,421.4,421.9,404838,421.33,421.05,21.08,0.9
2026-05-27 15:15:00,421.95,422.7,421.8,422.7,330510,421.61,421.2,22.24,0.9
2026-05-27 15:20:00,422.6,424.5,422.3,424.05,496822,422.1,421.46,24.61,0.96
2026-05-27 15:25:00,424.05,424.7,422.45,423.0,342866,422.28,421.6,26.91,1.02
2026-05-29 09:15:00,424.05,424.05,416.35,420.8,722855,421.98,421.53,26.77,1.34
2026-05-29 09:20:00,421.2,424.9,421.15,423.5,388516,422.28,421.71,26.0,1.47
2026-05-29 09:25:00,423.6,423.75,420.55,421.0,191178,422.03,421.64,25.59,1.55
2026-05-29 09:30:00,420.8,423.8,420.75,422.95,213484,422.21,421.76,25.18,1.62
2026-05-29 09:35:00,422.95,424.25,420.85,421.7,334833,422.11,421.75,24.42,1.71
2026-05-29 09:40:00,421.8,421.9,419.0,419.25,311944,421.54,421.53,24.7,1.77
2026-05-29 09:45:00,419.1,420.15,418.45,419.0,218511,421.03,421.3,25.21,1.76
2026-05-29 09:50:00,419.25,419.65,418.85,419.1,93295,420.64,421.1,25.68,1.72
2026-05-29 09:55:00,419.15,419.15,417.4,417.65,243011,420.05,420.78,26.76,1.72
2026-05-29 10:00:00,417.7,417.7,415.95,417.35,268671,419.51,420.47,28.27,1.72
2026-05-29 10:05:00,417.15,418.15,416.45,416.95,153476,419.0,420.15,29.27,1.72
2026-05-29 10:10:00,417.0,417.5,416.6,417.25,110847,418.65,419.89,30.19,1.68
2026-05-29 10:15:00,417.2,418.3,417.2,417.7,99658,418.46,419.69,30.28,1.65
2026-05-29 10:20:00,417.8,418.7,417.65,417.8,120868,418.33,419.52,30.0,1.62
2026-05-29 10:25:00,418.0,418.4,417.15,417.35,81175,418.13,419.32,30.0,1.61
2026-05-29 10:30:00,417.4,419.9,417.25,419.35,166381,418.37,419.32,28.71,1.66
2026-05-29 10:35:00,419.4,420.25,419.2,419.3,99905,418.56,419.32,27.25,1.63
2026-05-29 10:40:00,419.25,419.55,419.0,419.0,39038,418.65,419.29,26.02,1.58
2026-05-29 10:45:00,418.5,418.5,417.9,418.2,54118,418.56,419.19,25.57,1.55
2026-05-29 10:50:00,418.4,418.95,418.25,418.4,43285,418.53,419.12,24.77,1.51
2026-05-29 10:55:00,418.35,419.6,418.0,419.45,74174,418.71,419.15,23.48,1.52
2026-05-29 11:00:00,419.45,419.65,419.25,419.5,36928,418.87,419.18,22.25,1.47
2026-05-29 11:05:00,419.5,419.6,418.8,419.55,58559,419.01,419.22,21.44,1.43
2026-05-29 11:10:00,419.5,419.55,418.65,418.7,38527,418.94,419.17,20.8,1.41
2026-05-29 11:15:00,418.7,419.0,418.1,418.75,67053,418.91,419.13,20.61,1.38
2026-05-29 11:20:00,418.7,419.35,418.7,419.35,30978,418.99,419.15,20.07,1.35
2026-05-29 11:25:00,419.2,419.4,418.75,418.75,37928,418.95,419.11,19.53,1.32
2026-05-29 11:30:00,418.7,419.25,418.55,418.55,42392,418.87,419.06,19.19,1.29
2026-05-29 11:35:00,418.6,419.05,418.6,418.85,37861,418.86,419.04,18.87,1.25
2026-05-29 11:40:00,418.85,419.0,417.75,418.15,50202,418.72,418.96,19.3,1.25
2026-05-29 11:45:00,418.1,418.75,417.2,418.05,97601,418.59,418.88,20.11,1.26
2026-05-29 11:50:00,418.1,418.6,417.5,418.0,85504,418.47,418.8,20.85,1.26
2026-05-29 11:55:00,418.0,418.4,417.9,418.2,54591,418.42,418.74,21.55,1.22
2026-05-29 12:00:00,418.2,418.45,417.35,417.5,37930,418.23,418.63,22.63,1.21
2026-05-29 12:05:00,417.5,417.9,417.4,417.4,40177,418.07,418.52,23.63,1.18
2026-05-29 12:10:00,417.35,417.7,416.1,416.55,116547,417.76,418.34,25.43,1.2
2026-05-29 12:15:00,416.55,418.5,416.5,418.4,77407,417.89,418.35,25.9,1.24
2026-05-29 12:20:00,418.4,419.8,418.4,419.6,145571,418.23,418.46,24.77,1.25
2026-05-29 12:25:00,419.6,419.85,419.2,419.5,134178,418.49,418.55,23.68,1.22
2026-05-29 12:30:00,419.5,419.6,418.15,418.2,56528,418.43,418.52,23.52,1.23
2026-05-29 12:35:00,418.2,418.4,417.6,418.4,160187,418.42,418.51,23.77,1.21
2026-05-29 12:40:00,418.4,418.75,417.65,418.5,133735,418.44,418.51,23.58,1.2
2026-05-29 12:45:00,418.45,418.8,418.15,418.15,36679,418.38,418.48,23.35,1.18
2026-05-29 12:50:00,418.1,418.45,417.95,418.15,34644,418.33,418.45,23.3,1.14
2026-05-29 12:55:00,418.1,418.6,417.8,418.45,63552,418.36,418.45,23.06,1.13
2026-05-29 13:00:00,418.5,418.65,417.35,417.55,88690,418.2,418.37,23.22,1.14
2026-05-29 13:05:00,417.45,417.55,416.2,416.25,168723,417.81,418.17,24.23,1.15
2026-05-29 13:10:00,416.25,416.25,413.35,413.6,327292,416.97,417.76,26.51,1.23
2026-05-29 13:15:00,413.6,415.25,413.1,415.05,348285,416.58,417.51,28.71,1.27
2026-05-29 13:20:00,415.05,415.2,414.4,414.85,54093,416.24,417.27,30.75,1.25
2026-05-29 13:25:00,414.85,415.15,414.6,414.95,54615,415.98,417.06,32.65,1.22
2026-05-29 13:30:00,415.1,415.8,415.1,415.55,55296,415.89,416.92,33.49,1.2
2026-05-29 13:35:00,415.55,415.75,415.0,415.2,56993,415.75,416.77,34.32,1.18
2026-05-29 13:40:00,415.25,415.85,415.05,415.6,56274,415.72,416.66,34.95,1.16
2026-05-29 13:45:00,415.5,415.9,415.3,415.4,48896,415.66,416.54,35.45,1.13
2026-05-29 13:50:00,415.45,415.95,414.95,415.05,59611,415.54,416.41,36.15,1.13
2026-05-29 13:55:00,415.05,415.9,415.0,415.7,56690,415.57,416.34,36.79,1.12
2026-05-29 14:00:00,415.7,415.8,415.1,415.2,48714,415.5,416.24,37.39,1.1
2026-05-29 14:05:00,415.2,415.95,414.95,415.95,124517,415.59,416.21,38.05,1.09
2026-05-29 14:10:00,415.9,415.9,415.5,415.7,62084,415.61,416.17,38.67,1.06
2026-05-29 14:15:00,415.7,416.15,414.7,414.7,91572,415.43,416.03,39.81,1.08
2026-05-29 14:20:00,414.8,415.35,414.75,415.25,32735,415.39,415.96,40.86,1.06
2026-05-29 14:25:00,415.25,415.55,415.05,415.25,47233,415.36,415.9,41.39,1.03
2026-05-29 14:30:00,415.45,416.55,415.3,416.15,72361,415.52,415.92,39.95,1.05
2026-05-29 14:35:00,416.15,416.5,415.55,416.15,47841,415.65,415.94,38.62,1.04
2026-05-29 14:40:00,416.15,416.95,415.95,416.35,86827,415.79,415.98,36.63,1.04
2026-05-29 14:45:00,416.35,416.8,416.35,416.65,84963,415.96,416.04,34.78,1.01
2026-05-29 14:50:00,416.7,416.75,416.1,416.6,47640,416.09,416.09,33.4,0.99
2026-05-29 14:55:00,416.6,417.05,415.7,417.0,248813,416.27,416.17,32.62,1.01
2026-05-29 15:00:00,417.0,417.9,415.45,416.2,2109663,416.26,416.18,30.5,1.08
2026-05-29 15:05:00,416.1,417.0,415.95,416.0,1843735,416.21,416.16,28.53,1.08
2026-05-29 15:10:00,416.0,417.0,415.85,417.0,1733767,416.36,416.24,26.84,1.08
2026-05-29 15:15:00,417.2,418.15,416.6,416.85,2016115,416.46,416.29,26.14,1.1
2026-05-29 15:20:00,416.85,417.5,416.3,416.5,1677702,416.47,416.31,25.03,1.11
2026-05-29 15:25:00,416.6,418.0,413.05,415.45,1289526,416.27,416.23,25.6,1.29
2026-06-01 09:15:00,417.0,417.8,413.35,414.9,403534,415.99,416.11,26.12,1.44
2026-06-01 09:20:00,414.85,415.0,411.3,411.8,328211,415.15,415.72,27.68,1.55
2026-06-01 09:25:00,412.1,413.1,411.45,411.65,242929,414.45,415.35,29.13,1.55
2026-06-01 09:30:00,411.7,412.3,411.0,411.6,150562,413.88,415.01,30.68,1.54
2026-06-01 09:35:00,411.7,411.7,408.3,408.6,372660,412.83,414.43,33.02,1.63
2026-06-01 09:40:00,408.6,409.9,408.5,408.85,111932,412.03,413.92,35.19,1.62
2026-06-01 09:45:00,408.8,410.25,408.5,409.0,94139,411.42,413.47,36.78,1.63
2026-06-01 09:50:00,409.2,409.85,408.05,408.7,78204,410.88,413.04,38.4,1.63
2026-06-01 09:55:00,408.85,409.0,406.25,406.45,299188,409.99,412.44,40.41,1.69
2026-06-01 10:00:00,406.7,408.65,405.25,407.0,614631,409.39,411.94,42.5,1.77
2026-06-01 10:05:00,407.0,409.0,406.55,408.6,156516,409.24,411.64,44.03,1.8
2026-06-01 10:10:00,408.55,408.75,407.8,407.8,65956,408.95,411.29,45.44,1.76
2026-06-01 10:15:00,408.0,408.0,407.25,407.5,58736,408.66,410.95,46.91,1.71
2026-06-01 10:20:00,407.4,407.85,407.0,407.45,55198,408.42,410.63,48.34,1.67
2026-06-01 10:25:00,407.5,408.9,407.5,408.05,95485,408.34,410.39,48.33,1.66
2026-06-01 10:30:00,408.15,409.95,407.6,409.0,141449,408.48,410.27,47.17,1.69
2026-06-01 10:35:00,409.0,409.7,408.7,409.2,94357,408.62,410.17,46.09,1.66
2026-06-01 10:40:00,409.45,409.45,407.7,408.35,308236,408.57,410.01,45.61,1.66
2026-06-01 10:45:00,408.35,410.85,408.3,410.1,177105,408.87,410.01,43.78,1.71
2026-06-01 10:50:00,410.05,410.5,409.6,409.9,282435,409.08,410.0,42.08,1.67
2026-06-01 10:55:00,409.9,410.85,409.8,409.8,155858,409.22,409.98,40.17,1.64
2026-06-01 11:00:00,409.95,410.75,409.85,410.25,64462,409.43,410.01,38.4,1.61
2026-06-01 11:05:00,410.2,411.3,410.15,411.0,133473,409.74,410.1,36.21,1.58
2026-06-01 11:10:00,410.95,411.25,410.7,410.7,81679,409.93,410.15,34.18,1.54
2026-06-01 11:15:00,410.9,411.2,410.4,410.65,42461,410.08,410.2,32.55,1.5
2026-06-01 11:20:00,410.65,410.7,409.85,410.0,65129,410.06,410.18,31.51,1.47
2026-06-01 11:25:00,409.95,410.45,409.0,409.15,77821,409.88,410.09,31.18,1.47
2026-06-01 11:30:00,409.1,409.2,408.0,408.35,72779,409.57,409.93,31.5,1.46
2026-06-01 11:35:00,408.3,409.1,407.65,407.75,54977,409.21,409.73,32.0,1.46
2026-06-01 11:40:00,407.75,408.1,406.5,406.8,116465,408.73,409.46,33.05,1.46
2026-06-01 11:45:00,406.8,407.6,406.45,407.4,40150,408.46,409.28,34.05,1.45
2026-06-01 11:50:00,407.55,407.75,406.6,407.25,56564,408.22,409.09,34.77,1.43
2026-06-01 11:55:00,407.25,407.45,404.55,404.85,186699,407.55,408.71,36.34,1.5
2026-06-01 12:00:00,404.85,406.6,404.85,406.35,86649,407.31,408.49,37.79,1.51
2026-06-01 12:05:00,406.5,406.85,405.55,406.25,44352,407.1,408.29,38.8,1.5
2026-06-01 12:10:00,406.25,408.3,406.1,408.05,44835,407.29,408.27,37.98,1.54
2026-06-01 12:15:00,408.1,408.1,406.55,406.55,55266,407.14,408.11,37.22,1.54
2026-06-01 12:20:00,406.55,406.8,406.1,406.55,28400,407.02,407.97,36.8,1.5
2026-06-01 12:25:00,406.55,406.7,406.0,406.15,23188,406.85,407.8,36.48,1.46
2026-06-01 12:30:00,406.2,406.6,406.0,406.25,22919,406.73,407.66,36.17,1.42
2026-06-01 12:35:00,406.25,407.0,406.15,406.7,21035,406.72,407.57,35.36,1.39
2026-06-01 12:40:00,406.85,406.85,406.1,406.7,24391,406.72,407.5,34.64,1.36
2026-06-01 12:45:00,406.9,406.9,405.3,406.0,66334,406.57,407.36,34.59,1.37
2026-06-01 12:50:00,405.9,406.4,405.55,406.3,36779,406.52,407.26,34.54,1.35
2026-06-01 12:55:00,406.3,406.45,405.5,406.0,23866,406.42,407.15,34.5,1.33
2026-06-01 13:00:00,406.0,406.5,405.0,405.85,47525,406.3,407.03,34.85,1.34
2026-06-01 13:05:00,405.85,406.0,405.05,405.25,61965,406.09,406.87,35.17,1.32
2026-06-01 13:10:00,405.05,406.0,403.8,405.05,212760,405.88,406.7,36.31,1.36
2026-06-01 13:15:00,405.05,405.75,405.0,405.45,32035,405.8,406.59,37.37,1.33
2026-06-01 13:20:00,405.35,405.5,404.65,405.2,39459,405.68,406.46,38.56,1.31
2026-06-01 13:25:00,405.2,405.75,404.3,405.75,46235,405.69,406.4,39.86,1.32
2026-06-01 13:30:00,405.65,406.9,405.6,406.35,58868,405.82,406.39,39.11,1.31
2026-06-01 13:35:00,406.15,406.95,406.1,406.9,43581,406.04,406.44,38.34,1.29
2026-06-01 13:40:00,406.9,407.7,406.0,406.0,78840,406.03,406.4,36.56,1.31
2026-06-01 13:45:00,406.35,407.05,405.75,406.2,103532,406.06,406.38,35.16,1.31
2026-06-01 13:50:00,406.25,406.6,406.05,406.4,17686,406.13,406.38,33.85,1.28
2026-06-01 13:55:00,406.3,406.9,405.0,405.45,87937,406.0,406.3,33.61,1.3
2026-06-01 14:00:00,405.5,405.75,404.65,405.15,106398,405.83,406.19,33.66,1.3
2026-06-01 14:05:00,405.0,405.0,404.4,404.75,64675,405.61,406.06,33.89,1.27
2026-06-01 14:10:00,404.55,404.8,404.0,404.1,62813,405.31,405.88,34.41,1.25
2026-06-01 14:15:00,404.1,405.05,403.75,405.05,138713,405.26,405.81,34.89,1.25
2026-06-01 14:20:00,405.0,405.0,404.0,404.0,30924,405.01,405.64,35.33,1.24
2026-06-01 14:25:00,404.0,405.25,404.0,404.7,73528,404.94,405.56,35.25,1.24
2026-06-01 14:30:00,404.7,405.15,403.8,404.0,100483,404.76,405.42,35.37,1.25
2026-06-01 14:35:00,404.05,405.5,404.0,405.4,58560,404.88,405.42,34.78,1.26
2026-06-01 14:40:00,405.4,405.75,404.8,404.95,59934,404.9,405.37,33.78,1.24
2026-06-01 14:45:00,404.95,406.6,404.85,405.5,166662,405.02,405.38,31.47,1.27
2026-06-01 14:50:00,405.5,405.6,404.3,404.4,109509,404.89,405.29,30.03,1.27
2026-06-01 14:55:00,404.55,405.0,403.65,404.65,129128,404.85,405.24,29.41,1.27
2026-06-01 15:00:00,404.4,404.7,403.95,404.6,167723,404.8,405.18,28.83,1.25
2026-06-01 15:05:00,404.7,405.6,404.2,405.4,223699,404.92,405.2,26.97,1.26
2026-06-01 15:10:00,405.45,406.0,404.85,405.7,222936,405.07,405.24,25.34,1.25
2026-06-01 15:15:00,405.45,405.95,404.45,405.25,391273,405.11,405.24,23.74,1.26
2026-06-01 15:20:00,405.25,405.3,404.05,404.7,286815,405.03,405.2,22.72,1.26
2026-06-01 15:25:00,404.6,404.7,403.1,404.3,215202,404.88,405.11,22.75,1.28
2026-06-02 09:15:00,400.0,405.55,399.3,405.1,679514,404.93,405.11,24.92,1.51
2026-06-02 09:20:00,405.1,406.9,404.75,406.3,254416,405.2,405.22,25.51,1.54
2026-06-02 09:25:00,406.3,407.0,405.0,406.3,190698,405.42,405.32,25.97,1.57
2026-06-02 09:30:00,406.3,407.1,405.1,405.35,227394,405.41,405.32,26.28,1.59
2026-06-02 09:35:00,405.45,407.85,405.25,406.75,240921,405.67,405.45,25.82,1.64
2026-06-02 09:40:00,406.75,407.75,406.7,407.05,123450,405.95,405.6,25.39,1.61
2026-06-02 09:45:00,407.0,407.0,405.75,406.8,136709,406.12,405.71,25.6,1.59
2026-06-02 09:50:00,406.8,410.15,406.55,409.5,246408,406.8,406.05,24.28,1.69
2026-06-02 09:55:00,409.55,409.7,408.65,409.6,121891,407.36,406.37,23.05,1.66
2026-06-02 10:00:00,409.85,412.0,409.65,411.8,213503,408.25,406.87,23.16,1.69
2026-06-02 10:05:00,411.8,413.0,410.7,411.3,304960,408.86,407.27,23.71,1.72
2026-06-02 10:10:00,411.1,411.1,409.65,409.75,106087,409.04,407.5,23.42,1.72
2026-06-02 10:15:00,409.8,410.0,408.65,409.65,78524,409.16,407.69,22.48,1.7
2026-06-02 10:20:00,409.8,411.9,409.7,411.8,83032,409.69,408.06,22.5,1.73
2026-06-02 10:25:00,411.9,412.2,411.35,411.8,72340,410.11,408.4,22.65,1.69
2026-06-02 10:30:00,411.8,412.15,408.6,408.8,324997,409.85,408.44,21.13,1.77
2026-06-02 10:35:00,408.6,409.0,408.25,408.7,54795,409.62,408.46,19.71,1.73
2026-06-02 10:40:00,408.7,409.8,408.55,409.45,59565,409.58,408.55,18.63,1.7
2026-06-02 10:45:00,409.45,409.5,408.7,408.7,27983,409.41,408.57,17.63,1.66
2026-06-02 10:50:00,408.7,408.85,407.2,407.4,75806,409.01,408.46,16.88,1.66
2026-06-02 10:55:00,407.45,407.65,406.9,407.5,122925,408.7,408.37,16.33,1.62
2026-06-02 11:00:00,407.5,408.1,407.5,408.05,57146,408.57,408.34,15.54,1.57
2026-06-02 11:05:00,408.25,408.8,408.05,408.35,38792,408.53,408.34,14.49,1.53
2026-06-02 11:10:00,408.4,409.0,407.75,408.0,40857,408.42,408.31,13.58,1.52
2026-06-02 11:15:00,408.0,409.15,407.95,409.0,155238,408.54,408.38,12.64,1.5
2026-06-02 11:20:00,409.2,410.0,409.1,409.5,87304,408.73,408.48,12.26,1.48
2026-06-02 11:25:00,409.5,409.5,408.5,409.0,32226,408.78,408.53,11.49,1.45
2026-06-02 11:30:00,409.0,410.0,408.6,409.9,147605,409.01,408.65,11.11,1.45
2026-06-02 11:35:00,409.9,409.9,408.65,408.7,38325,408.95,408.65,10.75,1.44
2026-06-02 11:40:00,408.75,409.35,408.5,409.1,114745,408.98,408.7,10.3,1.41
2026-06-02 11:45:00,409.15,409.8,409.1,409.5,24276,409.08,408.77,10.22,1.38
2026-06-02 11:50:00,409.5,409.7,409.15,409.15,13692,409.1,408.8,10.14,1.34
2026-06-02 11:55:00,409.2,409.25,407.6,407.7,65721,408.82,408.7,10.06,1.35
2026-06-02 12:00:00,407.6,407.95,407.2,407.2,61746,408.49,408.57,10.27,1.33
2026-06-02 12:05:00,407.25,407.5,406.8,407.45,41671,408.28,408.46,10.75,1.3
2026-06-02 12:10:00,407.4,407.4,406.8,406.9,36848,408.01,408.32,11.2,1.27
2026-06-02 12:15:00,406.95,407.15,406.1,406.45,92504,407.7,408.15,12.11,1.26
2026-06-02 12:20:00,406.45,406.5,406.15,406.35,49605,407.43,407.99,12.96,1.21
2026-06-02 12:25:00,406.35,406.7,405.15,405.15,74520,406.97,407.73,14.42,1.23
2026-06-02 12:30:00,405.15,406.4,405.0,406.2,77178,406.82,407.59,15.86,1.24
2026-06-02 12:35:00,406.35,406.55,405.75,406.4,85552,406.73,407.48,17.0,1.22
2026-06-02 12:40:00,406.45,407.4,406.0,407.35,208606,406.86,407.47,17.02,1.22
2026-06-02 12:45:00,407.2,409.2,407.2,408.65,101023,407.22,407.58,16.27,1.26
2026-06-02 12:50:00,408.85,409.6,408.75,409.2,83966,407.61,407.73,15.88,1.25
2026-06-02 12:55:00,409.25,409.95,409.2,409.5,95343,407.99,407.89,15.79,1.22
2026-06-02 13:00:00,409.4,409.6,408.85,409.0,72377,408.19,407.99,15.35,1.2
2026-06-02 13:05:00,408.9,409.4,408.8,409.3,43396,408.41,408.11,14.89,1.17
2026-06-02 13:10:00,409.35,410.0,409.15,409.5,93442,408.63,408.23,14.97,1.16
2026-06-02 13:15:00,409.5,409.75,408.2,408.5,73800,408.6,408.26,14.07,1.18
2026-06-02 13:20:00,408.5,409.05,408.2,408.7,110938,408.62,408.3,13.24,1.16
2026-06-02 13:25:00,409.0,409.3,408.8,409.2,32470,408.74,408.38,12.7,1.13
2026-06-02 13:30:00,409.3,409.65,409.05,409.55,42051,408.9,408.49,12.54,1.11
2026-06-02 13:35:00,409.55,409.6,409.0,409.2,31120,408.96,408.55,12.33,1.08
2026-06-02 13:40:00,409.35,409.55,408.85,409.3,38812,409.03,408.62,11.95,1.07
2026-06-02 13:45:00,409.35,409.7,409.25,409.45,38456,409.11,408.69,11.77,1.04
2026-06-02 13:50:00,409.45,409.85,409.3,409.7,28158,409.23,408.79,11.76,1.01
2026-06-02 13:55:00,409.6,409.9,409.25,409.75,29012,409.33,408.87,11.68,1.0
2026-06-02 14:00:00,409.75,410.0,409.6,409.85,71242,409.44,408.96,11.74,0.97
2026-06-02 14:05:00,409.85,410.75,409.75,410.55,77776,409.66,409.11,12.65,0.97
2026-06-02 14:10:00,410.6,410.8,410.1,410.45,83867,409.82,409.23,13.55,0.96
2026-06-02 14:15:00,410.4,410.65,410.0,410.05,83217,409.86,409.3,14.2,0.94
2026-06-02 14:20:00,410.0,410.5,409.8,409.95,39440,409.88,409.36,14.43,0.93
2026-06-02 14:25:00,409.9,410.65,409.45,410.1,78099,409.93,409.43,14.02,0.94
2026-06-02 14:30:00,410.2,410.65,410.05,410.35,38569,410.01,409.51,13.64,0.93
2026-06-02 14:35:00,410.5,410.5,409.05,409.6,316798,409.93,409.52,13.58,0.95
2026-06-02 14:40:00,409.65,409.8,409.1,409.7,123824,409.88,409.54,13.52,0.94
2026-06-02 14:45:00,409.8,410.0,408.95,410.0,93351,409.91,409.58,13.12,0.94
2026-06-02 14:50:00,410.1,410.5,410.0,410.25,79194,409.97,409.64,12.43,0.92
2026-06-02 14:55:00,410.3,410.75,410.1,410.4,64917,410.06,409.71,12.17,0.91
2026-06-02 15:00:00,410.45,411.15,409.65,411.0,149420,410.25,409.83,11.41,0.94
2026-06-02 15:05:00,410.95,411.25,410.55,410.85,98112,410.37,409.92,10.64,0.93
2026-06-02 15:10:00,410.95,411.8,410.35,410.4,225948,410.37,409.96,10.75,0.95
2026-06-02 15:15:00,410.4,410.95,410.05,410.85,239118,410.47,410.04,10.35,0.95
2026-06-02 15:20:00,410.95,411.4,410.45,411.0,179037,410.58,410.13,10.6,0.95
2026-06-02 15:25:00,411.0,412.0,410.25,411.55,219959,410.77,410.26,11.56,0.99
2026-06-03 09:15:00,410.75,412.65,409.0,409.3,584691,410.48,410.17,10.87,1.11
2026-06-03 09:20:00,409.25,409.4,405.95,406.9,535206,409.76,409.88,12.72,1.23
2026-06-03 09:25:00,407.05,408.0,406.2,406.65,213161,409.14,409.58,14.44,1.25
2026-06-03 09:30:00,406.6,407.15,405.55,406.35,137648,408.58,409.29,16.39,1.27
2026-06-03 09:35:00,406.4,407.4,405.3,407.25,182042,408.31,409.1,18.21,1.31
2026-06-03 09:40:00,407.3,407.75,405.7,406.2,206806,407.89,408.84,19.41,1.34
2026-06-03 09:45:00,406.15,406.9,405.1,405.1,140506,407.33,408.5,20.9,1.37
2026-06-03 09:50:00,405.1,405.8,404.05,404.35,148785,406.74,408.12,22.86,1.38
2026-06-03 09:55:00,404.1,404.3,402.6,403.9,295119,406.17,407.74,25.28,1.4
2026-06-03 10:00:00,403.8,405.5,403.5,405.45,113081,406.03,407.53,26.09,1.43
2026-06-03 10:05:00,405.5,405.8,402.3,402.8,425175,405.38,407.1,27.4,1.53
2026-06-03 10:10:00,402.8,403.0,402.1,402.8,78249,404.86,406.71,28.7,1.5
2026-06-03 10:15:00,402.85,403.5,402.25,403.5,94580,404.59,406.42,29.34,1.49
2026-06-03 10:20:00,403.4,403.85,403.2,403.25,82137,404.32,406.13,29.54,1.45
2026-06-03 10:25:00,403.2,403.45,402.25,402.4,151757,403.94,405.79,30.23,1.44
2026-06-03 10:30:00,402.5,402.9,401.2,401.55,156159,403.46,405.4,31.35,1.45
2026-06-03 10:35:00,401.5,402.25,401.1,401.6,169036,403.09,405.06,32.43,1.43
2026-06-03 10:40:00,401.75,402.5,401.6,402.25,67051,402.92,404.8,33.13,1.41
2026-06-03 10:45:00,402.3,403.3,402.05,403.25,78185,402.99,404.66,32.86,1.4
2026-06-03 10:50:00,403.15,403.7,402.9,403.4,82518,403.07,404.55,32.17,1.37
2026-06-03 10:55:00,403.55,403.6,402.05,403.15,58265,403.09,404.42,32.07,1.38
2026-06-03 11:00:00,403.3,403.35,402.4,402.7,88231,403.01,404.26,31.97,1.36
2026-06-03 11:05:00,402.55,402.6,402.05,402.25,35375,402.86,404.08,32.09,1.33
2026-06-03 11:10:00,402.3,402.8,401.75,402.1,65324,402.71,403.9,32.39,1.31
2026-06-03 11:15:00,402.2,402.2,401.0,401.5,137457,402.46,403.68,33.11,1.31
2026-06-03 11:20:00,401.55,402.55,401.45,401.8,345731,402.33,403.51,33.3,1.3
2026-06-03 11:25:00,401.8,402.2,401.15,401.6,38623,402.19,403.34,33.67,1.29
2026-06-03 11:30:00,401.7,402.1,401.5,401.8,26735,402.11,403.2,34.02,1.25
2026-06-03 11:35:00,401.8,402.35,401.8,402.1,39098,402.11,403.1,33.96,1.22
2026-06-03 11:40:00,402.25,402.4,401.85,402.05,36490,402.1,403.0,33.84,1.19
2026-06-03 11:45:00,402.1,402.75,402.0,402.2,52634,402.12,402.93,33.18,1.17
2026-06-03 11:50:00,402.2,402.2,400.45,400.9,106190,401.87,402.75,33.72,1.19
2026-06-03 11:55:00,400.8,401.0,400.1,400.3,108926,401.56,402.52,34.43,1.18
2026-06-03 12:00:00,400.2,400.35,397.3,398.2,298444,400.89,402.13,36.3,1.27
2026-06-03 12:05:00,398.2,399.0,398.0,398.75,162864,400.46,401.82,38.03,1.26
2026-06-03 12:10:00,398.65,399.15,398.5,398.95,75665,400.16,401.56,39.43,1.23
2026-06-03 12:15:00,398.9,399.25,398.5,399.0,53148,399.93,401.33,40.58,1.21
2026-06-03 12:20:00,398.95,400.0,398.95,399.6,69295,399.86,401.17,40.6,1.2
2026-06-03 12:25:00,399.7,402.25,399.65,402.0,170748,400.29,401.25,38.26,1.27
2026-06-03 12:30:00,402.0,402.95,402.0,402.8,98313,400.79,401.39,35.54,1.25
2026-06-03 12:35:00,402.8,403.9,402.75,403.3,326004,401.29,401.56,33.68,1.25
2026-06-03 12:40:00,403.25,404.0,402.85,402.9,179830,401.61,401.68,32.02,1.24
2026-06-03 12:45:00,402.85,403.8,402.5,403.0,210787,401.89,401.8,30.18,1.25
2026-06-03 12:50:00,402.95,403.2,402.55,403.05,55657,402.12,401.92,28.46,1.22
2026-06-03 12:55:00,403.0,403.6,402.75,403.4,44126,402.38,402.05,27.2,1.2
2026-06-03 13:00:00,403.4,403.7,403.2,403.4,93898,402.58,402.17,26.11,1.17
2026-06-03 13:05:00,403.4,403.6,403.0,403.4,38656,402.75,402.29,24.88,1.14
2026-06-03 13:10:00,403.4,403.7,403.1,403.7,52151,402.94,402.41,23.84,1.11
2026-06-03 13:15:00,404.15,405.25,404.15,404.95,138864,403.34,402.64,24.11,1.13
2026-06-03 13:20:00,404.9,405.7,404.9,405.55,86350,403.78,402.91,24.67,1.12
2026-06-03 13:25:00,405.55,405.65,404.85,405.25,43291,404.08,403.12,25.12,1.1
2026-06-03 13:30:00,405.35,405.5,404.3,405.25,56873,404.31,403.32,24.84,1.11
2026-06-03 13:35:00,405.2,405.3,403.95,404.0,116094,404.25,403.38,24.15,1.12
2026-06-03 13:40:00,404.0,404.9,403.95,404.45,214589,404.29,403.47,23.52,1.11
2026-06-03 13:45:00,404.25,406.0,404.1,405.4,71718,404.51,403.65,23.84,1.15
2026-06-03 13:50:00,405.4,405.6,404.8,405.2,58234,404.65,403.79,24.14,1.13
2026-06-03 13:55:00,405.1,405.5,404.7,405.5,47793,404.82,403.95,24.28,1.12
2026-06-03 14:00:00,405.5,406.0,405.25,405.9,94948,405.04,404.12,24.82,1.1
2026-06-03 14:05:00,406.0,406.4,405.4,406.15,75865,405.26,404.31,25.62,1.09
2026-06-03 14:10:00,406.15,406.35,405.35,406.35,51310,405.48,404.49,26.29,1.09
2026-06-03 14:15:00,406.3,407.55,406.3,407.35,83108,405.85,404.75,27.74,1.1
2026-06-03 14:20:00,407.5,407.8,407.05,407.6,87676,406.2,405.01,29.23,1.08
2026-06-03 14:25:00,407.6,407.8,406.6,407.75,70392,406.51,405.26,29.87,1.09
2026-06-03 14:30:00,407.7,408.45,407.65,408.05,134062,406.82,405.51,30.9,1.07
2026-06-03 14:35:00,408.1,408.4,407.0,408.05,77294,407.06,405.75,30.88,1.09
2026-06-03 14:40:00,408.05,408.7,408.05,408.6,72092,407.37,406.0,31.09,1.07
2026-06-03 14:45:00,408.6,408.7,408.0,408.45,49992,407.59,406.23,31.2,1.05
2026-06-03 14:50:00,408.25,408.75,408.2,408.65,63364,407.8,406.45,31.34,1.03
2026-06-03 14:55:00,408.6,408.6,407.3,407.95,126490,407.83,406.58,30.12,1.04
2026-06-03 15:00:00,408.3,408.75,406.55,407.4,179301,407.74,406.66,28.07,1.1
2026-06-03 15:05:00,407.4,408.5,406.35,406.4,215144,407.48,406.63,26.2,1.15
2026-06-03 15:10:00,406.4,406.65,405.15,406.5,221531,407.28,406.62,25.64,1.16
2026-06-03 15:15:00,406.55,406.6,405.9,406.05,120775,407.03,406.57,25.13,1.14
2026-06-03 15:20:00,405.95,406.3,405.6,405.6,141691,406.75,406.48,24.93,1.12
2026-06-03 15:25:00,405.65,405.65,404.7,405.05,276657,406.41,406.35,25.47,1.11
2026-06-04 09:15:00,410.4,411.0,404.1,405.7,1766418,406.27,406.29,25.65,1.39
2026-06-04 09:20:00,405.75,407.9,404.5,407.15,565480,406.44,406.37,25.82,1.48
2026-06-04 09:25:00,407.1,408.2,406.35,406.95,349923,406.54,406.42,26.12,1.5
2026-06-04 09:30:00,406.95,407.35,405.95,406.8,202366,406.6,406.46,26.03,1.5
2026-06-04 09:35:00,406.8,408.1,405.9,405.95,209761,406.47,406.41,26.35,1.53
2026-06-04 09:40:00,405.65,406.7,405.4,406.1,276154,406.39,406.38,26.18,1.52
2026-06-04 09:45:00,406.05,406.7,405.2,405.7,174781,406.25,406.32,25.82,1.52
2026-06-04 09:50:00,405.7,406.2,405.4,406.2,69134,406.24,406.31,25.49,1.48
2026-06-04 09:55:00,406.05,406.4,405.8,405.9,85040,406.17,406.27,25.33,1.44
2026-06-04 10:00:00,405.85,406.3,405.5,405.75,91441,406.09,406.23,24.84,1.41
2026-06-04 10:05:00,405.9,406.95,405.75,406.65,168554,406.2,406.26,24.86,1.4
2026-06-04 10:10:00,406.7,407.55,406.5,407.4,148573,406.44,406.37,25.27,1.38
2026-06-04 10:15:00,407.35,408.0,407.3,407.7,139424,406.69,406.49,25.93,1.35
2026-06-04 10:20:00,407.7,408.7,407.55,408.3,183510,407.01,406.65,26.95,1.34
2026-06-04 10:25:00,408.4,408.45,407.35,407.65,92530,407.14,406.74,27.64,1.33
2026-06-04 10:30:00,407.65,407.65,406.5,406.85,103292,407.08,406.75,27.24,1.32
2026-06-04 10:35:00,406.85,407.15,406.1,406.45,106177,406.96,406.73,26.43,1.31
2026-06-04 10:40:00,406.45,407.45,406.25,407.45,87558,407.06,406.79,25.91,1.3
2026-06-04 10:45:00,407.45,409.55,407.05,407.3,285884,407.1,406.84,26.76,1.36
2026-06-04 10:50:00,407.2,408.65,406.5,408.6,121362,407.4,407.0,26.95,1.4
2026-06-04 10:55:00,408.6,408.9,407.85,407.85,100129,407.49,407.08,27.27,1.38
2026-06-04 11:00:00,407.8,408.1,406.9,407.0,123347,407.39,407.07,26.57,1.37
2026-06-04 11:05:00,406.9,407.25,406.35,406.8,121666,407.28,407.04,25.4,1.35
2026-06-04 11:10:00,406.75,407.5,406.75,407.35,78738,407.29,407.07,24.51,1.32
2026-06-04 11:15:00,407.35,407.9,407.15,407.55,80970,407.34,407.12,23.98,1.29
2026-06-04 11:20:00,407.45,407.6,406.25,407.05,336773,407.28,407.11,22.61,1.3
2026-06-04 11:25:00,407.0,407.2,406.1,406.6,256574,407.15,407.06,21.2,1.29
2026-06-04 11:30:00,406.6,406.8,406.15,406.6,119202,407.04,407.02,19.89,1.26
2026-06-04 11:35:00,406.6,407.2,406.4,407.05,89523,407.04,407.02,19.05,1.24
2026-06-04 11:40:00,407.15,407.15,406.1,406.1,119113,406.85,406.94,17.95,1.23
2026-06-04 11:45:00,405.95,406.2,405.65,406.15,115206,406.71,406.87,16.88,1.19
2026-06-04 11:50:00,406.05,406.15,405.2,405.45,128080,406.46,406.74,16.32,1.18
2026-06-04 11:55:00,405.45,405.95,404.8,405.95,164619,406.36,406.67,16.18,1.18
2026-06-04 12:00:00,405.9,406.35,405.25,406.3,253305,406.35,406.63,15.57,1.18
2026-06-04 12:05:00,406.3,406.95,406.2,406.8,87323,406.44,406.65,14.58,1.16
2026-06-04 12:10:00,406.9,407.15,406.7,407.15,85646,406.58,406.69,13.86,1.12
2026-06-04 12:15:00,407.15,407.2,406.25,406.75,74519,406.61,406.7,13.05,1.12
2026-06-04 12:20:00,406.75,406.95,406.55,406.65,58726,406.62,406.7,12.3,1.08
2026-06-04 12:25:00,406.6,407.0,406.3,407.0,72029,406.7,406.72,11.89,1.06
2026-06-04 12:30:00,407.0,407.25,406.65,406.8,94841,406.72,406.73,11.19,1.04
2026-06-04 12:35:00,406.8,406.95,406.5,406.95,66342,406.76,406.75,10.72,1.01
2026-06-04 12:40:00,406.85,407.25,406.6,406.9,114248,406.79,406.76,10.03,1.0
2026-06-04 12:45:00,407.05,407.15,406.3,406.6,76172,406.75,406.75,9.64,0.99
2026-06-04 12:50:00,406.6,406.7,406.15,406.35,72559,406.67,406.71,9.48,0.97
2026-06-04 12:55:00,406.55,406.85,406.3,406.8,73340,406.7,406.72,9.1,0.95
2026-06-04 13:00:00,406.65,406.85,405.35,405.5,140884,406.46,406.61,9.92,0.97
2026-06-04 13:05:00,405.5,405.6,404.15,404.3,193360,406.03,406.4,11.76,1.0
2026-06-04 13:10:00,404.35,404.65,402.55,402.75,260863,405.37,406.07,14.46,1.05
2026-06-04 13:15:00,402.7,403.35,401.75,403.05,262916,404.91,405.79,17.33,1.08
2026-06-04 13:20:00,403.05,403.45,402.65,402.9,120204,404.51,405.53,19.85,1.06
2026-06-04 13:25:00,402.85,403.2,402.55,402.8,65673,404.16,405.28,22.24,1.04
2026-06-04 13:30:00,402.75,403.0,402.15,402.85,92419,403.9,405.06,24.66,1.03
2026-06-04 13:35:00,402.9,403.5,402.8,403.3,76627,403.78,404.9,26.08,1.02
2026-06-04 13:40:00,403.3,403.45,402.4,403.25,73329,403.68,404.75,27.63,1.02
2026-06-04 13:45:00,403.3,403.7,401.85,402.05,212655,403.35,404.51,29.38,1.06
2026-06-04 13:50:00,402.0,402.2,400.75,400.75,413770,402.83,404.16,31.51,1.08
2026-06-04 13:55:00,400.75,400.85,399.5,400.0,282289,402.26,403.79,33.94,1.09
2026-06-04 14:00:00,399.85,400.95,399.85,400.45,117858,401.9,403.48,36.04,1.09
2026-06-04 14:05:00,400.45,400.65,399.6,399.9,116776,401.5,403.16,38.08,1.09
2026-06-04 14:10:00,399.9,400.0,398.1,398.35,228574,400.87,402.72,40.43,1.13
2026-06-04 14:15:00,398.35,398.6,396.0,396.45,492796,399.99,402.15,43.06,1.2
2026-06-04 14:20:00,396.35,396.45,392.15,392.6,956869,398.51,401.28,45.98,1.35
2026-06-04 14:25:00,392.6,394.25,388.5,389.0,1008648,396.61,400.16,48.96,1.56
2026-06-04 14:30:00,388.95,390.0,386.6,387.9,1223841,394.87,399.05,51.83,1.64
2026-06-04 14:35:00,387.95,390.7,384.5,390.5,1479887,393.99,398.27,54.58,1.86
2026-06-04 14:40:00,390.25,391.75,390.0,390.55,729152,393.3,397.57,56.31,1.85
2026-06-04 14:45:00,390.6,391.3,389.3,390.95,613108,392.83,396.97,57.98,1.86
2026-06-04 14:50:00,391.0,392.4,390.75,392.4,347619,392.75,396.55,58.68,1.85
2026-06-04 14:55:00,392.6,393.5,392.05,392.4,422071,392.68,396.18,58.53,1.83
2026-06-04 15:00:00,392.4,392.85,390.85,392.4,432880,392.62,395.83,58.62,1.84
2026-06-04 15:05:00,392.25,392.9,391.6,392.25,342833,392.55,395.51,58.66,1.81
2026-06-04 15:10:00,392.2,392.85,391.6,392.0,444424,392.44,395.19,58.7,1.79
2026-06-04 15:15:00,391.75,391.75,389.1,389.9,743121,391.93,394.71,59.2,1.84
2026-06-04 15:20:00,389.9,390.0,387.4,387.55,854858,391.05,394.06,59.92,1.88
2026-06-04 15:25:00,387.5,388.15,385.0,387.4,1377785,390.32,393.45,60.89,1.94
2026-06-05 09:15:00,390.0,390.8,382.6,385.5,1278811,389.36,392.73,60.05,2.24
2026-06-05 09:20:00,385.6,386.65,383.6,385.55,427638,388.6,392.08,59.28,2.27
2026-06-05 09:25:00,385.45,386.0,384.4,385.2,264981,387.92,391.45,58.56,2.24
2026-06-05 09:30:00,385.2,386.0,384.35,386.0,162565,387.53,390.96,57.91,2.21
2026-06-05 09:35:00,385.95,392.0,385.8,391.75,723272,388.38,391.03,54.12,2.4
2026-06-05 09:40:00,391.8,393.8,391.05,392.1,511285,389.12,391.13,50.56,2.42
2026-06-05 09:45:00,392.1,393.0,391.7,392.2,275717,389.74,391.22,47.26,2.37
2026-06-05 09:50:00,392.1,392.15,390.7,391.15,249477,390.02,391.22,43.97,2.33
2026-06-05 09:55:00,391.15,392.85,391.1,392.0,169316,390.42,391.29,41.02,2.3
2026-06-05 10:00:00,392.0,392.95,391.45,392.7,88502,390.87,391.42,38.32,2.26
2026-06-05 10:05:00,392.7,393.0,392.2,392.7,293917,391.24,391.53,35.84,2.19
2026-06-05 10:10:00,392.85,393.0,391.0,391.15,183850,391.22,391.5,33.59,2.18
2026-06-05 10:15:00,391.15,392.6,391.1,392.2,128696,391.42,391.56,31.5,2.15
2026-06-05 10:20:00,392.2,392.45,391.7,392.45,63453,391.62,391.64,29.56,2.08
2026-06-05 10:25:00,392.4,392.85,390.8,391.45,83839,391.59,391.62,28.21,2.08
2026-06-05 10:30:00,391.5,392.15,391.45,391.6,49181,391.59,391.62,26.96,2.02
2026-06-05 10:35:00,391.6,391.8,390.25,390.4,102769,391.35,391.51,26.39,1.99
2026-06-05 10:40:00,390.5,391.0,389.85,390.9,145761,391.26,391.46,26.05,1.95
2026-06-05 10:45:00,391.0,391.65,390.1,391.65,61947,391.34,391.47,25.27,1.93
2026-06-05 10:50:00,391.8,393.45,391.8,393.2,129983,391.71,391.63,23.52,1.93
2026-06-05 10:55:00,393.35,395.0,393.15,394.65,376852,392.3,391.91,22.7,1.92
2026-06-05 11:00:00,394.5,395.5,394.3,395.05,310477,392.85,392.19,22.17,1.89
2026-06-05 11:05:00,395.15,395.65,394.5,394.65,117010,393.21,392.41,21.76,1.85
2026-06-05 11:10:00,394.7,394.75,393.5,393.75,102949,393.32,392.54,20.71,1.83
2026-06-05 11:15:00,393.7,395.5,393.6,394.1,195431,393.47,392.68,20.14,1.83
2026-06-05 11:20:00,394.1,394.3,390.45,390.8,451514,392.94,392.51,19.52,1.93
2026-06-05 11:25:00,390.7,399.65,390.5,399.15,1729759,394.18,393.11,19.55,2.27
2026-06-05 11:30:00,399.35,400.35,397.35,398.0,1056690,394.95,393.56,19.8,2.3
2026-06-05 11:35:00,398.0,398.05,392.6,394.6,947685,394.88,393.65,18.66,2.45
2026-06-05 11:40:00,394.75,395.85,393.65,393.85,298194,394.67,393.67,17.61,2.44
2026-06-05 11:45:00,394.0,394.45,392.1,392.2,348576,394.18,393.54,17.15,2.44
2026-06-05 11:50:00,392.15,392.55,391.4,392.05,319508,393.75,393.4,16.95,2.38
2026-06-05 11:55:00,392.0,392.15,391.45,391.45,106426,393.29,393.22,16.77,2.3
2026-06-05 12:00:00,391.45,393.0,391.0,392.6,219009,393.15,393.17,16.21,2.28
2026-06-05 12:05:00,392.7,392.95,392.4,392.95,83337,393.11,393.15,15.69,2.2
2026-06-05 12:10:00,392.75,392.75,391.7,392.35,82915,392.96,393.07,15.49,2.15
2026-06-05 12:15:00,392.7,392.7,391.7,391.85,106794,392.74,392.96,15.3,2.1
2026-06-05 12:20:00,391.7,392.6,391.55,392.3,81272,392.65,392.9,15.2,2.05
2026-06-05 12:25:00,392.35,392.5,390.7,390.8,138932,392.28,392.71,15.48,2.04
2026-06-05 12:30:00,391.0,392.0,391.0,391.8,120699,392.18,392.63,15.74,2.0
2026-06-05 12:35:00,391.8,392.25,391.35,392.0,84559,392.15,392.57,15.81,1.95
2026-06-05 12:40:00,392.0,392.25,390.65,390.9,109591,391.9,392.42,16.22,1.93
2026-06-05 12:45:00,390.9,391.65,390.75,391.0,82942,391.72,392.29,16.6,1.88
2026-06-05 12:50:00,391.0,391.4,390.3,391.05,110152,391.58,392.18,17.19,1.84
2026-06-05 12:55:00,391.15,391.35,390.6,390.75,59699,391.42,392.05,17.74,1.79
2026-06-05 13:00:00,390.8,390.8,390.3,390.65,52842,391.26,391.92,18.42,1.73
2026-06-05 13:05:00,390.6,390.95,389.05,389.5,184352,390.91,391.7,19.69,1.74
2026-06-05 13:10:00,389.3,389.5,387.45,387.65,171723,390.26,391.33,21.53,1.75
2026-06-05 13:15:00,387.6,388.55,387.5,388.0,112795,389.81,391.03,23.23,1.72
2026-06-05 13:20:00,388.05,388.2,386.3,386.65,218844,389.18,390.63,25.26,1.73
2026-06-05 13:25:00,386.5,386.8,386.0,386.25,96935,388.59,390.23,27.24,1.68
2026-06-05 13:30:00,386.25,386.75,385.7,386.6,120309,388.19,389.9,29.18,1.65
2026-06-05 13:35:00,386.6,387.05,385.9,386.05,107333,387.76,389.55,30.63,1.63
2026-06-05 13:40:00,386.05,386.25,385.05,385.55,105373,387.32,389.19,32.3,1.61
2026-06-05 13:45:00,385.6,386.5,385.4,386.2,120260,387.1,388.92,33.55,1.58
2026-06-05 13:50:00,386.0,386.2,385.6,385.75,55573,386.83,388.63,34.7,1.54
2026-06-05 13:55:00,385.75,386.0,385.3,385.85,53217,386.63,388.38,35.91,1.5
2026-06-05 14:00:00,385.95,386.25,385.3,385.85,98539,386.48,388.15,36.69,1.47
2026-06-05 14:05:00,385.95,386.75,385.6,386.3,57091,386.44,387.98,36.74,1.46
2026-06-05 14:10:00,386.3,386.65,386.0,386.35,47389,386.42,387.83,36.78,1.42
2026-06-05 14:15:00,386.45,386.6,385.9,386.5,37820,386.44,387.71,36.89,1.38
2026-06-05 14:20:00,386.5,386.75,385.85,386.7,168847,386.49,387.62,36.76,1.36
2026-06-05 14:25:00,386.75,389.15,386.5,388.95,335242,386.98,387.74,34.38,1.42
2026-06-05 14:30:00,389.0,389.5,388.65,388.85,124986,387.36,387.84,32.46,1.39
2026-06-05 14:35:00,388.7,388.9,387.65,388.3,74344,387.54,387.88,30.5,1.39
2026-06-05 14:40:00,388.3,390.25,388.2,390.25,156552,388.09,388.1,29.05,1.42
2026-06-05 14:45:00,390.15,390.6,388.3,388.55,121266,388.18,388.14,27.96,1.46
2026-06-05 14:50:00,388.85,389.65,388.8,389.5,57723,388.44,388.26,26.94,1.44
2026-06-05 14:55:00,389.4,389.4,388.25,388.45,146915,388.44,388.28,25.46,1.43
2026-06-05 15:00:00,388.45,388.5,386.75,387.2,214496,388.2,388.18,24.43,1.45
2026-06-05 15:05:00,387.25,387.8,387.05,387.6,97060,388.08,388.13,23.48,1.42
2026-06-05 15:10:00,387.7,388.25,387.1,387.3,241231,387.92,388.05,22.17,1.4
2026-06-05 15:15:00,387.35,387.95,387.0,387.0,224713,387.74,387.96,21.04,1.38
2026-06-05 15:20:00,387.0,387.0,386.0,386.5,349884,387.49,387.82,20.79,1.36
2026-06-05 15:25:00,386.5,386.85,386.0,386.55,348946,387.3,387.71,20.56,1.34
2026-06-08 09:15:00,378.0,386.8,378.0,386.65,825358,387.17,387.61,23.44,1.69
2026-06-08 09:20:00,386.9,389.7,386.5,387.75,669649,387.29,387.63,24.16,1.77
2026-06-08 09:25:00,387.55,388.2,386.85,387.6,320634,387.35,387.62,24.83,1.75
2026-06-08 09:30:00,387.6,388.35,386.55,386.65,195635,387.21,387.53,25.55,1.75
2026-06-08 09:35:00,386.8,386.8,384.3,384.95,271636,386.76,387.3,26.86,1.79
2026-06-08 09:40:00,384.95,386.15,384.15,386.05,304668,386.62,387.19,28.12,1.8
2026-06-08 09:45:00,386.0,386.8,383.1,383.2,367576,385.93,386.82,29.57,1.89
2026-06-08 09:50:00,383.2,385.0,382.65,385.0,318315,385.75,386.66,31.02,1.91
2026-06-08 09:55:00,384.8,385.05,383.1,384.0,391252,385.4,386.42,32.34,1.91
2026-06-08 10:00:00,384.0,384.15,383.3,383.4,143305,385.0,386.14,33.56,1.86
2026-06-08 10:05:00,383.55,384.1,382.7,382.9,169614,384.58,385.85,34.87,1.84
2026-06-08 10:10:00,382.9,383.2,382.2,382.65,127473,384.19,385.56,36.23,1.8
2026-06-08 10:15:00,382.6,383.2,382.45,382.8,85418,383.91,385.31,37.49,1.75
2026-06-08 10:20:00,382.8,383.35,382.7,382.85,67445,383.7,385.08,38.5,1.7
2026-06-08 10:25:00,383.0,383.05,382.0,382.65,67771,383.49,384.86,39.68,1.66
2026-06-08 10:30:00,382.8,384.65,382.65,384.5,220473,383.69,384.83,39.19,1.68
2026-06-08 10:35:00,384.45,385.55,384.3,385.3,108676,384.01,384.87,37.98,1.66
2026-06-08 10:40:00,385.3,386.1,385.0,385.5,117912,384.31,384.93,36.42,1.63
2026-06-08 10:45:00,385.5,385.8,385.0,385.55,98570,384.56,384.99,34.97,1.59
2026-06-08 10:50:00,385.6,386.05,384.3,384.55,81814,384.56,384.95,34.04,1.6
2026-06-08 10:55:00,384.55,385.1,384.15,385.0,75910,384.65,384.95,33.26,1.57
2026-06-08 11:00:00,385.1,385.35,384.75,385.05,24854,384.73,384.96,32.29,1.52
2026-06-08 11:05:00,385.05,385.45,384.9,385.25,24768,384.83,384.99,31.3,1.48
2026-06-08 11:10:00,385.25,385.5,384.5,384.75,51450,384.82,384.96,30.65,1.46
2026-06-08 11:15:00,384.75,384.95,384.5,384.55,29352,384.76,384.93,30.05,1.41
2026-06-08 11:20:00,384.6,384.9,384.3,384.4,49881,384.69,384.88,29.64,1.37
2026-06-08 11:25:00,384.5,385.0,384.3,384.8,28041,384.71,384.87,29.14,1.34
2026-06-08 11:30:00,384.8,385.0,384.6,384.75,22192,384.72,384.86,28.67,1.29
2026-06-08 11:35:00,384.75,385.5,384.65,385.45,43278,384.87,384.91,27.57,1.27
2026-06-08 11:40:00,385.35,388.0,385.35,387.6,219193,385.41,385.16,27.0,1.34
2026-06-08 11:45:00,387.7,387.75,387.0,387.65,63111,385.86,385.38,26.48,1.31
2026-06-08 11:50:00,387.7,387.7,387.35,387.55,42691,386.2,385.58,26.0,1.26
2026-06-08 11:55:00,387.85,387.9,387.5,387.85,29979,386.53,385.79,25.71,1.22
2026-06-08 12:00:00,387.75,388.0,387.35,387.75,36259,386.77,385.97,25.25,1.19
2026-06-08 12:05:00,387.85,387.9,387.3,387.4,53706,386.9,386.1,24.75,1.17
2026-06-08 12:10:00,387.5,387.75,387.2,387.3,38501,386.98,386.21,24.15,1.14
2026-06-08 12:15:00,387.4,387.4,386.85,387.3,34771,387.04,386.31,23.1,1.11
2026-06-08 12:20:00,387.3,387.9,387.15,387.65,31354,387.16,386.43,22.66,1.09
2026-06-08 12:25:00,387.65,388.45,387.65,388.05,61131,387.34,386.58,22.79,1.08
2026-06-08 12:30:00,387.9,388.4,387.9,388.05,44983,387.48,386.71,22.91,1.05
2026-06-08 12:35:00,388.2,388.6,388.0,388.0,44238,387.59,386.83,23.23,1.03
2026-06-08 12:40:00,388.2,388.8,388.0,388.65,48683,387.8,386.99,23.71,1.02
2026-06-08 12:45:00,388.55,388.9,388.2,388.9,53227,388.02,387.17,24.27,1.0
2026-06-08 12:50:00,388.8,389.25,388.5,388.8,121064,388.18,387.31,25.13,0.99
2026-06-08 12:55:00,388.8,389.1,388.6,389.1,25459,388.36,387.48,25.92,0.97
2026-06-08 13:00:00,389.1,389.9,389.0,389.0,104983,388.49,387.62,27.38,0.96
2026-06-08 13:05:00,389.0,389.35,387.9,388.2,131873,388.43,387.67,26.76,0.99
2026-06-08 13:10:00,388.2,388.4,387.7,388.0,69592,388.34,387.7,25.88,0.97
2026-06-08 13:15:00,388.2,388.4,387.75,387.8,55069,388.24,387.71,25.06,0.96
2026-06-08 13:20:00,387.75,388.2,387.7,388.05,25275,388.2,387.74,24.22,0.94
2026-06-08 13:25:00,388.05,388.2,387.65,387.9,44301,388.14,387.75,23.35,0.92
2026-06-08 13:30:00,388.0,388.2,387.3,387.75,50898,388.06,387.75,21.93,0.92
2026-06-08 13:35:00,387.75,387.9,387.15,387.5,36122,387.95,387.73,20.36,0.91
2026-06-08 13:40:00,387.6,387.7,387.2,387.2,52843,387.8,387.68,18.91,0.89
2026-06-08 13:45:00,387.3,387.75,386.7,387.55,78038,387.75,387.67,18.39,0.9
2026-06-08 13:50:00,387.55,387.85,386.35,386.5,54708,387.5,387.56,18.41,0.93
2026-06-08 13:55:00,386.45,387.15,386.15,387.05,54419,387.41,387.52,18.7,0.93
2026-06-08 14:00:00,387.0,387.75,386.9,387.4,71007,387.41,387.51,17.81,0.93
2026-06-08 14:05:00,387.35,387.75,387.2,387.4,54300,387.41,387.5,16.99,0.91
2026-06-08 14:10:00,387.45,387.7,387.0,387.0,28606,387.32,387.45,16.56,0.9
2026-06-08 14:15:00,387.0,387.6,386.75,387.6,43720,387.38,387.46,16.54,0.9
2026-06-08 14:20:00,387.45,387.45,386.9,387.05,31528,387.31,387.43,16.53,0.89
2026-06-08 14:25:00,387.05,387.2,386.5,387.05,46693,387.26,387.39,17.12,0.88
2026-06-08 14:30:00,387.1,387.6,386.9,386.95,57465,387.2,387.35,16.79,0.87
2026-06-08 14:35:00,386.95,387.85,386.95,387.65,50492,387.29,387.38,15.99,0.87
2026-06-08 14:40:00,387.65,388.35,387.0,388.3,106551,387.49,387.46,15.35,0.89
2026-06-08 14:45:00,388.4,389.3,388.15,388.25,140001,387.64,387.53,16.05,0.91
2026-06-08 14:50:00,388.3,389.2,387.9,388.0,132539,387.71,387.58,16.24,0.92
2026-06-08 14:55:00,388.0,388.45,387.45,388.0,98125,387.77,387.62,15.63,0.93
2026-06-08 15:00:00,388.05,388.05,386.25,386.7,197964,387.56,387.53,15.57,0.97
2026-06-08 15:05:00,386.85,387.9,386.25,387.3,184789,387.51,387.51,15.53,1.0
2026-06-08 15:10:00,387.45,387.95,387.2,387.4,194227,387.48,387.5,15.4,0.99
2026-06-08 15:15:00,387.45,388.3,387.25,387.75,278713,387.54,387.52,14.71,0.99
2026-06-08 15:20:00,388.0,388.1,383.55,383.85,509741,386.8,387.19,17.06,1.16
2026-06-08 15:25:00,383.95,385.0,382.7,385.0,271017,386.44,386.99,19.61,1.22
2026-06-09 09:15:00,388.25,389.0,385.25,388.3,495050,386.81,387.11,18.34,1.35
2026-06-09 09:20:00,388.3,388.55,386.7,387.0,169060,386.85,387.1,17.15,1.37
2026-06-09 09:25:00,387.05,387.6,386.5,387.1,207813,386.9,387.1,16.18,1.36
2026-06-09 09:30:00,387.0,388.1,386.3,387.2,182900,386.96,387.11,15.13,1.38
2026-06-09 09:35:00,387.2,388.75,387.2,388.3,151466,387.23,387.22,14.6,1.39
2026-06-09 09:40:00,388.3,388.5,387.2,387.9,121211,387.36,387.28,14.11,1.38
2026-06-09 09:45:00,387.9,388.6,387.25,387.4,117608,387.37,387.29,13.73,1.38
2026-06-09 09:50:00,387.4,388.5,387.4,388.25,64636,387.55,387.38,13.38,1.37
2026-06-09 09:55:00,388.25,388.45,387.3,387.3,84148,387.5,387.37,12.95,1.36
2026-06-09 10:00:00,387.2,388.1,387.0,387.3,59370,387.46,387.36,12.24,1.35
2026-06-09 10:05:00,387.3,388.3,387.1,388.1,60139,387.59,387.43,11.78,1.34
2026-06-09 10:10:00,388.1,388.5,387.8,388.1,68748,387.69,387.49,11.55,1.31
2026-06-09 10:15:00,387.95,388.45,387.2,387.2,44023,387.59,387.47,10.78,1.31
2026-06-09 10:20:00,387.35,387.35,385.45,385.5,175262,387.17,387.29,11.58,1.33
2026-06-09 10:25:00,385.5,388.05,385.05,387.95,229292,387.33,387.35,11.59,1.41
2026-06-09 10:30:00,387.95,388.2,387.6,387.8,58083,387.42,387.39,11.44,1.38
2026-06-09 10:35:00,387.8,388.15,387.65,388.05,30532,387.55,387.45,11.31,1.33
2026-06-09 10:40:00,388.05,388.5,387.95,388.4,72530,387.72,387.53,10.8,1.3
2026-06-09 10:45:00,388.4,389.5,388.4,388.6,144368,387.89,387.63,10.7,1.29
2026-06-09 10:50:00,388.6,389.3,388.5,389.2,48089,388.16,387.77,10.61,1.26
2026-06-09 10:55:00,389.25,389.7,388.6,389.7,224978,388.46,387.95,10.9,1.26
2026-06-09 11:00:00,389.6,390.75,389.3,390.6,282511,388.89,388.19,12.01,1.27
2026-06-09 11:05:00,390.65,392.0,389.9,390.5,435461,389.21,388.4,13.85,1.3
2026-06-09 11:10:00,390.5,391.25,389.5,389.5,307853,389.27,388.5,15.06,1.33
2026-06-09 11:15:00,389.5,389.9,388.05,388.55,165546,389.13,388.5,14.67,1.35
2026-06-09 11:20:00,388.55,388.75,387.7,388.0,110578,388.9,388.46,13.99,1.34
2026-06-09 11:25:00,388.0,389.0,387.6,388.7,40471,388.86,388.48,13.56,1.34
2026-06-09 11:30:00,388.65,389.25,388.5,389.15,52502,388.92,388.54,13.37,1.31
2026-06-09 11:35:00,389.15,389.75,389.1,389.65,46727,389.07,388.64,13.6,1.28
2026-06-09 11:40:00,389.65,389.8,389.45,389.7,39056,389.19,388.74,13.85,1.24
2026-06-09 11:45:00,389.7,390.7,389.7,390.6,76226,389.47,388.91,14.78,1.22
2026-06-09 11:50:00,390.6,390.75,390.15,390.55,72276,389.69,389.06,15.67,1.19
2026-06-09 11:55:00,390.35,390.9,390.25,390.7,26967,389.89,389.21,16.61,1.17
2026-06-09 12:00:00,390.7,391.5,390.4,391.5,125231,390.21,389.41,17.93,1.17
2026-06-09 12:05:00,391.6,391.6,391.35,391.5,54849,390.47,389.6,19.22,1.12
2026-06-09 12:10:00,391.5,392.3,391.45,392.1,76580,390.8,389.83,20.88,1.11
2026-06-09 12:15:00,392.1,394.8,392.1,394.35,240193,391.51,390.24,23.6,1.18
2026-06-09 12:20:00,394.4,395.0,394.1,394.5,123403,392.11,390.63,26.18,1.17
2026-06-09 12:25:00,394.5,394.7,394.05,394.2,78538,392.52,390.95,28.51,1.15
2026-06-09 12:30:00,394.2,394.2,393.2,393.6,65857,392.74,391.19,29.49,1.14
2026-06-09 12:35:00,393.6,394.05,393.25,393.4,52473,392.87,391.39,30.4,1.12
2026-06-09 12:40:00,393.4,394.0,393.2,393.45,187022,392.99,391.58,31.17,1.11
2026-06-09 12:45:00,393.6,393.65,392.5,392.7,58958,392.93,391.68,30.92,1.11
2026-06-09 12:50:00,392.7,392.85,392.4,392.65,60021,392.87,391.77,30.54,1.08
2026-06-09 12:55:00,392.55,392.8,392.1,392.4,55938,392.78,391.83,29.79,1.06
2026-06-09 13:00:00,392.45,392.6,392.2,392.25,29341,392.67,391.87,29.1,1.03
2026-06-09 13:05:00,392.3,393.35,392.25,393.3,55607,392.8,392.0,29.11,1.03
2026-06-09 13:10:00,393.25,393.3,392.5,393.3,68195,392.9,392.12,29.12,1.02
2026-06-09 13:15:00,393.25,393.4,392.75,393.3,83498,392.98,392.22,29.22,1.0
2026-06-09 13:20:00,393.4,393.5,392.8,392.85,54004,392.95,392.28,29.41,0.99
2026-06-09 13:25:00,392.7,393.0,391.9,392.3,90570,392.82,392.28,28.15,0.99
2026-06-09 13:30:00,392.45,392.8,392.0,392.75,34528,392.81,392.32,26.97,0.99
2026-06-09 13:35:00,392.65,392.95,391.8,392.3,54300,392.71,392.32,25.58,0.99
2026-06-09 13:40:00,392.25,392.5,392.0,392.5,27991,392.67,392.34,24.29,0.97
2026-06-09 13:45:00,392.4,392.55,392.0,392.5,59376,392.63,392.35,23.16,0.95
2026-06-09 13:50:00,392.4,392.65,392.15,392.4,35564,392.59,392.36,22.26,0.93
2026-06-09 13:55:00,392.4,392.45,391.6,392.15,50547,392.5,392.34,20.86,0.92
2026-06-09 14:00:00,392.2,392.2,391.75,392.0,21853,392.4,392.31,19.55,0.9
2026-06-09 14:05:00,392.05,392.8,392.0,392.8,19865,392.48,392.35,18.93,0.9
2026-06-09 14:10:00,392.8,393.4,392.65,392.85,66977,392.55,392.4,19.14,0.89
2026-06-09 14:15:00,392.8,393.3,392.65,393.3,28452,392.7,392.48,19.33,0.88
2026-06-09 14:20:00,393.3,393.3,392.5,392.55,49578,392.67,392.49,19.21,0.87
2026-06-09 14:25:00,392.55,392.8,392.55,392.75,27238,392.69,392.51,19.1,0.85
2026-06-09 14:30:00,393.1,393.5,392.5,393.15,176057,392.78,392.57,19.93,0.85
2026-06-09 14:35:00,393.15,393.85,392.9,393.7,71644,392.96,392.67,21.08,0.86
2026-06-09 14:40:00,393.7,394.25,393.7,394.05,61642,393.18,392.8,22.55,0.84
2026-06-09 14:45:00,394.15,394.15,393.4,393.7,82479,393.29,392.88,23.25,0.84
2026-06-09 14:50:00,393.7,395.35,393.6,395.25,201422,393.68,393.09,24.97,0.88
2026-06-09 14:55:00,395.2,396.45,395.2,395.8,215915,394.1,393.34,27.24,0.9
2026-06-09 15:00:00,395.7,397.0,394.75,396.75,254177,394.63,393.65,29.63,0.96
2026-06-09 15:05:00,396.75,397.4,396.5,397.0,425052,395.11,393.95,32.02,0.96
2026-06-09 15:10:00,396.95,397.3,396.1,396.5,359308,395.38,394.19,33.49,0.97
2026-06-09 15:15:00,396.5,397.0,396.1,396.2,344494,395.55,394.37,34.85,0.97
2026-06-09 15:20:00,396.15,396.85,396.05,396.85,404231,395.81,394.59,36.01,0.96
2026-06-09 15:25:00,396.7,396.9,395.6,396.2,377000,395.89,394.74,36.19,0.98
2026-06-10 09:15:00,397.0,397.2,392.5,393.05,496686,395.32,394.59,34.63,1.15
2026-06-10 09:20:00,393.0,393.45,391.0,392.15,510764,394.69,394.37,34.19,1.22
2026-06-10 09:25:00,392.05,392.9,391.8,392.6,227573,394.27,394.2,33.78,1.21
2026-06-10 09:30:00,392.7,393.2,391.8,393.05,221447,394.02,394.1,33.07,1.22
2026-06-10 09:35:00,393.1,393.9,392.45,393.75,178067,393.97,394.07,31.65,1.23
2026-06-10 09:40:00,393.75,393.9,393.0,393.5,232038,393.88,394.02,30.33,1.21
2026-06-10 09:45:00,393.5,393.5,391.9,392.55,195602,393.61,393.88,29.94,1.23
2026-06-10 09:50:00,392.55,392.9,392.2,392.4,174774,393.37,393.75,29.58,1.21
2026-06-10 09:55:00,392.4,392.95,392.05,392.1,58488,393.11,393.6,29.35,1.19
2026-06-10 10:00:00,392.2,392.9,392.05,392.4,45419,392.97,393.49,29.14,1.18
2026-06-10 10:05:00,392.4,392.6,391.1,391.35,144845,392.65,393.3,29.64,1.19
2026-06-10 10:10:00,391.3,391.9,390.2,390.2,206617,392.16,393.01,30.65,1.22
2026-06-10 10:15:00,390.2,391.95,389.35,391.3,232466,391.99,392.86,32.03,1.28
2026-06-10 10:20:00,391.45,391.7,390.6,391.2,83137,391.83,392.71,33.3,1.27
2026-06-10 10:25:00,391.25,391.85,390.65,391.85,62830,391.83,392.63,34.25,1.27
2026-06-10 10:30:00,391.75,393.6,391.6,393.45,172306,392.16,392.7,32.89,1.3
2026-06-10 10:35:00,393.45,393.6,392.1,392.25,69210,392.18,392.66,31.64,1.31
2026-06-10 10:40:00,392.1,392.2,391.4,391.7,79081,392.08,392.58,31.01,1.29
2026-06-10 10:45:00,391.6,391.85,391.55,391.75,31156,392.01,392.5,30.43,1.24
2026-06-10 10:50:00,391.75,392.1,391.45,391.65,45074,391.94,392.42,29.58,1.22
2026-06-10 10:55:00,391.7,392.05,391.5,391.75,34912,391.9,392.36,28.79,1.18
2026-06-10 11:00:00,391.8,391.9,391.2,391.85,35781,391.89,392.32,28.33,1.16
2026-06-10 11:05:00,391.85,391.85,391.35,391.8,31713,391.87,392.27,27.91,1.13
2026-06-10 11:10:00,391.8,392.15,391.5,391.55,38123,391.81,392.2,27.05,1.11
2026-06-10 11:15:00,391.65,391.75,388.55,388.75,127612,391.2,391.89,28.4,1.21
2026-06-10 11:20:00,388.5,389.4,387.45,389.4,139862,390.84,391.66,30.14,1.24
2026-06-10 11:25:00,389.3,389.95,389.3,389.9,54163,390.65,391.5,31.07,1.21
2026-06-10 11:30:00,389.85,389.95,389.3,389.55,58134,390.43,391.33,31.93,1.19
2026-06-10 11:35:00,389.55,389.65,388.5,388.95,63590,390.13,391.11,33.12,1.19
2026-06-10 11:40:00,389.0,389.0,388.5,388.6,29566,389.83,390.88,34.22,1.15
2026-06-10 11:45:00,388.6,389.2,388.55,389.0,65019,389.66,390.71,34.96,1.13
2026-06-10 11:50:00,389.0,389.7,388.85,389.25,47664,389.58,390.58,34.94,1.12
2026-06-10 11:55:00,389.15,390.0,389.15,389.3,107679,389.52,390.46,34.51,1.1
2026-06-10 12:00:00,389.4,389.4,388.75,388.8,40116,389.38,390.31,34.41,1.08
2026-06-10 12:05:00,388.8,389.2,388.1,388.15,39255,389.13,390.11,34.74,1.08
2026-06-10 12:10:00,388.15,388.25,387.05,387.5,153200,388.81,389.88,35.65,1.09
2026-06-10 12:15:00,387.4,387.65,387.0,387.55,56518,388.56,389.66,36.52,1.07
2026-06-10 12:20:00,387.5,387.55,386.4,386.6,148054,388.16,389.39,37.63,1.07
2026-06-10 12:25:00,386.6,386.7,385.6,385.9,153920,387.71,389.07,39.03,1.07
2026-06-10 12:30:00,385.8,385.9,384.65,384.85,230283,387.14,388.69,40.69,1.08
2026-06-10 12:35:00,384.95,385.0,384.4,384.55,98342,386.62,388.31,42.32,1.06
2026-06-10 12:40:00,384.55,384.6,383.5,383.5,150716,386.0,387.87,44.13,1.06
2026-06-10 12:45:00,383.6,383.7,382.7,383.5,154812,385.5,387.47,46.03,1.06
2026-06-10 12:50:00,383.5,385.0,383.4,384.1,119402,385.22,387.17,46.03,1.08
2026-06-10 12:55:00,383.95,384.45,383.55,384.3,66299,385.03,386.91,46.02,1.07
2026-06-10 13:00:00,384.25,385.0,383.4,383.45,336960,384.72,386.59,45.32,1.1
2026-06-10 13:05:00,383.35,383.8,382.75,383.7,224387,384.51,386.33,45.03,1.1
2026-06-10 13:10:00,383.6,383.9,383.2,383.35,57051,384.28,386.06,44.63,1.08
2026-06-10 13:15:00,383.25,383.5,383.05,383.2,69392,384.06,385.8,44.34,1.05
2026-06-10 13:20:00,383.15,383.65,382.75,382.9,108179,383.83,385.54,44.25,1.04
2026-06-10 13:25:00,382.75,383.55,382.5,383.55,97699,383.78,385.36,44.32,1.04
2026-06-10 13:30:00,383.55,383.55,381.8,382.15,174441,383.45,385.06,44.76,1.08
2026-06-10 13:35:00,382.05,382.7,381.6,382.0,161567,383.16,384.79,45.28,1.08
2026-06-10 13:40:00,382.05,382.9,381.7,381.8,122716,382.89,384.51,45.43,1.08
2026-06-10 13:45:00,381.7,381.85,380.75,380.85,159824,382.48,384.18,46.07,1.08
2026-06-10 13:50:00,380.95,381.3,380.25,380.7,151752,382.12,383.86,46.91,1.08
2026-06-10 13:55:00,380.9,380.9,379.6,380.1,211180,381.72,383.52,47.95,1.09
2026-06-10 14:00:00,379.95,381.35,379.8,380.8,143311,381.54,383.27,48.19,1.11
2026-06-10 14:05:00,380.65,381.25,380.5,381.0,63522,381.43,383.07,48.42,1.1
2026-06-10 14:10:00,380.85,381.3,380.65,381.1,78252,381.36,382.89,48.54,1.08
2026-06-10 14:15:00,380.9,382.2,380.85,382.1,141730,381.51,382.82,47.19,1.09
2026-06-10 14:20:00,382.15,382.45,381.55,381.65,117217,381.54,382.71,45.58,1.08
2026-06-10 14:25:00,381.8,381.95,379.25,379.8,226842,381.19,382.45,45.59,1.16
2026-06-10 14:30:00,379.75,381.55,379.5,381.05,164822,381.16,382.32,45.6,1.2
2026-06-10 14:35:00,381.2,381.3,380.05,380.1,72260,380.95,382.12,45.6,1.2
2026-06-10 14:40:00,380.25,380.75,379.45,379.55,90944,380.67,381.88,45.93,1.21
2026-06-10 14:45:00,379.5,379.75,378.6,378.7,164721,380.28,381.59,46.63,1.2
2026-06-10 14:50:00,378.6,379.3,378.2,378.7,273086,379.96,381.33,47.46,1.2
2026-06-10 14:55:00,378.5,379.55,378.15,379.3,146732,379.83,381.15,47.83,1.21
2026-06-10 15:00:00,379.25,379.6,379.0,379.5,133586,379.76,381.0,48.09,1.18
2026-06-10 15:05:00,379.4,379.5,378.3,378.7,236757,379.55,380.79,48.69,1.18
2026-06-10 15:10:00,378.65,378.75,376.5,376.6,401920,378.96,380.41,49.92,1.23
2026-06-10 15:15:00,376.3,376.8,376.0,376.8,330217,378.53,380.08,51.22,1.21
2026-06-10 15:20:00,376.85,377.0,376.3,376.55,308061,378.13,379.76,52.11,1.19
2026-06-10 15:25:00,376.55,377.4,375.75,376.7,327197,377.85,379.48,53.13,1.21
2026-06-11 09:15:00,376.55,376.55,372.05,375.75,555845,377.43,379.14,54.89,1.37
2026-06-11 09:20:00,375.9,378.15,375.85,376.75,280616,377.29,378.92,54.79,1.42
2026-06-11 09:25:00,376.85,377.95,376.3,377.4,139524,377.31,378.79,54.69,1.43
2026-06-11 09:30:00,377.3,377.5,375.6,376.65,111966,377.18,378.59,54.82,1.45
2026-06-11 09:35:00,376.6,377.75,376.45,377.75,84513,377.29,378.51,54.67,1.45
2026-06-11 09:40:00,377.6,377.8,376.5,377.3,64884,377.3,378.4,54.47,1.44
2026-06-11 09:45:00,377.25,378.9,377.15,378.35,137550,377.51,378.4,53.09,1.45
2026-06-11 09:50:00,378.45,379.5,377.9,377.9,136109,377.59,378.35,51.23,1.46
2026-06-11 09:55:00,378.0,378.25,375.4,375.5,166843,377.17,378.09,50.61,1.53
2026-06-11 10:00:00,375.45,376.35,375.3,375.65,125030,376.86,377.87,50.07,1.51
2026-06-11 10:05:00,375.55,376.6,375.45,376.55,74019,376.8,377.75,49.33,1.49
2026-06-11 10:10:00,376.4,376.55,375.7,375.7,74776,376.58,377.57,48.64,1.46
2026-06-11 10:15:00,375.85,376.05,375.0,376.0,61865,376.47,377.42,48.32,1.44
2026-06-11 10:20:00,376.1,376.9,375.75,375.8,77100,376.33,377.28,47.12,1.42
2026-06-11 10:25:00,375.7,375.85,375.1,375.15,66895,376.1,377.08,46.34,1.39
2026-06-11 10:30:00,375.15,375.25,374.0,374.25,122138,375.73,376.82,46.1,1.39
2026-06-11 10:35:00,374.0,374.5,370.9,371.4,403559,374.86,376.33,46.89,1.49
2026-06-11 10:40:00,371.3,372.0,371.15,371.9,145720,374.27,375.93,47.62,1.46
2026-06-11 10:45:00,371.8,372.75,371.55,371.8,370692,373.78,375.55,47.57,1.45
2026-06-11 10:50:00,371.95,372.05,370.25,370.8,141903,373.18,375.12,47.93,1.46
2026-06-11 10:55:00,370.85,370.85,369.15,369.6,148887,372.46,374.62,48.57,1.48
2026-06-11 11:00:00,369.5,369.7,368.3,369.15,389995,371.8,374.12,49.38,1.47
2026-06-11 11:05:00,369.1,370.0,369.1,369.75,131259,371.39,373.72,49.84,1.45
2026-06-11 11:10:00,369.85,369.85,367.6,368.85,237146,370.88,373.28,50.64,1.48
2026-06-11 11:15:00,369.1,370.2,369.0,369.75,131778,370.66,372.96,51.05,1.48
2026-06-11 11:20:00,369.6,370.9,369.6,370.35,124436,370.6,372.72,50.76,1.47
2026-06-11 11:25:00,370.35,372.25,370.35,371.0,231044,370.68,372.57,49.33,1.49
2026-06-11 11:30:00,371.05,371.9,370.5,371.1,90626,370.76,372.43,48.0,1.49
2026-06-11 11:35:00,371.2,371.4,370.5,370.55,130347,370.72,372.26,46.77,1.46
2026-06-11 11:40:00,370.5,372.1,370.5,371.8,83574,370.93,372.22,45.0,1.46
2026-06-11 11:45:00,371.6,372.1,371.5,371.85,64999,371.12,372.19,43.35,1.42
2026-06-11 11:50:00,371.85,371.9,371.5,371.75,32875,371.24,372.15,41.83,1.37
2026-06-11 11:55:00,371.75,372.2,371.25,371.5,68568,371.3,372.09,40.11,1.35
2026-06-11 12:00:00,371.3,372.25,371.3,372.15,87584,371.47,372.09,38.46,1.33
2026-06-11 12:05:00,372.0,372.15,371.45,371.6,54084,371.49,372.05,36.93,1.3
2026-06-11 12:10:00,371.6,371.6,370.1,370.15,169267,371.22,371.88,36.47,1.31
2026-06-11 12:15:00,370.15,372.0,370.15,372.0,368526,371.38,371.89,35.58,1.34
2026-06-11 12:20:00,372.0,372.0,371.3,371.6,34965,371.42,371.86,34.76,1.31
2026-06-11 12:25:00,371.75,371.85,371.05,371.8,151337,371.5,371.86,34.18,1.28
2026-06-11 12:30:00,371.75,373.85,371.7,373.45,187285,371.89,372.0,31.9,1.33
2026-06-11 12:35:00,373.5,373.9,372.5,372.85,138079,372.08,372.08,29.83,1.33
2026-06-11 12:40:00,372.95,373.55,372.25,373.15,122479,372.3,372.18,27.72,1.33
2026-06-11 12:45:00,373.25,373.25,371.75,371.8,82042,372.2,372.14,26.23,1.34
2026-06-11 12:50:00,371.85,372.55,371.85,372.25,76680,372.21,372.15,24.84,1.31
2026-06-11 12:55:00,372.15,372.85,371.6,372.7,63289,372.31,372.2,23.23,1.31
2026-06-11 13:00:00,372.7,373.0,371.9,372.3,48168,372.3,372.21,21.57,1.3
2026-06-11 13:05:00,372.35,372.7,371.75,371.75,53350,372.19,372.17,20.2,1.28
2026-06-11 13:10:00,371.75,371.9,370.65,371.0,175556,371.95,372.06,20.02,1.28
2026-06-11 13:15:00,371.0,371.15,369.8,369.9,330303,371.54,371.87,20.53,1.28
2026-06-11 13:20:00,369.9,371.05,369.7,370.95,207709,371.43,371.78,21.09,1.28
2026-06-11 13:25:00,371.0,371.6,370.5,371.25,122585,371.39,371.73,20.88,1.28
2026-06-11 13:30:00,371.45,374.95,371.25,372.2,482365,371.55,371.78,20.97,1.39
2026-06-11 13:35:00,372.25,373.0,371.0,371.45,130925,371.53,371.75,20.82,1.42
2026-06-11 13:40:00,371.45,371.9,370.75,371.1,72818,371.45,371.69,20.45,1.41
2026-06-11 13:45:00,371.1,372.3,371.1,372.15,64345,371.59,371.73,20.38,1.4
2026-06-11 13:50:00,372.2,372.45,371.9,372.3,41487,371.73,371.78,20.41,1.36
2026-06-11 13:55:00,372.1,372.8,372.0,372.25,52586,371.83,371.82,20.7,1.33
2026-06-11 14:00:00,372.25,373.0,372.0,372.6,174775,371.99,371.89,21.1,1.31
2026-06-11 14:05:00,372.6,373.0,371.2,371.45,172928,371.88,371.85,20.56,1.34
2026-06-11 14:10:00,371.45,371.95,371.3,371.6,42850,371.82,371.83,20.06,1.31
2026-06-11 14:15:00,371.55,371.85,371.25,371.4,55858,371.74,371.79,19.54,1.27
2026-06-11 14:20:00,371.4,372.0,371.2,371.45,93918,371.68,371.76,19.19,1.25
2026-06-11 14:25:00,371.45,373.0,371.45,372.35,111467,371.81,371.81,19.74,1.26
2026-06-11 14:30:00,372.35,373.15,372.0,372.6,132662,371.97,371.89,20.36,1.26
2026-06-11 14:35:00,372.6,372.75,371.55,372.25,103198,372.03,371.92,20.32,1.26
2026-06-11 14:40:00,372.25,372.25,371.45,371.55,65001,371.93,371.89,20.15,1.23
2026-06-11 14:45:00,371.75,371.9,370.7,371.65,119479,371.88,371.86,19.03,1.23
2026-06-11 14:50:00,371.7,371.7,370.65,371.1,90339,371.72,371.79,17.93,1.22
2026-06-11 14:55:00,371.25,371.65,370.85,371.45,82602,371.67,371.76,16.9,1.2
2026-06-11 15:00:00,371.45,371.6,370.25,370.3,136114,371.39,371.63,16.19,1.21
2026-06-11 15:05:00,370.45,370.65,370.0,370.25,197791,371.16,371.5,15.81,1.18
2026-06-11 15:10:00,370.25,371.05,369.95,371.05,162920,371.14,371.46,14.91,1.18
2026-06-11 15:15:00,371.0,371.5,370.35,370.55,280034,371.02,371.38,14.19,1.18
2026-06-11 15:20:00,370.55,370.8,370.35,370.7,243142,370.96,371.32,13.53,1.14
2026-06-11 15:25:00,370.9,371.2,370.3,371.0,355722,370.97,371.29,13.41,1.13
2026-06-12 09:15:00,379.6,379.6,375.7,376.95,486996,372.16,371.8,17.25,1.49
2026-06-12 09:20:00,377.1,378.6,376.35,378.6,264542,373.45,372.42,20.81,1.52
2026-06-12 09:25:00,378.55,378.8,377.0,377.0,103136,374.16,372.84,24.16,1.54
2026-06-12 09:30:00,377.0,377.45,375.4,376.5,153257,374.63,373.17,25.74,1.56
2026-06-12 09:35:00,376.4,377.0,376.0,376.4,58139,374.98,373.46,27.21,1.53
2026-06-12 09:40:00,376.4,376.7,375.75,375.9,59985,375.17,373.69,28.33,1.51
2026-06-12 09:45:00,376.0,376.5,375.6,376.35,35166,375.4,373.93,29.23,1.48
2026-06-12 09:50:00,376.35,376.95,375.85,375.9,43814,375.5,374.11,30.25,1.46
2026-06-12 09:55:00,375.85,376.5,375.6,375.7,44125,375.54,374.25,30.93,1.43
2026-06-12 10:00:00,375.7,375.85,374.25,375.3,113200,375.49,374.35,30.26,1.44
2026-06-12 10:05:00,375.4,376.4,373.05,373.5,182074,375.09,374.27,28.66,1.53
2026-06-12 10:10:00,373.85,374.4,373.0,374.0,265641,374.88,374.25,27.14,1.53
2026-06-12 10:15:00,374.0,374.4,373.95,374.05,28465,374.71,374.23,25.73,1.47
2026-06-12 10:20:00,374.05,374.5,373.8,374.4,42135,374.65,374.24,24.29,1.44
2026-06-12 10:25:00,374.45,374.7,374.0,374.05,46227,374.53,374.23,23.11,1.4
2026-06-12 10:30:00,374.05,374.75,373.8,373.95,126145,374.41,374.2,21.83,1.38
2026-06-12 10:35:00,374.0,374.4,373.65,374.1,25673,374.35,374.19,20.48,1.35
2026-06-12 10:40:00,374.0,374.35,373.7,373.95,22746,374.27,374.17,19.24,1.32
2026-06-12 10:45:00,373.95,374.05,372.8,373.55,164672,374.13,374.11,18.54,1.31
2026-06-12 10:50:00,373.45,373.65,373.1,373.55,24807,374.01,374.06,17.89,1.28
2026-06-12 10:55:00,373.5,373.85,373.3,373.65,22317,373.94,374.02,17.05,1.24
2026-06-12 11:00:00,373.8,373.9,371.4,372.05,145768,373.56,373.85,17.86,1.3
2026-06-12 11:05:00,372.15,372.5,372.0,372.45,27849,373.34,373.72,18.61,1.26
2026-06-12 11:10:00,372.4,373.95,372.2,373.7,63696,373.41,373.72,17.72,1.29
2026-06-12 11:15:00,373.9,375.1,373.8,374.4,131292,373.61,373.78,16.99,1.29
2026-06-12 11:20:00,374.45,374.7,373.9,374.0,52005,373.69,373.8,16.32,1.27
2026-06-12 11:25:00,374.05,374.3,373.5,373.8,27696,373.71,373.8,15.31,1.25
2026-06-12 11:30:00,373.7,373.9,373.0,373.85,31738,373.74,373.8,14.52,1.23
2026-06-12 11:35:00,373.85,374.25,373.8,374.2,72061,373.83,373.84,13.52,1.19
2026-06-12 11:40:00,374.2,374.6,374.1,374.45,24114,373.95,373.9,12.92,1.16
2026-06-12 11:45:00,374.4,374.6,374.25,374.5,16020,374.06,373.95,12.36,1.12
2026-06-12 11:50:00,374.5,374.6,374.05,374.15,21611,374.08,373.97,11.62,1.09
2026-06-12 11:55:00,374.15,374.4,373.05,373.25,18198,373.91,373.9,11.65,1.11
2026-06-12 12:00:00,373.25,373.6,373.1,373.5,19420,373.83,373.87,11.68,1.08
2026-06-12 12:05:00,373.5,373.5,372.25,372.3,43988,373.53,373.72,12.46,1.09
2026-06-12 12:10:00,372.2,372.35,371.0,371.7,97393,373.16,373.54,14.06,1.1
2026-06-12 12:15:00,371.75,371.85,370.65,371.2,99470,372.77,373.33,15.76,1.1
2026-06-12 12:20:00,371.2,371.25,370.2,370.65,85032,372.34,373.08,17.6,1.1
2026-06-12 12:25:00,370.6,371.5,370.5,371.3,96302,372.14,372.92,18.97,1.1
2026-06-12 12:30:00,371.3,371.3,370.5,370.65,68244,371.84,372.72,20.24,1.08
2026-06-12 12:35:00,370.7,370.9,370.3,370.45,46952,371.56,372.51,21.55,1.06
2026-06-12 12:40:00,370.55,370.75,369.8,369.9,97477,371.23,372.27,23.11,1.05
2026-06-12 12:45:00,369.85,370.25,369.7,369.85,69206,370.95,372.05,24.63,1.03
2026-06-12 12:50:00,369.85,370.65,369.75,370.6,69901,370.88,371.92,25.35,1.02
2026-06-12 12:55:00,370.55,371.0,370.35,370.8,55599,370.87,371.82,25.47,1.01
2026-06-12 13:00:00,370.8,370.9,370.35,370.6,35856,370.81,371.71,25.58,0.98
2026-06-12 13:05:00,370.6,371.55,370.6,371.25,71955,370.9,371.67,24.67,0.98
2026-06-12 13:10:00,371.25,371.65,371.0,371.65,66591,371.05,371.66,23.68,0.97
2026-06-12 13:15:00,371.75,371.8,371.25,371.75,55656,371.19,371.67,22.53,0.95
2026-06-12 13:20:00,371.75,371.95,370.85,370.95,68436,371.14,371.61,21.96,0.95
2026-06-12 13:25:00,370.85,372.45,370.5,372.4,122122,371.39,371.68,20.68,1.0
2026-06-12 13:30:00,372.4,372.7,371.75,372.3,93764,371.57,371.74,19.27,1.0
2026-06-12 13:35:00,372.55,374.35,372.15,374.25,235476,372.11,371.96,19.74,1.06
2026-06-12 13:40:00,374.25,375.5,374.25,374.6,287932,372.61,372.2,21.02,1.07
2026-06-12 13:45:00,374.65,375.9,374.45,375.75,128779,373.24,372.53,22.46,1.08
2026-06-12 13:50:00,375.75,375.95,374.8,375.15,203069,373.62,372.76,23.82,1.09
2026-06-12 13:55:00,375.15,376.55,374.7,376.3,130404,374.16,373.09,25.46,1.12
2026-06-12 14:00:00,376.35,376.5,375.6,375.95,97710,374.51,373.35,26.98,1.11
2026-06-12 14:05:00,375.8,376.2,375.45,376.0,96132,374.81,373.59,28.13,1.1
2026-06-12 14:10:00,375.9,376.65,375.65,376.65,108094,375.18,373.87,29.51,1.09
2026-06-12 14:15:00,376.6,377.5,376.15,376.5,314707,375.44,374.11,31.28,1.1
2026-06-12 14:20:00,376.5,377.0,376.25,376.95,116712,375.74,374.36,32.92,1.09
2026-06-12 14:25:00,376.8,377.4,376.5,376.9,282614,375.98,374.59,34.67,1.08
2026-06-12 14:30:00,376.9,377.75,376.8,377.1,242113,376.2,374.82,36.47,1.07
2026-06-12 14:35:00,377.2,379.05,376.55,379.05,289210,376.77,375.21,38.69,1.14
2026-06-12 14:40:00,379.0,379.6,378.5,379.0,236995,377.22,375.55,40.95,1.14
2026-06-12 14:45:00,378.8,379.2,378.55,379.0,171589,377.57,375.86,43.04,1.11
2026-06-12 14:50:00,379.1,379.1,378.45,378.9,158521,377.84,376.14,44.78,1.09
2026-06-12 14:55:00,378.85,379.05,378.4,378.4,119220,377.95,376.35,46.28,1.07
2026-06-12 15:00:00,378.3,379.85,378.1,379.65,563660,378.29,376.65,48.01,1.1
2026-06-12 15:05:00,379.65,380.15,379.45,379.5,257476,378.53,376.91,49.72,1.08
2026-06-12 15:10:00,379.6,379.6,378.1,378.2,260281,378.47,377.02,48.87,1.1
2026-06-12 15:15:00,378.2,379.05,378.05,378.7,208738,378.51,377.18,48.01,1.1
2026-06-12 15:20:00,378.7,378.9,377.45,378.1,164781,378.43,377.26,46.3,1.12
2026-06-12 15:25:00,378.1,378.7,376.7,377.75,268834,378.29,377.3,43.74,1.16
2026-06-15 09:15:00,384.0,385.7,382.0,383.25,392627,379.29,377.85,44.73,1.48
2026-06-15 09:20:00,383.35,384.3,381.05,381.9,226110,379.81,378.21,44.84,1.57
2026-06-15 09:25:00,381.85,382.55,381.35,382.4,202324,380.33,378.59,44.95,1.55
2026-06-15 09:30:00,382.45,384.7,382.45,384.0,354904,381.06,379.09,45.65,1.58
2026-06-15 09:35:00,384.0,385.35,383.6,385.0,175991,381.85,379.62,46.46,1.59
2026-06-15 09:40:00,385.05,385.9,384.9,385.6,105229,382.6,380.17,47.34,1.56
2026-06-15 09:45:00,385.75,387.1,385.2,386.0,148171,383.28,380.7,48.43,1.58
2026-06-15 09:50:00,386.15,389.8,385.9,389.0,456445,384.42,381.45,49.92,1.69
2026-06-15 09:55:00,389.05,389.2,387.8,388.05,124006,385.15,382.05,51.31,1.68
2026-06-15 10:00:00,388.25,389.9,388.1,388.95,155624,385.91,382.68,52.71,1.68
2026-06-15 10:05:00,389.0,389.75,388.7,389.4,78528,386.61,383.29,54.01,1.65
2026-06-15 10:10:00,389.4,390.2,388.05,388.4,147719,386.97,383.75,54.57,1.68
2026-06-15 10:15:00,388.45,388.75,387.8,388.5,75974,387.27,384.19,54.85,1.64
2026-06-15 10:20:00,388.4,389.9,388.3,389.5,136139,387.72,384.67,55.39,1.64
2026-06-15 10:25:00,389.5,390.4,389.0,389.8,104015,388.13,385.14,56.01,1.63
2026-06-15 10:30:00,390.0,390.0,389.3,389.3,52119,388.37,385.51,56.58,1.59
2026-06-15 10:35:00,389.3,389.75,388.65,389.2,60746,388.53,385.85,56.41,1.56
2026-06-15 10:40:00,389.1,389.4,388.9,389.0,28611,388.63,386.14,56.24,1.51
2026-06-15 10:45:00,389.15,389.95,388.95,389.75,87349,388.85,386.46,56.27,1.49
2026-06-15 10:50:00,389.9,390.55,389.6,389.8,112044,389.04,386.77,56.49,1.46
2026-06-15 10:55:00,390.0,390.0,389.0,389.5,40218,389.13,387.02,55.99,1.44
2026-06-15 11:00:00,389.3,391.2,389.25,390.95,162324,389.5,387.37,55.95,1.46
2026-06-15 11:05:00,391.1,391.25,390.4,390.65,60316,389.73,387.67,55.92,1.43
2026-06-15 11:10:00,390.75,390.95,389.5,389.8,52483,389.74,387.86,54.87,1.44
2026-06-15 11:15:00,389.8,389.85,389.25,389.4,28784,389.67,388.0,53.62,1.4
2026-06-15 11:20:00,389.5,389.8,389.1,389.4,60256,389.62,388.13,52.28,1.36
2026-06-15 11:25:00,389.3,389.6,389.1,389.35,16666,389.56,388.24,51.05,1.32
2026-06-15 11:30:00,389.35,389.65,388.8,389.0,44890,389.45,388.31,49.53,1.3
2026-06-15 11:35:00,388.95,388.95,387.0,387.7,141038,389.1,388.26,46.28,1.33
2026-06-15 11:40:00,387.7,387.75,387.25,387.35,44935,388.75,388.17,43.26,1.29
2026-06-15 11:45:00,387.3,387.6,387.15,387.25,44254,388.45,388.09,40.36,1.25
2026-06-15 11:50:00,387.15,387.3,386.3,386.55,125315,388.07,387.95,38.05,1.24
2026-06-15 11:55:00,386.6,386.8,386.25,386.8,37224,387.82,387.84,35.94,1.21
2026-06-15 12:00:00,386.6,387.0,386.5,386.75,27448,387.6,387.75,33.77,1.17
2026-06-15 12:05:00,386.75,386.75,386.1,386.1,57709,387.3,387.6,32.13,1.15
2026-06-15 12:10:00,386.25,386.55,386.1,386.3,21509,387.1,387.48,30.61,1.12
2026-06-15 12:15:00,386.3,386.35,384.55,384.55,200257,386.59,387.21,30.47,1.15
2026-06-15 12:20:00,384.5,384.95,384.5,384.95,63376,386.26,387.01,30.38,1.12
2026-06-15 12:25:00,384.8,385.0,383.35,383.55,428347,385.72,386.69,31.03,1.14
2026-06-15 12:30:00,383.4,383.65,383.0,383.65,79730,385.31,386.42,31.83,1.12
2026-06-15 12:35:00,383.35,383.75,382.6,382.65,47080,384.78,386.07,32.8,1.12
2026-06-15 12:40:00,382.75,382.95,382.1,382.45,114513,384.31,385.74,33.95,1.11
2026-06-15 12:45:00,382.4,382.6,382.15,382.4,35257,383.93,385.44,35.03,1.07
2026-06-15 12:50:00,382.35,382.8,381.7,381.7,49991,383.48,385.1,36.26,1.08
2026-06-15 12:55:00,381.7,382.2,381.7,382.1,52244,383.21,384.83,37.41,1.05
2026-06-15 13:00:00,382.1,382.5,382.0,382.2,40399,383.0,384.59,37.95,1.02
2026-06-15 13:05:00,382.15,382.35,381.8,382.15,47878,382.83,384.37,38.59,1.0
2026-06-15 13:10:00,382.2,383.3,382.2,383.05,67325,382.88,384.25,37.65,1.01
2026-06-15 13:15:00,383.05,383.5,382.8,383.0,62623,382.9,384.13,36.49,0.99
2026-06-15 13:20:00,383.25,383.5,383.1,383.5,19473,383.02,384.08,35.42,0.97
2026-06-15 13:25:00,383.5,383.5,383.1,383.45,26812,383.11,384.02,34.42,0.94
2026-06-15 13:30:00,383.35,383.5,382.5,382.9,83768,383.07,383.92,34.09,0.94
2026-06-15 13:35:00,382.9,383.95,382.9,383.95,34117,383.24,383.92,33.05,0.95
2026-06-15 13:40:00,383.9,384.15,383.55,383.75,78367,383.34,383.9,31.77,0.93
2026-06-15 13:45:00,383.75,384.75,383.65,384.75,79691,383.63,383.98,29.71,0.94
2026-06-15 13:50:00,384.5,385.15,384.1,384.55,208003,383.81,384.03,27.9,0.95
2026-06-15 13:55:00,384.5,386.05,384.35,385.6,133184,384.17,384.18,27.22,0.98
2026-06-15 14:00:00,385.65,385.9,385.0,385.0,34432,384.33,384.25,26.58,0.98
2026-06-15 14:05:00,385.0,385.95,385.0,385.55,78735,384.58,384.37,26.04,0.98
2026-06-15 14:10:00,385.55,385.8,385.05,385.05,21878,384.67,384.43,25.54,0.97
2026-06-15 14:15:00,385.05,385.35,384.7,385.15,58155,384.77,384.5,24.48,0.95
2026-06-15 14:20:00,385.1,385.35,384.65,384.85,27327,384.78,384.53,23.41,0.94
2026-06-15 14:25:00,384.85,385.15,384.6,385.0,31575,384.83,384.57,22.33,0.92
2026-06-15 14:30:00,385.0,385.75,384.75,384.75,126386,384.81,384.59,22.17,0.92
2026-06-15 14:35:00,384.7,385.45,384.5,385.15,144427,384.88,384.64,21.55,0.93
2026-06-15 14:40:00,385.15,385.15,384.0,384.1,57256,384.72,384.59,20.12,0.94
2026-06-15 14:45:00,384.1,384.7,384.0,384.35,69382,384.65,384.57,18.79,0.92
2026-06-15 14:50:00,384.35,384.5,383.35,384.35,125025,384.59,384.55,18.33,0.94
2026-06-15 14:55:00,384.4,384.9,383.55,383.75,71597,384.42,384.48,17.24,0.96
2026-06-15 15:00:00,384.0,384.5,382.6,383.1,138650,384.16,384.35,17.43,1.0
2026-06-15 15:05:00,383.15,383.35,382.7,382.8,92405,383.89,384.21,17.62,0.98
2026-06-15 15:10:00,382.85,383.05,382.0,383.05,124017,383.72,384.1,18.53,0.99
2026-06-15 15:15:00,382.95,383.45,382.7,383.05,114988,383.58,384.01,18.69,0.98
2026-06-15 15:20:00,383.05,383.15,382.5,382.7,148375,383.41,383.89,19.05,0.96
2026-06-15 15:25:00,382.65,383.45,382.2,382.8,171209,383.29,383.79,19.39,0.97
2026-06-16 09:15:00,383.9,385.85,381.75,385.8,305753,383.79,383.97,19.39,1.12
2026-06-16 09:20:00,385.55,385.55,383.45,383.55,243587,383.74,383.93,19.38,1.18
2026-06-16 09:25:00,383.55,385.5,383.55,384.9,190591,383.97,384.02,19.38,1.22
2026-06-16 09:30:00,385.0,385.95,384.35,384.95,125544,384.17,384.11,19.81,1.24
2026-06-16 09:35:00,384.7,384.95,383.0,383.4,102119,384.01,384.04,18.46,1.27
2026-06-16 09:40:00,383.1,384.15,383.0,383.35,60684,383.88,383.98,17.2,1.26
2026-06-16 09:45:00,383.45,383.85,382.8,383.2,45292,383.75,383.91,16.15,1.25
2026-06-16 09:50:00,383.2,383.85,382.85,383.75,25569,383.75,383.89,15.17,1.24
2026-06-16 09:55:00,383.75,384.45,383.55,384.25,43301,383.85,383.93,14.66,1.23
2026-06-16 10:00:00,384.4,384.85,383.8,384.05,94986,383.89,383.94,14.63,1.22
2026-06-16 10:05:00,384.05,384.45,383.8,384.2,23517,383.95,383.96,14.6,1.19
2026-06-16 10:10:00,384.1,384.95,383.95,384.5,116986,384.06,384.01,15.13,1.18
2026-06-16 10:15:00,384.3,384.95,384.3,384.6,23984,384.17,384.06,15.62,1.16
2026-06-16 10:20:00,384.55,384.75,384.05,384.15,31122,384.16,384.07,15.64,1.13
2026-06-16 10:25:00,384.2,385.85,384.15,384.65,152004,384.26,384.12,16.8,1.16
2026-06-16 10:30:00,384.45,384.55,384.05,384.4,31010,384.29,384.15,17.71,1.13
2026-06-16 10:35:00,384.4,384.8,384.2,384.6,32713,384.35,384.19,18.79,1.11
2026-06-16 10:40:00,384.65,385.45,384.25,385.2,42092,384.52,384.28,20.34,1.11
2026-06-16 10:45:00,385.1,385.9,385.1,385.3,68405,384.68,384.37,22.13,1.1
2026-06-16 10:50:00,385.3,385.45,385.05,385.2,25833,384.78,384.45,23.69,1.07
2026-06-16 10:55:00,385.1,385.5,384.85,385.0,67321,384.83,384.5,24.73,1.05
2026-06-16 11:00:00,385.0,385.2,384.65,385.05,48240,384.87,384.55,25.31,1.02
2026-06-16 11:05:00,385.0,387.65,384.85,384.9,403176,384.88,384.58,27.51,1.11
2026-06-16 11:10:00,384.9,385.0,383.25,383.7,117503,384.64,384.5,27.36,1.14
2026-06-16 11:15:00,383.9,384.05,383.45,383.85,45339,384.48,384.44,27.22,1.11
2026-06-16 11:20:00,383.75,384.3,383.7,384.2,36715,384.43,384.42,27.28,1.09
2026-06-16 11:25:00,384.15,384.25,383.65,383.95,35574,384.33,384.38,27.27,1.06
2026-06-16 11:30:00,383.75,383.8,383.3,383.4,69067,384.14,384.29,26.78,1.04
2026-06-16 11:35:00,383.55,383.55,382.75,382.9,57898,383.9,384.16,25.62,1.03
2026-06-16 11:40:00,382.85,383.0,382.6,382.8,46284,383.68,384.04,24.36,1.0
2026-06-16 11:45:00,382.8,383.25,382.6,383.05,51621,383.55,383.95,23.46,0.99
2026-06-16 11:50:00,383.05,383.75,383.05,383.7,42581,383.58,383.93,23.12,0.97
2026-06-16 11:55:00,383.55,383.65,382.85,382.95,56929,383.45,383.84,22.53,0.97
2026-06-16 12:00:00,383.05,383.15,382.2,382.8,71970,383.32,383.74,21.12,0.97
2026-06-16 12:05:00,382.8,383.75,382.65,383.65,32477,383.39,383.73,20.47,0.97
2026-06-16 12:10:00,383.6,383.75,383.45,383.6,45696,383.43,383.72,19.86,0.94
2026-06-16 12:15:00,383.65,383.65,383.0,383.1,38851,383.37,383.67,18.69,0.93
2026-06-16 12:20:00,383.05,383.55,382.7,383.1,52433,383.31,383.61,17.49,0.92
2026-06-16 12:25:00,383.15,384.6,382.95,384.4,101053,383.53,383.69,17.29,0.96
2026-06-16 12:30:00,384.4,384.55,384.15,384.25,51848,383.67,383.74,17.11,0.93
2026-06-16 12:35:00,384.35,384.45,384.2,384.35,47648,383.81,383.79,16.93,0.9
2026-06-16 12:40:00,384.35,384.45,384.3,384.4,78888,383.93,383.85,16.78,0.86
2026-06-16 12:45:00,384.35,384.5,383.65,384.05,194909,383.95,383.87,15.65,0.86
2026-06-16 12:50:00,384.0,384.1,382.8,382.9,47926,383.74,383.78,15.5,0.88
2026-06-16 12:55:00,383.0,383.7,382.95,383.6,36513,383.71,383.76,15.35,0.88
2026-06-16 13:00:00,383.6,383.8,383.25,383.55,30127,383.68,383.74,15.06,0.86
2026-06-16 13:05:00,383.4,383.9,383.4,383.9,28428,383.72,383.76,14.63,0.85
2026-06-16 13:10:00,383.75,384.15,383.5,383.95,47332,383.77,383.77,13.83,0.84
2026-06-16 13:15:00,383.9,384.25,383.7,383.9,46936,383.8,383.79,12.92,0.82
2026-06-16 13:20:00,383.85,384.4,383.8,384.2,40448,383.88,383.82,12.16,0.81
2026-06-16 13:25:00,384.2,384.5,383.35,383.65,64286,383.83,383.81,11.85,0.83
2026-06-16 13:30:00,383.75,383.75,383.2,383.6,52713,383.78,383.79,11.79,0.82
2026-06-16 13:35:00,383.45,383.95,383.25,383.7,35282,383.77,383.78,11.36,0.81
2026-06-16 13:40:00,383.75,383.85,383.5,383.7,33075,383.75,383.77,10.96,0.79
2026-06-16 13:45:00,383.7,383.8,383.5,383.75,23922,383.75,383.77,10.59,0.76
2026-06-16 13:50:00,383.75,384.15,383.0,383.25,58477,383.65,383.72,11.11,0.78
2026-06-16 13:55:00,383.15,384.05,383.15,383.85,49031,383.69,383.74,11.59,0.79
2026-06-16 14:00:00,383.8,384.25,383.65,384.1,49858,383.77,383.77,11.56,0.78
2026-06-16 14:05:00,384.1,384.3,383.85,384.3,29874,383.88,383.82,11.42,0.76
2026-06-16 14:10:00,384.2,384.45,383.95,384.35,50129,383.97,383.87,10.93,0.75
2026-06-16 14:15:00,384.35,384.45,384.2,384.25,37751,384.03,383.9,10.47,0.73
2026-06-16 14:20:00,384.35,384.45,383.95,384.35,79747,384.09,383.94,10.61,0.72
2026-06-16 14:25:00,384.35,384.4,384.05,384.3,72220,384.13,383.97,10.73,0.7
2026-06-16 14:30:00,384.35,385.15,384.15,384.4,163222,384.19,384.01,10.85,0.71
2026-06-16 14:35:00,384.3,384.35,383.85,384.3,87284,384.21,384.04,10.27,0.71
2026-06-16 14:40:00,384.05,384.3,383.15,383.7,120149,384.11,384.01,10.66,0.73
2026-06-16 14:45:00,383.7,384.2,383.0,383.45,260073,383.98,383.96,11.25,0.75
2026-06-16 14:50:00,383.35,384.2,383.25,384.15,76494,384.01,383.97,11.81,0.76
2026-06-16 14:55:00,384.1,384.2,383.7,384.2,85889,384.05,384.0,12.33,0.75
2026-06-16 15:00:00,384.25,384.95,384.0,384.35,129519,384.11,384.03,11.77,0.76
2026-06-16 15:05:00,384.3,384.9,384.3,384.6,152880,384.21,384.08,11.26,0.75
2026-06-16 15:10:00,384.45,384.9,384.4,384.85,107099,384.34,384.15,10.79,0.74
2026-06-16 15:15:00,384.85,384.9,383.8,383.95,174866,384.26,384.13,10.92,0.75
2026-06-16 15:20:00,383.95,384.05,383.5,383.65,118290,384.14,384.09,11.56,0.74
2026-06-16 15:25:00,383.65,384.15,383.15,383.7,182723,384.05,384.05,12.69,0.76
2026-06-17 09:15:00,384.2,386.3,383.0,383.6,200582,383.96,384.01,13.3,0.88
2026-06-17 09:20:00,384.1,384.85,383.4,384.2,75066,384.01,384.03,13.87,0.91
2026-06-17 09:25:00,384.2,385.3,384.2,384.35,166726,384.08,384.06,14.87,0.91
2026-06-17 09:30:00,384.3,385.0,384.0,384.7,60984,384.2,384.12,15.45,0.92
2026-06-17 09:35:00,384.7,384.7,383.95,384.2,47665,384.2,384.12,15.89,0.91
2026-06-17 09:40:00,384.2,385.95,383.9,385.85,156294,384.53,384.28,17.53,0.96
2026-06-17 09:45:00,385.95,386.6,385.65,386.15,135563,384.85,384.45,19.52,0.96
2026-06-17 09:50:00,386.15,386.25,385.7,386.1,33800,385.1,384.6,21.37,0.94
2026-06-17 09:55:00,386.1,386.2,385.35,385.65,32062,385.21,384.7,22.43,0.94
2026-06-17 10:00:00,385.65,385.85,385.15,385.4,36025,385.25,384.76,23.05,0.93
2026-06-17 10:05:00,385.45,385.6,384.25,384.4,150175,385.08,384.73,22.17,0.95
2026-06-17 10:10:00,385.0,385.0,384.25,384.75,50370,385.01,384.73,21.36,0.94
2026-06-17 10:15:00,384.7,386.1,383.8,386.1,59140,385.23,384.85,21.75,1.0
2026-06-17 10:20:00,386.1,386.8,385.8,386.2,55417,385.43,384.98,22.68,1.0
2026-06-17 10:25:00,386.25,386.25,385.35,385.35,25995,385.41,385.01,22.87,1.0
2026-06-17 10:30:00,385.35,385.8,385.15,385.8,24748,385.49,385.08,22.75,0.98
2026-06-17 10:35:00,385.75,386.45,385.6,385.9,32261,385.57,385.16,23.22,0.98
2026-06-17 10:40:00,385.9,386.15,384.75,384.9,46572,385.44,385.13,22.49,1.0
2026-06-17 10:45:00,384.75,384.8,384.4,384.65,27354,385.28,385.09,21.38,0.97
2026-06-17 10:50:00,384.65,385.0,384.55,385.0,14721,385.22,385.08,20.57,0.95
2026-06-17 10:55:00,384.95,385.0,384.55,384.65,26255,385.11,385.04,19.81,0.92
2026-06-17 11:00:00,384.65,384.75,384.0,384.6,30200,385.01,385.0,18.4,0.92
2026-06-17 11:05:00,384.6,384.75,384.5,384.55,18868,384.92,384.96,17.1,0.88
2026-06-17 11:10:00,384.45,384.75,384.2,384.75,27700,384.88,384.94,16.28,0.87
2026-06-17 11:15:00,384.8,385.0,384.25,384.45,40271,384.8,384.9,15.16,0.86
2026-06-17 11:20:00,384.45,384.5,384.35,384.45,13883,384.73,384.86,14.12,0.83
2026-06-17 11:25:00,384.45,384.45,383.5,384.1,38270,384.6,384.79,14.27,0.83
2026-06-17 11:30:00,384.15,384.8,384.15,384.35,44941,384.55,384.75,13.87,0.83
2026-06-17 11:35:00,384.35,384.35,384.15,384.25,32602,384.49,384.7,13.49,0.8
2026-06-17 11:40:00,384.25,385.05,384.05,384.4,120007,384.47,384.67,12.92,0.81
2026-06-17 11:45:00,384.4,384.55,384.0,384.2,110892,384.42,384.63,12.32,0.8
2026-06-17 11:50:00,384.2,384.5,384.05,384.35,29006,384.4,384.61,11.76,0.78
2026-06-17 11:55:00,384.3,384.5,384.0,384.15,36713,384.35,384.56,11.16,0.77
2026-06-17 12:00:00,384.2,384.35,383.85,384.3,43838,384.34,384.54,10.39,0.75
2026-06-17 12:05:00,384.3,384.4,384.1,384.35,23639,384.34,384.52,9.71,0.73
2026-06-17 12:10:00,384.15,384.75,384.15,384.5,41865,384.38,384.52,9.69,0.73
2026-06-17 12:15:00,384.5,384.7,384.35,384.5,31676,384.4,384.52,9.68,0.71
2026-06-17 12:20:00,384.5,385.1,384.3,384.5,54571,384.42,384.52,10.33,0.71
2026-06-17 12:25:00,384.5,384.5,384.0,384.3,30585,384.4,384.5,10.28,0.7
2026-06-17 12:30:00,384.4,384.45,384.2,384.35,21257,384.39,384.48,10.24,0.68
2026-06-17 12:35:00,384.4,384.45,384.05,384.4,27942,384.39,384.48,9.86,0.67
2026-06-17 12:40:00,384.35,385.05,384.2,385.0,65142,384.51,384.52,10.57,0.68
2026-06-17 12:45:00,385.0,385.05,383.7,384.1,111003,384.43,384.49,10.18,0.71
2026-06-17 12:50:00,384.05,384.4,383.95,384.25,33326,384.39,384.46,9.82,0.7
2026-06-17 12:55:00,384.25,384.4,383.9,384.05,37844,384.32,384.43,9.38,0.69
2026-06-17 13:00:00,384.1,384.15,383.5,383.7,26886,384.2,384.36,9.24,0.68
2026-06-17 13:05:00,383.7,383.75,382.65,382.65,50798,383.89,384.21,10.42,0.7
2026-06-17 13:10:00,382.7,383.2,381.9,383.0,150217,383.71,384.1,12.35,0.73
2026-06-17 13:15:00,382.95,383.6,382.45,383.4,36793,383.65,384.03,13.33,0.75
2026-06-17 13:20:00,383.45,383.9,383.4,383.85,32019,383.69,384.02,13.67,0.74
2026-06-17 13:25:00,383.9,384.0,383.7,384.0,33805,383.75,384.01,13.81,0.72
2026-06-17 13:30:00,384.0,384.05,383.55,384.0,68756,383.8,384.01,14.13,0.71
2026-06-17 13:35:00,384.0,384.45,383.85,384.35,27703,383.91,384.04,13.68,0.7
2026-06-17 13:40:00,384.35,384.4,383.3,383.5,53751,383.83,383.99,14.03,0.72
2026-06-17 13:45:00,383.5,383.65,383.1,383.3,21257,383.72,383.93,14.61,0.71
2026-06-17 13:50:00,383.3,383.9,383.2,383.6,25127,383.7,383.9,14.67,0.71
2026-06-17 13:55:00,383.6,383.85,383.2,383.7,46149,383.7,383.88,14.72,0.71
2026-06-17 14:00:00,383.7,383.85,383.35,383.6,27528,383.68,383.86,14.76,0.7
2026-06-17 14:05:00,383.5,383.95,383.25,383.5,50921,383.64,383.82,14.97,0.7
2026-06-17 14:10:00,383.55,384.7,383.25,384.6,41130,383.83,383.9,14.15,0.74
2026-06-17 14:15:00,384.7,386.65,384.6,386.65,167051,384.4,384.15,15.7,0.8
2026-06-17 14:20:00,386.6,388.05,386.3,387.35,267898,384.99,384.44,18.09,0.84
2026-06-17 14:25:00,387.5,388.25,386.8,387.55,160106,385.5,384.72,20.41,0.87
2026-06-17 14:30:00,387.7,388.05,387.35,387.45,143908,385.89,384.97,22.57,0.86
2026-06-17 14:35:00,387.5,387.55,386.6,387.25,84834,386.16,385.18,23.31,0.87
2026-06-17 14:40:00,387.2,387.7,386.9,387.1,84107,386.35,385.35,24.11,0.87
2026-06-17 14:45:00,387.1,387.35,386.85,387.0,60727,386.48,385.5,24.78,0.85
2026-06-17 14:50:00,387.0,388.8,386.8,388.1,247562,386.8,385.74,26.42,0.9
2026-06-17 14:55:00,388.15,390.35,388.05,390.05,306685,387.45,386.13,28.68,0.97
2026-06-17 15:00:00,390.1,391.85,389.9,391.85,726232,388.33,386.65,31.3,1.02
2026-06-17 15:05:00,391.85,393.35,391.8,392.9,797174,389.25,387.22,34.12,1.04
2026-06-17 15:10:00,392.95,394.05,392.7,392.85,678200,389.97,387.73,36.88,1.06
2026-06-17 15:15:00,392.95,393.2,392.2,392.5,286682,390.47,388.16,38.8,1.05
2026-06-17 15:20:00,392.45,392.55,392.0,392.2,291613,390.82,388.53,40.32,1.03
2026-06-17 15:25:00,392.15,392.4,391.9,392.15,347559,391.09,388.86,41.59,1.0
2026-06-18 09:15:00,392.8,395.75,391.35,395.1,456517,391.89,389.43,43.67,1.17
2026-06-18 09:20:00,395.0,395.3,393.8,394.1,375696,392.33,389.85,45.6,1.18
2026-06-18 09:25:00,394.1,394.35,393.65,394.2,108473,392.7,390.25,47.21,1.16
2026-06-18 09:30:00,394.5,394.95,393.75,394.05,209436,392.97,390.59,48.84,1.16
2026-06-18 09:35:00,394.1,395.05,393.3,394.85,146061,393.35,390.98,49.78,1.19
2026-06-18 09:40:00,395.05,396.15,395.0,396.1,319174,393.9,391.44,50.95,1.19
2026-06-18 09:45:00,396.15,396.9,395.8,395.9,206612,394.3,391.85,52.22,1.19
2026-06-18 09:50:00,395.7,396.0,395.0,395.75,82141,394.59,392.2,52.44,1.18
2026-06-18 09:55:00,395.75,395.85,395.0,395.1,115614,394.69,392.47,52.64,1.17
2026-06-18 10:00:00,395.1,395.45,394.45,395.2,90135,394.79,392.72,52.16,1.16
2026-06-18 10:05:00,395.15,395.3,394.6,394.9,34100,394.81,392.91,51.72,1.14
2026-06-18 10:10:00,394.95,394.95,393.25,394.2,111232,394.69,393.03,49.79,1.16
2026-06-18 10:15:00,394.05,394.25,393.65,393.95,49682,394.54,393.12,48.0,1.14
2026-06-18 10:20:00,394.0,394.5,393.7,393.85,30059,394.4,393.18,46.49,1.12
2026-06-18 10:25:00,394.0,394.0,393.4,393.5,39501,394.22,393.21,44.76,1.09
2026-06-18 10:30:00,393.6,393.9,393.1,393.9,52094,394.16,393.27,42.8,1.08
2026-06-18 10:35:00,393.9,393.9,393.0,393.2,349439,393.97,393.27,40.87,1.07
2026-06-18 10:40:00,393.15,395.2,392.9,395.1,107714,394.19,393.43,40.06,1.13
2026-06-18 10:45:00,395.0,399.35,395.0,397.7,460268,394.89,393.82,41.1,1.28
2026-06-18 10:50:00,397.7,397.95,396.85,396.95,140174,395.31,394.11,42.07,1.28
2026-06-18 10:55:00,397.0,397.5,396.9,397.3,97089,395.7,394.4,42.98,1.24
2026-06-18 11:00:00,397.3,397.3,396.65,397.0,49419,395.96,394.63,43.52,1.21
2026-06-18 11:05:00,397.0,398.5,397.0,398.4,88165,396.45,394.98,44.45,1.23
2026-06-18 11:10:00,398.35,398.5,397.2,397.2,90476,396.6,395.18,45.32,1.23
2026-06-18 11:15:00,397.2,397.35,396.4,396.45,80315,396.57,395.29,45.17,1.22
2026-06-18 11:20:00,396.5,397.0,396.35,396.75,53291,396.61,395.43,44.98,1.19
2026-06-18 11:25:00,396.7,397.0,396.0,396.95,119700,396.68,395.56,44.39,1.18
2026-06-18 11:30:00,396.9,398.2,396.9,398.05,79018,396.95,395.79,44.43,1.19
2026-06-18 11:35:00,398.05,398.9,397.75,398.2,120622,397.2,396.01,44.77,1.19
2026-06-18 11:40:00,398.25,398.55,397.95,398.2,65897,397.4,396.21,45.08,1.16
2026-06-18 11:45:00,398.2,398.45,397.8,398.25,137488,397.57,396.39,45.18,1.13
2026-06-18 11:50:00,398.15,398.2,396.9,397.3,117293,397.52,396.48,44.14,1.14
2026-06-18 11:55:00,397.2,397.85,396.95,397.7,33542,397.55,396.59,43.18,1.13
2026-06-18 12:00:00,397.85,400.25,397.4,398.25,357765,397.69,396.74,43.52,1.21
2026-06-18 12:05:00,398.15,398.5,397.6,398.45,82639,397.84,396.89,43.84,1.2
2026-06-18 12:10:00,398.45,399.9,398.25,399.7,140141,398.22,397.15,44.67,1.22
2026-06-18 12:15:00,399.7,401.65,399.45,401.4,441019,398.85,397.54,45.96,1.27
2026-06-18 12:20:00,401.65,403.45,401.35,402.65,557436,399.61,398.0,47.56,1.31
2026-06-18 12:25:00,402.6,404.9,402.1,404.15,542833,400.52,398.56,49.31,1.38
2026-06-18 12:30:00,404.1,404.35,402.55,402.55,330148,400.93,398.92,50.94,1.4
2026-06-18 12:35:00,402.55,404.2,401.7,404.0,341581,401.54,399.38,51.54,1.45
2026-06-18 12:40:00,404.05,404.35,402.45,403.6,276469,401.95,399.77,52.14,1.47
2026-06-18 12:45:00,403.75,403.75,402.7,403.35,183971,402.23,400.09,52.7,1.45
2026-06-18 12:50:00,403.4,404.3,403.25,404.0,135026,402.59,400.45,53.38,1.43
2026-06-18 12:55:00,404.05,405.35,404.0,404.65,292940,403.0,400.83,54.29,1.43
2026-06-18 13:00:00,404.7,405.9,404.4,405.65,214584,403.53,401.27,55.26,1.43
2026-06-18 13:05:00,405.6,405.7,405.15,405.3,140294,403.88,401.63,56.16,1.39
2026-06-18 13:10:00,405.3,406.65,405.25,405.75,380948,404.26,402.01,57.23,1.39
2026-06-18 13:15:00,405.75,406.85,405.7,406.45,163206,404.7,402.41,58.26,1.38
2026-06-18 13:20:00,406.45,407.45,405.9,406.8,255292,405.12,402.81,59.36,1.39
2026-06-18 13:25:00,406.8,407.65,405.5,406.5,300271,405.39,403.15,59.81,1.42
2026-06-18 13:30:00,406.6,406.9,406.1,406.8,151375,405.67,403.48,60.23,1.39
2026-06-18 13:35:00,406.8,406.9,406.3,406.5,117688,405.84,403.75,60.62,1.36
2026-06-18 13:40:00,406.5,406.7,405.45,405.6,160742,405.79,403.92,59.72,1.35
2026-06-18 13:45:00,405.7,406.65,405.6,406.5,110583,405.93,404.16,58.88,1.34
2026-06-18 13:50:00,406.5,406.75,406.05,406.65,95605,406.08,404.38,58.16,1.31
2026-06-18 13:55:00,406.6,406.75,406.2,406.35,105208,406.13,404.56,57.48,1.27
2026-06-18 14:00:00,406.35,406.7,406.1,406.55,123210,406.22,404.74,56.68,1.24
2026-06-18 14:05:00,406.55,406.6,405.75,405.95,99162,406.16,404.85,55.33,1.22
2026-06-18 14:10:00,405.95,406.65,405.95,406.35,121137,406.2,404.99,54.11,1.2
2026-06-18 14:15:00,406.2,407.45,406.0,407.35,214687,406.43,405.2,53.57,1.21
2026-06-18 14:20:00,407.35,408.5,407.1,408.5,375828,406.84,405.5,53.67,1.22
2026-06-18 14:25:00,408.5,409.45,407.0,407.0,525438,406.88,405.64,54.19,1.28
2026-06-18 14:30:00,407.2,407.45,406.3,407.35,222788,406.97,405.79,53.57,1.27
2026-06-18 14:35:00,407.5,407.5,406.35,406.45,180211,406.87,405.85,53.03,1.26
2026-06-18 14:40:00,406.65,407.2,406.55,406.8,125228,406.85,405.94,52.52,1.24
2026-06-18 14:45:00,406.8,406.8,405.5,405.85,191018,406.65,405.93,50.48,1.24
2026-06-18 14:50:00,405.9,405.95,404.45,404.75,312073,406.27,405.82,47.34,1.25
2026-06-18 14:55:00,404.75,405.15,404.55,405.15,171978,406.05,405.76,44.43,1.22
2026-06-18 15:00:00,405.75,406.5,404.5,404.75,299910,405.79,405.67,42.87,1.26
2026-06-18 15:05:00,404.75,405.8,404.7,405.75,335838,405.78,405.68,41.43,1.25
2026-06-18 15:10:00,405.75,406.6,405.2,406.5,368950,405.92,405.75,40.68,1.26
2026-06-18 15:15:00,406.4,406.75,406.2,406.35,434918,406.01,405.81,40.08,1.23
2026-06-18 15:20:00,406.35,406.75,406.0,406.25,300358,406.06,405.85,39.25,1.2
2026-06-18 15:25:00,406.25,406.7,405.0,405.0,263126,405.85,405.77,37.23,1.23
2026-06-19 09:15:00,405.9,408.55,403.85,407.25,640719,406.13,405.9,36.72,1.39
2026-06-19 09:20:00,407.1,410.4,406.8,409.9,651252,406.88,406.27,37.17,1.5
2026-06-19 09:25:00,409.65,410.7,409.05,409.35,327615,407.38,406.55,37.72,1.5
2026-06-19 09:30:00,409.45,410.55,408.65,410.55,457380,408.01,406.91,37.78,1.52
2026-06-19 09:35:00,410.25,411.4,410.05,410.95,371499,408.6,407.28,38.23,1.52
2026-06-19 09:40:00,410.95,412.9,410.95,411.7,374188,409.22,407.68,39.23,1.54
2026-06-19 09:45:00,411.7,412.65,411.55,412.3,238090,409.83,408.1,40.17,1.52
2026-06-19 09:50:00,412.35,412.65,411.75,412.55,178167,410.38,408.51,41.03,1.49
2026-06-19 09:55:00,412.65,412.65,410.5,410.6,260107,410.42,408.7,40.4,1.52
2026-06-19 10:00:00,410.75,411.15,409.55,410.35,273937,410.41,408.85,38.89,1.52
2026-06-19 10:05:00,410.3,410.95,410.0,410.85,50779,410.5,409.03,37.48,1.49
2026-06-19 10:10:00,410.8,412.0,410.6,411.95,85160,410.79,409.29,36.82,1.49
2026-06-19 10:15:00,411.9,412.0,411.0,411.8,104859,410.99,409.52,36.21,1.47
2026-06-19 10:20:00,411.75,411.9,411.1,411.2,52632,411.03,409.67,35.64,1.43
2026-06-19 10:25:00,411.25,411.5,411.1,411.2,45271,411.07,409.81,35.11,1.39
2026-06-19 10:30:00,411.15,411.5,410.95,411.3,52050,411.11,409.95,34.43,1.35
2026-06-19 10:35:00,411.3,412.55,410.4,411.95,242932,411.28,410.13,34.52,1.38
2026-06-19 10:40:00,411.95,412.05,411.0,411.3,96266,411.28,410.24,34.6,1.37
2026-06-19 10:45:00,411.4,411.9,411.0,411.8,100160,411.39,410.38,34.68,1.35
2026-06-19 10:50:00,411.6,412.25,411.15,411.4,103236,411.39,410.47,35.0,1.33
2026-06-19 10:55:00,411.4,411.45,410.75,411.0,65019,411.31,410.52,34.68,1.3
2026-06-19 11:00:00,411.05,411.7,411.0,411.35,34995,411.32,410.6,34.58,1.28
2026-06-19 11:05:00,411.5,413.1,411.25,413.0,289196,411.66,410.81,35.42,1.3
2026-06-19 11:10:00,413.05,416.4,412.75,416.2,1018887,412.56,411.3,37.46,1.41
2026-06-19 11:15:00,416.15,417.4,415.1,417.2,663476,413.49,411.84,39.61,1.46
2026-06-19 11:20:00,417.65,420.5,417.1,420.15,976451,414.82,412.59,42.17,1.55
2026-06-19 11:25:00,420.4,422.25,420.0,422.2,2011080,416.3,413.47,44.78,1.58
2026-06-19 11:30:00,422.15,423.7,420.0,422.1,976198,417.46,414.25,47.36,1.68
2026-06-19 11:35:00,421.95,422.2,420.4,420.45,288034,418.06,414.82,49.76,1.69
2026-06-19 11:40:00,420.5,420.9,419.1,419.75,813075,418.4,415.26,50.72,1.69
2026-06-19 11:45:00,419.55,420.0,418.55,419.15,282457,418.55,415.62,51.12,1.68
2026-06-19 11:50:00,419.25,419.65,419.0,419.05,94727,418.65,415.93,51.5,1.63
2026-06-19 11:55:00,419.25,419.95,418.8,419.4,159066,418.8,416.25,51.92,1.61
2026-06-19 12:00:00,419.55,419.85,418.1,418.1,207940,418.66,416.41,51.63,1.62
2026-06-19 12:05:00,418.1,419.55,418.0,419.35,203491,418.8,416.68,51.25,1.61
2026-06-19 12:10:00,419.35,419.5,418.5,418.6,60487,418.76,416.86,50.9,1.58
2026-06-19 12:15:00,418.8,418.8,417.85,418.1,111440,418.63,416.97,49.89,1.55
2026-06-19 12:20:00,418.1,418.75,417.9,418.55,61262,418.61,417.11,48.94,1.52
2026-06-19 12:25:00,418.55,419.15,418.1,418.3,64293,418.55,417.22,48.27,1.5
2026-06-19 12:30:00,418.3,418.5,418.1,418.2,35303,418.48,417.31,47.65,1.45
2026-06-19 12:35:00,418.25,418.25,416.5,416.8,219474,418.14,417.26,45.34,1.46
2026-06-19 12:40:00,416.9,416.95,415.15,415.5,243455,417.61,417.1,42.12,1.48
2026-06-19 12:45:00,415.45,416.35,415.45,416.0,324139,417.29,417.0,39.14,1.45
2026-06-19 12:50:00,416.0,416.15,414.3,414.55,679279,416.74,416.78,37.21,1.47
2026-06-19 12:55:00,414.5,414.55,413.15,413.8,297424,416.15,416.51,36.12,1.47
2026-06-19 13:00:00,413.95,415.5,413.95,414.7,147297,415.86,416.34,34.32,1.48
2026-06-19 13:05:00,414.7,415.1,414.4,414.85,69592,415.66,416.21,32.65,1.44
2026-06-19 13:10:00,414.9,415.0,414.5,414.95,38572,415.52,416.09,31.09,1.39
2026-06-19 13:15:00,414.95,414.95,414.4,414.5,31604,415.32,415.95,29.73,1.35
2026-06-19 13:20:00,414.75,414.9,414.3,414.45,25930,415.14,415.81,28.53,1.32
2026-06-19 13:25:00,414.4,414.95,414.35,414.4,66428,414.99,415.68,27.37,1.28
2026-06-19 13:30:00,414.45,414.45,413.75,414.3,87218,414.85,415.56,26.8,1.26
2026-06-19 13:35:00,414.25,414.4,413.75,413.9,57406,414.66,415.41,26.27,1.23
2026-06-19 13:40:00,414.25,414.55,414.15,414.4,80916,414.61,415.32,25.58,1.2
2026-06-19 13:45:00,414.4,414.4,413.8,414.2,33092,414.53,415.21,25.26,1.17
2026-06-19 13:50:00,414.1,414.25,413.0,413.3,106446,414.28,415.04,25.63,1.18
2026-06-19 13:55:00,413.3,414.2,413.2,413.95,75351,414.22,414.94,25.97,1.17
2026-06-19 14:00:00,414.0,414.3,413.3,413.7,98062,414.11,414.83,26.13,1.16
2026-06-19 14:05:00,413.95,414.4,413.8,414.35,96676,414.16,414.79,26.11,1.14
2026-06-19 14:10:00,414.3,414.4,413.7,413.9,56999,414.11,414.7,26.2,1.12
2026-06-19 14:15:00,413.75,414.4,413.55,413.75,74784,414.04,414.62,26.43,1.1
2026-06-19 14:20:00,413.75,413.85,411.4,411.7,307245,413.57,414.35,28.22,1.17
2026-06-19 14:25:00,411.7,412.35,411.55,412.25,100812,413.31,414.16,29.88,1.15
2026-06-19 14:30:00,412.2,412.75,412.2,412.7,76267,413.18,414.03,30.74,1.12
2026-06-19 14:35:00,412.7,413.3,412.4,413.1,125671,413.17,413.94,30.67,1.11
2026-06-19 14:40:00,413.2,413.35,412.6,412.95,121301,413.12,413.85,30.53,1.09
2026-06-19 14:45:00,413.0,413.1,412.6,412.7,99237,413.04,413.75,30.4,1.07
2026-06-19 14:50:00,412.7,412.85,410.7,411.0,231620,412.63,413.5,31.64,1.12
2026-06-19 14:55:00,410.7,410.9,408.2,409.85,608538,412.08,413.17,33.82,1.2
2026-06-19 15:00:00,409.9,413.8,409.35,413.0,598946,412.26,413.15,32.88,1.35
2026-06-19 15:05:00,413.05,414.1,413.05,413.5,302898,412.51,413.18,31.77,1.34
2026-06-19 15:10:00,413.5,414.0,412.55,412.75,370295,412.56,413.14,31.02,1.35
2026-06-19 15:15:00,412.55,414.15,412.15,414.0,785226,412.85,413.22,30.55,1.38
2026-06-19 15:20:00,414.05,414.85,413.9,414.75,575635,413.23,413.36,29.49,1.36
2026-06-19 15:25:00,414.8,417.15,414.1,417.0,1645101,413.98,413.69,27.88,1.44
2026-06-22 09:15:00,417.3,420.7,416.45,419.0,698181,414.98,414.17,28.01,1.57
2026-06-22 09:20:00,419.0,419.35,417.0,418.1,253577,415.61,414.53,28.13,1.61
2026-06-22 09:25:00,418.1,418.25,416.6,416.7,148504,415.83,414.73,27.96,1.61
2026-06-22 09:30:00,416.6,416.85,415.0,415.5,191392,415.76,414.8,26.74,1.62
2026-06-22 09:35:00,415.55,415.55,412.55,413.1,433177,415.23,414.64,25.34,1.69
2026-06-22 09:40:00,413.15,413.65,412.25,413.5,190611,414.88,414.54,24.19,1.67
2026-06-22 09:45:00,413.45,413.5,411.35,412.7,203778,414.45,414.37,23.53,1.7
2026-06-22 09:50:00,412.65,412.95,412.15,412.45,101450,414.05,414.2,22.91,1.65
2026-06-22 09:55:00,412.55,412.95,412.2,412.3,68341,413.7,414.03,22.34,1.61
2026-06-22 10:00:00,412.3,412.6,412.0,412.1,32233,413.38,413.85,21.92,1.56
2026-06-22 10:05:00,412.15,413.9,411.75,413.8,121240,413.46,413.85,20.63,1.59
2026-06-22 10:10:00,414.15,414.25,413.05,413.4,94408,413.45,413.81,19.2,1.57
2026-06-22 10:15:00,413.5,414.7,413.4,414.1,72827,413.58,413.83,18.07,1.56
2026-06-22 10:20:00,414.1,414.1,411.55,411.55,89021,413.17,413.62,17.66,1.61
2026-06-22 10:25:00,411.5,411.85,409.1,411.15,837714,412.77,413.4,18.39,1.66
2026-06-22 10:30:00,411.3,411.4,410.35,410.7,151145,412.36,413.15,19.07,1.63
2026-06-22 10:35:00,410.6,410.75,409.6,409.6,92375,411.8,412.83,20.01,1.61
2026-06-22 10:40:00,409.6,410.45,409.1,410.15,180744,411.47,412.59,21.08,1.6
2026-06-22 10:45:00,410.15,410.25,409.25,410.0,78215,411.18,412.35,22.07,1.57
2026-06-22 10:50:00,409.8,409.95,409.3,409.75,49106,410.89,412.12,22.99,1.53
2026-06-22 10:55:00,409.8,410.2,409.6,409.8,55578,410.67,411.91,23.61,1.48
2026-06-22 11:00:00,409.8,409.85,408.55,408.85,406218,410.31,411.63,24.67,1.47
2026-06-22 11:05:00,408.9,408.95,408.3,408.8,87164,410.01,411.37,25.78,1.43
2026-06-22 11:10:00,408.85,410.9,408.4,410.85,420023,410.18,411.32,25.04,1.49
2026-06-22 11:15:00,411.1,412.0,410.95,411.5,189155,410.44,411.34,23.57,1.47
2026-06-22 11:20:00,411.4,412.45,411.4,412.25,150595,410.8,411.42,21.89,1.45
2026-06-22 11:25:00,412.05,412.3,411.65,411.9,47369,411.02,411.47,20.34,1.41
2026-06-22 11:30:00,412.1,412.2,411.9,412.1,27749,411.24,411.52,18.9,1.36
2026-06-22 11:35:00,412.15,412.15,411.6,411.85,33658,411.36,411.55,17.79,1.32
2026-06-22 11:40:00,412.0,412.0,411.5,411.55,32082,411.4,411.55,16.85,1.28
2026-06-22 11:45:00,411.75,412.2,411.4,412.05,42551,411.53,411.6,15.78,1.26
2026-06-22 11:50:00,412.05,412.2,411.4,411.6,38964,411.54,411.6,14.8,1.24
2026-06-22 11:55:00,411.6,412.3,411.4,412.0,84817,411.63,411.63,13.78,1.22
2026-06-22 12:00:00,412.0,412.25,412.0,412.15,16841,411.74,411.68,12.84,1.17
2026-06-22 12:05:00,412.15,412.15,411.7,411.9,21282,411.77,411.7,12.29,1.14
2026-06-22 12:10:00,411.9,412.0,411.35,411.6,16055,411.74,411.69,12.15,1.12
2026-06-22 12:15:00,411.6,411.65,410.75,410.85,53906,411.56,411.62,12.62,1.11
2026-06-22 12:20:00,410.85,411.65,410.75,411.6,73004,411.57,411.61,13.05,1.1
2026-06-22 12:25:00,411.7,411.7,410.9,411.2,13705,411.49,411.58,13.38,1.08
2026-06-22 12:30:00,411.15,411.55,411.1,411.25,19777,411.44,411.55,13.68,1.05
2026-06-22 12:35:00,411.35,411.55,411.25,411.4,13542,411.44,411.53,13.96,1.02
2026-06-22 12:40:00,411.5,411.6,411.4,411.5,8444,411.45,411.53,14.13,0.98
2026-06-22 12:45:00,411.55,411.6,411.2,411.35,17307,411.43,411.51,14.55,0.95
2026-06-22 12:50:00,411.3,411.55,411.15,411.4,11498,411.42,411.5,15.02,0.92
2026-06-22 12:55:00,411.25,412.0,411.25,411.8,58776,411.5,411.53,14.55,0.92
2026-06-22 13:00:00,411.75,415.0,411.7,414.2,401143,412.04,411.77,16.21,1.03
2026-06-22 13:05:00,414.3,414.5,413.75,413.75,79677,412.38,411.95,17.76,1.02
2026-06-22 13:10:00,413.9,413.9,413.15,413.6,61308,412.62,412.1,18.3,1.0
2026-06-22 13:15:00,413.5,413.65,413.2,413.5,53897,412.8,412.23,18.81,0.98
2026-06-22 13:20:00,413.5,413.95,413.4,413.8,25352,413.0,412.37,19.55,0.96
2026-06-22 13:25:00,413.95,414.0,413.15,413.4,40840,413.08,412.47,19.84,0.95
2026-06-22 13:30:00,413.4,413.75,413.25,413.55,26113,413.17,412.56,20.11,0.93
2026-06-22 13:35:00,413.35,413.75,413.2,413.5,25833,413.24,412.65,20.27,0.91
2026-06-22 13:40:00,413.35,413.5,412.9,413.5,50995,413.29,412.73,19.9,0.9
2026-06-22 13:45:00,413.45,413.8,413.3,413.55,34882,413.34,412.8,19.93,0.88
2026-06-22 13:50:00,413.75,413.75,413.3,413.6,26450,413.39,412.87,19.95,0.86
2026-06-22 13:55:00,413.4,414.2,413.2,413.85,89931,413.49,412.96,20.51,0.86
2026-06-22 14:00:00,413.85,414.1,411.0,411.1,230668,413.01,412.79,20.1,0.97
2026-06-22 14:05:00,411.1,411.3,410.5,410.85,143826,412.58,412.62,20.18,0.96
2026-06-22 14:10:00,410.85,411.35,410.65,410.9,107398,412.24,412.46,20.18,0.95
2026-06-22 14:15:00,410.8,411.55,410.55,411.25,116650,412.04,412.35,19.9,0.95
2026-06-22 14:20:00,411.25,411.35,410.9,411.2,96563,411.87,412.25,19.63,0.93
2026-06-22 14:25:00,411.2,411.55,410.8,411.3,112684,411.76,412.16,19.08,0.92
2026-06-22 14:30:00,411.2,411.85,411.0,411.35,109202,411.68,412.09,18.1,0.92
2026-06-22 14:35:00,411.25,412.25,411.25,411.9,117944,411.72,412.07,16.99,0.92
2026-06-22 14:40:00,412.1,412.25,411.85,412.2,114027,411.82,412.08,15.96,0.9
2026-06-22 14:45:00,412.2,412.95,411.9,412.85,174044,412.02,412.15,15.92,0.9
2026-06-22 14:50:00,412.9,413.5,412.8,413.15,184112,412.25,412.24,16.5,0.89
2026-06-22 14:55:00,413.3,413.3,412.6,412.85,141450,412.37,412.3,16.71,0.88
2026-06-22 15:00:00,413.1,413.1,412.25,412.45,184718,412.39,412.31,16.32,0.88
2026-06-22 15:05:00,412.6,412.6,410.75,410.9,214704,412.09,412.18,16.23,0.93
2026-06-22 15:10:00,410.85,411.35,410.45,411.3,217810,411.93,412.1,16.43,0.93
2026-06-22 15:15:00,411.2,411.25,410.75,411.1,252013,411.76,412.01,16.62,0.91
2026-06-22 15:20:00,411.1,411.65,411.05,411.1,320605,411.63,411.93,16.21,0.89
2026-06-22 15:25:00,411.05,412.2,411.0,411.85,303088,411.68,411.92,15.08,0.91
2026-06-23 09:15:00,413.85,414.75,411.15,413.4,382625,412.02,412.06,16.26,1.04
2026-06-23 09:20:00,413.1,413.35,411.7,412.1,156808,412.04,412.06,17.35,1.07
2026-06-23 09:25:00,412.1,412.1,411.0,411.2,130319,411.87,411.98,17.5,1.07
2026-06-23 09:30:00,411.25,411.6,410.3,410.6,104685,411.62,411.86,16.86,1.08
2026-06-23 09:35:00,410.55,410.8,406.35,406.45,325464,410.58,411.36,17.79,1.24
2026-06-23 09:40:00,406.3,408.4,406.0,408.35,261599,410.14,411.09,18.81,1.3
2026-06-23 09:45:00,408.4,411.6,408.0,411.0,235593,410.31,411.08,17.47,1.41
2026-06-23 09:50:00,411.0,412.4,410.4,410.6,158385,410.37,411.04,16.67,1.43
2026-06-23 09:55:00,410.8,414.0,410.6,413.65,197144,411.02,411.28,16.7,1.53
2026-06-23 10:00:00,413.75,413.85,412.8,413.25,111477,411.47,411.46,16.74,1.51
2026-06-23 10:05:00,413.25,413.35,412.55,412.55,48396,411.69,411.55,16.59,1.47
2026-06-23 10:10:00,412.5,412.8,412.05,412.05,35526,411.76,411.6,16.11,1.44
2026-06-23 10:15:00,412.2,412.2,411.5,412.2,57740,411.85,411.65,15.28,1.4
2026-06-23 10:20:00,412.2,412.25,411.15,411.15,28244,411.71,411.61,14.28,1.39
2026-06-23 10:25:00,411.15,411.2,410.7,410.8,55902,411.53,411.54,13.48,1.35
2026-06-23 10:30:00,410.8,411.1,409.55,410.85,205162,411.39,411.47,13.46,1.36
2026-06-23 10:35:00,410.7,411.4,410.3,410.85,45503,411.28,411.42,13.22,1.34
2026-06-23 10:40:00,410.85,411.2,409.5,409.55,118948,410.94,411.25,13.47,1.36
2026-06-23 10:45:00,409.7,410.0,409.45,409.75,30274,410.7,411.11,13.74,1.32
2026-06-23 10:50:00,409.85,410.35,409.6,410.2,69221,410.6,411.03,13.68,1.29
2026-06-23 10:55:00,410.1,410.7,409.65,409.7,56279,410.42,410.91,13.32,1.28
2026-06-23 11:00:00,409.9,410.4,409.5,410.4,56606,410.42,410.86,13.1,1.26
2026-06-23 11:05:00,410.4,410.85,410.05,410.5,42838,410.43,410.83,12.48,1.24
2026-06-23 11:10:00,410.5,410.7,410.3,410.5,27652,410.45,410.8,11.9,1.2
2026-06-23 11:15:00,410.45,410.65,410.3,410.3,22520,410.42,410.75,11.36,1.16
2026-06-23 11:20:00,410.3,410.4,409.05,409.55,56004,410.24,410.64,11.92,1.17
2026-06-23 11:25:00,409.55,409.95,409.35,409.8,22786,410.15,410.57,12.44,1.14
2026-06-23 11:30:00,409.9,410.2,409.55,409.55,25337,410.03,410.47,12.63,1.12
2026-06-23 11:35:00,409.65,409.9,409.0,409.2,28934,409.87,410.36,13.26,1.11
2026-06-23 11:40:00,409.2,409.25,408.0,408.3,284643,409.55,410.17,14.58,1.12
2026-06-23 11:45:00,408.2,408.3,407.05,407.5,100842,409.14,409.93,16.37,1.12
2026-06-23 11:50:00,407.45,407.5,406.55,407.25,72627,408.76,409.69,18.31,1.11
2026-06-23 11:55:00,407.0,407.2,404.2,404.65,209425,407.94,409.23,21.07,1.21
2026-06-23 12:00:00,404.65,404.95,403.2,403.5,161168,407.05,408.71,23.94,1.23
2026-06-23 12:05:00,403.55,404.0,403.25,403.95,69944,406.43,408.27,26.61,1.21
2026-06-23 12:10:00,404.0,404.0,402.55,403.5,101308,405.85,407.84,29.29,1.22
2026-06-23 12:15:00,403.5,404.0,403.0,403.3,54181,405.34,407.43,31.77,1.21
2026-06-23 12:20:00,403.3,403.3,402.25,403.0,66683,404.87,407.02,34.3,1.2
2026-06-23 12:25:00,403.15,405.25,403.05,404.85,79236,404.87,406.83,34.36,1.25
2026-06-23 12:30:00,404.85,404.95,404.2,404.45,53876,404.78,406.61,34.42,1.23
2026-06-23 12:35:00,404.4,404.9,404.2,404.5,40770,404.73,406.42,34.47,1.2
2026-06-23 12:40:00,404.6,404.85,403.0,403.4,131466,404.46,406.14,35.12,1.23
2026-06-23 12:45:00,403.4,403.9,403.0,403.2,40576,404.21,405.88,35.71,1.22
2026-06-23 12:50:00,403.35,403.75,402.55,402.85,26129,403.94,405.6,36.48,1.22
2026-06-23 12:55:00,402.95,403.35,402.55,403.05,26080,403.76,405.37,37.2,1.2
2026-06-23 13:00:00,403.1,403.25,402.7,403.25,32714,403.66,405.18,37.86,1.17
2026-06-23 13:05:00,403.35,404.0,402.9,402.9,63983,403.51,404.97,37.44,1.16
2026-06-23 13:10:00,402.85,402.85,401.4,401.55,167466,403.11,404.66,37.9,1.18
2026-06-23 13:15:00,401.65,401.65,399.35,400.0,248873,402.49,404.24,39.15,1.23
2026-06-23 13:20:00,400.0,400.75,400.0,400.4,119013,402.07,403.89,40.32,1.21
2026-06-23 13:25:00,400.45,400.55,397.75,399.0,237541,401.46,403.44,42.06,1.29
2026-06-23 13:30:00,399.05,399.05,397.7,398.0,152488,400.77,402.95,43.69,1.29
2026-06-23 13:35:00,398.2,399.6,398.0,399.25,152931,400.46,402.61,44.55,1.3
2026-06-23 13:40:00,399.35,401.25,399.0,400.7,187286,400.51,402.44,43.66,1.35
2026-06-23 13:45:00,400.9,401.1,400.4,400.5,131957,400.51,402.26,42.84,1.32
2026-06-23 13:50:00,400.6,400.6,399.2,399.55,125692,400.32,402.02,42.63,1.32
2026-06-23 13:55:00,399.85,399.85,399.0,399.3,96971,400.11,401.77,42.51,1.3
2026-06-23 14:00:00,399.3,400.7,398.7,400.4,264849,400.17,401.64,41.57,1.33
2026-06-23 14:05:00,400.4,401.3,400.05,400.35,157706,400.21,401.53,40.13,1.33
2026-06-23 14:10:00,400.55,402.0,400.35,401.75,164290,400.52,401.55,38.2,1.34
2026-06-23 14:15:00,401.75,401.75,400.85,401.0,140684,400.61,401.5,36.4,1.32
2026-06-23 14:20:00,401.1,401.5,400.5,400.65,132202,400.62,401.42,34.97,1.31
2026-06-23 14:25:00,400.6,400.85,399.95,400.0,136185,400.5,401.29,34.02,1.29
2026-06-23 14:30:00,400.2,400.75,399.95,400.1,119067,400.42,401.18,33.13,1.26
2026-06-23 14:35:00,400.0,400.4,399.55,399.8,109678,400.29,401.06,32.58,1.25
2026-06-23 14:40:00,399.8,400.7,399.3,400.3,117825,400.29,400.99,31.73,1.25
2026-06-23 14:45:00,400.35,400.85,399.75,400.15,150905,400.27,400.91,30.76,1.25
2026-06-23 14:50:00,400.25,401.2,399.8,401.0,148325,400.41,400.92,29.45,1.25
2026-06-23 14:55:00,401.0,401.5,400.85,400.95,188554,400.52,400.92,27.9,1.22
2026-06-23 15:00:00,401.65,401.65,399.15,399.8,351530,400.38,400.82,27.82,1.28
2026-06-23 15:05:00,399.75,400.7,399.75,399.9,234318,400.28,400.74,27.74,1.27
2026-06-23 15:10:00,399.9,400.2,399.45,399.65,218800,400.15,400.64,27.89,1.24
2026-06-23 15:15:00,399.55,399.8,399.25,399.75,230677,400.07,400.56,28.17,1.21
2026-06-23 15:20:00,399.75,400.15,399.2,399.85,291863,400.03,400.49,27.94,1.2
2026-06-23 15:25:00,399.65,400.5,399.5,400.4,237247,400.1,400.48,27.28,1.19
2026-06-24 09:15:00,401.1,404.95,400.3,404.35,353957,400.95,400.84,27.52,1.35
2026-06-24 09:20:00,404.5,405.5,404.05,405.5,274384,401.86,401.26,28.0,1.36
2026-06-24 09:25:00,405.5,406.8,404.5,404.85,236905,402.46,401.59,29.0,1.4
2026-06-24 09:30:00,405.0,405.45,404.25,404.4,109651,402.85,401.84,29.69,1.39
2026-06-24 09:35:00,404.45,404.9,401.8,402.15,221537,402.71,401.87,28.35,1.47
2026-06-24 09:40:00,402.05,402.05,400.35,401.75,144946,402.52,401.86,26.45,1.49
2026-06-24 09:45:00,401.6,401.85,399.0,399.0,139394,401.81,401.6,25.4,1.56
2026-06-24 09:50:00,399.0,401.4,398.8,401.25,103918,401.7,401.57,24.52,1.6
2026-06-24 09:55:00,401.35,402.5,401.3,401.6,97427,401.68,401.57,23.01,1.59
2026-06-24 10:00:00,401.9,403.95,401.75,403.9,111067,402.12,401.78,21.94,1.62
2026-06-24 10:05:00,403.85,403.9,402.8,403.0,67839,402.3,401.89,20.94,1.6
2026-06-24 10:10:00,403.0,404.5,402.55,403.2,132883,402.48,402.01,20.34,1.62
2026-06-24 10:15:00,403.15,403.85,402.75,403.05,68190,402.59,402.11,19.78,1.59
2026-06-24 10:20:00,403.05,403.65,403.0,403.3,48818,402.73,402.21,19.27,1.55
2026-06-24 10:25:00,403.3,403.7,402.85,403.05,74615,402.8,402.29,18.67,1.51
2026-06-24 10:30:00,403.15,403.7,402.8,403.65,56502,402.97,402.41,18.06,1.48
2026-06-24 10:35:00,403.7,404.2,403.35,404.2,88430,403.21,402.58,17.86,1.45
2026-06-24 10:40:00,404.05,405.85,404.0,405.75,186410,403.72,402.87,18.67,1.47
2026-06-24 10:45:00,405.7,406.7,405.7,406.5,174827,404.28,403.2,19.85,1.45
2026-06-24 10:50:00,406.45,406.75,405.2,405.2,125628,404.46,403.38,20.46,1.46
2026-06-24 10:55:00,405.2,406.8,405.2,406.75,77659,404.92,403.68,21.05,1.46
2026-06-24 11:00:00,406.8,408.0,406.7,406.7,193561,405.28,403.96,22.23,1.45
2026-06-24 11:05:00,406.65,406.85,405.85,406.7,100651,405.56,404.21,22.48,1.43
2026-06-24 11:10:00,406.7,406.9,405.05,405.6,88449,405.57,404.33,21.99,1.45
2026-06-24 11:15:00,405.6,406.0,405.1,405.45,89515,405.54,404.44,21.54,1.43
2026-06-24 11:20:00,405.4,405.95,405.15,405.25,67014,405.49,404.51,21.12,1.4
2026-06-24 11:25:00,405.4,405.8,405.1,405.7,60193,405.53,404.62,20.68,1.36
2026-06-24 11:30:00,405.65,405.7,404.85,405.55,90101,405.53,404.7,20.01,1.34
2026-06-24 11:35:00,405.5,406.5,405.35,406.5,51768,405.73,404.87,20.02,1.33
2026-06-24 11:40:00,406.6,406.6,405.75,406.15,65080,405.81,404.98,20.1,1.31
2026-06-24 11:45:00,406.25,406.5,405.1,405.7,44364,405.79,405.05,19.44,1.31
2026-06-24 11:50:00,405.7,405.95,405.2,405.55,49124,405.74,405.09,18.83,1.28
2026-06-24 11:55:00,405.6,406.3,405.55,406.15,33042,405.82,405.19,18.58,1.26
2026-06-24 12:00:00,406.2,406.9,406.1,406.5,72215,405.96,405.31,18.87,1.24
2026-06-24 12:05:00,406.5,406.6,406.15,406.15,33726,406.0,405.39,19.14,1.2
2026-06-24 12:10:00,406.3,406.8,405.6,405.8,239214,405.96,405.42,18.66,1.2
2026-06-24 12:15:00,405.7,406.7,405.25,406.25,205130,406.02,405.5,17.78,1.21
2026-06-24 12:20:00,406.1,406.6,404.55,404.8,223685,405.77,405.43,16.84,1.25
2026-06-24 12:25:00,404.75,405.25,404.55,404.75,81070,405.57,405.37,15.98,1.23
2026-06-24 12:30:00,404.75,404.75,403.45,403.95,93414,405.24,405.24,16.26,1.23
2026-06-24 12:35:00,404.0,404.0,403.6,404.0,59218,405.0,405.13,16.52,1.19
2026-06-24 12:40:00,404.0,404.35,403.85,404.35,173172,404.87,405.06,16.28,1.16
2026-06-24 12:45:00,404.45,404.8,403.8,403.95,76361,404.68,404.96,15.49,1.15
2026-06-24 12:50:00,403.85,404.0,403.2,403.25,185972,404.4,404.8,15.38,1.13
2026-06-24 12:55:00,403.35,403.9,403.25,403.6,50128,404.24,404.69,15.28,1.11
2026-06-24 13:00:00,403.6,404.2,403.55,404.1,139467,404.21,404.64,14.77,1.09
2026-06-24 13:05:00,404.1,404.1,403.75,404.0,113010,404.17,404.58,14.3,1.05
2026-06-24 13:10:00,404.0,404.75,403.8,404.2,279176,404.17,404.55,13.57,1.05
2026-06-24 13:15:00,404.25,405.55,404.1,405.05,113937,404.35,404.59,13.8,1.07
2026-06-24 13:20:00,405.15,405.2,404.0,404.2,127711,404.32,404.56,13.87,1.07
2026-06-24 13:25:00,404.3,404.5,401.15,402.3,194718,403.92,404.35,14.67,1.18
2026-06-24 13:30:00,402.3,403.65,402.3,403.45,188330,403.82,404.27,15.42,1.19
2026-06-24 13:35:00,403.6,403.75,402.5,402.7,94843,403.6,404.13,15.99,1.19
2026-06-24 13:40:00,402.7,403.3,402.6,403.1,109035,403.5,404.03,16.52,1.17
2026-06-24 13:45:00,403.0,403.9,403.0,403.75,131234,403.55,404.01,16.23,1.16
2026-06-24 13:50:00,403.55,403.95,403.55,403.8,54968,403.6,403.99,15.9,1.12
2026-06-24 13:55:00,403.7,404.0,403.35,403.5,90321,403.58,403.94,15.8,1.1
2026-06-24 14:00:00,403.65,403.75,402.9,403.1,168726,403.48,403.87,16.16,1.09
2026-06-24 14:05:00,403.1,403.6,402.85,403.35,167797,403.46,403.82,16.54,1.07
2026-06-24 14:10:00,403.25,403.95,403.15,403.8,54536,403.53,403.82,16.36,1.06
2026-06-24 14:15:00,403.8,404.0,403.5,403.9,56579,403.6,403.83,16.11,1.03
2026-06-24 14:20:00,403.9,404.0,403.7,403.95,133953,403.67,403.84,15.88,1.0
2026-06-24 14:25:00,404.0,404.0,403.55,403.75,84256,403.69,403.83,15.87,0.97
2026-06-24 14:30:00,403.8,403.9,403.1,403.85,87873,403.72,403.83,16.41,0.96
2026-06-24 14:35:00,403.75,403.95,403.4,403.75,82230,403.73,403.82,16.82,0.94
2026-06-24 14:40:00,403.8,403.95,403.2,403.6,87282,403.7,403.8,17.45,0.93
2026-06-24 14:45:00,403.55,403.65,402.8,403.3,88192,403.62,403.76,18.51,0.93
2026-06-24 14:50:00,403.35,403.9,403.35,403.8,90987,403.66,403.76,18.96,0.91
2026-06-24 14:55:00,403.8,404.0,403.65,403.8,78657,403.68,403.77,19.17,0.89
2026-06-24 15:00:00,403.8,404.0,403.0,403.35,398920,403.62,403.73,20.16,0.89
2026-06-24 15:05:00,403.25,403.4,402.8,403.4,131504,403.57,403.7,21.29,0.88
2026-06-24 15:10:00,403.4,403.45,402.55,402.6,152032,403.38,403.6,22.6,0.88
2026-06-24 15:15:00,402.65,402.7,401.75,401.75,193380,403.05,403.43,24.53,0.88
2026-06-24 15:20:00,401.65,402.2,401.5,402.05,220049,402.85,403.3,26.51,0.87
2026-06-24 15:25:00,402.05,402.7,401.8,401.8,142691,402.64,403.17,27.24,0.88
2026-06-25 09:15:00,404.7,406.4,403.7,405.0,240628,403.11,403.33,27.04,1.05
2026-06-25 09:20:00,404.8,405.25,404.2,404.9,71405,403.47,403.48,26.85,1.05
2026-06-25 09:25:00,404.75,405.0,403.15,404.75,58154,403.73,403.59,25.54,1.09
2026-06-25 09:30:00,404.95,405.25,403.95,405.25,57705,404.03,403.74,24.52,1.1
2026-06-25 09:35:00,405.2,405.75,404.35,405.1,96344,404.25,403.87,23.99,1.11
2026-06-25 09:40:00,405.2,406.0,404.4,404.6,88216,404.32,403.93,23.69,1.14
2026-06-25 09:45:00,404.55,404.7,402.2,403.7,146088,404.19,403.91,22.64,1.2
2026-06-25 09:50:00,403.95,404.6,403.45,403.75,57331,404.1,403.9,21.67,1.2
2026-06-25 09:55:00,403.8,404.25,403.2,403.9,61572,404.06,403.9,20.96,1.19
2026-06-25 10:00:00,403.8,404.0,403.05,403.25,41561,403.9,403.84,20.43,1.18
2026-06-25 10:05:00,403.2,403.75,402.75,403.25,69104,403.77,403.79,20.19,1.17
2026-06-25 10:10:00,403.2,403.45,402.9,403.45,37193,403.71,403.75,19.96,1.14
2026-06-25 10:15:00,403.45,404.05,403.25,403.7,22939,403.71,403.75,19.03,1.13
2026-06-25 10:20:00,403.75,404.25,403.5,404.1,45322,403.78,403.78,17.95,1.11
2026-06-25 10:25:00,404.05,404.1,402.8,402.85,39512,403.6,403.7,17.63,1.12
2026-06-25 10:30:00,402.85,403.9,402.8,403.8,31856,403.64,403.71,17.34,1.12
2026-06-25 10:35:00,403.9,405.8,403.8,405.25,147868,403.96,403.85,17.08,1.16
2026-06-25 10:40:00,405.1,405.4,404.8,405.05,30136,404.18,403.96,16.85,1.13
2026-06-25 10:45:00,405.15,405.15,404.4,404.7,15954,404.28,404.02,16.18,1.11
2026-06-25 10:50:00,404.6,404.65,403.5,403.9,27665,404.21,404.01,15.4,1.12
2026-06-25 10:55:00,403.9,404.35,403.6,404.0,9892,404.16,404.01,14.68,1.1
2026-06-25 11:00:00,404.2,405.0,403.8,404.65,42904,404.26,404.07,13.93,1.11
2026-06-25 11:05:00,404.65,405.25,404.5,404.5,40757,404.31,404.11,13.49,1.09
2026-06-25 11:10:00,404.7,405.05,404.5,404.8,11209,404.41,404.17,13.08,1.06
2026-06-25 11:15:00,404.95,405.2,404.75,404.9,11069,404.51,404.24,12.86,1.03
2026-06-25 11:20:00,404.85,405.0,404.2,404.45,20851,404.49,404.26,11.96,1.02
2026-06-25 11:25:00,404.5,404.9,404.05,404.5,11045,404.5,404.28,11.26,1.01
2026-06-25 11:30:00,404.5,404.6,403.7,404.0,18111,404.4,404.25,11.04,1.01
2026-06-25 11:35:00,404.1,404.2,403.75,404.05,12132,404.33,404.24,10.83,0.98
2026-06-25 11:40:00,404.2,404.25,403.65,403.85,20574,404.23,404.2,10.76,0.96
2026-06-25 11:45:00,403.85,404.05,402.85,403.35,50163,404.06,404.12,11.62,0.98
2026-06-25 11:50:00,403.3,403.9,403.0,403.55,100935,403.95,404.07,12.41,0.97
2026-06-25 11:55:00,403.6,404.35,403.55,403.9,33552,403.94,404.06,12.4,0.96
2026-06-25 12:00:00,404.1,404.45,403.7,404.45,18952,404.04,404.09,12.23,0.95
2026-06-25 12:05:00,404.4,405.0,404.35,404.8,51373,404.2,404.16,11.48,0.94
2026-06-25 12:10:00,404.85,405.0,404.25,404.45,20932,404.25,404.18,10.69,0.93
2026-06-25 12:15:00,404.45,404.7,404.15,404.35,33172,404.27,404.2,10.11,0.91
2026-06-25 12:20:00,404.35,404.65,404.15,404.35,55503,404.28,404.21,9.57,0.89
2026-06-25 12:25:00,404.35,404.55,404.0,404.3,100052,404.29,404.22,9.32,0.88
2026-06-25 12:30:00,404.3,404.3,402.6,402.8,107373,403.99,404.09,10.87,0.92
2026-06-25 12:35:00,402.85,404.35,402.35,404.25,141723,404.04,404.1,12.55,0.97
2026-06-25 12:40:00,404.35,404.35,402.8,403.0,92144,403.83,404.0,14.1,0.99
2026-06-25 12:45:00,403.0,403.75,402.8,403.4,128979,403.75,403.95,15.55,0.99
2026-06-25 12:50:00,403.2,403.65,403.0,403.05,71015,403.61,403.87,16.89,0.98
2026-06-25 12:55:00,403.1,403.6,401.65,403.4,213119,403.57,403.83,19.36,1.02
2026-06-25 13:00:00,403.35,405.9,403.0,405.8,171616,404.01,404.0,18.15,1.11
2026-06-25 13:05:00,405.9,406.8,405.25,405.7,168735,404.35,404.16,17.56,1.13
2026-06-25 13:10:00,405.75,406.05,405.3,405.55,90567,404.59,404.29,17.01,1.11
2026-06-25 13:15:00,405.6,406.7,405.5,406.35,93874,404.94,404.47,17.09,1.12
2026-06-25 13:20:00,406.45,408.3,406.25,407.4,148038,405.43,404.74,18.3,1.16
2026-06-25 13:25:00,407.5,407.55,406.35,406.8,74200,405.71,404.93,19.42,1.16
2026-06-25 13:30:00,406.8,407.0,406.2,406.35,38087,405.84,405.06,20.27,1.15
2026-06-25 13:35:00,406.35,406.95,405.9,406.85,86736,406.04,405.22,20.65,1.14
2026-06-25 13:40:00,406.95,407.2,406.8,406.95,53514,406.22,405.38,21.2,1.11
2026-06-25 13:45:00,407.0,407.6,406.95,407.35,58734,406.45,405.56,22.02,1.09
2026-06-25 13:50:00,407.45,407.5,406.4,406.4,77320,406.44,405.63,22.01,1.09
2026-06-25 13:55:00,406.4,406.6,405.55,405.8,127519,406.31,405.65,20.96,1.08
2026-06-25 14:00:00,405.7,405.7,404.1,404.25,198021,405.9,405.52,20.32,1.11
2026-06-25 14:05:00,404.2,404.4,403.25,403.6,113725,405.44,405.35,20.37,1.12
2026-06-25 14:10:00,403.8,403.9,403.2,403.45,89790,405.04,405.17,20.45,1.1
2026-06-25 14:15:00,403.35,403.6,402.8,403.1,148178,404.65,404.99,20.81,1.08
2026-06-25 14:20:00,403.0,403.6,402.9,403.55,104549,404.43,404.85,21.16,1.06
2026-06-25 14:25:00,403.55,404.2,403.1,404.1,118383,404.37,404.79,20.72,1.07
2026-06-25 14:30:00,404.05,404.6,403.8,404.4,121493,404.37,404.75,19.85,1.05
2026-06-25 14:35:00,404.6,405.8,404.35,404.45,174880,404.39,404.72,19.02,1.07
2026-06-25 14:40:00,404.6,404.6,402.8,403.25,208726,404.16,404.59,18.45,1.11
2026-06-25 14:45:00,403.05,404.05,402.65,403.05,248376,403.94,404.45,18.02,1.12
2026-06-25 14:50:00,403.0,405.65,402.9,405.15,597482,404.18,404.51,17.22,1.2
2026-06-25 14:55:00,405.1,405.3,403.95,404.4,421976,404.22,404.5,16.48,1.21
2026-06-25 15:00:00,404.3,404.4,403.35,403.9,352635,404.16,404.45,15.35,1.2
2026-06-25 15:05:00,403.85,403.9,403.2,403.2,364758,403.97,404.33,14.43,1.17
2026-06-25 15:10:00,403.2,403.5,402.25,402.45,348172,403.66,404.16,14.35,1.18
2026-06-25 15:15:00,402.6,402.6,401.6,401.95,325206,403.32,403.96,14.75,1.17
2026-06-25 15:20:00,401.85,402.3,401.1,402.2,352785,403.1,403.8,15.45,1.17
2026-06-25 15:25:00,402.15,402.5,401.65,402.05,332344,402.89,403.64,15.89,1.16
2026-06-29 09:15:00,402.7,405.15,400.45,400.7,339370,402.45,403.38,15.49,1.32
2026-06-29 09:20:00,400.7,400.7,398.6,398.9,170801,401.74,402.97,14.94,1.36
2026-06-29 09:25:00,398.5,399.8,397.65,398.7,191506,401.13,402.58,14.99,1.4
2026-06-29 09:30:00,398.7,398.75,396.05,397.15,265195,400.34,402.09,15.82,1.46
2026-06-29 09:35:00,397.25,397.95,396.25,397.5,123346,399.77,401.67,16.59,1.47
2026-06-29 09:40:00,397.45,398.25,397.0,397.7,89232,399.35,401.31,17.06,1.46
2026-06-29 09:45:00,397.65,397.95,394.25,394.5,238569,398.38,400.69,18.67,1.57
2026-06-29 09:50:00,394.45,396.7,393.85,396.05,208778,397.92,400.27,20.31,1.63
2026-06-29 09:55:00,396.15,396.7,395.15,396.4,193933,397.61,399.92,21.84,1.63
2026-06-29 10:00:00,396.5,399.15,396.5,399.05,446762,397.9,399.84,21.35,1.68
2026-06-29 10:05:00,399.05,401.1,398.65,400.65,318028,398.45,399.91,19.89,1.72
2026-06-29 10:10:00,400.5,400.9,399.95,400.0,108399,398.76,399.92,18.54,1.68
2026-06-29 10:15:00,399.95,400.0,398.35,398.5,124554,398.71,399.79,17.99,1.68
2026-06-29 10:20:00,398.55,398.8,398.15,398.35,58860,398.64,399.66,17.58,1.63
2026-06-29 10:25:00,398.4,400.75,398.3,400.5,123999,399.01,399.74,16.57,1.67
2026-06-29 10:30:00,400.45,400.95,399.15,400.45,145005,399.3,399.8,15.74,1.67
2026-06-29 10:35:00,400.35,400.7,399.25,400.25,107188,399.49,399.84,14.97,1.66
2026-06-29 10:40:00,400.25,401.85,400.0,401.75,133012,399.94,400.02,14.88,1.67
2026-06-29 10:45:00,401.75,401.8,401.2,401.75,109545,400.3,400.17,14.79,1.62
2026-06-29 10:50:00,401.7,401.75,400.4,400.5,96138,400.34,400.2,14.15,1.61
2026-06-29 10:55:00,400.55,401.4,400.55,401.1,70123,400.49,400.28,13.56,1.57
2026-06-29 11:00:00,401.3,402.35,401.0,402.2,144565,400.83,400.46,13.59,1.56
2026-06-29 11:05:00,402.3,405.15,401.6,405.15,262748,401.7,400.88,14.95,1.66
2026-06-29 11:10:00,405.15,405.8,404.25,404.8,250190,402.32,401.24,16.46,1.65
2026-06-29 11:15:00,404.85,406.45,404.75,406.45,169209,403.14,401.71,18.1,1.66
2026-06-29 11:20:00,406.5,407.5,406.3,406.8,253154,403.88,402.18,19.98,1.63
2026-06-29 11:25:00,406.7,407.35,406.35,406.9,222251,404.48,402.61,21.73,1.6
2026-06-29 11:30:00,406.85,407.1,405.35,405.5,230063,404.68,402.87,22.48,1.61
2026-06-29 11:35:00,405.5,407.35,405.45,407.25,219546,405.2,403.27,23.29,1.62
2026-06-29 11:40:00,407.15,409.15,407.15,408.35,354730,405.83,403.73,24.73,1.64
2026-06-29 11:45:00,408.4,409.2,407.85,408.65,230835,406.39,404.18,26.09,1.63
2026-06-29 11:50:00,408.5,409.3,407.8,408.1,254074,406.73,404.53,27.39,1.62
2026-06-29 11:55:00,408.3,408.3,406.8,407.35,199115,406.86,404.79,27.66,1.62
2026-06-29 12:00:00,407.3,408.85,407.3,408.7,209415,407.23,405.14,28.16,1.61
2026-06-29 12:05:00,408.7,408.9,407.0,407.0,209500,407.18,405.31,28.34,1.63
2026-06-29 12:10:00,407.1,408.05,406.4,407.0,256032,407.14,405.47,27.95,1.63
2026-06-29 12:15:00,407.15,407.4,405.5,406.1,351663,406.94,405.52,26.83,1.64
2026-06-29 12:20:00,406.25,407.55,406.1,407.0,230673,406.95,405.66,25.88,1.63
2026-06-29 12:25:00,407.0,407.2,405.0,406.65,411867,406.89,405.75,24.11,1.66
2026-06-29 12:30:00,407.0,408.0,406.65,407.75,468985,407.06,405.93,23.03,1.64
2026-06-29 12:35:00,407.75,408.7,407.55,408.25,340750,407.3,406.14,22.47,1.62
2026-06-29 12:40:00,408.35,408.95,408.05,408.8,339796,407.6,406.38,22.11,1.59
2026-06-29 12:45:00,408.6,409.9,408.6,409.0,418456,407.88,406.62,22.34,1.57
2026-06-29 12:50:00,409.1,410.8,408.95,410.8,494326,408.46,407.0,23.03,1.59
2026-06-29 12:55:00,410.7,411.8,410.1,411.25,519663,409.02,407.39,24.13,1.59
2026-06-29 13:00:00,411.4,411.6,409.5,409.85,297740,409.19,407.61,24.58,1.62
2026-06-29 13:05:00,409.7,412.0,409.7,411.1,247291,409.57,407.93,25.19,1.65
2026-06-29 13:10:00,411.15,411.6,410.65,411.5,224859,409.96,408.25,25.76,1.61
2026-06-29 13:15:00,411.45,411.6,410.6,410.8,201625,410.12,408.48,26.24,1.59
2026-06-29 13:20:00,410.75,411.0,410.35,410.9,188701,410.28,408.7,26.39,1.54
2026-06-29 13:25:00,410.9,411.15,410.35,410.9,216570,410.4,408.9,26.63,1.51
2026-06-29 13:30:00,410.95,410.95,410.0,410.15,212667,410.35,409.02,26.43,1.48
2026-06-29 13:35:00,410.3,412.4,409.9,412.2,382467,410.72,409.31,27.17,1.53
2026-06-29 13:40:00,412.4,412.9,412.0,412.8,346587,411.14,409.62,28.12,1.5
2026-06-29 13:45:00,412.75,412.95,412.25,412.25,321488,411.36,409.86,29.04,1.46
2026-06-29 13:50:00,412.3,412.45,409.25,410.3,507062,411.15,409.9,26.98,1.54
2026-06-29 13:55:00,410.3,410.45,409.5,410.25,341862,410.97,409.93,25.06,1.51
2026-06-29 14:00:00,410.25,410.5,407.65,408.5,487742,410.47,409.8,24.51,1.58
2026-06-29 14:05:00,408.5,410.05,408.2,409.15,330745,410.21,409.74,24.0,1.59
2026-06-29 14:10:00,409.3,410.05,408.75,410.05,312384,410.18,409.77,23.53,1.58
2026-06-29 14:15:00,410.0,410.1,408.15,408.6,431463,409.86,409.67,23.48,1.6
2026-06-29 14:20:00,408.6,410.2,408.25,409.75,365696,409.84,409.67,23.32,1.61
2026-06-29 14:25:00,409.75,410.2,409.35,409.6,321591,409.79,409.67,23.18,1.58
2026-06-29 14:30:00,409.55,410.3,409.55,409.8,288755,409.79,409.68,22.94,1.54
2026-06-29 14:35:00,409.9,410.3,409.3,409.65,348844,409.76,409.68,22.91,1.51
2026-06-29 14:40:00,409.85,410.05,408.7,408.85,368614,409.58,409.6,23.33,1.5
2026-06-29 14:45:00,408.8,408.85,405.8,407.05,458754,409.08,409.37,25.24,1.58
2026-06-29 14:50:00,407.3,409.75,407.15,409.45,708364,409.15,409.38,26.05,1.63
2026-06-29 14:55:00,409.5,410.25,408.85,409.5,855411,409.22,409.39,26.29,1.62
2026-06-29 15:00:00,409.45,414.1,409.45,411.65,5020213,409.71,409.59,25.08,1.76
2026-06-29 15:05:00,411.75,414.4,411.75,413.5,4476755,410.46,409.95,24.11,1.81
2026-06-29 15:10:00,413.45,413.55,412.45,413.35,3876341,411.04,410.26,23.21,1.78
2026-06-29 15:15:00,413.4,416.4,413.35,415.2,4877384,411.87,410.71,23.72,1.84
2026-06-29 15:20:00,415.15,416.0,413.3,414.3,4749421,412.36,411.03,24.15,1.88
2026-06-29 15:25:00,414.35,415.75,412.55,413.9,2786915,412.67,411.29,23.99,1.94
2026-06-30 09:15:00,414.55,415.7,411.8,412.65,736435,412.66,411.42,23.31,2.03
2026-06-30 09:20:00,412.7,415.65,412.7,413.35,343479,412.8,411.59,22.68,2.08
2026-06-30 09:25:00,413.05,414.5,412.8,413.75,131601,412.99,411.79,22.09,2.06
2026-06-30 09:30:00,413.75,413.8,413.0,413.15,118004,413.02,411.91,21.54,2.0
2026-06-30 09:35:00,413.2,413.95,413.0,413.55,104981,413.13,412.06,21.13,1.95
2026-06-30 09:40:00,413.5,417.4,413.5,416.6,423340,413.82,412.47,22.48,2.05
2026-06-30 09:45:00,416.6,417.2,416.0,417.2,199448,414.5,412.9,23.73,2.0
2026-06-30 09:50:00,417.25,419.4,415.9,418.8,595748,415.36,413.44,25.64,2.08
2026-06-30 09:55:00,418.8,418.8,417.25,417.9,206033,415.87,413.85,27.41,2.05
2026-06-30 10:00:00,418.0,418.05,417.35,418.0,136221,416.29,414.22,29.06,1.99
2026-06-30 10:05:00,418.0,418.7,416.7,416.7,181701,416.37,414.45,29.94,1.99
2026-06-30 10:10:00,416.9,417.75,416.7,417.35,64611,416.57,414.71,30.75,1.94
2026-06-30 10:15:00,417.2,417.8,417.15,417.35,62307,416.73,414.95,31.53,1.88
2026-06-30 10:20:00,417.3,418.0,417.0,418.0,65410,416.98,415.23,32.35,1.84
2026-06-30 10:25:00,417.85,417.95,416.2,416.4,87482,416.86,415.34,32.2,1.84
2026-06-30 10:30:00,416.3,417.1,416.25,416.95,71239,416.88,415.48,32.06,1.79
2026-06-30 10:35:00,416.9,417.0,416.4,416.5,38977,416.81,415.57,31.94,1.73
2026-06-30 10:40:00,416.55,416.6,416.0,416.15,47397,416.67,415.63,31.33,1.68
2026-06-30 10:45:00,416.15,416.35,416.0,416.2,33331,416.58,415.68,30.76,1.62
2026-06-30 10:50:00,416.25,416.55,416.15,416.3,31730,416.52,415.74,30.4,1.56
2026-06-30 10:55:00,416.1,416.25,415.4,415.4,137419,416.3,415.71,29.1,1.53
2026-06-30 11:00:00,415.4,415.95,415.05,415.1,56858,416.06,415.65,27.49,1.5
2026-06-30 11:05:00,415.2,415.65,415.05,415.45,77737,415.94,415.63,26.0,1.45
2026-06-30 11:10:00,415.35,416.0,415.3,415.9,58685,415.93,415.66,24.98,1.42
2026-06-30 11:15:00,415.9,416.0,414.6,415.2,116992,415.78,415.61,23.21,1.42
2026-06-30 11:20:00,415.15,415.4,414.55,415.4,50432,415.71,415.6,21.63,1.39
2026-06-30 11:25:00,415.25,415.45,414.75,415.1,88816,415.59,415.55,20.09,1.36
2026-06-30 11:30:00,415.2,415.55,415.0,415.2,40860,415.51,415.52,18.78,1.32
2026-06-30 11:35:00,415.2,415.9,414.9,415.55,107840,415.52,415.52,18.02,1.3
2026-06-30 11:40:00,415.75,415.75,414.35,414.55,71634,415.32,415.43,16.92,1.31
2026-06-30 11:45:00,414.55,414.95,414.55,414.6,47598,415.18,415.36,15.9,1.27
2026-06-30 11:50:00,414.75,415.4,414.55,415.4,35110,415.22,415.36,15.2,1.25
2026-06-30 11:55:00,415.4,415.8,415.1,415.5,62320,415.28,415.37,15.07,1.22
2026-06-30 12:00:00,415.35,417.4,415.2,417.1,86220,415.64,415.53,16.47,1.27
2026-06-30 12:05:00,417.15,419.9,416.8,419.4,443098,416.39,415.88,19.15,1.35
2026-06-30 12:10:00,419.4,419.5,418.4,418.9,161764,416.9,416.16,21.63,1.34
2026-06-30 12:15:00,418.85,419.0,418.15,418.45,100964,417.21,416.37,23.57,1.32
2026-06-30 12:20:00,418.5,418.6,418.0,418.4,66530,417.45,416.55,25.15,1.28
2026-06-30 12:25:00,418.4,418.6,418.1,418.35,52663,417.63,416.71,26.62,1.25
2026-06-30 12:30:00,418.4,419.2,418.35,418.9,93380,417.88,416.91,28.33,1.23
2026-06-30 12:35:00,419.0,419.7,417.7,419.5,169244,418.2,417.15,28.91,1.26
2026-06-30 12:40:00,419.65,420.0,414.85,415.0,2269191,417.56,416.95,27.22,1.45
2026-06-30 12:45:00,415.0,415.35,412.3,412.55,680229,416.56,416.55,27.19,1.53
2026-06-30 12:50:00,412.55,413.95,412.5,413.6,258739,415.97,416.28,27.16,1.52
2026-06-30 12:55:00,413.6,414.95,413.05,414.75,138317,415.73,416.14,26.28,1.54
2026-06-30 13:00:00,414.8,414.8,413.75,413.9,78526,415.36,415.94,25.47,1.52
2026-06-30 13:05:00,414.0,414.5,413.55,414.45,48601,415.18,415.8,24.85,1.49
2026-06-30 13:10:00,414.3,414.75,413.7,414.5,54114,415.04,415.69,24.03,1.47
2026-06-30 13:15:00,414.6,414.75,414.2,414.2,40041,414.87,415.55,23.28,1.43
2026-06-30 13:20:00,414.25,414.6,413.75,414.0,54948,414.7,415.41,22.92,1.4
2026-06-30 13:25:00,414.0,414.65,413.8,414.6,51148,414.68,415.34,22.53,1.37
2026-06-30 13:30:00,414.6,414.7,414.25,414.7,34786,414.68,415.28,22.1,1.33
2026-06-30 13:35:00,414.7,414.7,414.35,414.5,19456,414.65,415.21,21.71,1.28
2026-06-30 13:40:00,414.5,415.15,413.05,413.1,312026,414.34,415.02,22.39,1.32
2026-06-30 13:45:00,413.05,414.0,412.7,413.1,258548,414.09,414.84,23.25,1.32
2026-06-30 13:50:00,412.95,413.25,412.5,413.0,215225,413.87,414.67,24.18,1.29
2026-06-30 13:55:00,413.1,413.2,412.7,412.95,87952,413.69,414.52,25.05,1.25
2026-06-30 14:00:00,413.05,413.15,411.75,412.05,178313,413.36,414.29,26.47,1.26
2026-06-30 14:05:00,412.2,413.45,412.0,413.2,146585,413.33,414.19,27.34,1.27
2026-06-30 14:10:00,413.15,413.95,412.65,413.7,137035,413.4,414.15,27.41,1.27
2026-06-30 14:15:00,413.6,414.0,413.35,413.35,222809,413.39,414.08,27.41,1.24
2026-06-30 14:20:00,413.4,414.0,413.15,414.0,119765,413.51,414.07,27.57,1.22
2026-06-30 14:25:00,414.0,414.0,413.45,413.6,544480,413.53,414.03,27.73,1.19
2026-06-30 14:30:00,413.6,413.75,413.05,413.25,142221,413.47,413.96,28.23,1.17
2026-06-30 14:35:00,413.25,413.65,412.85,413.25,154921,413.43,413.89,28.86,1.15
2026-06-30 14:40:00,413.3,413.85,413.05,413.65,92673,413.47,413.87,29.08,1.13
2026-06-30 14:45:00,413.6,414.0,413.5,414.0,195519,413.58,413.88,29.0,1.1
2026-06-30 14:50:00,414.0,414.0,413.6,414.0,950156,413.66,413.89,28.92,1.07
2026-06-30 14:55:00,414.0,414.0,413.35,413.65,781008,413.66,413.87,29.13,1.05
2026-06-30 15:00:00,413.7,413.7,412.2,412.75,403339,413.48,413.77,30.36,1.07
2026-06-30 15:05:00,412.8,413.3,412.6,413.25,331535,413.43,413.72,31.51,1.05
2026-06-30 15:10:00,413.25,413.3,412.05,413.05,821279,413.36,413.66,32.97,1.06
2026-06-30 15:15:00,413.1,414.2,413.0,414.15,963317,413.51,413.7,32.63,1.07
2026-06-30 15:20:00,414.15,415.95,414.0,415.5,1061888,413.91,413.87,30.55,1.11
2026-06-30 15:25:00,415.55,418.0,415.25,417.9,809761,414.71,414.23,30.25,1.19
2026-07-01 09:15:00,416.1,417.85,414.75,415.0,279422,414.77,414.3,29.45,1.28
2026-07-01 09:20:00,415.2,415.2,413.8,414.05,155738,414.62,414.28,27.79,1.29
2026-07-01 09:25:00,413.8,413.8,411.8,412.6,186064,414.22,414.13,26.84,1.33
2026-07-01 09:30:00,412.45,414.95,412.3,414.3,246294,414.24,414.14,25.08,1.4
2026-07-01 09:35:00,414.8,416.45,414.75,416.15,202455,414.62,414.33,24.1,1.43
2026-07-01 09:40:00,416.15,416.4,415.6,416.15,84209,414.92,414.49,23.18,1.4
2026-07-01 09:45:00,416.15,416.85,415.85,416.25,123322,415.19,414.65,22.61,1.38
2026-07-01 09:50:00,416.2,416.45,414.25,415.3,189048,415.21,414.71,21.09,1.42
2026-07-01 09:55:00,415.15,415.85,414.4,414.9,178168,415.15,414.73,19.69,1.42
2026-07-01 10:00:00,414.9,419.0,414.8,417.8,493592,415.68,415.01,19.97,1.56
2026-07-01 10:05:00,417.6,417.8,416.85,417.6,63405,416.06,415.24,20.23,1.53
2026-07-01 10:10:00,417.5,418.75,417.05,418.5,128678,416.55,415.54,20.91,1.54
2026-07-01 10:15:00,418.45,419.95,418.3,418.95,232950,417.03,415.85,22.03,1.54
2026-07-01 10:20:00,418.95,419.0,418.6,418.95,57654,417.41,416.13,23.08,1.49
2026-07-01 10:25:00,418.8,420.5,418.2,420.15,287111,417.96,416.5,24.6,1.53
2026-07-01 10:30:00,420.3,422.4,419.75,419.75,539135,418.32,416.79,26.6,1.58
2026-07-01 10:35:00,419.9,420.2,417.6,418.25,204194,418.31,416.92,26.81,1.63
2026-07-01 10:40:00,418.3,418.4,417.4,418.25,156614,418.29,417.05,26.88,1.6
2026-07-01 10:45:00,418.2,419.7,418.05,419.5,91901,418.54,417.27,27.42,1.6
2026-07-01 10:50:00,419.6,419.9,419.05,419.2,95975,418.67,417.44,28.0,1.56
2026-07-01 10:55:00,419.05,419.05,418.3,418.7,47265,418.67,417.56,27.97,1.53
2026-07-01 11:00:00,418.85,419.0,418.55,418.55,48656,418.65,417.65,27.95,1.48
2026-07-01 11:05:00,418.8,418.9,418.1,418.2,37032,418.56,417.7,27.57,1.45
2026-07-01 11:10:00,418.15,419.5,418.1,419.2,39023,418.69,417.83,27.51,1.45
2026-07-01 11:15:00,419.25,419.45,418.8,418.9,33463,418.73,417.93,27.46,1.41
2026-07-01 11:20:00,419.0,419.0,418.25,418.75,19742,418.73,418.01,26.92,1.38
2026-07-01 11:25:00,418.6,419.5,418.3,419.05,39856,418.8,418.1,26.71,1.37
2026-07-01 11:30:00,419.1,420.45,419.0,420.05,233258,419.05,418.28,27.02,1.37
2026-07-01 11:35:00,420.1,420.3,419.15,419.95,335765,419.23,418.43,27.3,1.36
2026-07-01 11:40:00,420.0,420.45,419.8,419.8,288002,419.34,418.55,27.64,1.33
2026-07-01 11:45:00,419.85,419.85,419.3,419.35,67928,419.34,418.63,27.43,1.29
2026-07-01 11:50:00,419.4,419.7,419.1,419.1,47907,419.3,418.67,27.02,1.26
2026-07-01 11:55:00,419.2,419.35,418.65,419.15,55294,419.27,418.71,26.17,1.23
2026-07-01 12:00:00,419.05,419.25,418.3,418.45,45543,419.1,418.69,25.03,1.22
2026-07-01 12:05:00,418.45,418.75,418.3,418.6,22866,419.0,418.68,23.97,1.18
2026-07-01 12:10:00,418.4,418.65,418.2,418.2,19229,418.84,418.64,22.87,1.15
2026-07-01 12:15:00,418.3,418.3,416.6,417.0,114150,418.47,418.49,22.14,1.17
2026-07-01 12:20:00,417.0,417.35,416.3,416.7,57265,418.12,418.33,21.71,1.17
2026-07-01 12:25:00,416.7,416.7,415.8,415.9,86571,417.68,418.11,21.69,1.15
2026-07-01 12:30:00,415.85,417.1,415.85,416.6,63928,417.46,417.97,21.22,1.16
2026-07-01 12:35:00,416.7,417.45,416.5,417.3,28508,417.43,417.91,20.4,1.15
2026-07-01 12:40:00,417.45,417.45,415.8,415.85,136168,417.11,417.72,20.22,1.17
2026-07-01 12:45:00,416.0,416.05,414.55,415.1,148312,416.71,417.48,20.94,1.19
2026-07-01 12:50:00,415.1,415.2,414.0,414.4,122568,416.25,417.2,21.94,1.19
2026-07-01 12:55:00,414.35,414.55,414.0,414.0,71469,415.8,416.91,22.87,1.16
2026-07-01 13:00:00,414.1,414.35,413.15,413.95,172693,415.43,416.64,24.23,1.16
2026-07-01 13:05:00,413.9,414.4,413.65,414.35,66466,415.21,416.43,25.42,1.14
2026-07-01 13:10:00,414.3,415.3,413.95,414.35,96304,415.04,416.24,25.37,1.15
2026-07-01 13:15:00,414.55,414.7,413.65,413.8,110088,414.79,416.02,25.53,1.15
2026-07-01 13:20:00,413.8,413.9,413.15,413.35,134473,414.5,415.78,26.03,1.13
2026-07-01 13:25:00,413.45,413.95,413.2,413.85,75801,414.37,415.6,26.43,1.11
2026-07-01 13:30:00,413.95,413.95,413.45,413.7,64854,414.24,415.43,26.79,1.08
2026-07-01 13:35:00,413.9,414.65,413.7,414.45,94018,414.28,415.34,26.16,1.07
2026-07-01 13:40:00,414.45,414.6,413.95,413.95,69000,414.21,415.22,25.58,1.05
2026-07-01 13:45:00,413.9,414.0,413.05,413.15,68560,414.0,415.03,25.81,1.05
2026-07-01 13:50:00,413.1,413.7,412.95,413.2,156720,413.84,414.86,26.12,1.03
2026-07-01 13:55:00,413.35,413.7,413.0,413.25,86823,413.72,414.71,26.4,1.02
2026-07-01 14:00:00,413.25,413.75,412.8,413.4,101069,413.66,414.6,26.83,1.02
2026-07-01 14:05:00,413.5,413.8,413.2,413.75,69567,413.68,414.52,27.15,1.0
2026-07-01 14:10:00,413.7,413.95,413.15,413.65,148863,413.67,414.44,27.16,0.99
2026-07-01 14:15:00,413.9,413.9,413.5,413.85,68120,413.71,414.39,27.18,0.96
2026-07-01 14:20:00,413.85,414.4,413.6,413.8,88773,413.73,414.33,26.27,0.95
2026-07-01 14:25:00,413.9,414.55,413.7,413.75,98455,413.73,414.28,25.16,0.95
2026-07-01 14:30:00,413.75,414.5,413.75,414.05,96511,413.79,414.26,24.13,0.94
2026-07-01 14:35:00,414.2,414.4,413.7,413.75,91167,413.79,414.21,23.25,0.93
2026-07-01 14:40:00,413.85,415.0,413.5,414.75,136346,413.98,414.26,21.83,0.95
2026-07-01 14:45:00,414.7,414.8,413.95,413.95,93286,413.97,414.23,20.51,0.95
2026-07-01 14:50:00,414.0,414.45,413.8,414.3,73953,414.04,414.24,19.09,0.93
2026-07-01 14:55:00,414.2,414.45,413.7,413.85,85158,414.0,414.2,17.95,0.93
2026-07-01 15:00:00,414.05,414.6,413.75,414.45,167712,414.09,414.23,16.74,0.92
2026-07-01 15:05:00,414.5,414.5,414.0,414.2,93969,414.11,414.22,15.62,0.9
2026-07-01 15:10:00,414.15,414.15,413.25,413.35,165770,413.96,414.14,15.82,0.9
2026-07-01 15:15:00,413.25,413.8,413.05,413.8,250558,413.93,414.11,16.31,0.9
2026-07-01 15:20:00,413.95,414.3,413.2,414.1,405763,413.96,414.11,15.68,0.91
2026-07-01 15:25:00,414.1,415.8,413.5,414.3,385207,414.03,414.13,16.22,0.97
2026-07-02 09:15:00,414.95,415.05,408.3,408.7,630717,412.96,413.64,17.94,1.25
2026-07-02 09:20:00,408.65,409.0,406.7,407.1,347343,411.79,413.04,20.16,1.3
2026-07-02 09:25:00,407.1,407.65,405.7,406.6,232405,410.75,412.46,22.55,1.33
2026-07-02 09:30:00,406.45,406.5,404.15,405.1,303905,409.62,411.79,25.2,1.38
2026-07-02 09:35:00,405.1,405.75,403.25,403.6,462296,408.42,411.04,27.88,1.44
2026-07-02 09:40:00,403.7,405.0,403.3,404.15,393753,407.56,410.42,30.37,1.45
2026-07-02 09:45:00,404.25,405.6,404.0,404.05,188545,406.86,409.84,32.04,1.46
2026-07-02 09:50:00,404.05,404.8,403.4,404.8,113486,406.45,409.38,33.77,1.45
2026-07-02 09:55:00,404.85,404.9,403.9,403.9,146018,405.94,408.88,35.27,1.43
2026-07-02 10:00:00,403.9,404.5,403.7,404.45,66968,405.64,408.48,36.73,1.4
2026-07-02 10:05:00,404.5,404.55,403.15,404.3,166831,405.37,408.1,38.27,1.4
2026-07-02 10:10:00,404.3,406.5,404.3,406.35,443020,405.57,407.94,37.65,1.44
2026-07-02 10:15:00,406.25,408.15,406.05,406.6,294221,405.77,407.82,35.74,1.47
2026-07-02 10:20:00,406.55,406.75,406.1,406.7,97195,405.96,407.72,33.98,1.43
2026-07-02 10:25:00,406.7,407.45,406.5,407.45,55477,406.26,407.69,31.82,1.41
2026-07-02 10:30:00,407.45,408.4,407.15,408.0,116013,406.61,407.72,29.93,1.4
2026-07-02 10:35:00,407.9,408.5,407.5,408.2,93806,406.93,407.76,28.23,1.38
2026-07-02 10:40:00,408.15,408.25,407.6,408.1,41231,407.16,407.79,26.66,1.35
2026-07-02 10:45:00,408.0,408.0,407.6,407.65,23978,407.26,407.78,25.2,1.31
2026-07-02 10:50:00,407.6,407.6,404.8,405.3,181605,406.87,407.56,24.89,1.38
2026-07-02 10:55:00,405.3,406.3,405.3,406.2,65018,406.73,407.43,24.61,1.36
2026-07-02 11:00:00,406.2,406.5,405.05,405.65,78093,406.52,407.27,24.49,1.37
2026-07-02 11:05:00,405.8,405.95,405.1,405.25,45914,406.26,407.09,24.38,1.34
2026-07-02 11:10:00,405.1,405.4,404.85,405.3,82539,406.07,406.92,24.43,1.3
2026-07-02 11:15:00,405.3,405.35,405.0,405.1,66532,405.88,406.76,24.49,1.26
2026-07-02 11:20:00,405.0,405.0,404.5,404.85,43687,405.67,406.58,24.87,1.23
2026-07-02 11:25:00,404.8,405.0,404.15,404.2,111426,405.38,406.37,25.46,1.21
2026-07-02 11:30:00,404.2,404.5,403.1,403.55,159597,405.01,406.11,26.61,1.22
2026-07-02 11:35:00,403.5,403.65,403.2,403.65,83577,404.74,405.89,27.68,1.18
2026-07-02 11:40:00,403.6,403.9,402.1,402.25,279172,404.24,405.56,29.24,1.21
2026-07-02 11:45:00,402.4,402.5,401.85,402.5,257675,403.89,405.28,30.8,1.18
2026-07-02 11:50:00,402.4,402.5,402.1,402.4,101071,403.59,405.02,32.25,1.15
2026-07-02 11:55:00,402.05,402.75,402.05,402.45,108633,403.37,404.78,33.21,1.13
2026-07-02 12:00:00,402.45,402.95,401.9,402.65,155656,403.22,404.59,33.79,1.12
2026-07-02 12:05:00,402.8,403.55,402.6,403.45,106540,403.27,404.49,33.44,1.11
2026-07-02 12:10:00,403.25,403.45,402.8,403.0,74421,403.21,404.35,33.12,1.09
2026-07-02 12:15:00,402.9,403.7,402.7,403.6,105832,403.29,404.28,32.45,1.09
2026-07-02 12:20:00,403.55,403.6,402.6,402.75,76398,403.18,404.14,31.92,1.08
2026-07-02 12:25:00,402.7,402.75,402.2,402.5,116206,403.05,403.99,31.8,1.06
2026-07-02 12:30:00,402.4,402.7,402.2,402.45,78020,402.93,403.85,31.68,1.03
2026-07-02 12:35:00,402.45,402.7,402.1,402.4,75343,402.82,403.72,31.67,1.01
2026-07-02 12:40:00,402.35,402.6,401.15,401.35,163776,402.53,403.51,32.48,1.03
2026-07-02 12:45:00,401.3,401.35,400.6,400.85,181537,402.19,403.26,33.62,1.02
2026-07-02 12:50:00,400.75,400.95,400.0,400.15,221854,401.78,402.98,35.04,1.02
2026-07-02 12:55:00,400.2,400.65,399.8,400.4,156463,401.51,402.75,36.48,1.01
2026-07-02 13:00:00,400.4,401.65,400.0,401.4,138044,401.49,402.62,36.07,1.04
2026-07-02 13:05:00,401.45,403.05,401.4,402.2,231488,401.63,402.59,33.91,1.07
2026-07-02 13:10:00,402.2,402.85,402.0,402.4,107044,401.78,402.57,31.89,1.06
2026-07-02 13:15:00,402.3,403.0,402.3,402.35,117127,401.9,402.55,29.85,1.04
2026-07-02 13:20:00,402.35,402.95,402.15,402.55,159686,402.03,402.55,28.12,1.03
2026-07-02 13:25:00,402.6,402.7,401.2,401.25,82174,401.87,402.43,27.48,1.05
2026-07-02 13:30:00,401.3,402.95,401.0,402.6,158707,402.02,402.45,26.55,1.09
2026-07-02 13:35:00,402.6,402.7,401.9,402.45,117759,402.1,402.45,25.69,1.08
2026-07-02 13:40:00,402.45,403.4,402.3,402.95,137589,402.27,402.49,23.97,1.08
2026-07-02 13:45:00,402.9,403.4,402.5,403.25,102836,402.47,402.56,22.38,1.07
2026-07-02 13:50:00,403.25,403.35,402.55,403.0,251849,402.57,402.6,20.9,1.06
2026-07-02 13:55:00,403.05,403.35,402.9,403.3,92025,402.72,402.66,19.52,1.03
2026-07-02 14:00:00,403.25,403.5,403.05,403.1,131227,402.8,402.7,18.24,1.0
2026-07-02 14:05:00,403.15,403.2,402.9,402.9,81955,402.82,402.72,17.06,0.97
2026-07-02 14:10:00,402.95,403.0,402.6,402.65,102176,402.78,402.72,16.43,0.94
2026-07-02 14:15:00,402.65,402.85,402.5,402.8,65408,402.79,402.72,15.99,0.91
2026-07-02 14:20:00,402.8,403.2,402.75,403.0,71868,402.83,402.75,14.96,0.89
2026-07-02 14:25:00,403.0,403.0,402.45,402.45,90767,402.75,402.72,14.48,0.88
2026-07-02 14:30:00,402.45,402.7,401.9,401.9,96519,402.58,402.65,14.82,0.87
2026-07-02 14:35:00,402.0,402.45,401.75,402.1,104372,402.49,402.6,15.33,0.86
2026-07-02 14:40:00,402.2,402.25,401.8,402.1,69828,402.41,402.55,15.81,0.84
2026-07-02 14:45:00,402.2,402.75,402.0,402.5,113223,402.43,402.55,15.24,0.84
2026-07-02 14:50:00,402.45,402.7,402.15,402.45,71518,402.43,402.54,14.71,0.83
2026-07-02 14:55:00,402.45,402.8,402.25,402.4,115058,402.43,402.53,14.02,0.81
2026-07-02 15:00:00,402.5,402.5,401.45,401.9,284254,402.32,402.47,14.62,0.82
2026-07-02 15:05:00,401.9,402.5,401.85,402.5,171082,402.36,402.47,15.19,0.82
2026-07-02 15:10:00,402.5,402.55,402.05,402.45,230910,402.38,402.47,15.59,0.8
2026-07-02 15:15:00,402.3,402.55,401.25,401.65,363592,402.23,402.4,17.01,0.82
2026-07-02 15:20:00,401.6,402.15,401.55,401.75,355756,402.13,402.34,18.33,0.81
2026-07-02 15:25:00,401.75,402.15,401.45,402.15,315523,402.14,402.32,19.68,0.81
2026-07-03 09:15:00,402.0,402.0,390.65,394.05,1557572,400.52,401.57,24.3,1.32
2026-07-03 09:20:00,394.25,394.25,388.4,393.4,1392822,399.1,400.83,28.76,1.53
2026-07-03 09:25:00,393.4,396.95,393.3,395.9,826705,398.46,400.38,30.8,1.63
2026-07-03 09:30:00,395.75,401.25,395.15,400.7,1189637,398.91,400.41,30.31,1.85
2026-07-03 09:35:00,400.7,402.4,399.25,400.3,438190,399.18,400.4,29.34,1.91
2026-07-03 09:40:00,400.3,401.45,399.65,400.2,223446,399.39,400.38,28.44,1.9
2026-07-03 09:45:00,400.25,400.4,397.15,399.35,353618,399.38,400.29,28.36,1.97
2026-07-03 09:50:00,399.15,402.7,399.15,402.55,736347,400.01,400.49,27.27,2.04
2026-07-03 09:55:00,402.15,403.2,399.5,399.7,1738354,399.95,400.42,26.05,2.12
2026-07-03 10:00:00,399.7,400.55,399.0,399.4,272515,399.84,400.33,25.09,2.09
2026-07-03 10:05:00,399.4,399.8,397.5,397.8,347970,399.43,400.1,24.7,2.1
2026-07-03 10:10:00,397.8,398.7,397.6,398.15,188971,399.18,399.92,24.33,2.06
2026-07-03 10:15:00,398.05,398.45,396.8,396.85,177507,398.71,399.64,24.26,2.04
2026-07-03 10:20:00,396.9,396.9,395.15,395.15,366683,398.0,399.23,24.71,2.02
2026-07-03 10:25:00,395.15,397.9,394.7,397.1,292869,397.82,399.04,24.59,2.08
2026-07-03 10:30:00,397.15,397.55,396.05,396.05,174526,397.47,398.77,24.47,2.05
2026-07-03 10:35:00,396.3,396.55,395.6,395.7,170941,397.11,398.49,24.53,2.0
2026-07-03 10:40:00,395.7,395.75,394.5,394.6,234185,396.61,398.13,24.96,1.96
2026-07-03 10:45:00,394.6,394.65,393.55,393.8,232085,396.05,397.74,25.68,1.92
2026-07-03 10:50:00,393.8,393.8,393.1,393.45,262304,395.53,397.35,26.48,1.86
2026-07-03 10:55:00,393.45,393.55,391.7,391.75,351450,394.77,396.84,27.65,1.86
2026-07-03 11:00:00,391.7,392.4,391.0,391.1,236381,394.04,396.32,28.94,1.84
2026-07-03 11:05:00,391.1,391.35,390.55,390.65,247762,393.36,395.8,30.25,1.79
2026-07-03 11:10:00,390.65,391.0,389.35,389.85,364715,392.66,395.26,31.8,1.79
2026-07-03 11:15:00,389.8,390.35,389.55,389.95,215980,392.12,394.78,33.23,1.74
2026-07-03 11:20:00,390.0,390.0,388.15,388.55,451468,391.4,394.21,34.91,1.74
2026-07-03 11:25:00,388.55,388.85,387.25,387.4,406839,390.6,393.59,36.68,1.74
2026-07-03 11:30:00,387.4,388.35,385.6,386.15,605663,389.71,392.92,38.65,1.79
2026-07-03 11:35:00,386.15,388.15,385.2,385.45,414369,388.86,392.24,40.56,1.84
2026-07-03 11:40:00,385.45,385.65,384.5,384.9,620713,388.07,391.57,42.47,1.81
2026-07-03 11:45:00,384.95,385.6,384.3,385.2,600976,387.49,390.99,44.27,1.78
2026-07-03 11:50:00,385.25,388.0,385.0,387.35,524099,387.47,390.66,43.9,1.84
2026-07-03 11:55:00,387.4,387.4,386.15,386.3,227923,387.23,390.26,43.56,1.81
2026-07-03 12:00:00,386.35,387.95,386.3,386.85,349771,387.16,389.95,42.82,1.81
2026-07-03 12:05:00,386.9,388.0,386.0,387.15,291389,387.15,389.7,42.24,1.81
2026-07-03 12:10:00,387.0,387.55,386.5,387.0,186554,387.12,389.45,41.71,1.78
2026-07-03 12:15:00,387.05,387.8,386.7,387.5,276807,387.2,389.28,40.99,1.75
2026-07-03 12:20:00,387.5,388.3,387.1,387.6,370189,387.28,389.12,39.87,1.72
2026-07-03 12:25:00,387.55,387.85,387.25,387.35,172536,387.29,388.96,38.83,1.67
2026-07-03 12:30:00,387.3,387.7,386.45,386.7,363302,387.17,388.76,38.3,1.65
2026-07-03 12:35:00,386.5,387.05,386.15,386.35,173310,387.01,388.54,37.96,1.61
2026-07-03 12:40:00,386.35,386.55,385.8,386.25,168543,386.86,388.33,37.84,1.57
2026-07-03 12:45:00,386.25,387.85,386.05,387.45,212555,386.98,388.25,36.41,1.58
2026-07-03 12:50:00,387.3,388.0,387.15,387.55,259120,387.09,388.19,34.96,1.55
2026-07-03 12:55:00,387.45,387.75,386.25,386.45,148493,386.96,388.03,34.18,1.54
2026-07-03 13:00:00,386.45,386.9,385.5,385.5,190458,386.67,387.8,33.88,1.54
2026-07-03 13:05:00,385.7,386.0,384.35,384.8,411553,386.3,387.53,34.18,1.54
2026-07-03 13:10:00,385.15,386.15,384.75,385.85,211942,386.21,387.37,34.31,1.54
2026-07-03 13:15:00,385.8,386.0,385.6,385.7,192757,386.11,387.22,34.42,1.48
2026-07-03 13:20:00,385.65,386.55,385.65,386.15,261903,386.11,387.12,33.91,1.45
2026-07-03 13:25:00,386.2,387.75,386.05,387.6,270410,386.41,387.17,32.26,1.47
2026-07-03 13:30:00,387.7,388.0,387.05,387.2,256063,386.57,387.17,30.5,1.44
2026-07-03 13:35:00,387.15,387.25,385.6,386.0,203191,386.46,387.06,29.85,1.45
2026-07-03 13:40:00,386.0,386.65,385.75,385.75,189655,386.31,386.94,29.26,1.42
2026-07-03 13:45:00,385.75,386.6,385.5,385.8,308762,386.21,386.84,28.87,1.41
2026-07-03 13:50:00,385.9,388.3,385.75,386.7,1019286,386.31,386.83,26.95,1.46
2026-07-03 13:55:00,386.6,386.7,386.0,386.05,133057,386.26,386.76,25.17,1.43
2026-07-03 14:00:00,386.05,386.4,385.6,385.7,202243,386.15,386.66,23.83,1.4
2026-07-03 14:05:00,385.65,385.95,385.1,385.45,197986,386.01,386.55,22.98,1.37
2026-07-03 14:10:00,385.6,386.0,385.2,385.6,162077,385.93,386.46,22.14,1.34
2026-07-03 14:15:00,385.6,385.8,385.0,385.1,130837,385.76,386.34,21.53,1.32
2026-07-03 14:20:00,385.0,385.4,384.5,385.2,281174,385.65,386.24,21.36,1.3
2026-07-03 14:25:00,385.2,385.35,384.75,384.9,158642,385.5,386.12,21.21,1.27
2026-07-03 14:30:00,384.85,386.15,384.8,385.9,316344,385.58,386.1,20.14,1.27
2026-07-03 14:35:00,385.9,385.95,385.2,385.3,197218,385.52,386.02,19.15,1.24
2026-07-03 14:40:00,385.15,385.6,384.55,384.6,200016,385.34,385.89,18.85,1.24
2026-07-03 14:45:00,384.5,385.15,384.25,385.05,195689,385.28,385.82,18.84,1.22
2026-07-03 14:50:00,385.1,385.15,383.4,384.15,388936,385.05,385.67,19.52,1.24
2026-07-03 14:55:00,384.05,384.25,383.6,384.0,224038,384.84,385.51,20.15,1.22
2026-07-03 15:00:00,383.95,384.05,383.0,383.7,369065,384.61,385.35,21.19,1.21
2026-07-03 15:05:00,383.7,384.2,383.55,383.65,450310,384.42,385.19,21.93,1.18
2026-07-03 15:10:00,383.8,384.0,383.55,383.7,501628,384.28,385.06,22.62,1.15
2026-07-03 15:15:00,383.7,384.05,383.0,383.95,852130,384.21,384.96,23.7,1.14
2026-07-03 15:20:00,383.95,384.0,383.0,383.35,831577,384.04,384.81,24.7,1.14
2026-07-03 15:25:00,383.4,383.85,383.0,383.3,776546,383.89,384.67,25.63,1.12
2026-07-06 09:15:00,384.0,387.55,384.0,386.0,679231,384.31,384.79,25.35,1.27
2026-07-06 09:20:00,385.8,388.5,385.65,387.8,516296,385.01,385.07,25.67,1.35
2026-07-06 09:25:00,387.95,391.0,387.8,390.4,912424,386.09,385.55,27.14,1.43
2026-07-06 09:30:00,390.4,391.95,390.1,391.1,542662,387.09,386.06,28.83,1.45
2026-07-06 09:35:00,391.1,391.25,390.05,390.8,260517,387.83,386.49,30.35,1.44
2026-07-06 09:40:00,390.8,392.4,390.35,391.75,368299,388.62,386.97,32.15,1.47
2026-07-06 09:45:00,392.0,392.3,391.6,392.0,234250,389.29,387.42,33.81,1.43
2026-07-06 09:50:00,391.9,392.8,390.8,392.6,315373,389.95,387.89,34.47,1.46
2026-07-06 09:55:00,392.55,394.0,392.0,392.6,509622,390.48,388.32,35.55,1.49
2026-07-06 10:00:00,392.6,393.3,391.8,392.2,166820,390.83,388.68,36.33,1.49
2026-07-06 10:05:00,392.1,392.9,392.0,392.65,123792,391.19,389.04,37.06,1.46
2026-07-06 10:10:00,392.65,393.05,392.3,392.8,202371,391.51,389.38,37.81,1.43
2026-07-06 10:15:00,392.9,393.9,392.9,393.7,250884,391.95,389.77,38.85,1.41
2026-07-06 10:20:00,393.75,393.85,392.65,392.8,167594,392.12,390.05,39.51,1.4
2026-07-06 10:25:00,392.65,392.85,391.6,392.5,197304,392.2,390.27,38.88,1.39
2026-07-06 10:30:00,392.6,392.7,392.0,392.05,98127,392.17,390.43,38.3,1.36
2026-07-06 10:35:00,392.1,392.45,391.75,392.3,72415,392.19,390.6,37.46,1.33
2026-07-06 10:40:00,392.15,392.5,391.1,391.2,127227,391.99,390.66,35.96,1.33
2026-07-06 10:45:00,391.15,391.2,389.85,390.05,263128,391.61,390.6,33.41,1.33
2026-07-06 10:50:00,390.1,390.2,388.7,389.15,232084,391.11,390.47,31.92,1.34
2026-07-06 10:55:00,389.15,389.2,388.3,388.75,136672,390.64,390.31,30.81,1.32
2026-07-06 11:00:00,388.85,389.9,388.6,389.3,138380,390.37,390.22,29.14,1.32
2026-07-06 11:05:00,389.25,389.85,389.05,389.5,111892,390.2,390.16,27.6,1.29
2026-07-06 11:10:00,389.3,389.75,389.0,389.3,80841,390.02,390.08,26.2,1.27
2026-07-06 11:15:00,389.3,389.7,389.1,389.1,74890,389.84,389.99,24.9,1.24
2026-07-06 11:20:00,389.1,389.6,389.0,389.2,68677,389.71,389.92,23.8,1.21
2026-07-06 11:25:00,389.2,390.0,389.15,390.0,80103,389.77,389.92,22.31,1.19
2026-07-06 11:30:00,389.8,390.0,389.2,389.4,67647,389.69,389.88,20.92,1.17
2026-07-06 11:35:00,389.35,389.6,388.85,389.35,220509,389.62,389.83,20.03,1.15
2026-07-06 11:40:00,389.25,389.85,388.85,389.45,116134,389.59,389.79,18.88,1.14
2026-07-06 11:45:00,389.45,389.5,387.5,388.2,440885,389.31,389.65,19.15,1.18
2026-07-06 11:50:00,388.05,388.35,387.5,387.6,72518,388.97,389.46,19.39,1.17
2026-07-06 11:55:00,387.8,388.0,386.95,387.85,154356,388.75,389.32,20.09,1.16
2026-07-06 12:00:00,387.5,387.95,387.2,387.7,64080,388.54,389.17,20.74,1.14
2026-07-06 12:05:00,387.7,388.35,387.7,387.9,66209,388.41,389.05,20.72,1.12
2026-07-06 12:10:00,387.95,388.3,387.9,388.05,44976,388.34,388.96,20.71,1.09
2026-07-06 12:15:00,388.2,388.2,387.1,387.8,80787,388.23,388.86,21.46,1.09
2026-07-06 12:20:00,387.65,387.9,387.35,387.7,59587,388.12,388.75,22.15,1.06
2026-07-06 12:25:00,387.7,387.85,387.3,387.7,47987,388.04,388.66,22.84,1.04
2026-07-06 12:30:00,387.6,388.75,387.6,388.5,88523,388.13,388.64,22.01,1.04
2026-07-06 12:35:00,388.55,389.6,388.5,389.3,120855,388.37,388.7,20.73,1.04
2026-07-06 12:40:00,389.3,389.6,388.1,388.15,135422,388.32,388.65,19.44,1.07
2026-07-06 12:45:00,388.1,388.45,388.05,388.35,45717,388.33,388.62,18.3,1.03
2026-07-06 12:50:00,388.35,388.5,387.55,388.0,77767,388.26,388.57,17.84,1.03
2026-07-06 12:55:00,388.0,388.35,387.75,388.0,30948,388.21,388.52,17.41,1.01
2026-07-06 13:00:00,388.0,388.45,388.0,388.15,39826,388.2,388.48,16.85,0.98
2026-07-06 13:05:00,388.2,388.4,388.0,388.1,35456,388.18,388.45,16.33,0.96
2026-07-06 13:10:00,388.3,388.75,388.0,388.5,78171,388.24,388.45,15.28,0.95
2026-07-06 13:15:00,388.7,388.75,388.1,388.55,141900,388.3,388.46,14.3,0.93
2026-07-06 13:20:00,388.75,389.8,388.55,389.3,130220,388.5,388.54,14.64,0.95
2026-07-06 13:25:00,389.45,389.75,389.3,389.6,62677,388.72,388.63,14.95,0.92
2026-07-06 13:30:00,389.6,389.75,389.3,389.4,54770,388.86,388.7,15.24,0.9
2026-07-06 13:35:00,389.5,389.75,389.25,389.55,99721,389.0,388.78,15.41,0.88
2026-07-06 13:40:00,389.7,390.0,389.5,389.6,56068,389.12,388.86,15.92,0.86
2026-07-06 13:45:00,389.65,389.85,389.5,389.55,73433,389.2,388.92,16.4,0.84
2026-07-06 13:50:00,389.6,390.2,388.85,390.05,269294,389.37,389.02,15.49,0.86
2026-07-06 13:55:00,390.05,390.15,388.75,388.9,174428,389.28,389.01,14.47,0.89
2026-07-06 14:00:00,389.05,389.25,388.85,388.9,85377,389.2,389.0,13.51,0.87
2026-07-06 14:05:00,389.0,389.95,388.9,389.65,66912,389.29,389.06,13.82,0.87
2026-07-06 14:10:00,389.65,389.85,389.55,389.6,33704,389.35,389.11,14.1,0.85
2026-07-06 14:15:00,389.75,389.9,389.3,389.55,49082,389.39,389.15,13.81,0.84
2026-07-06 14:20:00,389.65,389.7,388.65,388.75,148164,389.26,389.11,13.31,0.85
2026-07-06 14:25:00,388.75,389.4,388.75,388.9,72462,389.19,389.09,12.86,0.84
2026-07-06 14:30:00,388.9,389.4,388.75,388.8,124732,389.11,389.07,12.43,0.83
2026-07-06 14:35:00,389.0,389.0,388.15,388.3,302690,388.95,389.0,13.04,0.83
2026-07-06 14:40:00,388.3,389.0,387.7,387.75,198564,388.71,388.88,14.21,0.85
2026-07-06 14:45:00,387.75,388.2,387.4,387.65,137003,388.5,388.77,15.67,0.85
2026-07-06 14:50:00,387.7,388.15,387.6,387.8,130993,388.36,388.68,17.02,0.83
2026-07-06 14:55:00,387.75,388.05,387.0,387.15,136589,388.12,388.54,18.95,0.84
2026-07-06 15:00:00,387.55,388.0,387.45,387.65,176986,388.02,388.46,20.74,0.84
2026-07-06 15:05:00,387.75,388.2,387.55,387.55,197218,387.93,388.38,21.86,0.84
2026-07-06 15:10:00,387.5,387.75,387.3,387.6,206655,387.86,388.31,23.2,0.82
2026-07-06 15:15:00,387.7,387.9,387.35,387.6,304492,387.81,388.24,24.04,0.8
2026-07-06 15:20:00,387.55,387.6,386.6,386.6,251702,387.57,388.09,25.65,0.81
2026-07-06 15:25:00,386.95,388.2,386.5,387.3,259600,387.51,388.02,25.74,0.86
2026-07-07 09:15:00,389.7,389.7,383.75,383.75,405906,386.76,387.63,27.91,1.1
2026-07-07 09:20:00,383.85,383.85,381.4,382.2,312772,385.85,387.14,30.76,1.16
2026-07-07 09:25:00,382.25,382.8,380.5,381.4,248414,384.96,386.62,33.64,1.22
2026-07-07 09:30:00,381.5,381.6,379.05,379.7,364367,383.91,385.99,36.62,1.28
2026-07-07 09:35:00,379.7,381.5,379.6,381.05,128011,383.34,385.54,39.39,1.31
2026-07-07 09:40:00,381.1,381.4,379.5,380.5,145706,382.77,385.08,41.98,1.34
2026-07-07 09:45:00,380.65,380.75,378.6,379.4,181492,382.1,384.57,44.56,1.38
2026-07-07 09:50:00,379.45,380.55,379.45,379.9,106447,381.66,384.14,46.96,1.37
2026-07-07 09:55:00,378.95,379.4,378.65,378.85,144458,381.09,383.66,49.34,1.36
2026-07-07 10:00:00,378.9,379.5,378.25,379.1,127822,380.7,383.25,51.61,1.36
2026-07-07 10:05:00,379.1,379.3,377.7,379.0,188179,380.36,382.86,53.81,1.37
2026-07-07 10:10:00,379.05,379.1,378.5,378.65,123837,380.02,382.48,55.85,1.33
2026-07-07 10:15:00,378.8,379.0,378.1,379.0,81611,379.81,382.16,57.82,1.31
2026-07-07 10:20:00,379.0,379.6,378.85,379.0,107016,379.65,381.87,58.6,1.28
2026-07-07 10:25:00,379.05,379.85,378.8,379.55,111375,379.63,381.66,58.91,1.27
2026-07-07 10:30:00,379.5,380.15,378.6,379.6,143430,379.62,381.47,58.7,1.29
2026-07-07 10:35:00,379.45,379.75,379.15,379.2,71107,379.54,381.27,58.51,1.25
2026-07-07 10:40:00,379.4,379.4,378.35,378.35,57297,379.3,381.0,58.69,1.24
2026-07-07 10:45:00,378.55,379.0,378.15,378.35,100549,379.11,380.76,58.95,1.22
2026-07-07 10:50:00,378.5,378.5,377.5,377.8,153810,378.85,380.49,59.45,1.21
2026-07-07 10:55:00,377.85,377.85,377.1,377.45,120257,378.57,380.22,60.06,1.19
2026-07-07 11:00:00,377.45,377.5,375.7,376.45,312147,378.15,379.87,61.05,1.22
2026-07-07 11:05:00,376.5,376.8,376.15,376.75,105557,377.87,379.59,61.96,1.19
2026-07-07 11:10:00,376.85,377.95,376.1,376.4,3143284,377.57,379.3,60.96,1.22
2026-07-07 11:15:00,376.55,376.8,375.6,375.7,132775,377.2,378.97,60.27,1.22
2026-07-07 11:20:00,375.6,376.25,375.5,376.1,133261,376.98,378.71,59.68,1.2
2026-07-07 11:25:00,376.05,377.9,376.05,377.85,281078,377.15,378.63,56.98,1.23
2026-07-07 11:30:00,377.75,380.35,377.65,379.4,311361,377.6,378.7,53.44,1.3
2026-07-07 11:35:00,379.4,379.5,378.95,379.3,97829,377.94,378.76,50.15,1.27
2026-07-07 11:40:00,379.45,379.45,378.7,379.15,71491,378.18,378.79,46.89,1.24
2026-07-07 11:45:00,379.15,379.2,378.2,378.7,234935,378.29,378.78,43.64,1.23
2026-07-07 11:50:00,378.6,378.7,378.05,378.5,67712,378.33,378.76,40.75,1.2
2026-07-07 11:55:00,378.6,378.6,378.05,378.2,83664,378.3,378.71,38.07,1.17
2026-07-07 12:00:00,378.3,378.65,378.15,378.45,77354,378.33,378.68,35.53,1.14
2026-07-07 12:05:00,378.45,378.5,377.8,377.95,98823,378.26,378.62,33.51,1.12
2026-07-07 12:10:00,377.95,378.0,377.05,377.15,118310,378.04,378.48,32.31,1.11
2026-07-07 12:15:00,377.1,377.15,376.35,376.45,93420,377.72,378.3,31.75,1.1
2026-07-07 12:20:00,376.4,376.75,376.0,376.35,109161,377.44,378.12,31.48,1.08
2026-07-07 12:25:00,376.3,377.1,376.3,376.85,171816,377.33,378.01,30.79,1.07
2026-07-07 12:30:00,376.85,377.0,376.15,376.6,140055,377.18,377.88,30.27,1.06
2026-07-07 12:35:00,376.55,376.85,376.0,376.85,178328,377.11,377.78,29.92,1.05
2026-07-07 12:40:00,376.65,377.0,376.45,377.0,126080,377.09,377.71,29.37,1.02
2026-07-07 12:45:00,376.95,377.0,376.4,376.55,120444,376.98,377.61,28.91,1.0
2026-07-07 12:50:00,376.65,376.9,376.3,376.85,121031,376.96,377.54,28.58,0.98
2026-07-07 12:55:00,376.85,377.0,376.4,376.5,196719,376.87,377.44,28.11,0.96
2026-07-07 13:00:00,376.6,376.65,376.05,376.15,77918,376.72,377.33,28.04,0.95
2026-07-07 13:05:00,376.35,376.5,376.0,376.5,74204,376.68,377.25,28.04,0.93
2026-07-07 13:10:00,376.45,376.55,376.2,376.45,53360,376.63,377.18,27.93,0.9
2026-07-07 13:15:00,376.55,377.3,376.2,376.8,200153,376.67,377.14,26.47,0.91
2026-07-07 13:20:00,376.8,377.0,375.75,376.0,130830,376.53,377.04,25.7,0.92
2026-07-07 13:25:00,376.2,379.2,375.95,376.8,692367,376.59,377.02,25.38,1.04
2026-07-07 13:30:00,376.8,378.45,376.7,378.0,264529,376.87,377.11,25.08,1.07
2026-07-07 13:35:00,378.0,378.0,376.8,377.0,337130,376.9,377.1,24.8,1.08
2026-07-07 13:40:00,377.0,377.8,376.55,377.7,336129,377.06,377.15,24.17,1.08
2026-07-07 13:45:00,377.7,377.7,376.75,377.2,417489,377.08,377.16,23.59,1.08
2026-07-07 13:50:00,377.2,378.25,376.95,377.85,572487,377.24,377.22,23.64,1.09
2026-07-07 13:55:00,377.85,378.15,376.85,377.4,736102,377.27,377.24,23.52,1.1
2026-07-07 14:00:00,377.4,378.8,376.9,377.6,366962,377.34,377.27,24.06,1.14
2026-07-07 14:05:00,377.75,378.25,376.95,377.15,294736,377.3,377.26,24.57,1.14
2026-07-07 14:10:00,376.95,377.35,376.65,376.9,279844,377.22,377.23,24.48,1.12
2026-07-07 14:15:00,376.9,377.3,376.7,376.8,193789,377.14,377.19,24.4,1.1
2026-07-07 14:20:00,376.75,376.8,376.3,376.45,148942,377.0,377.12,23.59,1.07
2026-07-07 14:25:00,376.5,377.8,376.35,377.35,250441,377.07,377.14,23.98,1.09
2026-07-07 14:30:00,377.45,377.9,377.35,377.55,129367,377.16,377.18,24.44,1.06
2026-07-07 14:35:00,377.6,377.95,376.9,377.7,195081,377.27,377.23,24.06,1.06
2026-07-07 14:40:00,377.75,377.8,377.2,377.75,167154,377.37,377.27,23.71,1.04
2026-07-07 14:45:00,377.75,377.9,377.45,377.9,132754,377.47,377.33,23.52,1.01
2026-07-07 14:50:00,377.9,378.25,377.6,377.9,152982,377.56,377.38,23.76,0.99
2026-07-07 14:55:00,378.1,378.45,377.8,378.1,327720,377.67,377.45,24.22,0.98
2026-07-07 15:00:00,377.9,377.9,377.15,377.85,251047,377.7,377.48,23.39,0.98
2026-07-07 15:05:00,377.75,377.85,377.05,377.25,194213,377.61,377.46,22.44,0.97
2026-07-07 15:10:00,377.35,377.4,376.2,376.65,297169,377.42,377.39,21.43,0.98
2026-07-07 15:15:00,376.85,376.95,376.0,376.3,381806,377.2,377.29,20.75,0.98
2026-07-07 15:20:00,376.3,376.4,375.7,376.4,432200,377.04,377.21,20.51,0.96
2026-07-07 15:25:00,376.5,376.6,375.0,375.4,480678,376.71,377.04,21.07,0.99
2026-07-08 09:15:00,374.0,374.95,371.8,374.25,424291,376.22,376.79,23.63,1.12
2026-07-08 09:20:00,374.3,375.8,373.85,374.6,234146,375.89,376.59,24.86,1.16
2026-07-08 09:25:00,374.55,375.75,374.1,374.65,152019,375.65,376.41,26.0,1.18
2026-07-08 09:30:00,374.6,375.7,373.5,375.65,158194,375.65,376.35,27.39,1.23
2026-07-08 09:35:00,375.65,376.0,375.0,375.65,125586,375.65,376.28,28.26,1.22
2026-07-08 09:40:00,375.65,378.75,375.65,378.15,296650,376.15,376.45,26.26,1.31
2026-07-08 09:45:00,378.15,378.3,376.65,376.8,195736,376.28,376.48,24.39,1.33
2026-07-08 09:50:00,376.6,377.5,375.45,375.5,126189,376.12,376.39,23.56,1.36
2026-07-08 09:55:00,375.55,376.9,375.4,376.5,58428,376.2,376.4,22.81,1.37
2026-07-08 10:00:00,376.3,376.9,376.0,376.1,38932,376.18,376.38,22.12,1.34
2026-07-08 10:05:00,376.1,376.2,375.35,375.85,66065,376.11,376.33,21.97,1.32
2026-07-08 10:10:00,375.85,376.8,374.1,376.75,107008,376.24,376.37,22.61,1.39
2026-07-08 10:15:00,376.65,378.6,376.55,377.3,201864,376.45,376.45,21.55,1.42
2026-07-08 10:20:00,377.3,378.5,377.3,378.25,91177,376.81,376.61,20.57,1.41
2026-07-08 10:25:00,378.2,379.5,378.15,378.9,131677,377.23,376.82,19.33,1.4
2026-07-08 10:30:00,378.95,379.35,377.15,377.35,178032,377.25,376.87,18.45,1.44
2026-07-08 10:35:00,377.4,377.65,376.75,377.55,63997,377.31,376.93,17.91,1.42
2026-07-08 10:40:00,377.5,377.7,376.7,376.8,61381,377.21,376.92,17.41,1.4
2026-07-08 10:45:00,376.75,376.95,376.0,376.5,77497,377.07,376.88,17.43,1.38
2026-07-08 10:50:00,376.5,376.8,375.65,375.95,64583,376.84,376.8,17.68,1.36
2026-07-08 10:55:00,375.9,376.0,375.5,375.85,48214,376.65,376.71,18.02,1.32
2026-07-08 11:00:00,375.7,376.8,375.6,375.95,51886,376.51,376.64,17.51,1.32
2026-07-08 11:05:00,376.05,376.35,375.6,376.15,46784,376.44,376.6,17.04,1.29
2026-07-08 11:10:00,376.1,376.5,375.75,376.3,23558,376.41,376.57,16.45,1.27
2026-07-08 11:15:00,376.3,376.5,375.35,375.85,34407,376.3,376.5,16.25,1.26
2026-07-08 11:20:00,375.55,377.85,375.5,377.85,72480,376.61,376.63,15.45,1.31
2026-07-08 11:25:00,377.85,378.3,377.5,377.7,68471,376.83,376.72,15.08,1.29
2026-07-08 11:30:00,377.8,378.6,377.2,377.4,135560,376.94,376.79,14.74,1.29
2026-07-08 11:35:00,377.4,377.4,376.9,377.2,24227,376.99,376.82,14.1,1.25
2026-07-08 11:40:00,377.2,377.25,376.6,376.65,31205,376.92,376.81,13.19,1.23
2026-07-08 11:45:00,376.65,377.2,376.55,377.1,22067,376.96,376.83,12.28,1.2
2026-07-08 11:50:00,377.05,377.15,376.9,377.1,21943,376.99,376.86,11.44,1.15
2026-07-08 11:55:00,377.05,377.05,376.5,376.95,23843,376.98,376.87,11.06,1.13
2026-07-08 12:00:00,377.0,377.75,376.85,377.25,93663,377.03,376.9,10.67,1.12
2026-07-08 12:05:00,377.2,377.8,377.15,377.7,135852,377.17,376.97,10.36,1.09
2026-07-08 12:10:00,377.7,380.5,377.5,380.35,310738,377.8,377.28,12.28,1.18
2026-07-08 12:15:00,380.35,383.0,380.35,382.9,430185,378.82,377.79,15.16,1.25
2026-07-08 12:20:00,382.8,383.7,382.2,383.35,699524,379.73,378.3,18.08,1.27
2026-07-08 12:25:00,383.2,383.45,382.8,382.95,160671,380.37,378.72,20.78,1.24
2026-07-08 12:30:00,382.95,382.95,382.0,382.9,275858,380.88,379.1,22.36,1.22
2026-07-08 12:35:00,382.9,383.6,382.65,382.8,283387,381.26,379.44,24.1,1.21
2026-07-08 12:40:00,383.0,383.0,382.2,382.75,94083,381.56,379.74,25.21,1.19
2026-07-08 12:45:00,382.9,383.4,382.5,383.1,75700,381.87,380.04,26.43,1.18
2026-07-08 12:50:00,383.05,384.35,383.05,384.0,200429,382.29,380.4,27.98,1.18
2026-07-08 12:55:00,383.95,385.55,383.95,384.6,322995,382.76,380.78,29.88,1.2
2026-07-08 13:00:00,384.5,385.9,384.0,385.65,218067,383.33,381.23,31.76,1.24
2026-07-08 13:05:00,385.6,385.7,385.0,385.4,172920,383.75,381.61,33.5,1.21
2026-07-08 13:10:00,385.4,385.8,385.05,385.75,190923,384.15,381.98,35.16,1.19
2026-07-08 13:15:00,385.8,387.0,385.75,386.2,414929,384.56,382.37,37.12,1.19
2026-07-08 13:20:00,386.1,386.8,385.7,386.1,219197,384.87,382.71,38.87,1.19
2026-07-08 13:25:00,386.1,386.25,385.8,386.1,193584,385.11,383.01,40.49,1.15
2026-07-08 13:30:00,386.1,386.3,385.9,386.1,82518,385.31,383.29,42.02,1.12
2026-07-08 13:35:00,386.1,387.25,385.1,387.2,255934,385.69,383.65,43.77,1.17
2026-07-08 13:40:00,387.2,387.5,386.25,386.45,117748,385.84,383.9,45.48,1.17
2026-07-08 13:45:00,386.45,386.85,384.0,384.2,320578,385.51,383.93,44.1,1.25
2026-07-08 13:50:00,384.3,384.35,382.25,382.5,344890,384.91,383.8,41.27,1.29
2026-07-08 13:55:00,382.65,383.4,381.6,381.6,215098,384.25,383.6,38.48,1.31
2026-07-08 14:00:00,381.6,382.35,381.2,381.6,300879,383.72,383.42,36.18,1.31
2026-07-08 14:05:00,381.55,381.55,378.1,378.55,392083,382.68,382.98,35.75,1.41
2026-07-08 14:10:00,378.6,379.5,378.2,378.35,291812,381.82,382.56,35.35,1.41
2026-07-08 14:15:00,378.05,379.85,377.55,378.4,218497,381.13,382.18,35.27,1.45
2026-07-08 14:20:00,378.35,378.8,377.1,377.6,154165,380.43,381.76,35.39,1.46
2026-07-08 14:25:00,377.7,378.45,377.0,377.05,255590,379.75,381.33,35.54,1.46
2026-07-08 14:30:00,377.3,378.55,377.15,377.8,120178,379.36,381.01,35.59,1.46
2026-07-08 14:35:00,377.85,378.25,377.2,377.45,138510,378.98,380.69,35.62,1.44
2026-07-08 14:40:00,377.45,378.1,377.25,377.75,91938,378.73,380.42,35.66,1.41
2026-07-08 14:45:00,377.75,377.75,376.3,376.6,297742,378.31,380.07,36.2,1.42
2026-07-08 14:50:00,376.6,377.3,375.9,376.6,199213,377.97,379.76,36.89,1.41
2026-07-08 14:55:00,376.7,377.1,376.1,376.65,72351,377.7,379.48,37.54,1.4
2026-07-08 15:00:00,377.0,378.85,376.65,376.95,284908,377.55,379.25,36.1,1.43
2026-07-08 15:05:00,377.0,377.5,376.85,377.1,100546,377.46,379.05,34.77,1.4
2026-07-08 15:10:00,377.1,377.55,376.45,377.3,185815,377.43,378.89,33.82,1.38
2026-07-08 15:15:00,377.35,378.6,377.3,377.85,289706,377.51,378.8,31.87,1.38
2026-07-08 15:20:00,377.9,378.7,377.8,378.05,254200,377.62,378.73,29.97,1.36
2026-07-08 15:25:00,378.1,378.25,377.0,377.5,173959,377.6,378.62,28.86,1.35
2026-07-09 09:15:00,380.0,386.85,379.3,386.7,507504,379.42,379.35,30.08,1.73
2026-07-09 09:20:00,386.7,387.0,384.3,385.6,229434,380.65,379.92,31.25,1.78
2026-07-09 09:25:00,385.6,385.7,383.3,384.15,159426,381.35,380.3,31.65,1.81
2026-07-09 09:30:00,384.1,384.2,381.8,382.8,165650,381.64,380.53,31.08,1.84
2026-07-09 09:35:00,382.5,383.05,382.4,382.6,59306,381.83,380.72,30.55,1.78
2026-07-09 09:40:00,382.6,382.6,381.05,381.9,91056,381.85,380.83,29.26,1.77
2026-07-09 09:45:00,382.0,382.6,381.75,381.75,80740,381.83,380.91,28.05,1.72
2026-07-09 09:50:00,381.7,383.2,381.5,382.35,89019,381.93,381.04,27.21,1.72
2026-07-09 09:55:00,382.45,383.4,382.0,382.5,73993,382.05,381.17,26.53,1.71
2026-07-09 10:00:00,382.65,385.8,382.5,385.35,224214,382.71,381.55,26.9,1.78
2026-07-09 10:05:00,385.55,385.6,385.25,385.5,160192,383.27,381.91,27.24,1.72
2026-07-09 10:10:00,385.45,386.25,385.15,385.85,178519,383.78,382.27,27.8,1.69
2026-07-09 10:15:00,385.85,386.35,385.65,385.65,103805,384.16,382.58,28.36,1.64
2026-07-09 10:20:00,385.85,385.9,383.0,383.2,1307148,383.96,382.63,27.02,1.7
2026-07-09 10:25:00,383.2,383.2,381.1,381.6,161374,383.49,382.54,25.42,1.72
2026-07-09 10:30:00,381.6,381.9,381.1,381.4,62243,383.07,382.44,23.93,1.67
2026-07-09 10:35:00,381.4,381.65,380.7,381.55,85739,382.77,382.36,22.75,1.64
2026-07-09 10:40:00,381.8,384.4,381.45,383.9,170556,382.99,382.5,22.01,1.7
2026-07-09 10:45:00,383.9,384.1,383.0,383.15,72129,383.03,382.56,21.32,1.67
2026-07-09 10:50:00,383.2,383.8,382.8,383.5,63403,383.12,382.64,20.56,1.64
2026-07-09 10:55:00,383.45,383.7,382.95,383.05,35677,383.11,382.68,19.85,1.6
2026-07-09 11:00:00,383.05,383.5,382.8,382.95,33396,383.08,382.7,19.09,1.56
2026-07-09 11:05:00,383.0,384.3,382.8,383.65,58295,383.19,382.79,18.84,1.55
2026-07-09 11:10:00,383.8,384.05,383.45,383.5,49717,383.25,382.85,18.6,1.51
2026-07-09 11:15:00,383.65,384.2,383.55,383.95,43331,383.39,382.95,18.48,1.47
2026-07-09 11:20:00,383.95,384.5,383.85,384.45,38002,383.6,383.09,18.55,1.43
2026-07-09 11:25:00,384.45,384.7,384.2,384.45,41513,383.77,383.21,18.74,1.39
2026-07-09 11:30:00,384.3,384.95,384.3,384.6,33449,383.94,383.34,19.08,1.35
2026-07-09 11:35:00,384.7,386.6,384.6,385.5,410983,384.25,383.54,20.32,1.38
2026-07-09 11:40:00,385.5,385.65,385.2,385.55,67168,384.51,383.72,21.48,1.34
2026-07-09 11:45:00,385.55,385.85,384.85,385.7,97579,384.75,383.9,22.16,1.32
2026-07-09 11:50:00,385.7,385.8,385.1,385.55,36023,384.91,384.05,22.79,1.29
2026-07-09 11:55:00,385.55,386.35,385.2,386.15,162966,385.16,384.24,23.72,1.29
2026-07-09 12:00:00,386.3,386.9,385.7,386.6,314572,385.45,384.45,24.89,1.28
2026-07-09 12:05:00,386.6,386.75,385.85,386.25,74053,385.61,384.62,25.98,1.26
2026-07-09 12:10:00,386.35,386.4,385.8,385.95,54290,385.68,384.74,26.92,1.23
2026-07-09 12:15:00,385.85,386.0,385.45,385.65,53556,385.67,384.82,27.28,1.2
2026-07-09 12:20:00,385.85,385.85,385.1,385.35,39254,385.61,384.87,27.12,1.18
2026-07-09 12:25:00,385.35,385.35,384.3,384.55,71496,385.39,384.84,25.96,1.17
2026-07-09 12:30:00,384.55,384.8,383.85,383.95,268808,385.11,384.76,24.37,1.16
2026-07-09 12:35:00,383.95,384.25,383.7,383.8,39905,384.84,384.67,22.72,1.13
2026-07-09 12:40:00,383.7,383.8,383.3,383.6,42770,384.6,384.58,21.45,1.1
2026-07-09 12:45:00,383.75,384.4,383.6,384.25,36836,384.53,384.55,20.24,1.09
2026-07-09 12:50:00,384.3,384.5,384.1,384.45,30813,384.51,384.54,19.23,1.05
2026-07-09 12:55:00,384.4,384.6,384.3,384.45,25713,384.5,384.53,18.4,1.02
2026-07-09 13:00:00,384.45,384.45,384.0,384.35,29261,384.47,384.51,17.24,0.99
2026-07-09 13:05:00,384.35,384.4,383.95,384.15,21108,384.41,384.48,16.09,0.97
2026-07-09 13:10:00,384.25,384.55,384.0,384.45,26940,384.41,384.48,15.23,0.95
2026-07-09 13:15:00,384.5,384.5,384.25,384.45,26734,384.42,384.47,14.43,0.91
2026-07-09 13:20:00,384.45,384.5,384.05,384.05,21960,384.35,384.44,13.43,0.89
2026-07-09 13:25:00,384.05,384.2,383.75,383.85,34577,384.25,384.38,12.95,0.87
2026-07-09 13:30:00,383.85,384.75,383.7,384.7,32400,384.34,384.41,12.4,0.88
2026-07-09 13:35:00,384.65,385.85,384.5,384.65,74195,384.4,384.43,13.21,0.9
2026-07-09 13:40:00,384.75,384.75,384.2,384.35,66733,384.39,384.43,13.48,0.88
2026-07-09 13:45:00,384.35,385.3,384.1,384.7,51539,384.45,384.45,14.31,0.9
2026-07-09 13:50:00,384.7,384.75,384.05,384.1,26682,384.38,384.42,14.99,0.89
2026-07-09 13:55:00,384.2,384.35,383.05,383.3,88332,384.17,384.32,14.14,0.91
2026-07-09 14:00:00,383.3,384.2,383.3,383.9,93590,384.11,384.28,13.34,0.91
2026-07-09 14:05:00,384.0,384.45,383.8,384.2,70219,384.13,384.27,12.93,0.9
2026-07-09 14:10:00,384.2,384.5,383.9,384.5,84143,384.2,384.29,12.61,0.88
2026-07-09 14:15:00,384.5,384.65,383.95,384.15,67865,384.19,384.28,12.52,0.87
2026-07-09 14:20:00,384.15,384.15,382.8,383.3,122341,384.01,384.19,12.44,0.9
2026-07-09 14:25:00,383.3,383.35,382.75,383.1,100146,383.83,384.09,12.42,0.88
2026-07-09 14:30:00,383.0,383.5,382.95,383.35,82835,383.74,384.02,12.17,0.87
2026-07-09 14:35:00,383.2,383.4,382.45,383.0,156648,383.59,383.93,12.56,0.87
2026-07-09 14:40:00,382.9,383.25,382.3,382.6,92978,383.39,383.81,13.11,0.87
2026-07-09 14:45:00,382.8,383.0,382.65,382.9,92777,383.29,383.73,13.61,0.85
2026-07-09 14:50:00,382.8,383.3,382.7,383.0,97123,383.23,383.66,13.51,0.84
2026-07-09 14:55:00,383.0,383.45,382.85,383.25,96073,383.24,383.62,13.15,0.83
2026-07-09 15:00:00,383.05,383.05,381.0,381.35,228356,382.86,383.42,14.85,0.9
2026-07-09 15:05:00,381.1,382.0,380.7,381.75,179869,382.64,383.27,16.66,0.92
2026-07-09 15:10:00,381.75,381.75,381.1,381.2,182992,382.35,383.08,18.34,0.9
2026-07-09 15:15:00,381.2,381.95,381.0,381.55,214323,382.19,382.94,19.52,0.9
2026-07-09 15:20:00,381.55,382.45,381.1,382.25,278790,382.2,382.88,19.71,0.93
2026-07-09 15:25:00,382.25,382.75,382.05,382.4,135787,382.24,382.83,19.4,0.92
2026-07-10 09:15:00,388.9,390.95,385.6,387.85,510396,383.36,383.29,22.08,1.28
2026-07-10 09:20:00,387.85,389.05,387.65,388.8,214552,384.45,383.79,24.57,1.28
2026-07-10 09:25:00,388.75,392.35,388.75,391.8,553609,385.92,384.52,27.58,1.39
2026-07-10 09:30:00,391.75,393.45,390.9,392.75,350346,387.29,385.27,30.55,1.45
2026-07-10 09:35:00,392.75,394.6,392.3,392.65,485085,388.36,385.94,33.48,1.49
2026-07-10 09:40:00,392.7,393.75,392.3,393.55,175677,389.4,386.63,36.2,1.49
2026-07-10 09:45:00,393.35,393.95,393.35,393.8,155752,390.28,387.28,38.76,1.45
2026-07-10 09:50:00,393.8,393.8,392.85,393.05,137273,390.83,387.81,40.65,1.42
2026-07-10 09:55:00,393.1,394.15,392.1,392.4,222044,391.15,388.22,41.68,1.45
2026-07-10 10:00:00,392.4,393.6,392.1,393.25,105593,391.57,388.68,42.64,1.45
2026-07-10 10:05:00,393.2,393.3,392.5,392.7,84638,391.79,389.05,43.53,1.42
2026-07-10 10:10:00,392.7,393.4,392.5,392.75,115592,391.98,389.38,44.39,1.4
2026-07-10 10:15:00,392.8,393.05,392.1,392.5,83855,392.09,389.67,44.73,1.38
2026-07-10 10:20:00,392.4,392.75,392.35,392.5,59457,392.17,389.92,45.04,1.33
2026-07-10 10:25:00,392.5,394.15,392.4,393.6,244806,392.46,390.26,45.86,1.35
2026-07-10 10:30:00,393.45,393.85,393.0,393.3,76306,392.62,390.53,46.62,1.33
2026-07-10 10:35:00,393.3,393.65,393.0,393.35,55563,392.77,390.79,47.32,1.29
2026-07-10 10:40:00,393.25,394.15,393.1,394.1,124307,393.04,391.09,48.16,1.28
2026-07-10 10:45:00,394.15,395.2,393.8,394.8,424783,393.39,391.43,49.29,1.29
2026-07-10 10:50:00,394.7,394.9,394.0,394.2,91187,393.55,391.68,50.34,1.27
2026-07-10 10:55:00,394.2,394.85,394.05,394.5,70119,393.74,391.94,51.31,1.25
2026-07-10 11:00:00,394.55,395.0,394.4,395.0,74137,393.99,392.22,52.27,1.22
2026-07-10 11:05:00,394.95,395.0,394.0,394.05,72331,394.0,392.38,52.49,1.21
2026-07-10 11:10:00,394.1,394.1,393.2,393.8,101779,393.96,392.51,51.49,1.19
2026-07-10 11:15:00,393.85,393.85,393.05,393.05,61676,393.78,392.56,50.35,1.17
2026-07-10 11:20:00,393.15,393.65,393.0,393.3,61935,393.68,392.63,49.21,1.15
2026-07-10 11:25:00,393.3,393.45,392.05,392.15,127154,393.38,392.58,46.85,1.16
2026-07-10 11:30:00,392.15,392.45,390.6,390.75,212751,392.85,392.42,43.86,1.19
2026-07-10 11:35:00,390.8,391.45,390.5,391.2,75739,392.52,392.31,41.17,1.18
2026-07-10 11:40:00,391.2,391.35,390.3,390.3,85209,392.08,392.12,38.86,1.18
2026-07-10 11:45:00,390.5,391.0,390.25,390.85,48245,391.83,392.01,36.77,1.16
2026-07-10 11:50:00,390.9,390.95,390.55,390.65,49352,391.6,391.88,34.82,1.12
2026-07-10 11:55:00,390.75,391.05,390.4,390.5,43341,391.38,391.76,33.18,1.1
2026-07-10 12:00:00,390.5,391.8,390.45,391.65,202788,391.43,391.75,30.92,1.11
2026-07-10 12:05:00,391.65,391.8,391.1,391.35,125698,391.41,391.71,28.83,1.09
2026-07-10 12:10:00,391.3,391.65,391.05,391.5,201097,391.43,391.69,26.82,1.07
2026-07-10 12:15:00,391.5,393.05,391.35,392.9,243725,391.73,391.8,26.49,1.1
2026-07-10 12:20:00,392.9,393.0,392.7,392.95,33073,391.97,391.91,26.19,1.06
2026-07-10 12:25:00,392.95,393.45,392.85,393.25,48968,392.23,392.03,26.32,1.04
2026-07-10 12:30:00,393.3,393.45,393.15,393.45,48944,392.47,392.16,26.44,1.0
2026-07-10 12:35:00,393.35,393.5,392.6,392.9,57415,392.56,392.23,25.68,1.0
2026-07-10 12:40:00,392.9,393.2,392.85,393.05,44838,392.66,392.3,24.97,0.97
2026-07-10 12:45:00,393.15,393.45,393.05,393.35,40545,392.79,392.4,24.61,0.94
2026-07-10 12:50:00,393.4,393.4,392.85,393.05,39872,392.85,392.46,23.92,0.92
2026-07-10 12:55:00,393.0,393.1,392.4,392.6,48410,392.8,392.47,22.57,0.91
2026-07-10 13:00:00,392.6,392.85,392.4,392.75,31293,392.79,392.49,21.31,0.89
2026-07-10 13:05:00,392.8,392.95,392.4,392.5,49376,392.73,392.49,20.29,0.87
2026-07-10 13:10:00,392.55,392.6,391.0,391.4,210593,392.46,392.4,20.25,0.91
2026-07-10 13:15:00,391.5,391.6,390.55,390.65,68878,392.1,392.24,20.68,0.91
2026-07-10 13:20:00,390.65,391.4,390.35,391.35,93925,391.95,392.16,21.26,0.92
2026-07-10 13:25:00,391.4,392.9,391.1,392.75,213358,392.11,392.21,19.79,0.96
2026-07-10 13:30:00,392.75,393.0,392.55,392.8,51645,392.25,392.26,18.54,0.94
2026-07-10 13:35:00,392.75,393.4,392.4,392.45,935869,392.29,392.28,17.83,0.94
2026-07-10 13:40:00,392.5,392.55,391.7,392.0,40598,392.23,392.26,16.79,0.94
2026-07-10 13:45:00,391.95,392.15,391.35,391.6,59095,392.1,392.2,16.21,0.93
2026-07-10 13:50:00,391.6,392.15,391.5,391.7,34505,392.02,392.15,15.67,0.92
2026-07-10 13:55:00,391.75,392.6,391.3,392.5,51954,392.12,392.18,14.57,0.93
2026-07-10 14:00:00,392.6,393.4,392.2,393.3,650679,392.36,392.28,14.42,0.95
2026-07-10 14:05:00,393.25,393.3,392.5,392.55,47520,392.39,392.31,14.29,0.94
2026-07-10 14:10:00,392.55,393.2,392.25,393.2,68095,392.56,392.39,13.8,0.94
2026-07-10 14:15:00,393.2,393.45,393.05,393.4,58893,392.72,392.48,13.65,0.91
2026-07-10 14:20:00,393.4,393.5,393.05,393.3,49749,392.84,392.56,13.58,0.89
2026-07-10 14:25:00,393.25,393.3,392.55,392.95,56324,392.86,392.59,12.75,0.89
2026-07-10 14:30:00,393.0,393.95,392.9,393.4,116317,392.97,392.66,12.79,0.89
2026-07-10 14:35:00,393.45,393.6,393.15,393.6,95654,393.1,392.75,12.84,0.87
2026-07-10 14:40:00,393.5,393.95,393.1,393.65,117224,393.21,392.83,13.3,0.87
2026-07-10 14:45:00,393.8,395.0,393.55,394.9,297119,393.55,393.02,14.77,0.9
2026-07-10 14:50:00,394.85,395.5,394.85,395.35,187893,393.91,393.23,16.53,0.89
2026-07-10 14:55:00,395.4,395.6,395.05,395.45,183624,394.21,393.43,18.24,0.87
2026-07-10 15:00:00,395.45,395.8,394.9,395.35,258253,394.44,393.61,20.0,0.87
2026-07-10 15:05:00,395.35,395.45,395.15,395.25,177757,394.6,393.76,21.62,0.85
2026-07-10 15:10:00,395.15,395.35,394.8,394.95,225069,394.67,393.87,22.41,0.83
2026-07-10 15:15:00,394.95,395.35,394.8,395.2,320102,394.78,393.99,23.15,0.82
2026-07-10 15:20:00,395.05,395.6,395.0,395.1,328175,394.84,394.09,24.1,0.81
2026-07-10 15:25:00,395.1,395.5,394.7,395.0,256940,394.87,394.17,24.34,0.81
2026-07-13 09:15:00,392.75,396.95,389.6,396.6,404195,395.22,394.39,25.63,1.12
2026-07-13 09:20:00,396.45,398.65,396.35,397.65,447204,395.71,394.69,25.16,1.17
2026-07-13 09:25:00,397.45,400.75,397.3,400.45,404747,396.65,395.21,23.53,1.28
2026-07-13 09:30:00,400.55,403.4,400.1,403.0,821322,397.92,395.92,23.38,1.38
2026-07-13 09:35:00,403.0,406.5,402.5,405.5,941374,399.44,396.79,24.36,1.5
2026-07-13 09:40:00,405.85,405.95,404.3,405.6,321216,400.67,397.59,25.26,1.51
2026-07-13 09:45:00,405.65,407.5,405.5,405.55,415861,401.65,398.31,26.57,1.53
2026-07-13 09:50:00,405.55,405.8,404.15,405.5,259465,402.42,398.97,26.88,1.54
2026-07-13 09:55:00,405.5,406.9,405.5,406.45,212739,403.22,399.65,27.52,1.53
2026-07-13 10:00:00,406.55,406.55,404.25,404.95,228988,403.57,400.13,27.33,1.57
2026-07-13 10:05:00,404.8,405.15,403.85,405.0,167930,403.86,400.57,26.91,1.56
2026-07-13 10:10:00,405.05,405.05,404.1,404.2,77204,403.92,400.9,26.52,1.53
2026-07-13 10:15:00,404.25,404.9,404.15,404.65,101615,404.07,401.24,26.16,1.49
2026-07-13 10:20:00,404.65,406.2,404.4,405.75,161777,404.41,401.65,26.39,1.51
2026-07-13 10:25:00,405.75,406.9,405.7,406.8,152253,404.88,402.12,26.87,1.49
2026-07-13 10:30:00,406.8,407.9,406.35,407.8,251783,405.47,402.64,27.68,1.49
2026-07-13 10:35:00,407.9,408.5,407.05,407.05,330939,405.78,403.04,28.65,1.49
2026-07-13 10:40:00,407.1,407.5,406.2,406.6,131544,405.95,403.36,28.86,1.48
2026-07-13 10:45:00,406.6,406.65,404.5,404.55,176905,405.67,403.47,27.87,1.51
2026-07-13 10:50:00,404.55,404.75,402.55,402.65,305571,405.06,403.4,25.92,1.55
2026-07-13 10:55:00,402.8,407.4,402.7,407.1,279289,405.47,403.73,25.22,1.7
2026-07-13 11:00:00,407.1,407.4,406.95,407.2,89345,405.82,404.05,24.56,1.64
2026-07-13 11:05:00,407.2,408.35,407.0,408.1,205582,406.27,404.42,24.34,1.63
2026-07-13 11:10:00,408.15,408.5,407.5,407.7,169757,406.56,404.71,24.19,1.6
2026-07-13 11:15:00,407.85,409.45,407.7,409.15,393549,407.08,405.12,24.43,1.6
2026-07-13 11:20:00,409.3,411.2,409.1,411.2,613988,407.9,405.67,25.28,1.63
2026-07-13 11:25:00,411.2,412.0,409.45,409.75,369782,408.27,406.04,26.33,1.67
2026-07-13 11:30:00,409.5,410.7,409.5,410.25,83580,408.67,406.42,27.29,1.65
2026-07-13 11:35:00,410.3,410.35,409.5,409.6,87837,408.85,406.71,28.19,1.61
2026-07-13 11:40:00,409.65,409.75,409.2,409.65,81776,409.01,406.98,28.77,1.56
2026-07-13 11:45:00,409.55,409.65,408.7,409.55,103000,409.12,407.21,28.89,1.53
2026-07-13 11:50:00,409.5,409.95,408.95,409.5,94876,409.2,407.42,29.13,1.51
2026-07-13 11:55:00,409.45,410.35,409.3,410.15,107115,409.39,407.67,29.53,1.48
2026-07-13 12:00:00,410.0,410.4,409.65,409.9,104446,409.49,407.87,29.94,1.45
2026-07-13 12:05:00,409.9,409.95,408.75,409.05,98807,409.4,407.98,29.44,1.44
2026-07-13 12:10:00,409.15,409.3,408.35,409.3,124673,409.38,408.1,28.63,1.41
2026-07-13 12:15:00,409.3,409.8,409.2,409.7,48310,409.45,408.24,28.17,1.38
2026-07-13 12:20:00,409.7,409.95,409.45,409.6,64603,409.48,408.37,27.84,1.33
2026-07-13 12:25:00,409.6,410.2,409.5,410.0,107904,409.58,408.52,27.7,1.3
2026-07-13 12:30:00,410.0,410.35,409.0,409.4,106627,409.54,408.6,27.03,1.31
2026-07-13 12:35:00,409.5,409.65,408.6,408.9,84092,409.42,408.62,26.01,1.29
2026-07-13 12:40:00,408.8,410.0,408.7,409.8,64981,409.49,408.73,25.33,1.29
2026-07-13 12:45:00,409.85,410.15,409.35,409.65,65386,409.52,408.81,24.81,1.27
2026-07-13 12:50:00,409.65,410.0,409.2,409.7,83559,409.56,408.9,24.16,1.25
2026-07-13 12:55:00,409.55,409.8,409.0,409.0,70148,409.45,408.9,23.31,1.23
2026-07-13 13:00:00,409.15,409.9,409.0,409.5,85234,409.46,408.96,22.62,1.21
2026-07-13 13:05:00,409.55,409.8,409.15,409.65,49301,409.5,409.02,21.98,1.18
2026-07-13 13:10:00,409.7,409.9,409.5,409.65,51966,409.53,409.08,21.5,1.15
2026-07-13 13:15:00,409.7,409.7,408.8,409.15,75858,409.45,409.09,20.08,1.14
2026-07-13 13:20:00,409.2,409.7,409.15,409.2,50393,409.4,409.1,18.78,1.11
2026-07-13 13:25:00,409.4,409.45,408.1,408.8,138933,409.28,409.07,18.53,1.12
2026-07-13 13:30:00,408.85,409.65,408.85,409.25,64194,409.27,409.09,18.04,1.11
2026-07-13 13:35:00,409.25,409.5,409.2,409.25,53344,409.27,409.1,17.57,1.07
2026-07-13 13:40:00,409.3,409.5,409.1,409.2,75373,409.26,409.11,17.26,1.04
2026-07-13 13:45:00,409.15,409.7,409.15,409.35,93143,409.27,409.13,16.66,1.01
2026-07-13 13:50:00,409.3,409.45,409.1,409.3,37338,409.28,409.15,16.16,0.98
2026-07-13 13:55:00,409.35,409.65,409.25,409.6,44092,409.34,409.19,15.36,0.95
2026-07-13 14:00:00,409.65,409.65,409.2,409.5,61357,409.38,409.22,14.7,0.93
2026-07-13 14:05:00,409.6,409.65,409.15,409.6,49874,409.42,409.25,14.17,0.91
2026-07-13 14:10:00,409.55,409.8,409.25,409.6,79549,409.46,409.28,13.38,0.89
2026-07-13 14:15:00,409.55,409.85,408.5,408.9,188600,409.34,409.25,13.83,0.91
2026-07-13 14:20:00,409.0,409.7,408.9,409.5,98333,409.38,409.27,14.24,0.91
2026-07-13 14:25:00,409.3,409.7,409.25,409.65,67040,409.43,409.31,14.62,0.89
2026-07-13 14:30:00,409.65,409.8,409.1,409.25,112231,409.39,409.3,15.21,0.88
2026-07-13 14:35:00,409.25,409.8,409.0,409.05,102892,409.33,409.28,15.92,0.87
2026-07-13 14:40:00,409.0,409.45,409.0,409.4,69659,409.34,409.29,16.57,0.85
2026-07-13 14:45:00,409.35,409.55,409.2,409.35,115826,409.34,409.29,16.89,0.83
2026-07-13 14:50:00,409.3,410.95,409.25,410.95,623416,409.66,409.44,16.99,0.87
2026-07-13 14:55:00,410.95,411.0,410.0,410.15,167600,409.76,409.51,17.15,0.88
2026-07-13 15:00:00,410.1,410.15,409.3,409.5,230715,409.71,409.51,15.96,0.88
2026-07-13 15:05:00,409.5,409.85,409.15,409.2,198159,409.61,409.48,15.03,0.87
2026-07-13 15:10:00,409.25,409.35,409.1,409.25,222814,409.54,409.46,14.26,0.84
2026-07-13 15:15:00,409.15,409.55,408.0,408.2,425614,409.27,409.34,15.09,0.87
2026-07-13 15:20:00,408.2,409.4,408.1,409.05,310171,409.22,409.32,15.86,0.89
2026-07-13 15:25:00,409.2,409.6,408.55,408.8,294998,409.14,409.27,16.17,0.9
2026-07-14 09:15:00,408.15,409.0,403.0,404.75,690708,408.26,408.86,19.74,1.14
2026-07-14 09:20:00,404.7,405.05,402.95,404.25,443062,407.46,408.44,23.08,1.19
2026-07-14 09:25:00,403.9,405.5,403.9,404.35,409485,406.84,408.07,25.56,1.21
2026-07-14 09:30:00,404.35,404.85,403.1,403.9,280278,406.25,407.69,28.14,1.23
2026-07-14 09:35:00,403.9,403.9,402.25,402.7,295675,405.54,407.24,30.79,1.25
2026-07-14 09:40:00,402.7,404.5,402.15,404.3,171324,405.29,406.97,32.47,1.31
2026-07-14 09:45:00,404.3,404.4,402.0,402.3,168426,404.69,406.54,34.09,1.36
2026-07-14 09:50:00,402.3,402.55,401.55,401.7,104784,404.09,406.1,35.76,1.34
2026-07-14 09:55:00,401.55,403.0,401.45,402.4,107247,403.76,405.77,36.71,1.35
2026-07-14 10:00:00,402.4,402.45,401.6,402.2,112981,403.44,405.44,37.58,1.33
2026-07-14 10:05:00,402.3,402.3,401.6,402.0,77542,403.16,405.13,38.4,1.3
2026-07-14 10:10:00,402.15,402.6,401.55,402.2,94441,402.96,404.86,38.69,1.29
2026-07-14 10:15:00,402.25,402.75,401.7,401.95,73093,402.76,404.6,38.74,1.27
2026-07-14 10:20:00,401.9,402.3,401.65,401.8,83977,402.57,404.34,38.81,1.24
2026-07-14 10:25:00,401.9,402.25,401.05,401.3,104518,402.32,404.07,39.29,1.24
2026-07-14 10:30:00,401.25,401.9,401.0,401.55,72876,402.16,403.84,39.76,1.23
2026-07-14 10:35:00,401.5,402.65,401.2,402.55,192358,402.24,403.72,38.96,1.24
2026-07-14 10:40:00,402.5,404.1,402.2,402.5,212119,402.29,403.61,36.37,1.27
2026-07-14 10:45:00,402.45,403.5,402.4,403.2,124375,402.47,403.57,33.98,1.26
2026-07-14 10:50:00,403.25,404.5,403.1,403.65,291590,402.71,403.58,32.36,1.27
2026-07-14 10:55:00,403.5,405.5,403.2,405.0,191334,403.17,403.71,31.68,1.32
2026-07-14 11:00:00,405.2,406.8,405.0,405.95,254230,403.72,403.91,31.89,1.34
2026-07-14 11:05:00,405.95,406.35,405.5,406.1,157718,404.2,404.11,32.08,1.32
2026-07-14 11:10:00,406.2,408.25,405.65,407.95,414327,404.95,404.46,33.23,1.38
2026-07-14 11:15:00,407.95,408.5,406.5,406.85,187884,405.33,404.68,34.39,1.41
2026-07-14 11:20:00,406.9,408.0,406.5,407.6,166279,405.78,404.94,35.48,1.41
2026-07-14 11:25:00,407.7,408.2,406.7,408.15,119748,406.26,405.24,36.58,1.42
2026-07-14 11:30:00,408.15,408.55,407.6,407.7,135559,406.55,405.46,37.76,1.39
2026-07-14 11:35:00,407.6,408.1,407.15,407.25,109761,406.69,405.62,38.2,1.37
2026-07-14 11:40:00,407.2,407.5,406.55,407.0,190901,406.75,405.75,37.79,1.35
2026-07-14 11:45:00,407.05,408.15,406.9,407.75,171425,406.95,405.93,37.83,1.35
2026-07-14 11:50:00,407.85,408.15,406.55,406.8,256259,406.92,406.01,37.39,1.36
2026-07-14 11:55:00,406.85,407.05,406.5,406.6,159139,406.86,406.06,36.92,1.32
2026-07-14 12:00:00,406.65,409.0,406.6,407.85,480984,407.05,406.22,37.63,1.37
2026-07-14 12:05:00,407.7,408.0,407.0,407.6,123381,407.16,406.35,38.28,1.35
2026-07-14 12:10:00,407.6,407.8,407.4,407.4,58962,407.21,406.45,38.89,1.31
2026-07-14 12:15:00,407.5,407.65,405.4,405.8,172872,406.93,406.39,37.06,1.35
2026-07-14 12:20:00,405.85,406.25,405.55,405.7,74069,406.68,406.32,35.36,1.32
2026-07-14 12:25:00,405.85,405.95,405.05,405.1,81749,406.37,406.21,33.28,1.3
2026-07-14 12:30:00,405.15,405.2,404.4,404.6,128560,406.01,406.07,31.07,1.28
2026-07-14 12:35:00,404.75,405.6,404.3,404.65,270831,405.74,405.94,29.05,1.28
2026-07-14 12:40:00,404.6,405.45,404.45,404.95,76431,405.58,405.85,27.19,1.27
2026-07-14 12:45:00,404.95,405.35,404.6,405.0,88963,405.47,405.77,25.45,1.24
2026-07-14 12:50:00,404.8,405.05,404.6,404.85,64338,405.34,405.69,23.84,1.2
2026-07-14 12:55:00,404.85,405.3,404.35,404.55,135514,405.18,405.58,22.34,1.19
2026-07-14 13:00:00,404.65,404.65,403.7,404.3,99312,405.01,405.47,21.32,1.18
2026-07-14 13:05:00,404.3,404.6,404.0,404.1,43096,404.83,405.34,20.37,1.15
2026-07-14 13:10:00,404.15,404.25,403.65,403.75,64822,404.61,405.2,19.89,1.13
2026-07-14 13:15:00,403.75,403.9,403.1,403.3,69672,404.35,405.03,20.04,1.11
2026-07-14 13:20:00,403.25,404.55,403.25,403.8,85811,404.24,404.91,19.23,1.12
2026-07-14 13:25:00,403.85,404.2,403.35,404.1,86978,404.21,404.84,18.48,1.11
2026-07-14 13:30:00,404.1,404.6,403.75,404.2,91648,404.21,404.78,17.23,1.09
2026-07-14 13:35:00,404.35,404.5,403.5,403.55,75354,404.08,404.67,16.4,1.09
2026-07-14 13:40:00,403.6,403.8,403.1,403.15,67066,403.89,404.53,16.12,1.07
2026-07-14 13:45:00,403.15,404.0,403.15,403.5,73891,403.81,404.44,15.55,1.06
2026-07-14 13:50:00,403.55,403.6,403.0,403.1,84886,403.67,404.32,15.22,1.04
2026-07-14 13:55:00,403.2,403.7,403.05,403.25,58117,403.59,404.22,14.75,1.02
2026-07-14 14:00:00,403.3,403.9,403.0,403.85,82262,403.64,404.19,13.97,1.01
2026-07-14 14:05:00,403.8,403.8,403.0,403.05,141176,403.52,404.08,13.25,1.01
2026-07-14 14:10:00,403.1,403.6,403.0,403.2,49814,403.46,404.0,12.59,0.99
2026-07-14 14:15:00,403.3,403.35,402.8,402.9,84973,403.35,403.9,12.32,0.97
2026-07-14 14:20:00,403.0,403.3,402.7,402.9,90616,403.26,403.81,12.24,0.95
2026-07-14 14:25:00,403.0,403.0,402.4,402.8,69688,403.17,403.72,12.68,0.93
2026-07-14 14:30:00,402.85,403.15,402.6,402.75,73897,403.08,403.63,12.73,0.91
2026-07-14 14:35:00,402.8,403.1,402.45,402.9,86318,403.05,403.56,13.05,0.9
2026-07-14 14:40:00,402.8,404.35,402.8,404.15,180485,403.27,403.62,13.2,0.93
2026-07-14 14:45:00,404.2,404.35,403.2,403.2,125681,403.25,403.58,13.34,0.94
2026-07-14 14:50:00,403.3,403.85,402.95,403.85,144365,403.37,403.6,12.97,0.94
2026-07-14 14:55:00,403.6,404.1,403.3,403.75,158048,403.45,403.62,13.03,0.93
2026-07-14 15:00:00,403.9,405.45,403.05,404.9,349566,403.74,403.73,14.7,1.0
2026-07-14 15:05:00,404.9,405.85,404.55,404.95,292149,403.98,403.84,16.59,1.02
2026-07-14 15:10:00,405.0,405.55,403.35,403.7,447423,403.92,403.83,16.34,1.07
2026-07-14 15:15:00,403.75,404.0,402.5,402.5,252329,403.64,403.71,15.3,1.09
2026-07-14 15:20:00,402.7,403.0,402.55,402.65,254714,403.44,403.61,14.34,1.07
2026-07-14 15:25:00,402.8,403.2,402.15,402.5,292130,403.25,403.51,13.91,1.07
2026-07-15 09:15:00,405.2,408.4,405.0,407.3,447368,404.06,403.86,16.07,1.3
2026-07-15 09:20:00,407.25,409.05,407.0,408.95,332467,405.04,404.32,18.32,1.33
2026-07-15 09:25:00,408.85,409.5,407.15,407.3,268793,405.49,404.59,20.57,1.38
2026-07-15 09:30:00,407.4,407.5,405.8,405.95,307780,405.58,404.71,21.34,1.4
2026-07-15 09:35:00,405.95,405.95,404.25,404.8,246438,405.43,404.72,20.81,1.41
2026-07-15 09:40:00,404.75,405.25,404.7,405.1,126250,405.36,404.76,20.31,1.37
2026-07-15 09:45:00,405.0,406.0,404.35,405.6,272232,405.41,404.83,20.28,1.38
2026-07-15 09:50:00,405.65,406.3,405.35,405.85,188893,405.5,404.93,20.42,1.36
2026-07-15 09:55:00,405.95,407.0,405.5,406.9,150730,405.78,405.11,20.92,1.37
2026-07-15 10:00:00,406.85,406.9,404.5,404.55,131721,405.53,405.05,20.53,1.42
2026-07-15 10:05:00,404.5,404.55,403.05,404.1,178498,405.25,404.97,19.1,1.42
2026-07-15 10:10:00,404.1,404.15,402.5,403.0,163358,404.8,404.79,18.05,1.43
2026-07-15 10:15:00,403.05,404.25,403.0,403.6,122002,404.56,404.68,17.01,1.42
2026-07-15 10:20:00,403.6,406.15,403.3,405.5,291094,404.75,404.76,16.77,1.49
2026-07-15 10:25:00,405.5,406.35,405.5,406.05,141097,405.01,404.87,16.66,1.46
2026-07-15 10:30:00,406.15,406.5,405.9,406.05,103515,405.22,404.98,16.65,1.42
2026-07-15 10:35:00,406.05,407.1,405.85,406.6,148335,405.49,405.13,16.99,1.41
2026-07-15 10:40:00,406.5,406.9,405.8,406.2,126764,405.63,405.22,17.27,1.4
2026-07-15 10:45:00,406.2,406.8,405.55,405.6,111509,405.63,405.26,17.28,1.39
2026-07-15 10:50:00,405.65,405.9,405.15,405.6,90109,405.62,405.29,16.91,1.36
2026-07-15 10:55:00,405.55,406.15,405.35,405.85,96852,405.67,405.34,16.75,1.33
2026-07-15 11:00:00,405.7,406.5,405.2,405.2,94886,405.57,405.33,16.87,1.33
2026-07-15 11:05:00,405.2,405.9,405.0,405.7,87967,405.6,405.36,16.76,1.31
2026-07-15 11:10:00,405.8,405.8,404.1,404.35,105668,405.35,405.27,15.74,1.33
2026-07-15 11:15:00,404.3,404.55,404.05,404.1,70015,405.1,405.16,14.75,1.29
2026-07-15 11:20:00,404.2,404.25,404.0,404.05,57718,404.89,405.06,13.78,1.24
2026-07-15 11:25:00,404.0,404.3,403.85,403.85,61823,404.68,404.95,12.87,1.2
2026-07-15 11:30:00,403.75,406.7,403.7,406.7,207232,405.09,405.11,13.88,1.29
2026-07-15 11:35:00,406.5,407.4,406.05,406.15,206320,405.3,405.21,15.23,1.29
2026-07-15 11:40:00,406.15,406.9,405.8,406.25,168884,405.49,405.3,16.2,1.28
2026-07-15 11:45:00,406.25,406.5,405.1,405.25,62811,405.44,405.3,16.34,1.29
2026-07-15 11:50:00,405.1,405.5,405.0,405.15,55644,405.38,405.28,16.36,1.25
2026-07-15 11:55:00,405.15,405.75,405.0,405.2,50319,405.35,405.28,16.58,1.23
2026-07-15 12:00:00,405.3,405.5,405.05,405.5,70027,405.38,405.3,16.78,1.19
2026-07-15 12:05:00,405.4,406.4,405.15,406.05,106395,405.51,405.36,17.66,1.19
2026-07-15 12:10:00,406.1,406.6,405.4,406.5,226297,405.71,405.47,18.62,1.19
2026-07-15 12:15:00,406.5,406.9,404.5,405.15,199486,405.6,405.44,18.39,1.25
2026-07-15 12:20:00,405.15,406.3,405.15,405.65,140626,405.61,405.46,18.18,1.25
2026-07-15 12:25:00,405.7,408.25,405.55,407.55,309854,406.0,405.65,19.38,1.31
2026-07-15 12:30:00,407.55,408.95,407.3,408.4,355851,406.48,405.9,20.87,1.33
2026-07-15 12:35:00,408.5,408.6,406.1,406.15,133172,406.41,405.92,20.94,1.39
2026-07-15 12:40:00,406.25,407.05,406.1,406.6,175101,406.45,405.98,21.01,1.37
2026-07-15 12:45:00,406.6,407.75,406.2,407.0,132447,406.56,406.08,21.52,1.37
2026-07-15 12:50:00,407.0,407.6,406.0,406.1,222322,406.47,406.08,21.78,1.39
2026-07-15 12:55:00,406.1,406.25,404.55,405.45,227030,406.26,406.02,20.58,1.4
2026-07-15 13:00:00,405.5,407.4,405.3,407.0,122128,406.41,406.11,20.28,1.43
2026-07-15 13:05:00,407.0,408.8,406.5,408.6,199306,406.85,406.34,20.83,1.47
2026-07-15 13:10:00,408.55,409.2,407.8,407.95,125426,407.07,406.48,21.54,1.47
2026-07-15 13:15:00,407.85,412.2,407.7,411.85,501474,408.03,406.97,23.41,1.62
2026-07-15 13:20:00,411.8,412.65,411.0,412.35,363494,408.89,407.46,25.29,1.62
2026-07-15 13:25:00,412.1,414.3,411.55,413.55,419061,409.82,408.01,27.51,1.67
2026-07-15 13:30:00,413.5,413.9,412.0,412.15,182552,410.29,408.39,29.57,1.68
2026-07-15 13:35:00,412.2,412.25,410.9,411.1,162947,410.45,408.64,30.46,1.67
2026-07-15 13:40:00,411.15,413.45,411.15,413.35,253018,411.03,409.06,31.68,1.7
2026-07-15 13:45:00,413.35,413.45,412.95,413.2,175054,411.46,409.44,32.82,1.64
2026-07-15 13:50:00,413.2,413.45,411.3,413.2,642539,411.81,409.78,32.46,1.67
2026-07-15 13:55:00,413.15,413.5,411.7,412.85,419777,412.02,410.06,32.15,1.67
2026-07-15 14:00:00,412.85,415.0,412.65,414.3,591949,412.48,410.45,32.49,1.7
2026-07-15 14:05:00,414.3,415.75,414.25,415.05,565025,412.99,410.86,33.09,1.69
2026-07-15 14:10:00,415.05,416.3,414.35,415.55,404435,413.5,411.29,33.85,1.71
2026-07-15 14:15:00,415.4,416.65,415.4,415.7,285868,413.94,411.69,34.68,1.69
2026-07-15 14:20:00,415.75,416.8,415.1,416.75,309046,414.5,412.15,35.16,1.69
2026-07-15 14:25:00,416.7,416.75,415.05,416.0,312259,414.8,412.5,35.55,1.69
2026-07-15 14:30:00,416.05,416.7,415.75,416.4,203353,415.12,412.86,35.92,1.65
2026-07-15 14:35:00,416.4,416.45,415.3,415.65,328851,415.23,413.11,35.76,1.63
2026-07-15 14:40:00,415.75,415.75,412.0,412.15,755687,414.61,413.02,33.49,1.73
2026-07-15 14:45:00,412.0,412.55,410.9,411.9,464835,414.07,412.92,32.01,1.72
2026-07-15 14:50:00,411.95,412.0,411.3,411.45,168364,413.55,412.79,30.63,1.68
2026-07-15 14:55:00,411.4,412.6,411.15,412.15,148869,413.27,412.73,28.91,1.67
2026-07-15 15:00:00,412.1,413.35,411.4,413.15,285730,413.24,412.77,26.9,1.68
2026-07-15 15:05:00,413.1,414.15,412.95,413.9,289310,413.37,412.87,25.55,1.66
2026-07-15 15:10:00,414.1,414.95,413.7,414.9,366115,413.68,413.05,24.78,1.64
2026-07-15 15:15:00,414.85,418.35,414.6,418.35,952162,414.61,413.54,25.59,1.74
2026-07-15 15:20:00,418.35,419.95,418.25,419.95,930592,415.68,414.12,26.86,1.74
2026-07-15 15:25:00,419.95,424.0,419.65,423.85,1280914,417.31,415.0,28.99,1.86
2026-07-16 09:15:00,424.2,426.15,417.0,418.4,1222985,417.53,415.31,29.37,2.21
2026-07-16 09:20:00,418.2,420.6,417.35,417.4,436936,417.51,415.5,29.73,2.26
2026-07-16 09:25:00,417.5,419.05,417.0,417.05,245498,417.41,415.64,29.86,2.25
2026-07-16 09:30:00,417.05,417.05,414.05,414.6,490451,416.85,415.55,28.45,2.28
2026-07-16 09:35:00,414.6,416.75,414.55,416.1,356517,416.7,415.6,27.15,2.28
2026-07-16 09:40:00,416.25,416.25,414.7,415.35,148288,416.43,415.58,25.94,2.24
2026-07-16 09:45:00,415.35,420.9,415.3,419.95,580689,417.13,415.97,26.37,2.4
2026-07-16 09:50:00,419.9,421.3,419.1,420.0,512055,417.71,416.34,26.87,2.39
2026-07-16 09:55:00,420.05,420.2,417.45,417.85,226826,417.74,416.48,26.5,2.41
2026-07-16 10:00:00,417.85,418.0,417.25,417.55,145425,417.7,416.57,26.04,2.33
2026-07-16 10:05:00,417.5,419.9,417.5,419.7,150296,418.1,416.86,26.22,2.34
2026-07-16 10:10:00,419.5,419.75,417.75,418.0,130515,418.08,416.96,26.39,2.32
2026-07-16 10:15:00,417.8,418.05,416.6,417.0,165170,417.86,416.97,25.92,2.28
2026-07-16 10:20:00,417.0,417.3,416.2,416.5,129226,417.59,416.92,25.26,2.22
2026-07-16 10:25:00,416.5,417.85,416.1,417.65,104097,417.6,416.99,24.87,2.2
2026-07-16 10:30:00,417.6,418.1,417.1,417.3,85979,417.54,417.02,24.6,2.14
2026-07-16 10:35:00,417.3,419.5,416.7,418.8,214344,417.79,417.18,24.88,2.17
2026-07-16 10:40:00,418.7,421.35,418.25,419.95,315161,418.22,417.43,25.74,2.22
2026-07-16 10:45:00,420.0,421.4,419.45,419.45,248335,418.47,417.62,26.56,2.2
2026-07-16 10:50:00,419.7,419.9,417.5,418.1,163456,418.4,417.66,26.08,2.21
2026-07-16 10:55:00,418.05,418.25,417.15,417.5,125259,418.22,417.64,25.44,2.16
2026-07-16 11:00:00,417.4,420.0,417.4,419.8,119010,418.53,417.84,25.51,2.18
2026-07-16 11:05:00,419.65,422.4,419.0,421.4,349301,419.11,418.16,26.33,2.24
2026-07-16 11:10:00,421.4,421.7,420.3,421.05,338700,419.5,418.43,27.1,2.2
2026-07-16 11:15:00,421.25,421.8,419.2,419.35,492152,419.47,418.51,27.11,2.22
2026-07-16 11:20:00,419.5,420.8,419.0,420.55,93593,419.68,418.7,27.0,2.2
2026-07-16 11:25:00,420.55,421.4,420.35,421.0,167538,419.95,418.91,27.13,2.14
2026-07-16 11:30:00,421.1,423.5,420.7,422.6,531830,420.48,419.24,27.94,2.18
2026-07-16 11:35:00,422.6,422.9,421.8,422.05,166108,420.79,419.5,28.69,2.12
2026-07-16 11:40:00,422.05,422.5,421.1,421.65,119413,420.96,419.69,28.9,2.09
2026-07-16 11:45:00,421.7,422.8,421.1,422.5,157613,421.27,419.95,29.2,2.07
2026-07-16 11:50:00,422.5,424.3,421.55,422.0,347858,421.42,420.13,30.0,2.1
2026-07-16 11:55:00,422.0,422.2,420.25,420.25,143209,421.18,420.14,29.81,2.1
2026-07-16 12:00:00,420.4,420.9,419.4,419.65,127407,420.88,420.1,29.08,2.07
2026-07-16 12:05:00,419.65,420.7,419.55,420.3,75771,420.76,420.12,28.41,2.02
2026-07-16 12:10:00,420.3,420.8,419.6,420.15,151645,420.64,420.12,27.83,1.99
2026-07-16 12:15:00,420.1,422.1,420.1,421.1,269020,420.73,420.21,27.88,1.99
2026-07-16 12:20:00,421.1,421.1,419.8,420.2,80228,420.62,420.21,27.7,1.95
2026-07-16 12:25:00,420.15,420.5,419.05,419.5,188058,420.4,420.14,26.96,1.93
2026-07-16 12:30:00,419.5,419.6,419.15,419.15,53636,420.15,420.05,26.28,1.86
2026-07-16 12:35:00,419.15,419.5,418.25,418.35,147523,419.79,419.9,24.96,1.83
2026-07-16 12:40:00,418.4,418.45,416.35,417.15,246180,419.26,419.65,23.82,1.84
2026-07-16 12:45:00,417.05,418.05,416.65,416.9,131654,418.79,419.4,22.75,1.82
2026-07-16 12:50:00,417.1,417.55,417.05,417.35,54143,418.5,419.21,21.76,1.77
2026-07-16 12:55:00,417.35,417.5,416.75,416.8,51864,418.16,418.99,21.04,1.72
2026-07-16 13:00:00,416.85,416.85,416.0,416.25,107846,417.78,418.74,20.84,1.68
2026-07-16 13:05:00,416.25,416.85,416.25,416.75,46608,417.57,418.56,20.65,1.62
2026-07-16 13:10:00,416.7,416.75,416.15,416.3,55352,417.32,418.36,20.54,1.58
2026-07-16 13:15:00,416.3,416.4,415.75,415.9,96385,417.03,418.13,20.71,1.53
2026-07-16 13:20:00,416.0,416.85,415.15,416.45,91561,416.92,417.98,21.25,1.54
2026-07-16 13:25:00,416.4,419.45,415.8,418.5,242683,417.23,418.03,19.97,1.64
2026-07-16 13:30:00,418.6,418.85,416.95,416.95,361553,417.18,417.93,18.78,1.65
2026-07-16 13:35:00,417.15,417.15,415.2,415.35,92806,416.81,417.7,18.39,1.67
2026-07-16 13:40:00,415.5,416.45,415.2,415.25,150746,416.5,417.47,18.03,1.65
2026-07-16 13:45:00,415.25,417.9,415.2,417.65,190946,416.73,417.49,16.88,1.7
2026-07-16 13:50:00,417.9,419.0,417.7,418.95,270422,417.17,417.62,16.5,1.68
2026-07-16 13:55:00,418.8,419.0,417.85,418.45,117848,417.43,417.7,16.14,1.66
2026-07-16 14:00:00,418.4,418.9,417.7,417.75,96350,417.49,417.7,15.69,1.63
2026-07-16 14:05:00,417.9,422.6,417.5,421.7,422273,418.33,418.07,17.14,1.8
2026-07-16 14:10:00,421.65,421.7,418.3,418.4,377445,418.35,418.1,18.49,1.88
2026-07-16 14:15:00,418.2,424.8,416.0,416.0,1221517,417.88,417.91,20.74,2.2
2026-07-16 14:20:00,415.75,422.0,407.05,413.6,4998506,417.02,417.51,20.04,2.81
2026-07-16 14:25:00,413.85,418.85,409.65,411.35,2523936,415.89,416.95,19.38,3.12
2026-07-16 14:30:00,411.25,412.7,407.4,410.55,2091761,414.82,416.37,19.45,3.22
2026-07-16 14:35:00,410.55,412.65,408.5,408.7,989721,413.6,415.67,19.51,3.26
2026-07-16 14:40:00,409.3,420.55,409.3,418.9,2397906,414.66,415.97,19.25,3.67
2026-07-16 14:45:00,419.15,423.2,418.65,420.2,2304004,415.77,416.35,19.61,3.71
2026-07-16 14:50:00,420.1,431.4,420.1,430.3,4987310,418.67,417.62,21.27,4.08
2026-07-16 14:55:00,430.05,432.25,420.55,427.35,4737899,420.41,418.5,22.92,4.44
2026-07-16 15:00:00,427.2,433.95,427.1,432.75,3358671,422.88,419.8,24.67,4.55
2026-07-16 15:05:00,432.8,433.95,430.65,431.5,1857273,424.6,420.86,26.3,4.49
2026-07-16 15:10:00,431.55,435.95,431.25,435.95,2665291,426.87,422.23,28.07,4.5
2026-07-16 15:15:00,435.95,437.85,435.0,437.5,2869839,429.0,423.62,29.94,4.43
2026-07-16 15:20:00,437.6,440.95,436.5,440.2,2592580,431.24,425.13,32.02,4.43
2026-07-16 15:25:00,440.1,441.0,437.65,440.0,2472258,432.99,426.48,33.96,4.38
2026-07-17 09:15:00,445.0,445.65,437.95,441.7,6663396,434.73,427.86,36.2,4.53
2026-07-17 09:20:00,441.3,442.4,436.6,436.9,2933892,435.17,428.69,37.75,4.59
2026-07-17 09:25:00,436.7,443.8,436.2,443.1,1937299,436.75,430.0,39.33,4.74
2026-07-17 09:30:00,443.25,443.5,441.4,443.15,874006,438.03,431.19,40.8,4.61
2026-07-17 09:35:00,443.2,444.5,442.9,443.5,1038034,439.13,432.31,42.27,4.47
2026-07-17 09:40:00,443.5,446.5,443.25,444.85,1990338,440.27,433.45,43.85,4.41
2026-07-17 09:45:00,444.75,446.5,442.15,442.4,1367850,440.7,434.26,44.81,4.41
2026-07-17 09:50:00,442.35,443.35,438.45,443.0,2057853,441.16,435.06,44.17,4.43
2026-07-17 09:55:00,443.0,444.0,440.5,442.25,842231,441.38,435.71,43.68,4.39
2026-07-17 10:00:00,442.25,443.3,441.1,442.2,564578,441.54,436.3,43.24,4.28
2026-07-17 10:05:00,442.25,443.25,441.05,442.85,549353,441.8,436.9,42.8,4.18
2026-07-17 10:10:00,442.95,443.3,441.75,442.4,434886,441.92,437.4,42.41,4.06
2026-07-17 10:15:00,442.35,443.3,441.3,443.25,349428,442.19,437.93,41.82,3.96
2026-07-17 10:20:00,443.25,443.4,438.3,439.2,1626795,441.59,438.05,39.92,4.01
2026-07-17 10:25:00,439.2,440.25,439.1,439.95,528401,441.26,438.22,38.16,3.88
2026-07-17 10:30:00,440.0,440.05,438.45,438.45,386952,440.7,438.24,36.25,3.77
2026-07-17 10:35:00,438.5,440.0,438.3,439.8,420733,440.52,438.38,34.41,3.67
2026-07-17 10:40:00,439.8,439.95,438.6,438.7,215607,440.16,438.41,32.69,3.56
2026-07-17 10:45:00,438.75,438.8,435.2,435.65,1065415,439.25,438.16,31.04,3.56
2026-07-17 10:50:00,435.5,437.0,435.5,436.7,453905,438.74,438.03,29.5,3.46
2026-07-17 10:55:00,436.7,437.4,436.5,436.7,229675,438.33,437.91,27.89,3.34
2026-07-17 11:00:00,436.7,437.0,436.0,436.55,241194,437.98,437.78,26.6,3.23
2026-07-17 11:05:00,436.5,437.45,436.1,436.7,512277,437.72,437.68,25.17,3.14
2026-07-17 11:10:00,436.5,437.75,434.0,437.7,700339,437.72,437.69,24.71,3.17
2026-07-17 11:15:00,437.7,437.85,435.3,435.45,315327,437.26,437.48,24.22,3.14
2026-07-17 11:20:00,435.5,435.5,432.65,433.0,1015839,436.41,437.08,24.69,3.13
2026-07-17 11:25:00,432.95,433.65,430.7,431.45,1325526,435.42,436.56,25.68,3.12
2026-07-17 11:30:00,431.45,431.95,430.2,430.5,418504,434.44,436.01,26.74,3.05
2026-07-17 11:35:00,430.75,433.8,430.75,433.55,536531,434.26,435.79,26.65,3.06
2026-07-17 11:40:00,433.4,433.9,432.75,433.15,225600,434.04,435.55,26.51,2.97
2026-07-17 11:45:00,433.15,433.6,432.0,432.3,190710,433.69,435.25,26.63,2.91
2026-07-17 11:50:00,432.2,433.0,432.2,432.55,98689,433.46,435.01,26.75,2.81
2026-07-17 11:55:00,432.45,432.6,430.0,430.25,352395,432.82,434.58,27.57,2.8
2026-07-17 12:00:00,430.2,430.4,427.8,428.5,653051,431.96,434.02,28.9,2.79
2026-07-17 12:05:00,428.35,428.8,427.35,428.45,540857,431.25,433.52,30.25,2.72
2026-07-17 12:10:00,428.5,428.55,427.5,428.1,212828,430.62,433.02,31.5,2.64
2026-07-17 12:15:00,428.1,429.3,427.5,428.85,253455,430.27,432.64,32.12,2.6
2026-07-17 12:20:00,428.9,429.15,427.7,428.5,171081,429.91,432.27,32.7,2.55
2026-07-17 12:25:00,428.35,428.6,427.3,428.3,158532,429.59,431.91,33.37,2.49
2026-07-17 12:30:00,428.2,428.5,427.7,427.9,139575,429.25,431.54,33.98,2.41
2026-07-17 12:35:00,427.9,428.4,427.6,428.1,116235,429.02,431.23,34.6,2.33
2026-07-17 12:40:00,428.1,429.55,427.75,428.85,192789,428.99,431.01,34.16,2.31
2026-07-17 12:45:00,428.95,429.55,428.55,429.55,163328,429.1,430.88,33.76,2.25
2026-07-17 12:50:00,429.5,429.75,428.55,428.8,252011,429.04,430.69,33.21,2.2
2026-07-17 12:55:00,428.8,429.4,428.8,429.15,98633,429.06,430.55,32.7,2.12
2026-07-17 13:00:00,429.0,429.25,428.35,428.6,109632,428.97,430.37,32.48,2.06
2026-07-17 13:05:00,428.5,428.95,427.5,428.35,511819,428.85,430.19,32.72,2.03
2026-07-17 13:10:00,428.35,429.45,427.75,428.85,309095,428.85,430.07,32.43,2.02
2026-07-17 13:15:00,428.8,428.8,428.0,428.2,149718,428.72,429.9,32.16,1.96
2026-07-17 13:20:00,428.4,428.7,426.05,426.4,402833,428.25,429.58,32.9,1.99
2026-07-17 13:25:00,426.4,427.1,426.3,427.0,264602,428.0,429.35,33.59,1.94
2026-07-17 13:30:00,427.0,427.0,426.2,427.0,227214,427.8,429.13,34.28,1.88
2026-07-17 13:35:00,427.0,427.9,426.8,427.0,167461,427.64,428.94,33.89,1.85
2026-07-17 13:40:00,426.85,427.0,426.45,426.85,151197,427.48,428.75,33.74,1.78
2026-07-17 13:45:00,426.7,427.45,425.2,427.45,452471,427.48,428.63,34.25,1.81
2026-07-17 13:50:00,427.35,427.4,426.3,426.6,157335,427.3,428.45,34.72,1.77
2026-07-17 13:55:00,426.7,427.1,426.5,426.75,113631,427.19,428.29,35.16,1.72
2026-07-17 14:00:00,426.9,426.9,425.6,425.8,179072,426.91,428.07,36.02,1.7
2026-07-17 14:05:00,425.9,425.95,421.75,422.45,902358,426.02,427.55,38.07,1.82
2026-07-17 14:10:00,422.45,424.95,422.45,424.1,534287,425.64,427.24,39.98,1.85
2026-07-17 14:15:00,424.25,426.65,424.2,424.8,645921,425.47,427.02,40.04,1.88
2026-07-17 14:20:00,424.9,425.25,424.3,425.1,255820,425.4,426.84,40.09,1.84
2026-07-17 14:25:00,425.1,425.5,424.15,424.7,396343,425.26,426.65,39.9,1.82
2026-07-17 14:30:00,424.7,424.75,423.05,423.3,275739,424.86,426.34,40.18,1.81
2026-07-17 14:35:00,423.3,424.0,422.65,423.55,491967,424.6,426.09,40.6,1.79
2026-07-17 14:40:00,423.7,424.2,423.25,423.55,236225,424.39,425.86,40.78,1.75
2026-07-17 14:45:00,423.6,424.2,423.0,424.0,222682,424.31,425.69,41.05,1.72
2026-07-17 14:50:00,423.95,424.1,423.25,423.7,219874,424.19,425.51,41.3,1.68
2026-07-17 14:55:00,423.7,423.85,423.15,423.4,227451,424.03,425.32,41.58,1.63
2026-07-17 15:00:00,423.5,423.75,422.6,422.6,434456,423.75,425.07,42.1,1.61
2026-07-17 15:05:00,422.75,423.1,422.0,422.55,489198,423.51,424.84,42.86,1.59
2026-07-17 15:10:00,422.6,423.7,422.0,423.2,884180,423.45,424.69,42.76,1.59
2026-07-17 15:15:00,423.15,423.35,421.25,421.6,1116609,423.08,424.41,43.05,1.62
2026-07-17 15:20:00,421.55,422.0,420.55,421.45,1162858,422.75,424.14,43.63,1.61
2026-07-17 15:25:00,421.4,421.5,420.3,421.3,584347,422.46,423.88,44.27,1.59
2026-07-20 09:15:00,422.4,424.35,421.3,422.15,636297,422.4,423.73,41.88,1.66
2026-07-20 09:20:00,422.2,425.0,419.5,420.6,481393,422.04,423.44,40.65,1.84
2026-07-20 09:25:00,420.6,420.65,417.6,419.7,477636,421.57,423.1,40.33,1.9
2026-07-20 09:30:00,419.9,420.8,418.5,420.8,350062,421.42,422.89,39.91,1.92
2026-07-20 09:35:00,420.7,423.7,420.25,422.75,293562,421.68,422.88,37.51,1.99
2026-07-20 09:40:00,422.95,427.25,422.0,422.1,702871,421.77,422.81,36.03,2.15
2026-07-20 09:45:00,422.0,423.7,420.3,420.6,296832,421.53,422.61,33.81,2.21
2026-07-20 09:50:00,420.45,421.25,416.75,417.3,508369,420.69,422.13,32.42,2.32
2026-07-20 09:55:00,417.3,421.15,417.0,419.95,435088,420.54,421.93,31.13,2.4
2026-07-20 10:00:00,420.05,420.05,418.45,420.05,227186,420.44,421.76,29.93,2.36
2026-07-20 10:05:00,420.0,420.1,418.8,419.35,52781,420.22,421.54,28.79,2.31
2026-07-20 10:10:00,419.3,419.95,417.7,419.8,194677,420.14,421.38,28.17,2.31
2026-07-20 10:15:00,419.95,420.0,419.1,419.6,66750,420.03,421.22,27.56,2.24
2026-07-20 10:20:00,419.5,419.8,418.8,418.95,89677,419.81,421.01,27.12,2.18
2026-07-20 10:25:00,418.9,419.9,418.15,418.5,161590,419.55,420.78,26.99,2.16
2026-07-20 10:30:00,418.5,418.65,418.2,418.35,89075,419.31,420.56,26.86,2.08
2026-07-20 10:35:00,418.3,419.0,417.65,417.85,164060,419.02,420.32,26.99,2.05
2026-07-20 10:40:00,417.9,418.4,417.75,418.0,142463,418.82,420.11,27.11,1.98
2026-07-20 10:45:00,417.95,418.05,416.55,417.6,203865,418.57,419.88,27.75,1.96
2026-07-20 10:50:00,417.4,417.55,415.65,416.15,230662,418.09,419.54,28.69,1.96
2026-07-20 10:55:00,416.05,416.2,415.0,415.8,200341,417.63,419.2,29.81,1.92
2026-07-20 11:00:00,415.95,416.0,415.5,415.8,73084,417.26,418.89,30.84,1.85
2026-07-20 11:05:00,415.9,416.7,415.6,416.2,76436,417.05,418.65,31.12,1.82
2026-07-20 11:10:00,416.4,416.4,415.6,415.95,43703,416.83,418.4,31.39,1.77
2026-07-20 11:15:00,415.95,416.05,415.4,415.8,94910,416.62,418.16,31.73,1.72
2026-07-20 11:20:00,415.95,416.9,415.75,416.9,90273,416.68,418.05,31.18,1.69
2026-07-20 11:25:00,416.9,417.55,416.5,416.65,98313,416.67,417.92,30.06,1.66
2026-07-20 11:30:00,416.7,417.75,416.3,417.4,92553,416.82,417.87,29.02,1.65
2026-07-20 11:35:00,417.4,417.4,415.6,415.85,78423,416.63,417.69,28.54,1.66
2026-07-20 11:40:00,415.85,416.0,414.4,414.85,215435,416.27,417.43,28.79,1.65
2026-07-20 11:45:00,414.7,415.5,414.5,415.05,53173,416.03,417.22,29.02,1.62
2026-07-20 11:50:00,415.1,415.35,415.0,415.25,35375,415.87,417.04,29.24,1.56
2026-07-20 11:55:00,415.3,415.95,415.0,415.15,60264,415.73,416.87,28.75,1.53
2026-07-20 12:00:00,415.1,416.5,414.5,416.4,289224,415.86,416.82,27.7,1.55
2026-07-20 12:05:00,416.5,419.55,416.25,417.55,369940,416.2,416.89,27.06,1.64
2026-07-20 12:10:00,417.75,418.0,417.3,417.6,46749,416.48,416.95,26.47,1.59
2026-07-20 12:15:00,417.4,417.7,416.75,417.5,45329,416.68,417.0,25.43,1.56
2026-07-20 12:20:00,417.5,417.65,416.5,417.4,55124,416.83,417.04,24.25,1.54
2026-07-20 12:25:00,417.4,418.3,417.3,417.65,62327,416.99,417.09,23.62,1.52
2026-07-20 12:30:00,417.65,417.95,416.75,416.9,49981,416.97,417.08,22.53,1.5
2026-07-20 12:35:00,416.9,416.9,416.3,416.65,48006,416.91,417.04,21.13,1.46
2026-07-20 12:40:00,416.5,417.0,416.2,416.8,38250,416.89,417.02,19.83,1.43
2026-07-20 12:45:00,416.8,417.0,416.25,416.65,29142,416.84,416.98,18.63,1.4
2026-07-20 12:50:00,416.65,417.15,416.45,417.0,29769,416.87,416.98,17.65,1.36
2026-07-20 12:55:00,417.0,417.8,416.85,417.45,177455,416.99,417.03,17.34,1.34
2026-07-20 13:00:00,417.3,418.15,417.0,418.0,88129,417.19,417.12,17.35,1.33
2026-07-20 13:05:00,417.85,418.0,416.4,416.6,57680,417.07,417.07,16.67,1.35
2026-07-20 13:10:00,416.5,417.45,416.35,417.45,36080,417.15,417.1,15.98,1.33
2026-07-20 13:15:00,417.45,418.0,417.15,417.9,54595,417.3,417.18,15.87,1.31
2026-07-20 13:20:00,417.9,418.8,417.9,418.55,86843,417.55,417.3,16.44,1.29
2026-07-20 13:25:00,418.55,419.3,418.3,418.5,165123,417.74,417.41,17.36,1.28
2026-07-20 13:30:00,418.7,419.45,418.3,418.45,84313,417.88,417.5,18.31,1.27
2026-07-20 13:35:00,418.05,418.65,418.0,418.0,74730,417.9,417.55,18.78,1.24
2026-07-20 13:40:00,418.0,418.2,417.4,417.5,57545,417.82,417.54,18.42,1.22
2026-07-20 13:45:00,417.5,418.45,417.35,418.4,24078,417.94,417.62,18.33,1.22
2026-07-20 13:50:00,418.4,418.5,418.0,418.4,25183,418.03,417.69,18.29,1.18
2026-07-20 13:55:00,418.4,418.5,417.75,417.8,19721,417.98,417.7,17.9,1.16
2026-07-20 14:00:00,417.95,418.45,417.95,418.2,47947,418.03,417.75,17.53,1.14
2026-07-20 14:05:00,418.2,418.4,418.0,418.0,18394,418.02,417.77,17.2,1.1
2026-07-20 14:10:00,418.0,418.15,417.55,417.6,40804,417.94,417.76,16.19,1.08
2026-07-20 14:15:00,417.55,417.85,417.25,417.85,31953,417.92,417.76,15.24,1.05
2026-07-20 14:20:00,417.85,417.9,417.2,417.45,28169,417.83,417.74,14.44,1.04
2026-07-20 14:25:00,417.45,417.6,417.1,417.4,28872,417.74,417.71,13.84,1.01
2026-07-20 14:30:00,417.4,417.4,416.45,416.7,119703,417.53,417.61,14.18,1.01
2026-07-20 14:35:00,416.9,416.9,416.5,416.7,39245,417.37,417.53,14.49,0.98
2026-07-20 14:40:00,416.65,416.85,416.5,416.6,70873,417.21,417.45,14.78,0.95
2026-07-20 14:45:00,416.5,416.9,416.5,416.6,45180,417.09,417.37,14.94,0.92
2026-07-20 14:50:00,416.65,416.8,416.55,416.65,47592,417.0,417.3,15.09,0.89
2026-07-20 14:55:00,416.75,416.75,416.55,416.65,39056,416.93,417.24,15.23,0.86
2026-07-20 15:00:00,416.7,418.45,416.55,418.05,928010,417.16,417.32,15.84,0.91
2026-07-20 15:05:00,418.0,418.2,416.8,416.85,377278,417.09,417.28,16.4,0.93
2026-07-20 15:10:00,416.9,417.5,416.6,416.65,218873,417.01,417.22,16.53,0.93
2026-07-20 15:15:00,416.7,416.9,416.45,416.7,265882,416.94,417.17,16.34,0.91
2026-07-20 15:20:00,416.75,417.25,416.5,417.25,267987,417.01,417.18,16.67,0.9
2026-07-20 15:25:00,417.2,417.8,417.0,417.45,328674,417.09,417.2,17.66,0.9
2026-07-21 09:15:00,417.0,417.0,413.3,415.0,500224,416.68,417.0,18.58,1.05
2026-07-21 09:20:00,414.85,415.45,413.2,414.9,284861,416.32,416.81,19.5,1.11
2026-07-21 09:25:00,414.0,414.55,413.55,414.15,155209,415.89,416.57,20.36,1.12
2026-07-21 09:30:00,414.15,414.15,412.1,413.4,289914,415.39,416.28,22.05,1.16
2026-07-21 09:35:00,413.45,413.75,412.5,413.2,124514,414.95,416.0,23.62,1.17
2026-07-21 09:40:00,413.25,414.9,413.25,414.5,224674,414.86,415.86,23.59,1.19
2026-07-21 09:45:00,414.5,414.5,413.5,414.0,70672,414.69,415.7,23.57,1.18
2026-07-21 09:50:00,414.0,414.2,412.85,413.25,99934,414.4,415.47,24.02,1.19
2026-07-21 09:55:00,413.25,413.4,411.2,411.25,266183,413.77,415.09,25.4,1.24
2026-07-21 10:00:00,411.25,414.0,411.25,413.55,151496,413.73,414.95,25.96,1.31
2026-07-21 10:05:00,413.6,414.2,413.5,414.2,96326,413.82,414.88,26.25,1.28
2026-07-21 10:10:00,414.2,414.9,413.95,414.5,113804,413.96,414.85,25.74,1.27
2026-07-21 10:15:00,414.45,414.5,412.8,413.0,58620,413.77,414.68,26.01,1.29
2026-07-21 10:20:00,413.05,414.75,413.05,414.75,57940,413.96,414.69,26.0,1.31
2026-07-21 10:25:00,414.75,415.35,412.65,413.0,336007,413.77,414.53,25.34,1.38
2026-07-21 10:30:00,413.0,413.15,412.0,412.05,132307,413.43,414.31,25.19,1.36
2026-07-21 10:35:00,412.1,412.8,412.0,412.2,65466,413.18,414.11,25.05,1.34
2026-07-21 10:40:00,412.2,413.55,412.2,413.45,64113,413.23,414.05,24.1,1.34
2026-07-21 10:45:00,413.45,413.9,413.15,413.45,55973,413.28,414.0,22.86,1.31
2026-07-21 10:50:00,413.45,413.55,412.95,413.3,59292,413.28,413.94,21.89,1.28
2026-07-21 10:55:00,413.3,413.6,413.0,413.2,32747,413.27,413.87,20.93,1.24
2026-07-21 11:00:00,413.2,413.2,413.0,413.15,32236,413.24,413.8,20.05,1.19
2026-07-21 11:05:00,413.2,413.75,412.85,413.7,68975,413.33,413.79,18.65,1.18
2026-07-21 11:10:00,413.7,413.75,413.1,413.3,32619,413.33,413.75,17.36,1.16
2026-07-21 11:15:00,413.3,413.75,413.05,413.25,61234,413.31,413.7,16.14,1.13
2026-07-21 11:20:00,413.4,413.85,413.2,413.5,34594,413.35,413.69,15.1,1.11
2026-07-21 11:25:00,413.5,413.6,413.0,413.0,42688,413.28,413.62,14.19,1.09
2026-07-21 11:30:00,413.0,413.7,412.9,413.4,47295,413.3,413.6,13.48,1.07
2026-07-21 11:35:00,413.5,413.55,413.15,413.2,27199,413.28,413.57,12.83,1.04
2026-07-21 11:40:00,413.3,413.3,412.55,412.8,41911,413.19,413.5,13.06,1.03
2026-07-21 11:45:00,412.85,413.45,412.75,413.35,27694,413.22,413.48,13.01,1.01
2026-07-21 11:50:00,413.35,413.8,413.25,413.8,42246,413.34,413.51,12.37,0.99
2026-07-21 11:55:00,413.75,413.95,413.55,413.65,27224,413.4,413.52,11.52,0.96
2026-07-21 12:00:00,413.6,414.0,413.25,413.4,75474,413.4,413.51,11.21,0.95
2026-07-21 12:05:00,413.4,413.4,412.6,413.25,63740,413.37,413.49,11.82,0.94
2026-07-21 12:10:00,413.25,414.0,413.05,414.0,46856,413.5,413.54,11.37,0.94
2026-07-21 12:15:00,414.0,414.1,413.0,413.05,38675,413.41,413.49,10.8,0.95
2026-07-21 12:20:00,413.1,413.75,413.0,413.15,68052,413.35,413.46,10.27,0.94
2026-07-21 12:25:00,413.2,413.45,413.05,413.1,29368,413.3,413.43,9.77,0.92
2026-07-21 12:30:00,413.1,413.85,413.1,413.5,74513,413.34,413.43,9.53,0.91
2026-07-21 12:35:00,413.5,413.6,413.3,413.3,24222,413.33,413.42,9.3,0.88
2026-07-21 12:40:00,413.45,413.6,413.1,413.6,79189,413.39,413.44,8.7,0.86
2026-07-21 12:45:00,413.35,413.5,412.6,413.35,138086,413.38,413.43,8.9,0.87
2026-07-21 12:50:00,413.5,413.5,412.5,413.0,126385,413.3,413.39,9.24,0.87
2026-07-21 12:55:00,413.05,413.25,412.25,412.55,153146,413.15,413.31,9.96,0.88
2026-07-21 13:00:00,412.75,412.75,412.1,412.5,47635,413.02,413.24,10.86,0.87
2026-07-21 13:05:00,412.55,412.75,412.35,412.65,37225,412.95,413.19,11.69,0.85
2026-07-21 13:10:00,412.7,413.15,412.65,413.15,52895,412.99,413.18,11.5,0.83
2026-07-21 13:15:00,413.0,413.0,412.7,412.9,40074,412.97,413.16,11.33,0.81
2026-07-21 13:20:00,412.9,413.25,412.75,412.8,41971,412.94,413.13,10.59,0.8
2026-07-21 13:25:00,412.7,412.8,412.2,412.35,144058,412.82,413.05,10.95,0.79
2026-07-21 13:30:00,412.45,412.85,412.4,412.75,39140,412.81,413.03,11.18,0.77
2026-07-21 13:35:00,412.65,413.0,412.5,412.7,33633,412.78,413.0,11.02,0.76
2026-07-21 13:40:00,412.8,412.95,412.45,412.8,32733,412.79,412.98,10.98,0.75
2026-07-21 13:45:00,412.75,413.45,412.7,413.2,75225,412.87,413.0,10.59,0.75
2026-07-21 13:50:00,413.2,413.45,413.1,413.15,36144,412.93,413.01,10.23,0.73
2026-07-21 13:55:00,413.15,413.45,412.4,412.8,70452,412.9,412.99,10.54,0.75
2026-07-21 14:00:00,412.85,413.3,412.8,413.3,39056,412.98,413.02,10.82,0.73
2026-07-21 14:05:00,413.3,413.5,412.8,413.05,35499,412.99,413.02,10.6,0.73
2026-07-21 14:10:00,413.15,413.25,412.7,413.2,41009,413.04,413.04,10.6,0.72
2026-07-21 14:15:00,413.25,414.0,413.15,413.3,254599,413.09,413.06,10.67,0.73
2026-07-21 14:20:00,413.4,413.5,412.85,413.35,47534,413.14,413.09,10.1,0.73
2026-07-21 14:25:00,413.3,413.5,412.15,412.95,313603,413.1,413.08,10.4,0.76
2026-07-21 14:30:00,412.95,413.25,412.5,412.85,73312,413.05,413.06,10.69,0.75
2026-07-21 14:35:00,412.7,412.85,412.4,412.7,78086,412.98,413.02,11.11,0.74
2026-07-21 14:40:00,412.75,412.8,411.65,411.8,266651,412.75,412.91,12.57,0.76
2026-07-21 14:45:00,411.85,413.0,411.75,412.95,83053,412.79,412.92,13.47,0.78
2026-07-21 14:50:00,412.9,413.3,412.7,413.25,85675,412.88,412.95,13.65,0.77
2026-07-21 14:55:00,413.25,413.25,412.6,412.8,121414,412.86,412.93,13.97,0.77
2026-07-21 15:00:00,412.75,413.35,412.3,412.45,243922,412.78,412.89,14.71,0.78
2026-07-21 15:05:00,412.45,413.0,412.3,412.9,204814,412.8,412.89,15.4,0.78
2026-07-21 15:10:00,412.9,412.95,412.65,412.75,209077,412.79,412.88,16.04,0.76
2026-07-21 15:15:00,412.7,412.95,412.5,412.9,249857,412.81,412.88,16.88,0.74
2026-07-21 15:20:00,412.95,414.0,412.55,414.0,409912,413.05,412.98,16.01,0.77
2026-07-21 15:25:00,413.9,415.5,413.9,415.3,332517,413.5,413.19,17.12,0.81
2026-07-22 09:15:00,414.0,420.25,414.0,418.55,618481,414.51,413.68,20.55,1.07
2026-07-22 09:20:00,418.5,419.6,418.2,418.95,368751,415.4,414.16,23.73,1.09
2026-07-22 09:25:00,418.9,421.0,418.2,419.0,500956,416.12,414.6,27.04,1.17
2026-07-22 09:30:00,419.0,419.9,418.5,419.5,198018,416.8,415.04,30.12,1.18
2026-07-22 09:35:00,419.45,419.5,418.3,418.7,173715,417.18,415.38,32.69,1.18
2026-07-22 09:40:00,418.7,419.3,418.5,418.8,124021,417.5,415.69,35.08,1.16
2026-07-22 09:45:00,419.0,419.05,417.5,418.0,185748,417.6,415.9,35.89,1.18
2026-07-22 09:50:00,417.9,418.95,417.7,417.95,95728,417.67,416.08,36.64,1.19
2026-07-22 09:55:00,417.95,418.05,416.35,417.0,194364,417.54,416.17,35.7,1.21
2026-07-22 10:00:00,417.0,417.6,416.45,417.6,217397,417.55,416.3,34.83,1.21
2026-07-22 10:05:00,417.65,417.85,417.1,417.35,72803,417.51,416.39,34.2,1.19
2026-07-22 10:10:00,417.35,418.0,416.65,416.9,178781,417.39,416.44,33.08,1.19
2026-07-22 10:15:00,416.85,418.45,416.15,417.2,116438,417.35,416.51,31.48,1.25
2026-07-22 10:20:00,417.25,418.0,417.15,417.5,51818,417.38,416.6,29.99,1.23
2026-07-22 10:25:00,417.5,418.0,416.55,418.0,72590,417.5,416.73,27.94,1.24
2026-07-22 10:30:00,418.0,420.5,418.0,419.85,333809,417.97,417.01,27.98,1.3
2026-07-22 10:35:00,419.85,420.85,418.65,418.8,174780,418.14,417.17,28.21,1.34
2026-07-22 10:40:00,418.65,418.65,417.25,417.25,134764,417.96,417.18,27.06,1.35
2026-07-22 10:45:00,417.3,417.4,416.65,417.35,261500,417.84,417.2,25.48,1.32
2026-07-22 10:50:00,417.3,419.65,417.1,419.65,215925,418.2,417.42,25.4,1.38
2026-07-22 10:55:00,419.55,420.9,418.0,419.0,572297,418.36,417.56,25.91,1.45
2026-07-22 11:00:00,418.45,419.0,417.55,418.2,304954,418.33,417.62,26.0,1.45
2026-07-22 11:05:00,418.15,418.15,417.05,417.8,84793,418.22,417.64,25.67,1.44
2026-07-22 11:10:00,417.9,418.0,416.3,416.35,137947,417.85,417.52,24.75,1.45
2026-07-22 11:15:00,416.3,417.2,415.75,416.95,165463,417.67,417.47,23.49,1.45
2026-07-22 11:20:00,416.85,417.35,416.4,417.2,60926,417.57,417.44,22.42,1.43
2026-07-22 11:25:00,417.15,417.3,416.85,417.1,39633,417.48,417.41,21.42,1.38
2026-07-22 11:30:00,417.15,417.15,416.6,417.1,59609,417.4,417.38,20.27,1.34
2026-07-22 11:35:00,417.1,417.35,416.85,417.3,31510,417.38,417.38,19.37,1.3
2026-07-22 11:40:00,417.35,417.95,417.1,417.7,45277,417.45,417.41,19.0,1.28
2026-07-22 11:45:00,417.7,418.2,417.5,417.75,70874,417.51,417.44,18.85,1.25
2026-07-22 11:50:00,417.75,417.75,416.8,417.5,46216,417.51,417.44,17.99,1.24
2026-07-22 11:55:00,417.45,417.6,417.0,417.2,35316,417.44,417.42,17.2,1.21
2026-07-22 12:00:00,417.05,417.15,416.1,416.75,78145,417.31,417.36,16.34,1.2
2026-07-22 12:05:00,416.75,416.8,416.35,416.5,37007,417.14,417.28,15.55,1.17
2026-07-22 12:10:00,416.35,416.5,415.7,416.0,84582,416.92,417.17,15.39,1.15
2026-07-22 12:15:00,416.0,416.0,414.1,414.6,231507,416.45,416.93,16.4,1.18
2026-07-22 12:20:00,414.65,415.9,414.45,415.85,294516,416.33,416.83,17.34,1.2
2026-07-22 12:25:00,415.85,416.3,415.6,415.7,69121,416.21,416.73,17.73,1.17
2026-07-22 12:30:00,415.65,415.65,414.9,415.0,41175,415.96,416.57,18.58,1.16
2026-07-22 12:35:00,415.0,415.1,414.3,414.3,50523,415.63,416.37,19.75,1.14
2026-07-22 12:40:00,414.35,414.85,414.0,414.8,71725,415.47,416.22,21.02,1.12
2026-07-22 12:45:00,414.85,414.95,412.55,413.55,279585,415.08,415.98,22.95,1.19
2026-07-22 12:50:00,413.55,414.0,413.15,413.3,54884,414.73,415.74,24.74,1.17
2026-07-22 12:55:00,413.3,413.6,412.6,413.0,69205,414.38,415.49,26.66,1.16
2026-07-22 13:00:00,412.95,413.0,412.5,412.6,67934,414.02,415.23,28.49,1.13
2026-07-22 13:05:00,412.65,415.4,412.35,414.2,485147,414.06,415.13,27.4,1.22
2026-07-22 13:10:00,414.25,414.25,413.6,413.7,48171,413.99,415.0,26.39,1.19
2026-07-22 13:15:00,413.65,414.45,413.5,413.85,77810,413.96,414.9,25.25,1.18
2026-07-22 13:20:00,413.9,414.0,413.5,413.6,35232,413.89,414.78,24.2,1.15
2026-07-22 13:25:00,413.6,413.65,413.3,413.55,27280,413.82,414.67,23.39,1.11
2026-07-22 13:30:00,413.55,414.0,413.45,414.0,31524,413.86,414.61,22.25,1.09
2026-07-22 13:35:00,413.95,414.95,413.85,414.65,161557,414.02,414.61,21.09,1.09
2026-07-22 13:40:00,414.65,414.85,414.0,414.55,57317,414.12,414.61,20.02,1.07
2026-07-22 13:45:00,414.6,414.6,413.9,413.9,49468,414.08,414.54,18.9,1.06
2026-07-22 13:50:00,413.95,414.45,413.75,414.4,29739,414.14,414.53,17.69,1.04
2026-07-22 13:55:00,414.45,414.9,414.0,414.45,272486,414.2,414.52,17.06,1.03
2026-07-22 14:00:00,414.4,414.8,414.0,414.7,34179,414.3,414.54,16.48,1.02
2026-07-22 14:05:00,414.75,415.75,414.7,415.5,98684,414.54,414.63,16.9,1.02
2026-07-22 14:10:00,415.5,415.8,414.7,415.1,58098,414.65,414.67,17.34,1.03
2026-07-22 14:15:00,415.15,416.2,415.0,415.2,114584,414.76,414.72,18.12,1.04
2026-07-22 14:20:00,415.2,415.3,414.4,414.75,61213,414.76,414.72,17.95,1.03
2026-07-22 14:25:00,414.85,415.45,414.55,414.95,58297,414.8,414.74,17.94,1.02
2026-07-22 14:30:00,415.15,415.7,414.65,414.9,68031,414.82,414.76,18.19,1.02
2026-07-22 14:35:00,414.95,415.45,414.7,414.75,94237,414.8,414.75,18.43,1.01
2026-07-22 14:40:00,414.8,415.4,414.45,415.2,140930,414.88,414.8,18.22,1.01
2026-07-22 14:45:00,415.15,415.6,414.75,415.0,87913,414.91,414.81,18.28,1.0
2026-07-22 14:50:00,414.95,415.8,414.85,415.2,87558,414.97,414.85,18.57,1.0
2026-07-22 14:55:00,415.25,415.95,415.1,415.95,84339,415.16,414.95,19.01,0.99
2026-07-22 15:00:00,416.1,416.7,415.5,415.6,269586,415.25,415.01,20.23,1.0
2026-07-22 15:05:00,415.65,416.85,415.65,416.75,264089,415.55,415.17,21.49,1.01
2026-07-22 15:10:00,416.75,416.8,416.55,416.6,175049,415.76,415.3,22.67,0.98
2026-07-22 15:15:00,416.7,416.8,415.8,415.9,403051,415.79,415.35,22.26,0.98
2026-07-22 15:20:00,415.8,417.55,415.25,416.7,708819,415.97,415.47,22.72,1.04
2026-07-22 15:25:00,416.75,416.95,415.95,416.8,234430,416.14,415.59,23.15,1.04
2026-07-23 09:15:00,414.75,416.95,412.1,414.1,326327,415.73,415.46,23.64,1.22
2026-07-23 09:20:00,414.25,416.25,414.05,415.5,115492,415.68,415.46,24.09,1.27
2026-07-23 09:25:00,415.5,415.5,413.65,413.8,94003,415.31,415.31,24.78,1.29
2026-07-23 09:30:00,413.8,414.35,413.35,413.4,99354,414.93,415.14,25.6,1.28
2026-07-23 09:35:00,413.35,413.45,412.4,412.85,123789,414.51,414.93,26.92,1.27
2026-07-23 09:40:00,412.8,413.2,410.65,411.2,209226,413.85,414.59,28.92,1.33
2026-07-23 09:45:00,411.2,412.0,410.6,412.0,147902,413.48,414.36,30.79,1.33
2026-07-23 09:50:00,411.95,412.0,411.35,411.75,56273,413.13,414.12,32.54,1.3
2026-07-23 09:55:00,411.8,412.9,411.75,412.9,55505,413.09,414.01,32.93,1.29
2026-07-23 10:00:00,412.8,414.65,412.75,414.4,148432,413.35,414.04,31.45,1.32
2026-07-23 10:05:00,414.4,414.4,412.7,413.6,72011,413.4,414.0,30.12,1.34
2026-07-23 10:10:00,413.65,414.0,412.75,413.15,47614,413.35,413.93,28.87,1.34
2026-07-23 10:15:00,413.0,413.95,413.0,413.25,78058,413.33,413.86,27.72,1.32
2026-07-23 10:20:00,413.05,413.2,412.4,412.65,40267,413.19,413.75,27.14,1.3
2026-07-23 10:25:00,412.6,413.95,412.55,413.8,44748,413.31,413.76,25.78,1.3
2026-07-23 10:30:00,413.8,413.8,412.9,412.95,24766,413.24,413.68,24.52,1.28
2026-07-23 10:35:00,412.9,413.05,412.5,413.0,17667,413.19,413.62,23.72,1.25
2026-07-23 10:40:00,413.0,413.25,412.75,413.25,18055,413.2,413.59,22.74,1.21
2026-07-23 10:45:00,413.25,413.4,412.8,413.3,35019,413.22,413.56,21.64,1.18
2026-07-23 10:50:00,413.3,413.55,413.0,413.05,27789,413.19,413.52,20.44,1.15
2026-07-23 10:55:00,413.05,414.4,413.0,414.3,78411,413.41,413.59,19.6,1.16
2026-07-23 11:00:00,414.3,414.4,413.1,414.2,192509,413.57,413.64,18.83,1.17
2026-07-23 11:05:00,414.15,414.4,413.1,413.35,224749,413.53,413.62,18.11,1.18
2026-07-23 11:10:00,413.5,414.0,413.25,413.35,116884,413.49,413.59,17.44,1.16
2026-07-23 11:15:00,413.35,413.75,412.95,413.2,66548,413.43,413.56,16.37,1.14
2026-07-23 11:20:00,413.25,413.3,411.6,411.65,202261,413.08,413.38,16.63,1.17
2026-07-23 11:25:00,411.65,412.15,411.5,411.5,48925,412.76,413.21,16.96,1.14
2026-07-23 11:30:00,411.4,412.15,411.1,411.9,65566,412.59,413.09,17.66,1.14
2026-07-23 11:35:00,411.9,412.3,411.7,411.8,32000,412.43,412.98,18.07,1.11
2026-07-23 11:40:00,412.0,412.45,411.5,412.15,64931,412.37,412.9,18.65,1.1
2026-07-23 11:45:00,412.15,412.2,411.65,411.95,22254,412.29,412.81,19.19,1.08
2026-07-23 11:50:00,411.95,412.0,411.1,411.3,142225,412.09,412.68,20.25,1.07
2026-07-23 11:55:00,411.25,411.55,410.9,411.4,33406,411.95,412.56,21.42,1.05
2026-07-23 12:00:00,411.4,412.0,411.35,411.5,25920,411.86,412.46,21.65,1.03
2026-07-23 12:05:00,411.5,412.0,411.4,411.85,28565,411.86,412.41,21.86,1.01
2026-07-23 12:10:00,412.0,412.1,411.7,411.8,32008,411.85,412.35,21.86,0.98
2026-07-23 12:15:00,411.8,412.35,411.5,411.65,56105,411.81,412.29,21.37,0.97
2026-07-23 12:20:00,411.65,411.95,411.2,411.2,21876,411.69,412.19,21.32,0.96
2026-07-23 12:25:00,411.35,411.5,411.1,411.2,15841,411.59,412.1,21.41,0.94
2026-07-23 12:30:00,411.15,411.2,410.2,410.75,93251,411.42,411.98,22.54,0.94
2026-07-23 12:35:00,410.8,410.85,410.35,410.35,33501,411.21,411.83,23.58,0.92
2026-07-23 12:40:00,410.3,410.45,409.35,409.5,94559,410.87,411.62,25.43,0.93
2026-07-23 12:45:00,409.6,410.0,409.45,409.5,66813,410.59,411.42,27.14,0.91
2026-07-23 12:50:00,409.55,409.6,409.0,409.35,151453,410.34,411.24,29.07,0.89
2026-07-23 12:55:00,409.6,409.85,409.35,409.45,43482,410.17,411.07,30.28,0.88
2026-07-23 13:00:00,409.45,409.6,407.75,407.95,176386,409.72,410.79,32.43,0.92
2026-07-23 13:05:00,407.75,408.2,407.7,407.7,45341,409.32,410.51,34.45,0.9
2026-07-23 13:10:00,407.65,407.75,407.1,407.5,67269,408.95,410.24,36.61,0.89
2026-07-23 13:15:00,407.5,407.55,406.25,406.95,143872,408.55,409.94,38.96,0.91
2026-07-23 13:20:00,406.95,407.6,406.65,407.1,54939,408.26,409.68,41.04,0.91
2026-07-23 13:25:00,407.3,407.45,407.15,407.2,43915,408.05,409.45,42.97,0.88
2026-07-23 13:30:00,407.35,407.35,406.8,406.95,56865,407.83,409.23,44.91,0.87
2026-07-23 13:35:00,407.0,407.65,405.65,407.6,143036,407.78,409.08,47.1,0.92
2026-07-23 13:40:00,407.6,408.4,407.5,408.1,115869,407.85,408.99,47.7,0.92
2026-07-23 13:45:00,408.1,408.75,407.15,408.55,199901,407.99,408.95,48.25,0.95
2026-07-23 13:50:00,408.55,408.6,407.55,407.6,48765,407.91,408.83,48.75,0.96
2026-07-23 13:55:00,407.6,408.65,407.55,408.4,80138,408.01,408.79,49.12,0.97
2026-07-23 14:00:00,408.5,409.35,408.0,408.25,101701,408.06,408.74,48.08,0.98
2026-07-23 14:05:00,408.3,408.95,408.0,408.55,49318,408.16,408.72,47.12,0.98
2026-07-23 14:10:00,408.6,408.9,408.2,408.4,46197,408.2,408.69,46.22,0.97
2026-07-23 14:15:00,408.55,409.7,408.55,409.1,91492,408.38,408.73,43.93,0.98
2026-07-23 14:20:00,409.2,409.5,409.0,409.4,69176,408.59,408.79,41.8,0.96
2026-07-23 14:25:00,409.3,409.8,409.3,409.45,54398,408.76,408.85,39.32,0.94
2026-07-23 14:30:00,409.5,410.45,408.95,410.25,104830,409.06,408.98,36.97,0.97
2026-07-23 14:35:00,410.25,410.95,409.55,409.55,138238,409.16,409.03,35.43,0.99
2026-07-23 14:40:00,409.55,409.6,408.2,408.75,78125,409.07,409.0,33.58,1.01
2026-07-23 14:45:00,408.7,408.7,408.25,408.5,57845,408.96,408.96,31.87,0.98
2026-07-23 14:50:00,408.5,408.9,408.05,408.5,49540,408.87,408.92,30.27,0.98
2026-07-23 14:55:00,408.55,409.05,408.1,408.7,47559,408.83,408.9,28.57,0.97
2026-07-23 15:00:00,408.5,410.25,408.25,409.45,217160,408.96,408.95,27.59,1.02
2026-07-23 15:05:00,409.55,410.2,409.55,409.75,148464,409.12,409.02,26.69,1.01
2026-07-23 15:10:00,409.75,410.4,409.65,410.0,267827,409.29,409.11,26.08,1.0
2026-07-23 15:15:00,409.95,410.4,409.55,409.55,254932,409.34,409.15,25.34,0.99
2026-07-23 15:20:00,409.75,410.2,409.35,409.5,442152,409.38,409.18,24.33,0.98
2026-07-23 15:25:00,409.5,409.7,408.0,408.0,372577,409.1,409.07,23.61,1.02
2026-07-24 09:15:00,405.0,408.75,404.0,407.45,332123,408.77,408.93,25.52,1.2
2026-07-24 09:20:00,407.15,407.85,406.8,407.6,181766,408.54,408.81,27.3,1.19
2026-07-24 09:25:00,407.35,407.45,404.8,405.35,123207,407.9,408.49,29.65,1.27
2026-07-24 09:30:00,405.35,406.85,404.85,406.0,92441,407.52,408.27,31.82,1.3
2026-07-24 09:35:00,405.95,406.45,405.4,406.05,52032,407.23,408.06,33.85,1.29
2026-07-24 09:40:00,405.9,407.15,405.6,405.8,61422,406.94,407.86,34.82,1.3
2026-07-24 09:45:00,405.75,405.75,403.55,403.8,133725,406.31,407.49,36.47,1.35
2026-07-24 09:50:00,403.85,404.45,403.4,403.95,85909,405.84,407.17,38.06,1.33
2026-07-24 09:55:00,404.0,404.8,403.95,404.5,53431,405.57,406.92,39.1,1.31
2026-07-24 10:00:00,404.55,404.6,403.85,404.05,38915,405.27,406.66,40.11,1.28
2026-07-24 10:05:00,404.05,404.85,403.4,404.4,67415,405.09,406.46,41.22,1.29
2026-07-24 10:10:00,404.4,404.7,403.6,403.75,29617,404.83,406.21,42.25,1.28
2026-07-24 10:15:00,403.9,404.3,403.6,403.9,36533,404.64,406.0,43.21,1.25
2026-07-24 10:20:00,404.0,404.35,403.8,404.25,30362,404.56,405.84,44.02,1.22
2026-07-24 10:25:00,404.25,404.7,404.15,404.4,17978,404.53,405.71,44.2,1.19
2026-07-24 10:30:00,404.3,404.7,403.95,404.25,36597,404.47,405.58,44.49,1.17
2026-07-24 10:35:00,404.25,405.5,404.05,405.35,46504,404.65,405.56,43.52,1.18
2026-07-24 10:40:00,405.35,405.7,402.65,402.95,285684,404.31,405.32,43.5,1.27
2026-07-24 10:45:00,402.95,404.5,402.85,403.75,361223,404.2,405.18,43.49,1.29
2026-07-24 10:50:00,403.65,403.8,403.0,403.25,41500,404.01,405.0,43.49,1.26
2026-07-24 10:55:00,403.3,403.35,402.6,402.95,46492,403.8,404.82,43.72,1.24
2026-07-24 11:00:00,402.9,403.9,402.15,403.2,420005,403.68,404.67,43.08,1.26
2026-07-24 11:05:00,403.2,405.85,403.2,405.7,365998,404.08,404.76,40.18,1.33
2026-07-24 11:10:00,405.7,407.0,405.7,406.4,136592,404.55,404.91,38.1,1.33
2026-07-24 11:15:00,406.45,408.25,406.2,407.6,92405,405.16,405.16,37.01,1.36
2026-07-24 11:20:00,407.65,408.9,407.6,408.7,156504,405.86,405.48,36.39,1.36
2026-07-24 11:25:00,408.9,409.55,407.95,408.05,75034,406.3,405.71,36.16,1.37
2026-07-24 11:30:00,408.1,408.75,407.5,408.6,62131,406.76,405.97,35.49,1.37
2026-07-24 11:35:00,408.55,409.95,408.4,409.95,91779,407.4,406.34,35.51,1.37
2026-07-24 11:40:00,410.2,411.3,410.0,410.45,213028,408.01,406.71,36.13,1.37
2026-07-24 11:45:00,410.6,412.9,410.55,412.5,176632,408.91,407.24,37.28,1.42
2026-07-24 11:50:00,412.4,413.0,411.2,411.4,152012,409.41,407.61,38.37,1.44
2026-07-24 11:55:00,411.45,412.0,410.6,411.2,106581,409.76,407.94,38.76,1.44
2026-07-24 12:00:00,411.35,411.7,410.7,411.7,52881,410.15,408.28,39.12,1.42
2026-07-24 12:05:00,411.55,411.8,411.25,411.55,21393,410.43,408.58,39.5,1.38
2026-07-24 12:10:00,411.35,412.0,411.3,411.7,37059,410.69,408.86,39.94,1.35
2026-07-24 12:15:00,411.7,411.9,411.1,411.1,39755,410.77,409.07,40.1,1.32
2026-07-24 12:20:00,411.2,411.35,410.6,411.1,80864,410.83,409.25,39.61,1.29
2026-07-24 12:25:00,410.95,411.85,410.85,411.85,104227,411.04,409.49,39.46,1.28
2026-07-24 12:30:00,411.9,411.9,411.05,411.3,40575,411.09,409.65,39.35,1.26
2026-07-24 12:35:00,411.3,411.3,409.7,410.2,117812,410.91,409.7,37.64,1.27
2026-07-24 12:40:00,410.45,411.3,410.25,411.2,83724,410.97,409.84,36.06,1.27
2026-07-24 12:45:00,411.25,412.5,411.2,412.35,76142,411.25,410.07,35.45,1.27
2026-07-24 12:50:00,412.45,412.75,411.9,411.9,74845,411.38,410.23,35.05,1.25
2026-07-24 12:55:00,411.95,412.2,411.75,412.15,69093,411.53,410.41,34.5,1.21
2026-07-24 13:00:00,412.15,412.75,411.95,412.05,68544,411.64,410.56,34.36,1.19
2026-07-24 13:05:00,412.2,412.5,411.9,412.1,51300,411.73,410.7,34.17,1.16
2026-07-24 13:10:00,412.1,413.0,412.1,412.95,66894,411.97,410.9,34.33,1.15
2026-07-24 13:15:00,413.0,413.4,412.8,412.9,127391,412.16,411.08,34.74,1.12
2026-07-24 13:20:00,413.0,413.1,412.45,412.45,87182,412.22,411.21,34.61,1.1
2026-07-24 13:25:00,412.45,412.7,412.2,412.25,36285,412.22,411.3,34.13,1.07
2026-07-24 13:30:00,412.25,412.5,411.55,412.0,88261,412.18,411.37,32.81,1.07
2026-07-24 13:35:00,412.0,412.6,411.5,412.45,46264,412.23,411.46,31.67,1.07
2026-07-24 13:40:00,412.45,412.6,411.6,412.2,100564,412.23,411.53,30.62,1.07
2026-07-24 13:45:00,412.2,412.95,412.2,412.95,44707,412.37,411.66,30.0,1.05
2026-07-24 13:50:00,412.85,413.75,412.85,413.65,70277,412.63,411.84,30.13,1.04
2026-07-24 13:55:00,413.65,414.5,413.5,414.15,119991,412.93,412.05,30.82,1.04
2026-07-24 14:00:00,414.2,414.6,413.85,414.45,52956,413.24,412.27,31.52,1.03
2026-07-24 14:05:00,414.45,414.95,413.85,414.7,125181,413.53,412.49,32.42,1.03
2026-07-24 14:10:00,414.7,415.3,414.35,414.6,97091,413.74,412.68,33.49,1.03
2026-07-24 14:15:00,414.75,415.05,414.4,414.6,87333,413.91,412.86,34.48,1.01
2026-07-24 14:20:00,414.6,415.15,414.55,415.05,58241,414.14,413.06,35.47,0.99
2026-07-24 14:25:00,415.05,415.05,413.65,414.75,109341,414.26,413.21,34.74,1.01
2026-07-24 14:30:00,414.55,414.8,413.75,414.35,47875,414.28,413.31,34.07,1.01
2026-07-24 14:35:00,414.35,415.1,414.1,415.1,75908,414.44,413.48,33.75,1.01
2026-07-24 14:40:00,415.0,416.45,415.0,416.25,211567,414.81,413.73,34.53,1.03
2026-07-24 14:45:00,416.25,416.45,415.65,416.45,130403,415.13,413.98,35.26,1.02
2026-07-24 14:50:00,416.35,416.8,415.7,416.7,162588,415.45,414.22,36.17,1.02
2026-07-24 14:55:00,416.7,417.75,416.65,417.2,214577,415.8,414.49,37.58,1.03
2026-07-24 15:00:00,417.2,417.95,416.75,416.95,246837,416.03,414.72,39.0,1.04
2026-07-24 15:05:00,416.95,417.25,416.6,417.15,275003,416.25,414.94,40.02,1.02
2026-07-24 15:10:00,417.25,417.75,416.6,417.7,219278,416.54,415.19,41.25,1.02
2026-07-24 15:15:00,417.6,418.0,417.3,417.55,275442,416.74,415.4,42.53,1.01
2026-07-24 15:20:00,417.55,417.55,416.65,417.1,189560,416.81,415.56,42.47,1.0
2026-07-24 15:25:00,417.25,417.8,416.5,416.5,371068,416.75,415.64,42.59,1.02
2026-07-27 09:15:00,420.0,421.2,418.6,419.45,637254,417.29,415.99,44.26,1.19
2026-07-27 09:20:00,419.75,419.95,418.4,419.0,259871,417.63,416.26,45.52,1.21
2026-07-27 09:25:00,419.1,419.55,418.65,419.25,226074,417.96,416.53,46.69,1.19
2026-07-27 09:30:00,419.15,420.5,418.95,419.5,349133,418.27,416.8,48.1,1.21
2026-07-27 09:35:00,419.55,419.75,419.3,419.75,115302,418.56,417.07,49.41,1.18
2026-07-27 09:40:00,419.75,421.85,419.75,421.8,293817,419.21,417.5,51.17,1.22
2026-07-27 09:45:00,421.8,422.4,420.9,421.2,342032,419.61,417.84,52.93,1.23
2026-07-27 09:50:00,421.15,421.35,419.5,419.75,164420,419.64,418.01,52.75,1.26
2026-07-27 09:55:00,419.55,419.9,417.3,417.45,599638,419.2,417.96,50.49,1.33
2026-07-27 10:00:00,417.4,418.0,417.4,417.8,210054,418.92,417.95,48.39,1.29
2026-07-27 10:05:00,417.8,417.8,416.15,416.45,276980,418.43,417.81,45.46,1.31
2026-07-27 10:10:00,416.25,417.45,416.2,417.1,119726,418.16,417.75,42.73,1.31
2026-07-27 10:15:00,416.9,417.2,416.2,416.2,151564,417.77,417.61,40.2,1.29
2026-07-27 10:20:00,416.35,417.0,416.15,416.95,45222,417.6,417.55,37.81,1.27
2026-07-27 10:25:00,417.0,417.0,416.5,416.9,61926,417.46,417.49,35.59,1.23
2026-07-27 10:30:00,416.9,417.95,416.7,417.65,172012,417.5,417.5,34.26,1.23
2026-07-27 10:35:00,417.8,417.85,416.3,416.4,69941,417.28,417.4,32.63,1.25
2026-07-27 10:40:00,416.4,417.4,415.35,417.2,414037,417.26,417.38,30.35,1.29
2026-07-27 10:45:00,417.3,417.55,416.6,416.9,34071,417.19,417.34,28.27,1.27
2026-07-27 10:50:00,416.8,417.4,416.6,416.75,31569,417.1,417.29,26.33,1.25
2026-07-27 10:55:00,416.75,417.0,416.7,417.0,42979,417.08,417.26,24.52,1.2
2026-07-27 11:00:00,417.0,417.0,416.05,416.2,218899,416.91,417.16,23.34,1.19
2026-07-27 11:05:00,416.25,416.45,415.55,415.7,111572,416.66,417.03,22.7,1.18
2026-07-27 11:10:00,415.7,416.0,414.7,414.95,236756,416.32,416.84,22.79,1.18
2026-07-27 11:15:00,414.85,415.75,414.8,415.7,43569,416.2,416.74,22.87,1.17
2026-07-27 11:20:00,415.6,415.85,415.1,415.1,248181,415.98,416.59,22.82,1.15
2026-07-27 11:25:00,415.1,415.5,414.95,415.45,21266,415.87,416.49,22.9,1.12
2026-07-27 11:30:00,415.4,415.55,414.8,415.0,103658,415.7,416.35,23.11,1.11
2026-07-27 11:35:00,415.0,415.35,414.9,415.0,119527,415.56,416.23,23.31,1.07
2026-07-27 11:40:00,415.0,415.55,414.9,415.0,58006,415.45,416.12,23.15,1.05
2026-07-27 11:45:00,414.95,415.1,414.35,414.45,41906,415.25,415.96,23.57,1.04
2026-07-27 11:50:00,414.45,414.7,414.3,414.45,24247,415.09,415.83,24.01,1.01
2026-07-27 11:55:00,414.4,414.5,413.7,414.1,55121,414.89,415.67,24.97,1.0
2026-07-27 12:00:00,414.05,414.6,413.95,414.15,41489,414.74,415.53,25.67,0.98
2026-07-27 12:05:00,414.1,414.15,413.2,413.25,150093,414.44,415.32,26.96,0.98
2026-07-27 12:10:00,413.25,414.1,412.9,413.7,98396,414.3,415.18,28.37,0.99
2026-07-27 12:15:00,413.7,414.2,413.6,413.95,40657,414.23,415.07,29.48,0.97
2026-07-27 12:20:00,414.0,414.45,413.7,414.2,52418,414.22,414.99,30.0,0.96
2026-07-27 12:25:00,414.2,414.25,413.2,413.25,49837,414.03,414.83,30.92,0.97
2026-07-27 12:30:00,413.3,414.4,413.3,414.2,50858,414.06,414.77,31.47,0.98
2026-07-27 12:35:00,414.2,414.35,413.95,414.2,23799,414.09,414.72,31.97,0.95
2026-07-27 12:40:00,414.05,414.5,414.0,414.45,41043,414.16,414.69,32.1,0.93
2026-07-27 12:45:00,414.3,414.5,414.05,414.25,39490,414.18,414.65,32.23,0.9
2026-07-27 12:50:00,414.3,414.95,414.25,414.7,42866,414.28,414.66,31.33,0.89
2026-07-27 12:55:00,414.85,415.0,414.1,414.35,61711,414.3,414.63,30.71,0.89
2026-07-27 13:00:00,414.35,415.3,414.1,415.0,61629,414.44,414.66,29.49,0.91
2026-07-27 13:05:00,415.0,415.6,414.75,415.1,92882,414.57,414.7,27.76,0.91
2026-07-27 13:10:00,415.2,415.45,414.85,415.4,33854,414.74,414.77,26.16,0.89
2026-07-27 13:15:00,415.4,415.8,415.25,415.4,38905,414.87,414.82,24.59,0.88
2026-07-27 13:20:00,415.5,415.95,415.45,415.8,122287,415.05,414.91,23.4,0.86
2026-07-27 13:25:00,415.75,415.85,414.9,414.9,49806,415.02,414.91,22.21,0.86
2026-07-27 13:30:00,415.05,415.05,414.3,414.5,38968,414.92,414.87,22.02,0.86
2026-07-27 13:35:00,414.55,415.2,414.25,414.8,48484,414.9,414.87,21.54,0.86
2026-07-27 13:40:00,414.85,415.2,414.6,415.0,31690,414.92,414.88,21.09,0.85
2026-07-27 13:45:00,414.95,414.95,414.5,414.8,32484,414.89,414.87,20.84,0.83
2026-07-27 13:50:00,414.75,414.8,414.35,414.5,29143,414.81,414.84,20.85,0.82
2026-07-27 13:55:00,414.5,414.8,414.1,414.3,50378,414.71,414.79,21.26,0.81
2026-07-27 14:00:00,414.15,414.75,414.1,414.75,27863,414.72,414.79,21.63,0.8
2026-07-27 14:05:00,414.75,415.35,414.6,415.1,37649,414.8,414.81,20.51,0.8
2026-07-27 14:10:00,415.1,415.5,415.0,415.1,31596,414.86,414.84,19.16,0.79
2026-07-27 14:15:00,415.1,415.85,414.9,415.85,50623,415.06,414.93,18.37,0.79
2026-07-27 14:20:00,415.65,416.1,415.55,415.85,112567,415.21,415.02,18.08,0.78
2026-07-27 14:25:00,415.8,416.35,415.65,416.15,51892,415.4,415.12,18.24,0.78
2026-07-27 14:30:00,416.15,416.35,415.75,415.95,57057,415.51,415.19,18.38,0.77
2026-07-27 14:35:00,415.75,416.05,415.25,415.5,41787,415.51,415.22,17.33,0.77
2026-07-27 14:40:00,415.65,415.9,415.3,415.5,41683,415.51,415.25,16.36,0.76
2026-07-27 14:45:00,415.3,415.75,415.3,415.5,37243,415.51,415.27,15.46,0.75
2026-07-27 14:50:00,415.5,415.95,415.4,415.75,45132,415.55,415.31,15.07,0.74
2026-07-27 14:55:00,415.65,415.8,414.95,414.95,41173,415.43,415.28,14.34,0.74
2026-07-27 15:00:00,415.1,416.45,415.1,416.25,154909,415.6,415.37,14.26,0.78
2026-07-27 15:05:00,416.25,416.35,415.7,415.9,130151,415.66,415.42,14.19,0.77
2026-07-27 15:10:00,415.9,416.35,415.4,415.4,142305,415.61,415.42,13.44,0.78
2026-07-27 15:15:00,415.45,416.45,415.2,416.25,269808,415.73,415.49,12.64,0.8
2026-07-27 15:20:00,416.2,417.2,415.75,415.9,306311,415.77,415.53,12.95,0.84
2026-07-27 15:25:00,415.95,416.0,415.0,415.0,200518,415.61,415.48,12.22,0.84
2026-07-28 09:15:00,415.95,415.95,409.35,410.5,325360,414.59,415.03,15.55,1.12
2026-07-28 09:20:00,410.5,410.65,407.55,408.55,249557,413.38,414.44,19.13,1.21
2026-07-28 09:25:00,408.5,408.55,407.05,407.2,162239,412.15,413.78,22.57,1.23
2026-07-28 09:30:00,407.15,407.4,406.25,406.9,225728,411.1,413.16,25.94,1.22
2026-07-28 09:35:00,406.95,406.95,405.5,406.25,185542,410.13,412.53,29.22,1.23
2026-07-28 09:40:00,406.15,407.4,405.8,407.0,82415,409.5,412.03,31.74,1.25
2026-07-28 09:45:00,407.0,407.0,406.1,406.4,105953,408.88,411.51,34.07,1.23
2026-07-28 09:50:00,406.5,406.5,405.1,405.9,144236,408.29,411.0,36.49,1.24
2026-07-28 09:55:00,405.8,406.25,405.35,405.4,88871,407.71,410.49,38.74,1.23
2026-07-28 10:00:00,405.4,405.4,404.7,405.05,156670,407.18,410.0,40.99,1.2
2026-07-28 10:05:00,405.0,405.2,404.3,404.5,118290,406.64,409.5,43.18,1.19
2026-07-28 10:10:00,404.5,405.25,403.75,404.95,136653,406.3,409.09,45.33,1.2
2026-07-28 10:15:00,404.95,405.5,404.35,404.6,132641,405.96,408.68,46.97,1.2
2026-07-28 10:20:00,404.45,404.55,403.65,404.0,113471,405.57,408.25,48.67,1.19
2026-07-28 10:25:00,404.0,404.2,403.85,403.9,59727,405.24,407.86,50.26,1.15
2026-07-28 10:30:00,403.9,404.35,403.85,404.0,209317,404.99,407.51,51.48,1.12
2026-07-28 10:35:00,404.0,404.3,403.65,404.0,165247,404.79,407.19,52.69,1.09
2026-07-28 10:40:00,403.95,404.2,403.8,404.0,62450,404.63,406.9,53.8,1.06
2026-07-28 10:45:00,403.95,404.85,403.55,404.35,115206,404.58,406.67,53.7,1.07
2026-07-28 10:50:00,404.35,405.0,404.1,404.4,51984,404.54,406.46,53.35,1.06
2026-07-28 10:55:00,404.4,405.3,404.35,405.2,78111,404.67,406.35,52.53,1.06
2026-07-28 11:00:00,405.2,405.65,405.05,405.4,74245,404.82,406.26,51.2,1.04
2026-07-28 11:05:00,405.65,406.35,405.3,406.0,118805,405.05,406.24,48.93,1.04
2026-07-28 11:10:00,406.0,406.1,405.25,405.3,57779,405.1,406.15,46.87,1.03
2026-07-28 11:15:00,405.45,405.5,405.3,405.45,36304,405.17,406.09,44.96,0.99
2026-07-28 11:20:00,405.45,405.95,404.85,405.6,58034,405.26,406.04,43.19,0.99
2026-07-28 11:25:00,405.5,405.95,405.1,405.7,40922,405.35,406.01,41.54,0.99
2026-07-28 11:30:00,405.75,405.8,404.7,404.75,35348,405.23,405.9,40.47,0.99
2026-07-28 11:35:00,404.75,405.2,404.65,404.85,31855,405.15,405.8,39.54,0.97
2026-07-28 11:40:00,404.85,404.85,403.2,404.15,177471,404.95,405.65,39.98,1.0
2026-07-28 11:45:00,404.05,404.6,404.05,404.3,29307,404.82,405.53,40.39,0.98
2026-07-28 11:50:00,404.1,404.2,403.65,403.9,52721,404.64,405.38,41.06,0.97
2026-07-28 11:55:00,403.9,404.15,403.5,403.75,46633,404.46,405.23,41.79,0.95
2026-07-28 12:00:00,403.9,404.35,403.8,404.2,29460,404.41,405.14,42.03,0.93
2026-07-28 12:05:00,404.4,404.45,404.0,404.2,27814,404.37,405.05,42.03,0.91
2026-07-28 12:10:00,404.25,404.75,404.1,404.7,31646,404.43,405.02,41.38,0.9
2026-07-28 12:15:00,404.6,404.7,404.0,404.25,25128,404.4,404.95,40.89,0.89
2026-07-28 12:20:00,404.2,404.7,404.15,404.65,13032,404.45,404.92,40.43,0.87
2026-07-28 12:25:00,404.7,404.8,404.25,404.6,24335,404.48,404.89,39.75,0.86
2026-07-28 12:30:00,404.6,405.0,404.4,404.6,30105,404.5,404.87,38.64,0.85
2026-07-28 12:35:00,404.6,404.9,404.1,404.15,47341,404.43,404.8,38.03,0.84
2026-07-28 12:40:00,404.2,404.7,404.15,404.15,18634,404.38,404.74,37.46,0.83
2026-07-28 12:45:00,404.2,404.5,404.1,404.25,15159,404.35,404.7,37.01,0.81
2026-07-28 12:50:00,404.3,404.35,404.05,404.1,17597,404.3,404.64,36.66,0.78
2026-07-28 12:55:00,404.1,404.4,404.1,404.3,15670,404.3,404.61,36.19,0.76
2026-07-28 13:00:00,404.15,404.5,404.15,404.45,11210,404.33,404.6,35.42,0.74
2026-07-28 13:05:00,404.4,405.45,404.3,405.3,54404,404.52,404.66,33.41,0.76
2026-07-28 13:10:00,405.15,405.4,404.65,404.85,45913,404.59,404.68,31.54,0.76
2026-07-28 13:15:00,404.85,404.85,404.5,404.55,27778,404.58,404.67,29.46,0.74
2026-07-28 13:20:00,404.6,405.8,404.45,405.75,34586,404.82,404.77,29.17,0.77
2026-07-28 13:25:00,405.65,405.9,405.65,405.7,42221,404.99,404.85,29.05,0.75
2026-07-28 13:30:00,405.65,405.9,405.55,405.7,40453,405.13,404.93,28.69,0.73
2026-07-28 13:35:00,405.65,406.75,405.2,406.75,143607,405.46,405.09,29.44,0.77
2026-07-28 13:40:00,406.7,406.8,406.3,406.4,226575,405.65,405.21,30.19,0.75
2026-07-28 13:45:00,406.4,406.55,405.0,405.7,84107,405.66,405.26,28.29,0.79
2026-07-28 13:50:00,405.55,406.4,405.55,406.2,31998,405.77,405.34,26.53,0.79
2026-07-28 13:55:00,406.3,406.5,405.7,405.85,82560,405.78,405.39,25.05,0.79
2026-07-28 14:00:00,405.85,406.0,405.7,405.85,28720,405.8,405.43,23.67,0.77
2026-07-28 14:05:00,405.75,405.85,405.45,405.7,30808,405.78,405.45,22.03,0.75
2026-07-28 14:10:00,405.65,406.0,405.45,405.8,49948,405.78,405.49,20.68,0.74
2026-07-28 14:15:00,405.8,405.95,405.35,405.5,44125,405.73,405.49,19.23,0.74
2026-07-28 14:20:00,405.35,405.6,405.15,405.25,59034,405.63,405.47,18.22,0.72
2026-07-28 14:25:00,405.25,405.7,405.15,405.45,39575,405.59,405.46,17.07,0.71
2026-07-28 14:30:00,405.25,405.35,404.5,405.05,88372,405.49,405.43,17.17,0.73
2026-07-28 14:35:00,405.1,405.75,405.1,405.6,68352,405.51,405.44,16.42,0.72
2026-07-28 14:40:00,405.5,405.85,405.4,405.8,60957,405.57,405.48,15.52,0.71
2026-07-28 14:45:00,405.65,405.8,405.3,405.45,46561,405.54,405.47,14.88,0.7
2026-07-28 14:50:00,405.45,405.75,405.05,405.55,51575,405.54,405.48,14.74,0.7
2026-07-28 14:55:00,405.4,405.55,405.0,405.2,70448,405.48,405.45,14.7,0.69
2026-07-28 15:00:00,405.2,405.4,404.7,405.25,158059,405.43,405.44,15.18,0.69
2026-07-28 15:05:00,405.0,406.0,405.0,405.95,197707,405.53,405.48,14.28,0.71
2026-07-28 15:10:00,405.9,406.25,405.45,405.95,266935,405.62,405.53,13.56,0.71
2026-07-28 15:15:00,405.95,406.8,405.8,405.95,370884,405.68,405.56,13.8,0.73
2026-07-28 15:20:00,406.0,406.1,405.4,405.45,242279,405.64,405.55,13.24,0.73
2026-07-28 15:25:00,405.45,405.8,405.0,405.55,216397,405.62,405.55,12.58,0.73
2026-07-29 09:15:00,408.0,408.0,405.45,407.0,370815,405.9,405.68,14.03,0.82
2026-07-29 09:20:00,407.1,408.45,405.05,405.15,218181,405.75,405.64,15.73,0.94
2026-07-29 09:25:00,405.2,406.65,404.55,404.6,124254,405.52,405.54,16.52,0.99
2026-07-29 09:30:00,404.6,406.2,404.45,405.65,107831,405.54,405.55,17.1,1.03
2026-07-29 09:35:00,405.65,405.7,402.5,402.9,297289,405.02,405.31,16.45,1.13
2026-07-29 09:40:00,402.9,404.2,402.85,404.0,99332,404.81,405.19,15.85,1.14
2026-07-29 09:45:00,403.65,405.8,403.65,405.75,116681,405.0,405.24,15.68,1.19
2026-07-29 09:50:00,405.95,406.0,405.4,405.75,59100,405.15,405.29,15.69,1.16
2026-07-29 09:55:00,405.9,406.0,404.1,404.2,72353,404.96,405.19,14.72,1.2
2026-07-29 10:00:00,404.2,404.9,404.15,404.4,52227,404.85,405.12,13.82,1.18
2026-07-29 10:05:00,404.15,404.45,403.1,403.2,92460,404.52,404.94,13.87,1.19
2026-07-29 10:10:00,403.2,403.25,402.0,402.6,164875,404.13,404.73,14.68,1.19
2026-07-29 10:15:00,402.6,403.35,402.3,402.9,94188,403.89,404.56,15.32,1.18
2026-07-29 10:20:00,402.9,402.95,401.55,401.55,72787,403.42,404.29,16.41,1.19
2026-07-29 10:25:00,401.8,402.05,397.4,397.65,531511,402.27,403.69,19.13,1.36
2026-07-29 10:30:00,397.65,398.0,395.5,397.6,329166,401.33,403.13,22.14,1.41
2026-07-29 10:35:00,397.65,398.85,396.25,396.6,198635,400.39,402.54,24.17,1.47
2026-07-29 10:40:00,396.6,398.0,396.6,397.85,92461,399.88,402.11,26.06,1.46
2026-07-29 10:45:00,397.7,398.0,396.15,396.4,144293,399.18,401.59,27.95,1.48
2026-07-29 10:50:00,396.45,397.4,396.35,397.25,61462,398.8,401.2,29.7,1.46
2026-07-29 10:55:00,397.35,397.35,396.35,396.35,84562,398.31,400.76,31.33,1.44
2026-07-29 11:00:00,396.45,397.55,395.7,397.1,193254,398.07,400.43,33.07,1.46
2026-07-29 11:05:00,397.05,397.4,396.35,396.55,78745,397.76,400.07,34.68,1.44
2026-07-29 11:10:00,396.6,397.3,396.35,396.7,101329,397.55,399.77,36.18,1.42
2026-07-29 11:15:00,396.7,398.25,396.7,397.9,168855,397.62,399.6,36.38,1.42
2026-07-29 11:20:00,397.9,401.7,397.5,400.4,660923,398.18,399.67,33.91,1.56
2026-07-29 11:25:00,400.35,401.95,400.2,400.85,218695,398.71,399.78,31.78,1.56
2026-07-29 11:30:00,400.85,401.8,400.3,401.5,130737,399.27,399.93,29.8,1.56
2026-07-29 11:35:00,401.5,401.7,400.65,401.35,93339,399.68,400.06,27.97,1.54
2026-07-29 11:40:00,401.35,402.45,401.1,401.95,144238,400.14,400.23,26.79,1.53
2026-07-29 11:45:00,402.0,402.45,401.8,401.85,54473,400.48,400.38,25.7,1.49
2026-07-29 11:50:00,401.85,401.85,401.0,401.6,42425,400.7,400.49,23.99,1.46
2026-07-29 11:55:00,401.55,401.85,400.9,401.6,47420,400.88,400.59,22.32,1.43
2026-07-29 12:00:00,401.7,401.8,401.0,401.3,44789,400.97,400.66,20.76,1.4
2026-07-29 12:05:00,401.35,401.75,400.4,400.9,92716,400.95,400.68,19.78,1.4
2026-07-29 12:10:00,400.95,401.4,400.65,400.65,31862,400.89,400.68,18.86,1.37
2026-07-29 12:15:00,400.5,400.7,399.85,400.0,65059,400.71,400.61,18.7,1.34
2026-07-29 12:20:00,400.0,400.35,399.7,400.2,75536,400.61,400.58,18.68,1.31
2026-07-29 12:25:00,400.05,401.5,399.85,401.05,172010,400.7,400.62,17.43,1.33
2026-07-29 12:30:00,401.2,401.3,400.5,400.9,30887,400.74,400.65,16.27,1.3
2026-07-29 12:35:00,400.9,404.15,400.85,404.0,242449,401.39,400.95,17.15,1.4
2026-07-29 12:40:00,403.85,405.9,403.45,405.35,267853,402.18,401.35,18.8,1.45
2026-07-29 12:45:00,405.0,405.3,404.3,404.65,109338,402.68,401.65,20.33,1.43
2026-07-29 12:50:00,404.7,405.7,403.85,405.2,350984,403.18,401.97,21.28,1.45
2026-07-29 12:55:00,405.3,405.45,404.65,404.7,75873,403.48,402.22,22.17,1.42
2026-07-29 13:00:00,404.8,405.55,404.65,405.15,121178,403.82,402.49,23.05,1.39
2026-07-29 13:05:00,405.0,406.0,403.95,405.3,223270,404.11,402.74,23.09,1.42
2026-07-29 13:10:00,405.3,405.95,405.3,405.5,104137,404.39,402.99,23.12,1.39
2026-07-29 13:15:00,405.55,405.6,403.7,403.9,118377,404.29,403.08,21.58,1.41
2026-07-29 13:20:00,403.75,404.0,403.0,403.2,116680,404.07,403.09,20.49,1.39
2026-07-29 13:25:00,403.2,404.05,403.15,403.5,66995,403.96,403.12,19.43,1.37
2026-07-29 13:30:00,403.6,403.85,403.0,403.65,67496,403.9,403.17,18.58,1.34
2026-07-29 13:35:00,403.7,403.7,402.65,402.9,89603,403.7,403.15,18.08,1.33
2026-07-29 13:40:00,402.85,403.1,402.35,402.6,84822,403.48,403.1,17.87,1.3
2026-07-29 13:45:00,402.6,403.95,402.55,403.6,259814,403.5,403.14,16.78,1.31
2026-07-29 13:50:00,403.65,404.15,403.25,404.0,83417,403.6,403.22,15.59,1.29
2026-07-29 13:55:00,404.0,404.2,402.75,402.85,65668,403.45,403.19,14.95,1.3
2026-07-29 14:00:00,402.9,403.25,401.75,402.7,143298,403.3,403.14,15.2,1.31
2026-07-29 14:05:00,402.7,403.9,402.65,403.85,117089,403.41,403.21,14.74,1.3
2026-07-29 14:10:00,403.85,405.2,403.85,404.9,93945,403.71,403.36,14.22,1.3
2026-07-29 14:15:00,405.1,405.4,404.95,405.2,78507,404.01,403.53,13.89,1.27
2026-07-29 14:20:00,405.2,406.25,405.15,405.8,181844,404.37,403.74,14.23,1.26
2026-07-29 14:25:00,405.8,405.95,405.05,405.8,103622,404.65,403.92,14.44,1.24
2026-07-29 14:30:00,405.75,406.15,405.4,405.55,74847,404.83,404.07,14.78,1.22
2026-07-29 14:35:00,405.55,405.9,405.15,405.65,82023,405.0,404.21,14.82,1.2
2026-07-29 14:40:00,405.6,405.85,405.5,405.8,61748,405.16,404.36,14.85,1.16
2026-07-29 14:45:00,405.6,407.0,405.5,406.35,202800,405.4,404.54,15.81,1.17
2026-07-29 14:50:00,406.4,406.4,405.8,406.2,137352,405.56,404.69,16.69,1.14
2026-07-29 14:55:00,406.2,406.35,405.65,405.95,75031,405.63,404.8,17.31,1.12
2026-07-29 15:00:00,405.95,406.3,405.7,406.05,89034,405.72,404.92,17.88,1.1
2026-07-29 15:05:00,406.05,406.05,405.0,405.5,116898,405.67,404.97,17.44,1.1
2026-07-29 15:10:00,405.5,405.65,405.2,405.3,93389,405.6,405.0,17.02,1.07
2026-07-29 15:15:00,405.3,405.5,404.5,404.6,270461,405.4,404.96,15.87,1.06
2026-07-29 15:20:00,404.65,405.0,404.5,404.95,136247,405.31,404.96,14.8,1.04
2026-07-29 15:25:00,404.95,405.3,404.0,404.5,156676,405.15,404.92,14.41,1.05
2026-07-30 09:15:00,406.0,406.0,403.35,404.05,236397,404.93,404.84,13.61,1.12
2026-07-30 09:20:00,404.2,404.35,401.5,401.7,172034,404.28,404.56,14.21,1.21
2026-07-30 09:25:00,401.7,402.95,401.0,401.8,128977,403.79,404.31,15.15,1.24
2026-07-30 09:30:00,401.85,402.25,400.8,401.0,86559,403.23,404.01,16.16,1.25
2026-07-30 09:35:00,400.95,401.2,400.5,401.0,105289,402.78,403.73,17.32,1.23
2026-07-30 09:40:00,401.0,401.0,400.3,400.5,57950,402.33,403.44,18.54,1.2
2026-07-30 09:45:00,400.5,401.6,400.2,400.5,93216,401.96,403.17,18.82,1.21
2026-07-30 09:50:00,400.5,401.2,400.35,401.0,51201,401.77,402.97,19.09,1.19
2026-07-30 09:55:00,401.0,401.65,400.35,401.6,116045,401.74,402.85,18.71,1.2
2026-07-30 10:00:00,401.6,402.85,401.45,402.55,115751,401.9,402.82,17.77,1.21
2026-07-30 10:05:00,402.4,402.4,401.1,401.2,45714,401.76,402.67,16.52,1.22
2026-07-30 10:10:00,401.2,401.95,400.25,400.25,120245,401.46,402.45,16.16,1.24
2026-07-30 10:15:00,400.4,400.95,399.75,400.4,107728,401.25,402.27,16.26,1.24
2026-07-30 10:20:00,400.4,400.6,400.05,400.5,25054,401.1,402.11,16.36,1.21
2026-07-30 10:25:00,400.4,400.6,400.2,400.25,31968,400.93,401.94,16.45,1.17
2026-07-30 10:30:00,400.25,400.4,400.0,400.2,26678,400.78,401.78,16.73,1.13
2026-07-30 10:35:00,400.2,401.45,400.2,401.1,92952,400.85,401.72,15.63,1.14
2026-07-30 10:40:00,401.05,401.9,400.6,401.6,62681,401.0,401.71,14.92,1.15
2026-07-30 10:45:00,401.6,401.8,401.15,401.6,51195,401.12,401.7,14.25,1.12
2026-07-30 10:50:00,401.5,401.8,401.0,401.2,36736,401.13,401.65,13.44,1.11
2026-07-30 10:55:00,401.15,401.65,400.6,401.55,126813,401.22,401.64,12.78,1.1
2026-07-30 11:00:00,401.55,401.75,400.7,400.95,121202,401.16,401.58,12.03,1.1
2026-07-30 11:05:00,400.95,401.55,400.8,401.25,28194,401.18,401.55,11.33,1.08
2026-07-30 11:10:00,401.3,403.0,401.3,401.7,239653,401.28,401.56,12.07,1.12
2026-07-30 11:15:00,401.7,402.0,401.45,401.8,17544,401.39,401.59,12.75,1.09
2026-07-30 11:20:00,401.8,403.0,401.05,403.0,156189,401.71,401.71,14.27,1.13
2026-07-30 11:25:00,403.2,405.0,402.9,404.9,172940,402.35,402.0,16.88,1.18
2026-07-30 11:30:00,405.0,405.2,402.85,403.4,243741,402.56,402.13,19.39,1.23
2026-07-30 11:35:00,403.25,403.65,403.05,403.25,40455,402.7,402.23,21.72,1.2
2026-07-30 11:40:00,403.25,403.4,402.95,403.15,35617,402.79,402.32,23.72,1.17
2026-07-30 11:45:00,403.1,403.1,402.1,402.35,26426,402.7,402.32,24.27,1.16
2026-07-30 11:50:00,402.35,402.85,402.2,402.75,14411,402.71,402.36,24.79,1.14
2026-07-30 11:55:00,402.75,402.75,402.05,402.15,12211,402.6,402.34,25.04,1.12
2026-07-30 12:00:00,402.1,402.45,401.9,402.2,23578,402.52,402.33,25.03,1.09
2026-07-30 12:05:00,402.25,404.25,402.25,404.25,82676,402.86,402.5,26.36,1.13
2026-07-30 12:10:00,404.25,404.75,403.9,404.25,76984,403.14,402.66,27.87,1.12
2026-07-30 12:15:00,404.3,404.3,403.65,403.85,26661,403.28,402.77,28.9,1.1
2026-07-30 12:20:00,403.95,404.2,403.7,404.0,32203,403.43,402.88,29.85,1.07
2026-07-30 12:25:00,403.9,404.2,403.6,403.9,26957,403.52,402.97,30.57,1.05
2026-07-30 12:30:00,404.0,405.55,403.75,404.55,109620,403.73,403.12,32.06,1.08
2026-07-30 12:35:00,404.8,404.9,403.7,404.25,55350,403.83,403.22,33.36,1.09
2026-07-30 12:40:00,404.25,404.25,403.65,403.95,47588,403.86,403.29,34.48,1.07
2026-07-30 12:45:00,403.8,404.0,402.75,402.85,80215,403.65,403.25,34.08,1.07
2026-07-30 12:50:00,402.8,403.15,402.5,402.85,32227,403.49,403.21,33.34,1.05
2026-07-30 12:55:00,403.0,403.05,402.05,402.85,60941,403.36,403.18,32.03,1.05
2026-07-30 13:00:00,402.85,403.05,402.05,402.35,38137,403.16,403.1,30.81,1.05
2026-07-30 13:05:00,401.8,402.05,401.4,401.55,82647,402.84,402.96,28.82,1.04
2026-07-30 13:10:00,401.55,401.7,401.05,401.2,67391,402.51,402.8,26.98,1.03
2026-07-30 13:15:00,401.2,401.45,400.9,401.1,130836,402.23,402.65,25.45,1.0
2026-07-30 13:20:00,401.2,401.65,401.2,401.25,50082,402.03,402.52,23.76,0.98
2026-07-30 13:25:00,401.25,401.55,401.1,401.15,21942,401.86,402.39,22.32,0.96
2026-07-30 13:30:00,401.15,401.5,401.1,401.2,26122,401.73,402.29,20.99,0.93
2026-07-30 13:35:00,401.2,402.45,401.1,401.8,70107,401.74,402.24,20.51,0.95
2026-07-30 13:40:00,401.8,402.25,401.7,401.7,23498,401.73,402.19,20.07,0.93
2026-07-30 13:45:00,401.7,402.25,401.6,401.85,23611,401.76,402.16,19.48,0.92
2026-07-30 13:50:00,401.7,402.7,401.6,402.65,21510,401.93,402.21,19.51,0.93
2026-07-30 13:55:00,402.6,402.9,402.4,402.5,19377,402.05,402.23,19.78,0.91
2026-07-30 14:00:00,402.45,402.85,402.45,402.75,23165,402.19,402.28,20.03,0.88
2026-07-30 14:05:00,402.7,402.75,402.25,402.4,19987,402.23,402.29,19.86,0.86
2026-07-30 14:10:00,402.45,402.7,402.1,402.15,40367,402.21,402.28,19.39,0.85
2026-07-30 14:15:00,402.25,402.35,401.65,402.1,27395,402.19,402.26,18.12,0.84
2026-07-30 14:20:00,402.1,402.3,401.85,402.2,24449,402.19,402.26,16.93,0.83
2026-07-30 14:25:00,402.1,402.3,401.75,401.95,29111,402.14,402.23,15.8,0.81
2026-07-30 14:30:00,401.95,402.8,401.95,402.6,45616,402.24,402.26,15.48,0.81
2026-07-30 14:35:00,402.6,402.75,402.2,402.65,20568,402.32,402.3,15.19,0.8
2026-07-30 14:40:00,402.65,402.75,402.45,402.55,41006,402.36,402.32,14.92,0.78
2026-07-30 14:45:00,402.7,402.9,402.5,402.9,59776,402.47,402.37,14.94,0.76
2026-07-30 14:50:00,402.9,402.9,402.45,402.65,42266,402.51,402.4,14.84,0.74
2026-07-30 14:55:00,402.6,402.95,402.5,402.65,56855,402.54,402.42,14.84,0.73
2026-07-30 15:00:00,402.35,402.5,401.8,402.45,113930,402.52,402.42,14.36,0.74
2026-07-30 15:05:00,402.5,402.75,402.15,402.7,119875,402.56,402.45,13.35,0.73
2026-07-30 15:10:00,402.7,403.0,402.5,402.5,137022,402.54,402.45,12.89,0.72
2026-07-30 15:15:00,402.6,403.05,401.6,402.8,316569,402.6,402.48,13.13,0.75
2026-07-30 15:20:00,402.85,404.0,402.8,403.9,318518,402.86,402.61,12.67,0.77
2026-07-30 15:25:00,403.95,404.25,403.6,404.25,189380,403.13,402.76,12.59,0.77
2026-07-31 09:15:00,406.0,411.95,406.0,409.85,578268,404.48,403.41,16.55,1.1
2026-07-31 09:20:00,409.85,412.35,409.85,410.45,336396,405.67,404.05,20.3,1.17
2026-07-31 09:25:00,410.4,410.4,409.4,409.4,166000,406.42,404.53,23.3,1.16
2026-07-31 09:30:00,409.3,410.75,409.2,409.55,103592,407.04,404.99,26.17,1.18
2026-07-31 09:35:00,409.55,411.1,409.2,410.65,127674,407.77,405.5,28.93,1.21
2026-07-31 09:40:00,410.6,411.5,409.65,410.45,153006,408.3,405.95,31.59,1.24
2026-07-31 09:45:00,410.5,411.65,410.0,411.25,125032,408.89,406.44,34.09,1.26
2026-07-31 09:50:00,411.25,411.5,411.0,411.2,70091,409.35,406.87,36.42,1.23
2026-07-31 09:55:00,411.2,411.75,411.0,411.65,84024,409.81,407.3,38.66,1.2
2026-07-31 10:00:00,411.75,411.85,411.15,411.4,68213,410.13,407.68,40.76,1.18
2026-07-31 10:05:00,411.4,411.85,411.3,411.6,64943,410.42,408.03,42.71,1.15
2026-07-31 10:10:00,411.55,411.65,410.95,411.2,68236,410.58,408.32,43.94,1.13
2026-07-31 10:15:00,411.4,411.8,410.65,410.75,61572,410.61,408.54,44.58,1.13
2026-07-31 10:20:00,411.4,411.8,411.3,411.5,45222,410.79,408.81,45.18,1.13
2026-07-31 10:25:00,411.45,411.75,411.05,411.05,33704,410.84,409.01,45.3,1.11
2026-07-31 10:30:00,411.05,411.2,410.3,410.7,37854,410.81,409.17,44.21,1.1
2026-07-31 10:35:00,410.7,411.25,410.6,411.0,33271,410.85,409.33,43.24,1.07
2026-07-31 10:40:00,411.0,411.15,410.65,410.7,29487,410.82,409.46,42.34,1.05
2026-07-31 10:45:00,410.7,411.0,410.55,410.8,23766,410.82,409.58,41.33,1.02
2026-07-31 10:50:00,410.8,412.15,410.75,411.0,201336,410.85,409.71,41.35,1.04
2026-07-31 10:55:00,410.8,411.45,410.6,411.15,45623,410.91,409.84,41.11,1.03
2026-07-31 11:00:00,411.15,411.15,410.6,410.6,17744,410.85,409.91,40.89,1.01
2026-07-31 11:05:00,410.65,410.75,408.8,408.9,382645,410.46,409.82,38.09,1.05
2026-07-31 11:10:00,408.85,409.75,408.4,409.65,124765,410.3,409.8,35.67,1.06
2026-07-31 11:15:00,409.65,409.95,408.7,408.8,311567,410.0,409.71,33.2,1.07
2026-07-31 11:20:00,408.9,408.95,408.45,408.5,83894,409.7,409.6,31.19,1.05
2026-07-31 11:25:00,408.45,408.75,407.9,408.1,369831,409.38,409.46,29.9,1.04
2026-07-31 11:30:00,408.2,408.35,407.6,408.2,48905,409.14,409.35,29.01,1.02
2026-07-31 11:35:00,408.25,408.8,408.15,408.4,36636,408.99,409.26,27.57,1.01
2026-07-31 11:40:00,408.45,408.75,408.15,408.35,70943,408.87,409.18,26.23,0.99
2026-07-31 11:45:00,408.35,409.05,408.2,409.05,25274,408.9,409.17,24.58,0.98
2026-07-31 11:50:00,409.0,409.15,408.35,408.4,34549,408.8,409.1,22.91,0.97
2026-07-31 11:55:00,408.45,409.0,408.45,408.9,14572,408.82,409.08,21.36,0.95
2026-07-31 12:00:00,409.0,409.15,408.75,409.0,25276,408.86,409.07,19.98,0.93
2026-07-31 12:05:00,409.0,409.25,408.75,409.25,47281,408.94,409.09,18.85,0.91
2026-07-31 12:10:00,409.15,410.0,409.15,409.8,103217,409.11,409.15,18.83,0.9
2026-07-31 12:15:00,409.7,410.2,409.65,409.9,51859,409.27,409.22,19.06,0.89
2026-07-31 12:20:00,409.95,410.0,409.6,409.75,16093,409.36,409.27,19.18,0.86
2026-07-31 12:25:00,409.75,410.25,409.75,410.1,26041,409.51,409.35,19.6,0.85
2026-07-31 12:30:00,410.0,410.35,409.9,410.1,49742,409.63,409.41,20.13,0.83
2026-07-31 12:35:00,410.05,410.4,410.0,410.3,38740,409.76,409.49,20.68,0.81
2026-07-31 12:40:00,410.35,410.6,410.35,410.45,47572,409.9,409.58,21.45,0.78
2026-07-31 12:45:00,410.4,410.65,410.4,410.5,38327,410.02,409.66,22.24,0.76
2026-07-31 12:50:00,410.55,410.6,409.35,409.4,54567,409.9,409.64,20.74,0.78
2026-07-31 12:55:00,409.4,410.0,409.3,409.8,26290,409.88,409.66,19.26,0.78
2026-07-31 13:00:00,409.8,410.0,409.8,409.85,13319,409.87,409.67,17.88,0.75
2026-07-31 13:05:00,409.9,410.0,409.75,409.9,12060,409.88,409.69,16.7,0.73
2026-07-31 13:10:00,409.9,410.0,409.55,409.55,28071,409.81,409.68,16.0,0.71
2026-07-31 13:15:00,409.6,409.6,408.35,408.4,76968,409.53,409.56,17.11,0.74
2026-07-31 13:20:00,408.4,408.45,407.85,408.25,127076,409.27,409.44,18.65,0.73
2026-07-31 13:25:00,408.15,408.95,408.15,408.65,52349,409.15,409.37,19.08,0.74
2026-07-31 13:30:00,408.7,409.5,408.15,408.3,47020,408.98,409.27,18.5,0.76
2026-07-31 13:35:00,408.25,408.6,408.25,408.25,24911,408.83,409.18,17.97,0.74
2026-07-31 13:40:00,408.35,408.5,408.15,408.2,14665,408.71,409.09,17.62,0.73
2026-07-31 13:45:00,408.15,408.45,408.15,408.2,23161,408.61,409.01,17.29,0.71
2026-07-31 13:50:00,408.15,408.55,408.15,408.3,22176,408.54,408.95,16.78,0.69
2026-07-31 13:55:00,408.25,408.55,408.2,408.5,24138,408.54,408.91,16.31,0.67
2026-07-31 14:00:00,408.55,408.65,407.7,407.75,85054,408.38,408.8,16.69,0.69
2026-07-31 14:05:00,407.8,408.1,407.2,407.85,59278,408.27,408.71,17.72,0.7
2026-07-31 14:10:00,407.8,408.35,407.75,408.15,21506,408.25,408.66,18.11,0.69
2026-07-31 14:15:00,408.15,408.25,407.8,408.0,41190,408.2,408.6,18.46,0.68
2026-07-31 14:20:00,407.8,408.0,407.6,408.0,36885,408.16,408.55,19.09,0.67
2026-07-31 14:25:00,408.0,408.3,407.85,407.9,59275,408.11,408.49,18.95,0.66
2026-07-31 14:30:00,407.9,408.1,407.8,407.85,26302,408.06,408.43,18.9,0.64
2026-07-31 14:35:00,407.85,407.9,407.35,407.8,70079,408.0,408.37,19.55,0.64
2026-07-31 14:40:00,407.65,407.8,406.9,406.9,61106,407.78,408.24,20.75,0.65
2026-07-31 14:45:00,406.9,407.45,406.6,407.0,112277,407.63,408.13,22.21,0.66
2026-07-31 14:50:00,406.95,407.75,406.95,407.75,51687,407.65,408.09,22.8,0.67
2026-07-31 14:55:00,407.5,407.65,406.85,406.9,87851,407.5,407.98,23.49,0.68
2026-07-31 15:00:00,407.6,407.9,407.15,407.5,205268,407.5,407.94,23.49,0.69
2026-07-31 15:05:00,407.5,408.0,407.25,408.0,128465,407.6,407.95,23.25,0.69
2026-07-31 15:10:00,408.05,408.05,406.75,407.05,230070,407.49,407.86,23.76,0.72
2026-07-31 15:15:00,406.9,407.2,406.4,406.8,222810,407.35,407.77,24.69,0.73
2026-07-31 15:20:00,406.75,407.15,406.2,406.25,204008,407.13,407.63,25.79,0.74
2026-07-31 15:25:00,406.3,406.7,405.95,406.45,183857,407.0,407.52,27.09,0.74
2026-08-03 09:15:00,409.0,409.6,407.7,409.3,210071,407.46,407.68,26.65,0.85
2026-08-03 09:20:00,409.35,410.65,409.15,410.3,148938,408.03,407.92,27.08,0.88
2026-08-03 09:25:00,410.2,411.6,409.75,409.8,311390,408.38,408.09,28.1,0.93
2026-08-03 09:30:00,409.8,410.7,409.75,410.0,50461,408.7,408.27,29.04,0.93
2026-08-03 09:35:00,410.0,410.2,409.6,410.15,47062,408.99,408.44,29.68,0.92
2026-08-03 09:40:00,410.1,411.8,410.0,410.9,133883,409.37,408.66,31.2,0.96
2026-08-03 09:45:00,410.9,411.35,409.8,409.95,50342,409.49,408.78,32.31,0.99
2026-08-03 09:50:00,409.95,410.95,409.85,410.85,36747,409.76,408.97,33.35,0.99
2026-08-03 09:55:00,410.65,410.85,410.2,410.4,49790,409.89,409.1,34.31,0.97
2026-08-03 10:00:00,410.6,414.0,410.55,414.0,339578,410.71,409.54,36.53,1.1
2026-08-03 10:05:00,413.95,414.35,412.25,412.35,93640,411.04,409.8,38.68,1.15
2026-08-03 10:10:00,412.45,412.85,412.0,412.25,61274,411.28,410.02,40.33,1.13
2026-08-03 10:15:00,412.05,413.2,412.0,413.05,100966,411.64,410.3,41.97,1.14
2026-08-03 10:20:00,413.0,413.15,411.1,411.75,96647,411.66,410.43,42.26,1.18
2026-08-03 10:25:00,411.65,412.6,411.25,412.45,160782,411.82,410.61,42.53,1.19
2026-08-03 10:30:00,412.6,412.95,412.0,412.3,51677,411.91,410.77,42.95,1.18
2026-08-03 10:35:00,412.35,412.6,411.9,412.6,33642,412.05,410.93,43.19,1.15
2026-08-03 10:40:00,412.55,413.3,412.55,413.1,65945,412.26,411.13,43.79,1.13
2026-08-03 10:45:00,413.1,413.35,412.95,413.15,40910,412.44,411.31,44.36,1.1
2026-08-03 10:50:00,413.2,413.65,413.2,413.45,29257,412.64,411.51,45.05,1.07
2026-08-03 10:55:00,413.45,414.0,413.05,413.25,44139,412.76,411.67,45.86,1.07
2026-08-03 11:00:00,413.2,413.2,411.45,411.65,140957,412.54,411.66,44.3,1.1
2026-08-03 11:05:00,411.65,412.0,411.55,412.0,38174,412.43,411.69,42.84,1.07
2026-08-03 11:10:00,411.9,411.95,411.3,411.45,28472,412.24,411.67,41.17,1.05
2026-08-03 11:15:00,411.45,411.65,410.9,410.95,143790,411.98,411.61,39.12,1.04
2026-08-03 11:20:00,411.2,411.6,411.1,411.6,28363,411.9,411.61,37.22,1.02
2026-08-03 11:25:00,411.6,412.15,411.5,411.95,51621,411.91,411.64,35.98,1.0
2026-08-03 11:30:00,411.95,412.0,411.45,411.55,25299,411.84,411.63,34.77,0.98
2026-08-03 11:35:00,411.55,411.7,411.0,411.0,147163,411.67,411.57,33.0,0.97
2026-08-03 11:40:00,411.1,411.25,410.75,410.9,36342,411.52,411.51,31.03,0.94
2026-08-03 11:45:00,411.0,411.1,410.7,410.75,76016,411.36,411.44,29.13,0.92
2026-08-03 11:50:00,410.75,411.15,410.65,411.05,24660,411.3,411.41,27.29,0.9
2026-08-03 11:55:00,411.05,411.9,411.0,411.5,42270,411.34,411.41,26.52,0.9
2026-08-03 12:00:00,411.5,411.75,410.65,410.75,78856,411.22,411.35,25.27,0.91
2026-08-03 12:05:00,410.75,412.2,410.7,412.1,133601,411.4,411.42,24.64,0.94
2026-08-03 12:10:00,412.1,412.5,412.1,412.45,33601,411.61,411.52,24.39,0.91
2026-08-03 12:15:00,412.5,412.5,412.2,412.4,19312,411.77,411.6,24.15,0.88
2026-08-03 12:20:00,412.4,413.0,412.35,412.9,31846,411.99,411.71,24.47,0.87
2026-08-03 12:25:00,412.9,412.9,412.35,412.55,20344,412.1,411.79,24.77,0.86
2026-08-03 12:30:00,412.55,412.65,411.3,411.35,79267,411.95,411.75,23.3,0.88
2026-08-03 12:35:00,411.35,411.55,410.9,410.9,56498,411.74,411.67,21.88,0.87
2026-08-03 12:40:00,411.0,411.15,410.8,410.85,21868,411.56,411.6,20.68,0.84
2026-08-03 12:45:00,410.9,411.0,409.7,409.85,74900,411.22,411.44,20.82,0.87
2026-08-03 12:50:00,409.95,410.3,409.85,410.2,39240,411.02,411.33,20.96,0.85
2026-08-03 12:55:00,410.25,410.3,409.8,409.85,29547,410.78,411.19,21.13,0.83
2026-08-03 13:00:00,409.8,410.75,409.75,410.7,61334,410.77,411.15,20.54,0.84
2026-08-03 13:05:00,410.6,410.95,410.55,410.95,16898,410.8,411.13,19.68,0.82
2026-08-03 13:10:00,410.95,411.0,410.0,410.05,81951,410.65,411.03,19.55,0.83
2026-08-03 13:15:00,410.2,410.7,410.1,410.5,82128,410.62,410.98,19.44,0.82
2026-08-03 13:20:00,410.6,410.6,410.35,410.6,22141,410.62,410.95,19.34,0.79
2026-08-03 13:25:00,410.6,410.6,410.5,410.6,21621,410.61,410.92,19.24,0.76
2026-08-03 13:30:00,410.6,411.2,410.5,411.2,32857,410.73,410.94,18.03,0.75
2026-08-03 13:35:00,411.15,411.4,411.1,411.3,21496,410.85,410.97,16.91,0.73
2026-08-03 13:40:00,411.3,411.45,411.0,411.05,33074,410.89,410.98,15.71,0.72
2026-08-03 13:45:00,411.05,411.2,410.8,411.2,19031,410.95,411.0,14.95,0.7
2026-08-03 13:50:00,411.15,411.35,410.6,411.05,76813,410.97,411.01,14.58,0.71
2026-08-03 13:55:00,411.0,411.0,409.7,409.8,86301,410.74,410.9,15.49,0.74
2026-08-03 14:00:00,409.8,410.0,409.75,409.95,32928,410.58,410.81,16.34,0.71
2026-08-03 14:05:00,409.95,410.2,409.9,410.0,30488,410.46,410.74,16.69,0.69
2026-08-03 14:10:00,409.95,410.1,409.75,409.9,21179,410.35,410.66,17.23,0.68
2026-08-03 14:15:00,409.9,410.2,409.85,410.05,21922,410.29,410.61,17.5,0.66
2026-08-03 14:20:00,410.05,410.4,409.6,409.85,49848,410.2,410.54,18.11,0.67
2026-08-03 14:25:00,409.95,410.65,409.5,409.8,128901,410.12,410.47,18.09,0.69
2026-08-03 14:30:00,409.8,410.35,409.65,410.2,64363,410.14,410.45,18.08,0.69
2026-08-03 14:35:00,410.15,410.25,409.8,409.95,39141,410.1,410.4,18.06,0.68
2026-08-03 14:40:00,409.95,410.1,409.5,409.75,103599,410.03,410.34,18.57,0.68
2026-08-03 14:45:00,409.65,409.7,409.1,409.5,53160,409.92,410.26,19.66,0.68
2026-08-03 14:50:00,409.45,409.5,408.7,408.75,73237,409.69,410.13,21.18,0.68
2026-08-03 14:55:00,408.8,408.9,407.8,407.9,111972,409.33,409.92,23.49,0.7
2026-08-03 15:00:00,407.9,407.95,407.0,407.45,137433,408.96,409.7,26.18,0.71
2026-08-03 15:05:00,407.45,407.45,406.45,406.95,184206,408.55,409.45,28.99,0.73
2026-08-03 15:10:00,406.85,409.0,406.8,408.35,302465,408.51,409.35,28.63,0.8
2026-08-03 15:15:00,407.3,407.3,407.3,407.3,3214,408.27,409.16,28.3,0.81
2026-08-03 15:20:00,407.3,407.3,407.3,407.3,0,408.08,408.99,27.99,0.77
2026-08-03 15:25:00,407.3,411.15,407.3,411.15,100751,408.69,409.19,28.15,0.92
2026-08-04 09:15:00,411.15,411.15,408.35,410.35,147293,409.02,409.3,28.3,1.01
2026-08-04 09:20:00,410.3,411.35,409.75,410.0,117403,409.22,409.36,28.57,1.03
2026-08-04 09:25:00,409.9,410.5,409.1,409.1,88372,409.19,409.34,28.04,1.05
2026-08-04 09:30:00,409.1,410.75,408.5,410.1,145422,409.38,409.41,26.89,1.11
2026-08-04 09:35:00,410.15,412.0,410.1,411.85,115906,409.87,409.63,26.74,1.15
2026-08-04 09:40:00,411.85,412.55,411.5,411.7,86940,410.24,409.82,26.94,1.14
2026-08-04 09:45:00,411.7,412.0,411.15,411.45,86365,410.48,409.96,26.74,1.13
2026-08-04 09:50:00,411.45,412.3,411.35,411.9,51418,410.76,410.14,26.76,1.12
2026-08-04 09:55:00,411.95,412.4,411.7,412.25,45337,411.06,410.33,26.84,1.1
2026-08-04 10:00:00,412.4,412.85,412.25,412.4,79698,411.33,410.52,27.23,1.08
2026-08-04 10:05:00,412.45,412.7,412.2,412.3,35141,411.52,410.68,27.53,1.05
2026-08-04 10:10:00,412.35,412.35,411.45,412.0,46677,411.62,410.8,26.82,1.04
2026-08-04 10:15:00,412.05,412.25,411.6,411.8,43075,411.65,410.89,26.17,1.02
2026-08-04 10:20:00,411.85,411.9,411.25,411.8,50153,411.68,410.98,25.12,1.01
2026-08-04 10:25:00,411.85,411.85,411.45,411.7,26878,411.69,411.04,24.14,0.98
2026-08-04 10:30:00,411.7,411.9,411.3,411.8,41815,411.71,411.11,23.02,0.96
2026-08-04 10:35:00,411.7,412.5,411.45,412.4,68735,411.85,411.23,22.64,0.96
2026-08-04 10:40:00,412.4,412.55,412.0,412.1,50879,411.9,411.31,22.34,0.94
2026-08-04 10:45:00,412.2,412.2,411.35,411.35,48038,411.79,411.31,21.12,0.94
2026-08-04 10:50:00,411.45,411.95,411.3,411.3,31605,411.69,411.31,19.92,0.92
2026-08-04 10:55:00,411.35,411.45,410.45,410.9,78256,411.53,411.27,19.25,0.93
2026-08-04 11:00:00,410.9,411.4,410.85,411.3,40633,411.49,411.27,18.63,0.91
2026-08-04 11:05:00,411.3,411.55,411.15,411.3,15830,411.45,411.28,17.83,0.89
2026-08-04 11:10:00,411.3,411.35,410.85,411.2,34283,411.4,411.27,17.47,0.87
2026-08-04 11:15:00,411.15,411.4,410.5,410.6,42083,411.24,411.21,17.56,0.87
2026-08-04 11:20:00,410.6,411.0,410.4,410.9,29042,411.17,411.18,17.75,0.86
2026-08-04 11:25:00,411.0,411.0,409.75,410.0,101652,410.94,411.07,18.64,0.88
2026-08-04 11:30:00,409.95,410.2,408.85,409.25,140569,410.6,410.91,20.26,0.9
2026-08-04 11:35:00,409.3,409.3,408.9,409.3,171359,410.34,410.76,21.75,0.87
2026-08-04 11:40:00,409.35,409.6,408.85,409.25,44351,410.12,410.62,22.56,0.87
2026-08-04 11:45:00,409.25,409.3,408.45,408.55,49001,409.81,410.44,23.68,0.87
2026-08-04 11:50:00,408.6,409.15,408.2,408.6,68283,409.57,410.27,24.93,0.87
2026-08-04 11:55:00,408.6,408.6,408.2,408.6,35019,409.37,410.12,26.09,0.85
2026-08-04 12:00:00,408.6,408.6,407.6,408.3,119992,409.16,409.95,27.67,0.86
2026-08-04 12:05:00,408.3,408.5,408.05,408.35,25250,409.0,409.81,29.14,0.84
2026-08-04 12:10:00,408.5,408.55,408.05,408.5,36202,408.9,409.69,30.38,0.82
2026-08-04 12:15:00,408.35,408.5,408.05,408.2,41255,408.76,409.55,31.53,0.8
2026-08-04 12:20:00,408.4,408.45,408.2,408.35,11833,408.68,409.44,32.6,0.78
2026-08-04 12:25:00,408.35,408.8,408.2,408.4,51515,408.62,409.35,32.65,0.77
2026-08-04 12:30:00,408.45,408.5,408.3,408.4,16311,408.58,409.26,32.69,0.74
2026-08-04 12:35:00,408.3,408.5,407.95,408.5,25706,408.56,409.19,33.18,0.73
2026-08-04 12:40:00,408.5,408.5,408.4,408.5,16701,408.55,409.13,33.64,0.7
2026-08-04 12:45:00,408.55,409.2,408.5,409.05,131348,408.65,409.12,32.27,0.7
2026-08-04 12:50:00,409.2,409.2,408.75,408.9,66917,408.7,409.1,30.99,0.69
2026-08-04 12:55:00,408.95,408.95,408.55,408.8,41835,408.72,409.07,30.15,0.68
2026-08-04 13:00:00,408.65,408.8,408.25,408.4,28434,408.66,409.01,29.85,0.67
2026-08-04 13:05:00,408.5,408.55,408.25,408.35,39151,408.59,408.95,29.57,0.65
2026-08-04 13:10:00,408.4,408.55,408.15,408.25,55648,408.53,408.89,29.48,0.64
2026-08-04 13:15:00,408.25,408.5,408.05,408.45,18966,408.51,408.85,29.56,0.63
2026-08-04 13:20:00,408.35,409.1,408.15,408.8,129111,408.57,408.84,28.02,0.65
2026-08-04 13:25:00,408.8,408.8,408.25,408.25,27803,408.5,408.79,26.58,0.64
2026-08-04 13:30:00,408.35,408.8,408.2,408.7,17982,408.54,408.78,25.35,0.64
2026-08-04 13:35:00,408.65,409.0,408.65,408.95,11228,408.63,408.8,23.7,0.63
2026-08-04 13:40:00,408.95,409.0,408.65,408.65,28352,408.63,408.78,22.16,0.61
2026-08-04 13:45:00,408.7,408.75,408.4,408.55,36247,408.61,408.76,21.34,0.6
2026-08-04 13:50:00,408.65,408.85,408.2,408.3,19130,408.55,408.72,21.03,0.6
2026-08-04 13:55:00,408.3,409.0,408.2,408.5,69771,408.54,408.7,20.3,0.61
2026-08-04 14:00:00,408.45,408.5,408.3,408.4,16090,408.51,408.67,19.62,0.59
2026-08-04 14:05:00,408.45,409.0,408.3,408.4,68269,408.49,408.65,18.81,0.6
2026-08-04 14:10:00,408.3,409.0,408.3,408.95,141558,408.58,408.68,18.06,0.6
2026-08-04 14:15:00,408.9,409.9,408.9,409.9,83885,408.85,408.79,19.1,0.62
2026-08-04 14:20:00,409.85,410.0,409.1,409.8,132909,409.04,408.88,20.21,0.63
2026-08-04 14:25:00,409.95,409.95,409.55,409.6,28971,409.15,408.94,21.24,0.62
2026-08-04 14:30:00,409.6,409.85,409.0,409.2,64435,409.16,408.97,20.62,0.63
2026-08-04 14:35:00,409.2,409.3,408.75,408.75,58362,409.08,408.95,19.45,0.63
2026-08-04 14:40:00,408.85,408.85,408.5,408.5,38188,408.96,408.91,18.31,0.62
2026-08-04 14:45:00,408.55,408.95,408.4,408.95,87334,408.96,408.91,17.46,0.61
2026-08-04 14:50:00,408.9,408.95,408.75,408.9,41543,408.95,408.91,16.68,0.59
2026-08-04 14:55:00,408.95,409.0,408.55,408.9,64976,408.94,408.91,16.39,0.59
2026-08-04 15:00:00,408.8,408.8,408.0,408.2,144120,408.79,408.84,17.16,0.6
2026-08-04 15:05:00,407.8,407.8,406.25,406.9,160543,408.41,408.67,19.75,0.67
2026-08-04 15:10:00,406.75,407.35,406.65,407.15,134839,408.16,408.53,22.16,0.67
2026-08-04 15:15:00,407.15,407.15,407.15,407.15,0,407.96,408.4,24.39,0.64
2026-08-04 15:20:00,407.15,407.15,407.15,407.15,0,407.8,408.29,26.47,0.61
2026-08-04 15:25:00,407.15,411.95,407.15,411.95,105166,408.63,408.62,27.02,0.81
2026-08-05 09:15:00,411.95,411.95,407.0,410.0,189378,408.9,408.75,27.36,1.0
2026-08-05 09:20:00,409.8,412.7,409.7,410.95,159053,409.31,408.95,28.12,1.1
2026-08-05 09:25:00,410.95,412.25,410.8,412.0,63474,409.85,409.23,28.83,1.11
2026-08-05 09:30:00,411.95,413.6,411.85,413.25,206920,410.53,409.59,30.2,1.15
2026-08-05 09:35:00,413.25,414.0,412.65,412.8,132711,410.98,409.88,31.65,1.15
2026-08-05 09:40:00,412.9,413.7,412.6,412.95,110442,411.38,410.16,32.93,1.15
2026-08-05 09:45:00,412.9,413.35,412.9,413.1,47676,411.72,410.43,34.12,1.12
2026-08-05 09:50:00,413.15,413.25,411.45,411.5,137816,411.68,410.53,33.29,1.15
2026-08-05 09:55:00,411.5,412.6,411.45,412.45,55888,411.83,410.7,32.53,1.15
2026-08-05 10:00:00,412.5,412.7,412.25,412.6,40117,411.99,410.87,31.9,1.12
2026-08-05 10:05:00,412.65,412.95,412.1,412.8,41231,412.15,411.05,31.51,1.1
2026-08-05 10:10:00,412.8,413.45,412.75,413.3,85545,412.38,411.25,31.54,1.09
2026-08-05 10:15:00,413.45,413.65,412.8,413.0,99723,412.5,411.41,31.71,1.07
2026-08-05 10:20:00,413.05,413.05,412.25,412.5,37068,412.5,411.51,31.08,1.06
2026-08-05 10:25:00,412.5,412.75,412.05,412.4,37573,412.48,411.59,30.21,1.04
2026-08-05 10:30:00,412.25,412.45,411.2,412.35,53503,412.46,411.66,28.33,1.05
2026-08-05 10:35:00,412.35,412.7,412.3,412.5,27967,412.46,411.74,26.85,1.02
2026-08-05 10:40:00,412.4,413.2,412.4,413.1,37670,412.59,411.86,25.97,1.01
2026-08-05 10:45:00,413.05,413.3,412.95,413.3,25134,412.73,411.99,25.27,0.98
2026-08-05 10:50:00,413.3,413.3,412.9,413.05,25721,412.8,412.09,24.54,0.95
2026-08-05 10:55:00,413.15,413.5,413.0,413.45,39600,412.93,412.21,24.08,0.93
2026-08-05 11:00:00,413.45,413.65,413.3,413.4,46331,413.02,412.32,23.81,0.9
2026-08-05 11:05:00,413.4,413.55,413.15,413.25,38610,413.07,412.4,23.32,0.88
2026-08-05 11:10:00,413.2,413.25,412.7,412.85,25033,413.02,412.45,22.13,0.86
2026-08-05 11:15:00,412.9,413.4,412.85,413.35,41495,413.09,412.53,21.23,0.85
2026-08-05 11:20:00,413.4,413.5,413.1,413.45,26711,413.16,412.61,20.53,0.83
2026-08-05 11:25:00,413.5,414.8,412.1,412.3,326728,412.99,412.58,21.33,0.92
2026-08-05 11:30:00,412.35,412.45,411.7,411.75,68317,412.74,412.51,21.41,0.91
2026-08-05 11:35:00,411.8,411.95,411.3,411.8,56746,412.55,412.44,20.87,0.9
2026-08-05 11:40:00,411.8,412.05,411.4,411.8,56887,412.4,412.38,20.48,0.88
2026-08-05 11:45:00,411.8,412.1,411.7,411.85,23641,412.29,412.34,20.18,0.86
2026-08-05 11:50:00,411.85,412.0,411.5,411.95,28197,412.22,412.3,19.55,0.84
2026-08-05 11:55:00,411.95,411.95,410.15,410.65,151929,411.91,412.15,19.17,0.89
2026-08-05 12:00:00,410.6,411.2,410.6,411.15,29669,411.76,412.06,18.82,0.88
2026-08-05 12:05:00,411.15,411.2,410.15,410.45,41967,411.5,411.91,18.99,0.88
2026-08-05 12:10:00,410.45,410.45,408.95,409.45,115718,411.09,411.69,20.22,0.91
2026-08-05 12:15:00,409.5,409.85,409.5,409.6,28762,410.79,411.5,21.36,0.89
2026-08-05 12:20:00,409.6,409.75,408.95,409.0,116518,410.43,411.27,22.84,0.89
2026-08-05 12:25:00,409.0,409.0,408.8,408.95,23627,410.14,411.06,24.32,0.85
2026-08-05 12:30:00,408.95,409.0,408.5,408.95,43824,409.9,410.87,25.92,0.84
2026-08-05 12:35:00,408.95,409.15,408.65,409.0,67621,409.72,410.7,27.1,0.82
2026-08-05 12:40:00,409.0,409.0,408.85,409.0,18694,409.57,410.54,28.2,0.79
2026-08-05 12:45:00,409.0,409.95,409.0,409.15,144797,409.49,410.42,27.48,0.8
2026-08-05 12:50:00,409.2,409.8,408.95,409.45,141109,409.48,410.33,26.88,0.8
2026-08-05 12:55:00,409.6,410.0,409.1,409.8,171172,409.55,410.28,25.97,0.8
2026-08-05 13:00:00,409.85,410.45,409.45,410.15,53257,409.67,410.27,24.42,0.81
2026-08-05 13:05:00,410.15,410.25,409.05,409.15,87357,409.56,410.17,23.51,0.83
2026-08-05 13:10:00,409.1,409.4,409.0,409.05,52031,409.46,410.07,22.73,0.81
2026-08-05 13:15:00,409.1,410.0,409.05,410.0,60530,409.57,410.06,21.15,0.82
2026-08-05 13:20:00,409.95,410.45,409.95,410.3,35596,409.71,410.08,20.3,0.8
2026-08-05 13:25:00,410.3,410.35,409.75,410.2,37751,409.81,410.09,19.21,0.79
2026-08-05 13:30:00,410.2,410.4,409.85,410.1,38227,409.87,410.09,18.26,0.78
2026-08-05 13:35:00,410.1,410.3,410.0,410.2,29032,409.94,410.1,17.38,0.76
2026-08-05 13:40:00,410.15,410.3,409.45,409.5,36942,409.85,410.05,16.62,0.76
2026-08-05 13:45:00,409.5,410.25,409.5,410.1,26995,409.9,410.05,15.91,0.76
2026-08-05 13:50:00,410.2,410.3,409.65,409.85,27952,409.89,410.03,15.15,0.76
2026-08-05 13:55:00,409.9,410.2,409.9,410.05,23903,409.92,410.04,14.46,0.74
2026-08-05 14:00:00,410.05,410.65,410.05,410.5,36925,410.04,410.08,13.9,0.73
2026-08-05 14:05:00,410.5,410.65,410.35,410.6,24624,410.15,410.13,13.39,0.71
2026-08-05 14:10:00,410.6,410.65,409.0,409.05,179022,409.93,410.03,14.13,0.75
2026-08-05 14:15:00,409.05,409.15,408.2,408.6,130798,409.66,409.9,15.65,0.76
2026-08-05 14:20:00,408.8,409.3,408.45,408.75,134341,409.48,409.79,16.78,0.77
2026-08-05 14:25:00,408.6,409.2,408.55,409.0,36605,409.38,409.72,17.82,0.76
2026-08-05 14:30:00,409.0,409.2,408.75,408.95,84615,409.3,409.65,18.79,0.75
2026-08-05 14:35:00,408.95,409.45,408.75,409.3,39435,409.3,409.62,19.14,0.75
2026-08-05 14:40:00,409.1,409.25,408.9,409.15,39761,409.27,409.58,19.46,0.73
2026-08-05 14:45:00,409.2,409.75,409.2,409.55,54040,409.32,409.57,18.69,0.72
2026-08-05 14:50:00,409.6,409.75,409.55,409.7,37142,409.4,409.59,17.98,0.7
2026-08-05 14:55:00,409.65,411.3,409.6,411.1,150404,409.74,409.72,18.42,0.75
2026-08-05 15:00:00,411.15,411.15,410.25,411.15,146977,410.02,409.85,18.83,0.75
2026-08-05 15:05:00,411.15,411.15,410.1,410.6,181819,410.14,409.92,18.92,0.77
2026-08-05 15:10:00,410.7,410.8,409.95,410.5,162253,410.21,409.97,18.71,0.77
2026-08-05 15:15:00,410.4,410.4,410.4,410.4,368,410.25,410.01,18.51,0.74
2026-08-05 15:20:00,410.4,410.4,410.4,410.4,0,410.28,410.05,18.33,0.7
2026-08-05 15:25:00,410.4,412.4,410.4,412.4,134198,410.7,410.26,20.34,0.77
2026-08-06 09:15:00,410.1,410.5,404.95,406.6,428903,409.88,409.93,20.96,1.08
2026-08-06 09:20:00,406.65,408.3,406.65,408.0,116109,409.51,409.75,21.54,1.11
2026-08-06 09:25:00,407.95,408.4,407.25,407.75,88011,409.15,409.57,21.97,1.11
2026-08-06 09:30:00,407.65,407.65,406.35,406.5,125759,408.62,409.29,22.87,1.13
2026-08-06 09:35:00,406.45,407.45,406.15,406.95,86670,408.29,409.08,23.81,1.14
2026-08-06 09:40:00,406.75,407.5,406.35,407.5,54243,408.13,408.94,24.62,1.14
2026-08-06 09:45:00,407.7,408.1,407.35,408.0,71865,408.1,408.85,24.68,1.12
2026-08-06 09:50:00,408.1,408.95,407.6,408.5,151401,408.18,408.82,23.86,1.13
2026-08-06 09:55:00,408.5,408.5,407.6,407.7,64431,408.09,408.72,23.1,1.12
2026-08-06 10:00:00,407.7,407.85,407.1,407.35,40427,407.94,408.59,22.78,1.1
2026-08-06 10:05:00,407.5,408.85,407.25,408.3,51904,408.01,408.57,21.47,1.13
2026-08-06 10:10:00,408.2,408.8,408.1,408.75,32899,408.16,408.58,20.26,1.1
2026-08-06 10:15:00,408.75,408.85,408.3,408.35,33992,408.2,408.56,19.08,1.08
2026-08-06 10:20:00,408.45,409.45,408.3,409.0,64418,408.36,408.6,18.05,1.08
2026-08-06 10:25:00,409.05,409.3,408.75,409.2,42674,408.53,408.66,17.1,1.06
2026-08-06 10:30:00,409.25,409.6,409.0,409.35,44883,408.69,408.72,16.52,1.03
2026-08-06 10:35:00,409.45,411.0,409.35,410.1,141433,408.97,408.84,17.18,1.06
2026-08-06 10:40:00,410.1,411.9,410.0,411.6,153075,409.5,409.1,18.4,1.1
2026-08-06 10:45:00,411.6,411.65,410.6,410.8,88253,409.76,409.25,19.53,1.1
2026-08-06 10:50:00,410.8,410.9,409.55,410.2,90928,409.85,409.34,19.31,1.11
2026-08-06 10:55:00,410.1,410.7,410.0,410.3,39399,409.94,409.42,19.1,1.09
2026-08-06 11:00:00,410.3,410.5,410.05,410.05,27787,409.96,409.48,18.9,1.06
2026-08-06 11:05:00,410.0,410.45,410.0,410.35,34387,410.04,409.56,18.66,1.03
2026-08-06 11:10:00,410.4,410.65,409.7,409.7,28808,409.97,409.57,18.03,1.03
2026-08-06 11:15:00,409.75,410.5,409.7,410.25,21756,410.03,409.63,17.45,1.02
2026-08-06 11:20:00,410.25,410.3,410.0,410.2,17369,410.06,409.69,16.91,0.98
2026-08-06 11:25:00,410.2,410.6,410.15,410.45,14305,410.14,409.76,16.77,0.96
2026-08-06 11:30:00,410.45,410.8,410.15,410.15,43657,410.14,409.79,16.89,0.94
2026-08-06 11:35:00,410.2,410.85,410.0,410.6,66143,410.23,409.86,16.73,0.94
2026-08-06 11:40:00,410.6,410.75,409.7,410.0,43215,410.19,409.88,16.08,0.95
2026-08-06 11:45:00,409.9,410.1,409.75,410.0,48138,410.15,409.89,15.47,0.92
2026-08-06 11:50:00,409.95,410.0,408.55,409.2,233863,409.96,409.83,15.54,0.94
2026-08-06 11:55:00,409.2,409.9,408.9,409.4,221119,409.85,409.79,15.61,0.94
2026-08-06 12:00:00,409.4,409.7,408.8,408.9,215467,409.66,409.71,15.8,0.94
2026-08-06 12:05:00,408.85,409.0,408.4,408.65,216492,409.46,409.61,16.46,0.93
2026-08-06 12:10:00,408.65,408.65,408.0,408.25,50342,409.22,409.49,17.51,0.91
2026-08-06 12:15:00,408.3,408.3,407.5,408.25,66485,409.02,409.37,18.98,0.91
2026-08-06 12:20:00,408.25,408.8,408.15,408.5,37135,408.92,409.29,19.39,0.9
2026-08-06 12:25:00,408.55,409.0,408.3,409.0,27718,408.93,409.27,19.41,0.89
2026-08-06 12:30:00,409.0,410.0,408.95,409.8,54566,409.11,409.32,18.14,0.89
2026-08-06 12:35:00,409.6,409.8,409.35,409.35,15178,409.16,409.32,16.96,0.87
2026-08-06 12:40:00,409.35,410.1,409.3,409.8,24777,409.28,409.36,16.27,0.87
2026-08-06 12:45:00,409.9,410.1,409.6,409.8,22024,409.39,409.4,15.64,0.85
2026-08-06 12:50:00,409.85,409.95,408.7,409.0,43980,409.31,409.37,15.29,0.87
2026-08-06 12:55:00,409.1,409.35,408.8,409.15,21263,409.28,409.35,14.96,0.86
2026-08-06 13:00:00,409.05,409.2,408.8,409.0,18816,409.22,409.31,14.66,0.83
2026-08-06 13:05:00,409.15,409.15,408.25,408.5,34556,409.08,409.24,15.11,0.84
2026-08-06 13:10:00,408.5,408.6,408.35,408.4,23498,408.94,409.16,15.53,0.81
2026-08-06 13:15:00,408.4,409.2,408.1,409.15,21322,408.98,409.16,14.82,0.82
2026-08-06 13:20:00,409.15,409.35,408.8,408.8,17905,408.95,409.13,13.92,0.81
2026-08-06 13:25:00,408.7,409.05,408.6,408.9,17940,408.94,409.11,13.4,0.79
2026-08-06 13:30:00,408.9,409.1,408.7,408.8,25056,408.91,409.08,12.82,0.77
2026-08-06 13:35:00,408.85,409.0,408.5,408.85,28222,408.9,409.06,12.62,0.76
2026-08-06 13:40:00,408.9,409.3,408.8,408.8,36516,408.88,409.04,11.86,0.75
2026-08-06 13:45:00,408.8,408.95,408.2,408.3,28105,408.76,408.97,12.1,0.75
2026-08-06 13:50:00,408.25,408.4,407.85,408.35,51505,408.68,408.91,12.81,0.74
2026-08-06 13:55:00,408.35,409.0,408.15,408.85,69615,408.71,408.91,12.36,0.74
2026-08-06 14:00:00,408.75,409.15,408.5,409.05,24953,408.78,408.92,11.68,0.74
2026-08-06 14:05:00,409.05,409.25,408.5,408.8,35657,408.79,408.91,10.89,0.74
2026-08-06 14:10:00,408.7,409.0,408.6,409.0,11207,408.83,408.92,10.15,0.72
2026-08-06 14:15:00,409.0,409.15,408.6,408.85,29448,408.83,408.91,9.66,0.72
2026-08-06 14:20:00,408.9,409.0,408.3,408.8,37322,408.83,408.9,9.3,0.72
2026-08-06 14:25:00,408.8,409.0,408.5,408.55,28700,408.77,408.87,8.97,0.7
2026-08-06 14:30:00,408.55,409.8,408.0,409.75,120654,408.97,408.95,9.44,0.76
2026-08-06 14:35:00,409.9,409.95,409.15,409.5,77910,409.07,409.0,10.1,0.76
2026-08-06 14:40:00,409.5,409.65,408.95,409.45,75989,409.15,409.04,10.28,0.76
2026-08-06 14:45:00,409.45,409.65,409.05,409.55,51584,409.23,409.09,10.45,0.75
2026-08-06 14:50:00,409.55,409.75,409.2,409.35,50247,409.25,409.11,10.79,0.74
2026-08-06 14:55:00,409.3,409.35,408.85,408.85,43377,409.17,409.09,10.3,0.73
2026-08-06 15:00:00,409.0,409.0,408.05,408.55,184116,409.05,409.04,10.72,0.74
2026-08-06 15:05:00,408.55,408.9,408.2,408.75,208306,408.99,409.01,11.12,0.74
2026-08-06 15:10:00,408.55,408.75,408.0,408.15,288701,408.82,408.93,11.8,0.74
2026-08-06 15:15:00,408.15,408.15,408.15,408.15,10,408.69,408.86,12.44,0.7
2026-08-06 15:20:00,408.15,408.15,408.15,408.15,0,408.58,408.8,13.03,0.67
2026-08-06 15:25:00,408.15,408.15,408.15,408.15,90743,408.49,408.74,13.58,0.64
2026-08-07 09:15:00,406.95,413.25,406.45,411.7,273945,409.13,409.01,16.7,0.93
2026-08-07 09:20:00,411.7,412.5,410.6,411.0,146475,409.51,409.19,19.6,0.98
2026-08-07 09:25:00,411.55,411.8,410.5,410.9,67141,409.79,409.34,22.13,0.99
2026-08-07 09:30:00,410.7,412.15,410.65,411.95,86684,410.22,409.58,24.65,1.02
2026-08-07 09:35:00,411.95,413.3,411.9,412.45,121280,410.67,409.84,27.45,1.03
2026-08-07 09:40:00,412.45,416.5,412.15,416.05,591061,411.74,410.41,30.88,1.19
2026-08-07 09:45:00,416.05,416.8,414.65,415.2,337765,412.43,410.84,34.11,1.24
2026-08-07 09:50:00,415.2,416.15,414.6,415.1,159721,412.97,411.23,37.04,1.25
2026-08-07 09:55:00,415.1,416.2,414.9,415.2,99631,413.41,411.59,39.77,1.26
2026-08-07 10:00:00,415.2,415.25,414.8,414.9,48958,413.71,411.89,42.15,1.22
2026-08-07 10:05:00,414.8,415.3,414.35,414.9,130512,413.95,412.16,43.65,1.2
2026-08-07 10:10:00,414.95,415.0,414.4,414.8,41898,414.12,412.4,45.04,1.18
2026-08-07 10:15:00,414.7,415.1,414.2,414.85,99725,414.27,412.63,46.0,1.16
2026-08-07 10:20:00,414.95,415.15,414.55,415.05,51796,414.42,412.85,46.91,1.14
2026-08-07 10:25:00,415.1,415.25,414.6,414.95,47140,414.53,413.04,47.81,1.11
2026-08-07 10:30:00,414.95,416.4,414.75,416.3,106800,414.88,413.33,49.12,1.14
2026-08-07 10:35:00,416.5,416.5,415.8,416.2,131336,415.15,413.6,50.38,1.12
2026-08-07 10:40:00,416.35,416.5,416.15,416.4,67616,415.4,413.85,51.55,1.08
2026-08-07 10:45:00,416.45,418.7,416.4,418.6,437857,416.04,414.28,53.31,1.14
2026-08-07 10:50:00,418.6,418.6,416.9,417.85,385741,416.4,414.61,54.95,1.17
2026-08-07 10:55:00,417.9,418.2,415.75,415.85,194869,416.29,414.72,54.62,1.23
2026-08-07 11:00:00,416.0,416.0,415.05,415.4,150843,416.11,414.78,53.37,1.21
2026-08-07 11:05:00,415.45,416.0,415.45,415.5,84083,415.99,414.85,52.22,1.18
2026-08-07 11:10:00,415.55,416.0,415.45,415.9,54241,415.97,414.94,51.14,1.15
2026-08-07 11:15:00,415.8,416.6,415.55,415.85,80481,415.95,415.02,50.53,1.15
2026-08-07 11:20:00,415.9,416.1,414.55,414.75,244736,415.71,415.0,48.6,1.17
2026-08-07 11:25:00,414.75,415.25,414.55,414.75,233375,415.52,414.98,46.81,1.15
2026-08-07 11:30:00,414.75,415.0,414.25,415.0,102579,415.41,414.98,44.76,1.13
2026-08-07 11:35:00,414.95,415.05,414.5,414.95,67001,415.32,414.98,42.9,1.1
2026-08-07 11:40:00,414.95,415.0,414.55,414.95,49165,415.25,414.97,41.17,1.07
2026-08-07 11:45:00,414.85,415.0,413.65,413.9,144247,414.98,414.88,38.37,1.08
2026-08-07 11:50:00,413.9,413.95,413.1,413.45,76112,414.67,414.75,36.11,1.07
2026-08-07 11:55:00,413.45,414.6,413.25,414.5,60130,414.64,414.72,33.79,1.08
2026-08-07 12:00:00,414.4,414.5,413.75,413.85,43513,414.48,414.64,31.64,1.07
2026-08-07 12:05:00,413.9,414.0,413.5,413.6,23336,414.3,414.55,29.43,1.04
2026-08-07 12:10:00,413.75,413.75,413.4,413.55,27688,414.15,414.46,27.5,1.01
2026-08-07 12:15:00,413.6,413.9,412.3,413.5,168252,414.02,414.37,26.92,1.04
2026-08-07 12:20:00,413.5,413.85,412.45,412.5,78804,413.72,414.2,26.38,1.05
2026-08-07 12:25:00,412.5,413.5,412.35,413.3,161380,413.63,414.12,25.98,1.06
2026-08-07 12:30:00,413.2,413.95,413.15,413.75,34564,413.66,414.09,24.92,1.05
2026-08-07 12:35:00,413.75,413.9,413.2,413.5,56822,413.63,414.03,23.93,1.03
2026-08-07 12:40:00,413.4,413.65,413.4,413.6,12394,413.62,413.99,23.01,0.99
2026-08-07 12:45:00,413.65,414.0,413.65,413.9,30071,413.68,413.98,21.59,0.96
2026-08-07 12:50:00,413.85,413.95,413.45,413.9,24025,413.72,413.98,20.57,0.94
2026-08-07 12:55:00,413.8,413.9,413.3,413.5,38825,413.68,413.93,19.83,0.93
2026-08-07 13:00:00,413.5,413.6,412.85,412.95,35210,413.53,413.84,19.77,0.92
2026-08-07 13:05:00,412.95,412.95,410.1,410.55,203502,412.94,413.54,21.97,1.01
2026-08-07 13:10:00,410.55,410.55,409.45,409.6,186914,412.27,413.19,24.33,1.01
2026-08-07 13:15:00,409.6,410.2,409.1,409.8,69851,411.77,412.88,26.68,1.02
2026-08-07 13:20:00,409.75,410.25,409.55,409.9,37538,411.4,412.61,28.77,1.0
2026-08-07 13:25:00,409.85,410.0,409.4,409.6,41980,411.04,412.33,30.79,0.98
2026-08-07 13:30:00,409.65,409.85,409.25,409.5,42298,410.73,412.08,32.75,0.97
2026-08-07 13:35:00,409.5,409.9,408.3,408.8,142312,410.35,411.78,35.0,1.0
2026-08-07 13:40:00,408.9,409.0,408.55,408.9,54286,410.06,411.52,37.09,0.97
2026-08-07 13:45:00,408.9,409.2,408.4,408.65,91338,409.78,411.26,38.63,0.96
2026-08-07 13:50:00,408.9,409.55,408.1,408.85,126923,409.59,411.04,39.36,0.98
2026-08-07 13:55:00,408.85,408.9,408.3,408.55,46751,409.38,410.81,40.05,0.97
2026-08-07 14:00:00,408.6,408.65,407.05,407.75,102547,409.06,410.53,41.42,1.0
2026-08-07 14:05:00,407.75,407.75,405.35,407.35,233810,408.71,410.24,43.35,1.06
2026-08-07 14:10:00,407.35,407.7,407.1,407.5,45418,408.47,409.99,45.15,1.04
2026-08-07 14:15:00,407.5,407.8,407.1,407.45,50559,408.27,409.76,46.64,1.03
2026-08-07 14:20:00,407.45,407.75,406.8,406.95,64300,408.0,409.51,48.13,1.02
2026-08-07 14:25:00,406.95,407.4,406.95,407.2,36958,407.84,409.3,49.52,0.99
2026-08-07 14:30:00,407.2,407.3,405.2,406.3,179388,407.53,409.03,51.37,1.05
2026-08-07 14:35:00,406.3,406.8,406.25,406.5,80618,407.33,408.8,53.08,1.02
2026-08-07 14:40:00,406.55,406.85,405.65,405.75,201481,407.01,408.52,54.83,1.03
2026-08-07 14:45:00,405.9,406.55,405.05,405.4,175925,406.69,408.24,56.59,1.05
2026-08-07 14:50:00,405.35,405.5,403.45,404.05,548213,406.16,407.85,58.52,1.1
2026-08-07 14:55:00,404.15,404.25,402.85,403.2,309331,405.57,407.43,60.4,1.12
2026-08-07 15:00:00,403.35,403.5,402.95,403.2,240772,405.1,407.05,62.14,1.09
2026-08-07 15:05:00,403.35,403.45,402.3,402.85,300142,404.65,406.67,63.85,1.09
2026-08-07 15:10:00,402.6,403.45,402.2,403.35,276192,404.39,406.36,65.45,1.1
2026-08-07 15:15:00,403.45,403.45,403.45,403.45,71,404.2,406.1,66.94,1.05
2026-08-07 15:20:00,403.45,403.45,403.45,403.45,0,404.05,405.86,68.32,1.0
2026-08-07 15:25:00,403.45,405.2,403.45,405.2,116148,404.28,405.8,66.5,1.04
2026-08-10 09:15:00,404.75,404.75,400.2,401.95,321079,403.81,405.45,66.1,1.23
2026-08-10 09:20:00,401.95,403.2,401.85,402.85,111502,403.62,405.21,65.74,1.23
2026-08-10 09:25:00,402.75,403.45,402.1,402.65,103337,403.43,404.98,65.08,1.24
2026-08-10 09:30:00,402.45,402.65,400.8,401.9,144468,403.12,404.7,64.89,1.27
2026-08-10 09:35:00,401.75,403.4,401.55,402.4,108976,402.98,404.49,63.82,1.29
2026-08-10 09:40:00,402.6,402.7,401.65,401.8,79587,402.74,404.25,62.82,1.28
2026-08-10 09:45:00,401.75,402.3,401.6,401.95,67512,402.58,404.04,61.92,1.25
2026-08-10 09:50:00,401.95,402.6,401.75,401.75,57923,402.42,403.83,60.69,1.24
2026-08-10 09:55:00,401.95,402.2,401.5,401.9,34704,402.31,403.65,59.67,1.21
2026-08-10 10:00:00,401.9,402.4,401.75,402.25,42450,402.3,403.53,58.44,1.18
2026-08-10 10:05:00,402.4,404.5,402.4,403.65,111554,402.57,403.54,54.94,1.23
2026-08-10 10:10:00,403.6,403.7,402.8,403.35,32549,402.73,403.52,51.69,1.22
2026-08-10 10:15:00,403.5,404.05,403.4,403.9,38196,402.96,403.55,48.33,1.19
2026-08-10 10:20:00,404.1,404.3,403.85,404.3,42078,403.23,403.62,44.97,1.16
2026-08-10 10:25:00,404.4,404.75,404.15,404.75,44763,403.53,403.73,42.09,1.13
2026-08-10 10:30:00,404.75,405.0,403.0,403.2,62313,403.47,403.68,39.79,1.17
2026-08-10 10:35:00,403.4,404.0,403.3,403.8,27861,403.53,403.69,37.66,1.16
2026-08-10 10:40:00,403.85,404.25,403.7,404.25,19653,403.68,403.74,35.41,1.13
2026-08-10 10:45:00,404.25,404.4,404.0,404.2,22519,403.78,403.78,33.16,1.09
2026-08-10 10:50:00,404.1,404.3,403.8,404.1,38906,403.85,403.81,31.28,1.06
2026-08-10 10:55:00,404.1,404.45,404.05,404.2,28509,403.92,403.85,29.35,1.03
2026-08-10 11:00:00,404.25,404.8,404.0,404.7,33651,404.07,403.92,27.36,1.02
2026-08-10 11:05:00,404.7,406.7,404.7,406.4,196172,404.54,404.15,27.24,1.07
2026-08-10 11:10:00,406.4,408.9,406.4,407.5,198857,405.13,404.45,28.37,1.14
2026-08-10 11:15:00,407.5,407.85,407.0,407.7,54786,405.64,404.75,29.43,1.12
2026-08-10 11:20:00,407.7,407.75,406.9,407.05,31288,405.93,404.96,30.28,1.11
2026-08-10 11:25:00,407.1,407.85,406.05,406.45,325728,406.03,405.09,30.06,1.14
2026-08-10 11:30:00,406.25,406.8,406.15,406.4,29146,406.1,405.21,29.85,1.12
2026-08-10 11:35:00,406.6,406.7,404.7,405.0,108076,405.88,405.19,28.15,1.16
2026-08-10 11:40:00,405.0,405.2,404.8,405.2,56478,405.75,405.19,26.57,1.12
2026-08-10 11:45:00,405.2,406.15,405.05,406.1,53152,405.82,405.28,25.86,1.12
2026-08-10 11:50:00,406.1,406.6,406.0,406.45,24554,405.94,405.38,25.52,1.1
2026-08-10 11:55:00,406.45,406.7,406.2,406.65,24773,406.09,405.5,25.27,1.07
2026-08-10 12:00:00,406.65,406.75,406.4,406.75,13830,406.22,405.61,25.09,1.04
2026-08-10 12:05:00,406.55,406.85,405.85,406.25,67134,406.22,405.67,24.25,1.03
2026-08-10 12:10:00,406.25,407.0,406.25,407.0,14972,406.38,405.79,23.62,1.02
2026-08-10 12:15:00,407.0,407.0,406.5,406.6,27942,406.42,405.86,23.02,1.0
2026-08-10 12:20:00,406.6,407.0,406.55,406.7,17811,406.48,405.94,22.47,0.97
2026-08-10 12:25:00,406.7,408.0,406.7,407.7,59284,406.72,406.1,22.88,0.99
2026-08-10 12:30:00,407.7,407.75,407.3,407.5,22025,406.88,406.23,23.26,0.96
2026-08-10 12:35:00,407.5,407.95,407.3,407.9,37824,407.08,406.38,23.78,0.95
2026-08-10 12:40:00,407.8,408.0,407.45,407.5,34404,407.17,406.48,24.32,0.93
2026-08-10 12:45:00,407.5,407.85,407.3,407.55,23901,407.24,406.58,24.54,0.91
2026-08-10 12:50:00,407.6,407.65,407.3,407.5,19201,407.29,406.66,24.75,0.88
2026-08-10 12:55:00,407.6,407.95,407.05,407.95,45502,407.43,406.78,25.27,0.88
2026-08-10 13:00:00,407.85,407.95,407.6,407.8,24328,407.5,406.87,25.75,0.86
2026-08-10 13:05:00,407.85,407.95,407.45,407.85,21321,407.57,406.96,25.87,0.84
2026-08-10 13:10:00,407.85,407.95,407.3,407.85,27518,407.63,407.04,25.65,0.83
2026-08-10 13:15:00,407.8,407.95,407.7,407.75,20623,407.65,407.11,25.45,0.8
2026-08-10 13:20:00,407.8,407.95,407.55,407.85,19379,407.69,407.17,24.91,0.78
2026-08-10 13:25:00,407.7,408.5,407.7,408.2,68251,407.79,407.27,25.21,0.79
2026-08-10 13:30:00,408.25,408.45,408.0,408.3,17358,407.89,407.36,25.49,0.77
2026-08-10 13:35:00,408.2,408.4,407.9,407.9,27957,407.9,407.41,25.49,0.76
2026-08-10 13:40:00,407.95,408.2,407.6,408.2,41636,407.96,407.48,24.75,0.75
2026-08-10 13:45:00,408.2,408.35,408.0,408.2,24820,408.0,407.55,24.32,0.73
2026-08-10 13:50:00,408.25,408.7,408.15,408.5,37436,408.1,407.63,24.48,0.72
2026-08-10 13:55:00,408.6,408.65,408.25,408.5,37630,408.18,407.71,24.64,0.71
2026-08-10 14:00:00,408.65,409.45,408.55,408.75,107243,408.3,407.81,25.85,0.72
2026-08-10 14:05:00,408.75,408.9,408.6,408.9,24232,408.42,407.91,26.98,0.7
2026-08-10 14:10:00,408.9,408.9,408.55,408.8,20440,408.49,407.99,27.88,0.68
2026-08-10 14:15:00,408.8,408.95,408.75,408.85,32437,408.57,408.07,28.78,0.66
2026-08-10 14:20:00,408.7,408.85,407.75,408.1,53760,408.47,408.07,27.1,0.68
2026-08-10 14:25:00,408.15,408.25,407.2,407.8,77859,408.34,408.04,25.76,0.7
2026-08-10 14:30:00,407.75,408.0,407.35,407.55,31297,408.18,408.0,24.51,0.69
2026-08-10 14:35:00,407.6,407.75,407.3,407.55,41043,408.05,407.96,23.43,0.68
2026-08-10 14:40:00,407.6,408.2,407.6,408.2,37270,408.08,407.98,21.98,0.68
2026-08-10 14:45:00,408.2,408.3,407.85,407.9,66176,408.05,407.97,20.82,0.67
2026-08-10 14:50:00,407.95,407.95,407.5,407.95,42301,408.03,407.97,19.62,0.66
2026-08-10 14:55:00,407.95,408.75,407.9,408.55,80813,408.13,408.02,19.3,0.67
2026-08-10 15:00:00,408.6,408.75,408.3,408.55,102550,408.22,408.07,19.01,0.66
2026-08-10 15:05:00,408.45,408.85,407.95,408.5,170932,408.27,408.11,18.03,0.67
2026-08-10 15:10:00,408.5,408.65,406.8,408.0,134800,408.22,408.1,18.11,0.73
2026-08-10 15:15:00,408.0,408.0,408.0,408.0,26,408.17,408.09,18.18,0.69
2026-08-10 15:20:00,408.0,408.0,408.0,408.0,0,408.14,408.08,18.25,0.66
2026-08-10 15:25:00,408.0,409.0,408.0,409.0,27321,408.31,408.17,17.3,0.67
2026-08-11 09:15:00,409.9,413.4,409.2,410.25,705919,408.7,408.36,19.73,0.85
2026-08-11 09:20:00,410.95,410.95,406.7,407.15,246741,408.39,408.25,19.5,1.01
2026-08-11 09:25:00,407.3,407.4,406.0,407.05,157360,408.12,408.14,18.74,1.03
2026-08-11 09:30:00,406.8,406.8,405.6,405.85,97462,407.67,407.93,17.75,1.05
2026-08-11 09:35:00,405.85,406.65,405.85,406.25,49285,407.38,407.78,16.82,1.04
2026-08-11 09:40:00,406.25,406.3,405.55,406.3,68558,407.17,407.64,15.72,1.03
2026-08-11 09:45:00,406.15,406.2,404.95,405.15,86561,406.76,407.42,14.97,1.04
2026-08-11 09:50:00,405.15,405.35,403.8,403.8,164266,406.17,407.09,15.07,1.07
2026-08-11 09:55:00,404.05,405.1,403.9,404.6,64330,405.86,406.86,15.17,1.08
2026-08-11 10:00:00,404.6,404.95,404.35,404.55,64460,405.6,406.65,15.26,1.05
2026-08-11 10:05:00,404.55,404.9,404.3,404.75,51746,405.43,406.48,15.38,1.03
2026-08-11 10:10:00,404.75,405.5,404.6,405.0,47406,405.34,406.34,14.86,1.03
2026-08-11 10:15:00,404.9,405.5,404.6,405.3,95130,405.33,406.25,14.37,1.02
2026-08-11 10:20:00,405.3,405.65,404.8,405.3,33139,405.33,406.16,13.75,1.01
2026-08-11 10:25:00,405.3,406.45,405.15,406.35,50862,405.53,406.18,13.2,1.03
2026-08-11 10:30:00,406.35,407.0,405.7,406.75,42397,405.77,406.23,13.19,1.04
2026-08-11 10:35:00,406.75,406.75,406.55,406.6,17278,405.94,406.27,13.18,1.0
2026-08-11 10:40:00,406.6,406.7,406.2,406.35,16663,406.02,406.27,12.75,0.98
2026-08-11 10:45:00,406.35,406.5,405.8,406.0,21492,406.02,406.25,11.88,0.96
2026-08-11 10:50:00,405.9,406.15,405.4,406.15,36230,406.04,406.24,11.43,0.95
2026-08-11 10:55:00,406.15,406.3,405.95,406.1,21862,406.06,406.23,10.84,0.92
2026-08-11 11:00:00,406.25,406.25,405.4,405.7,34916,405.98,406.18,10.89,0.92
2026-08-11 11:05:00,405.8,406.3,405.65,405.95,18753,405.98,406.16,10.87,0.91
2026-08-11 11:10:00,406.0,406.0,404.65,404.9,56276,405.76,406.04,11.84,0.93
2026-08-11 11:15:00,404.85,405.0,404.55,404.85,31037,405.58,405.93,12.83,0.91
2026-08-11 11:20:00,404.9,404.9,404.3,404.65,23764,405.39,405.82,13.97,0.89
2026-08-11 11:25:00,404.7,404.95,404.5,404.6,32284,405.23,405.71,14.95,0.87
2026-08-11 11:30:00,404.7,404.7,404.15,404.3,44008,405.05,405.58,16.19,0.85
2026-08-11 11:35:00,404.4,404.45,404.05,404.25,28389,404.89,405.46,17.44,0.83
2026-08-11 11:40:00,404.25,404.45,404.0,404.0,23765,404.71,405.33,18.64,0.81
2026-08-11 11:45:00,404.0,404.5,403.85,404.35,64577,404.64,405.24,19.91,0.81
2026-08-11 11:50:00,404.45,404.45,403.0,403.45,139763,404.4,405.07,21.83,0.84
2026-08-11 11:55:00,403.45,403.45,402.8,403.05,72477,404.13,404.89,23.76,0.83
2026-08-11 12:00:00,403.05,403.2,402.4,402.8,90218,403.86,404.7,25.84,0.83
2026-08-11 12:05:00,402.8,403.15,402.0,402.65,143996,403.62,404.51,28.04,0.84
2026-08-11 12:10:00,402.7,403.25,402.5,402.65,49157,403.43,404.34,29.85,0.84
2026-08-11 12:15:00,402.65,402.9,401.75,402.1,156620,403.16,404.14,32.01,0.85
2026-08-11 12:20:00,401.9,402.95,401.9,402.25,82953,402.98,403.97,33.9,0.86
2026-08-11 12:25:00,402.25,402.45,401.85,402.3,153572,402.84,403.82,35.68,0.85
2026-08-11 12:30:00,402.4,402.5,402.1,402.45,36740,402.76,403.69,37.21,0.83
2026-08-11 12:35:00,402.45,402.85,402.45,402.85,16767,402.78,403.62,37.73,0.81
2026-08-11 12:40:00,402.85,403.45,402.35,403.35,136413,402.9,403.59,36.88,0.82
2026-08-11 12:45:00,403.35,404.0,403.3,403.85,27408,403.09,403.62,35.09,0.82
2026-08-11 12:50:00,403.95,403.95,403.2,403.35,36118,403.14,403.59,33.56,0.81
2026-08-11 12:55:00,403.35,403.65,403.15,403.2,16625,403.15,403.56,32.2,0.8
2026-08-11 13:00:00,403.15,403.55,402.5,402.9,52599,403.1,403.5,31.79,0.81
2026-08-11 13:05:00,402.9,403.25,402.8,403.0,87145,403.08,403.45,31.41,0.79
2026-08-11 13:10:00,403.0,403.0,402.8,403.0,19524,403.06,403.41,31.06,0.76
2026-08-11 13:15:00,403.0,403.0,402.85,403.0,15243,403.05,403.37,30.73,0.74
2026-08-11 13:20:00,403.0,403.0,402.9,403.0,18212,403.04,403.34,30.42,0.71
2026-08-11 13:25:00,403.0,403.65,402.95,403.55,68842,403.14,403.36,28.63,0.7
2026-08-11 13:30:00,403.55,403.75,403.5,403.65,15039,403.24,403.38,26.76,0.68
2026-08-11 13:35:00,403.65,403.8,403.45,403.6,16051,403.32,403.4,25.03,0.67
2026-08-11 13:40:00,403.6,403.8,403.4,403.75,16927,403.4,403.44,23.52,0.65
2026-08-11 13:45:00,403.75,403.95,403.65,403.65,19284,403.45,403.46,21.91,0.64
2026-08-11 13:50:00,403.65,403.85,403.6,403.65,19705,403.49,403.47,20.4,0.62
2026-08-11 13:55:00,403.65,403.85,403.4,403.4,10445,403.47,403.47,19.47,0.61
2026-08-11 14:00:00,403.4,403.6,403.1,403.5,55242,403.48,403.47,19.26,0.61
2026-08-11 14:05:00,403.5,403.5,403.05,403.4,20989,403.46,403.46,19.16,0.6
2026-08-11 14:10:00,403.5,403.8,403.4,403.75,19931,403.52,403.49,18.23,0.59
2026-08-11 14:15:00,403.75,404.0,403.5,403.5,35753,403.52,403.49,17.0,0.58
2026-08-11 14:20:00,403.5,403.8,403.3,403.75,21759,403.56,403.51,16.2,0.58
2026-08-11 14:25:00,403.7,403.8,403.25,403.65,31078,403.58,403.53,15.57,0.58
2026-08-11 14:30:00,403.65,403.7,403.05,403.3,33905,403.52,403.51,15.47,0.58
2026-08-11 14:35:00,403.15,403.3,402.9,402.95,31857,403.41,403.46,15.7,0.57
2026-08-11 14:40:00,402.95,403.4,402.9,403.4,37974,403.41,403.45,15.6,0.57
2026-08-11 14:45:00,403.4,403.75,403.1,403.65,48964,403.46,403.47,14.49,0.57
2026-08-11 14:50:00,403.7,404.0,403.4,403.9,67557,403.54,403.51,14.07,0.58
2026-08-11 14:55:00,403.9,404.0,403.7,403.95,79329,403.63,403.55,13.69,0.56
2026-08-11 15:00:00,403.9,404.05,403.1,403.45,171595,403.59,403.54,13.61,0.58
2026-08-11 15:05:00,403.45,403.45,401.65,401.9,236873,403.25,403.39,15.64,0.64
2026-08-11 15:10:00,402.0,403.5,401.8,403.0,268896,403.2,403.35,17.4,0.69
2026-08-11 15:15:00,403.0,403.0,403.0,403.0,0,403.16,403.32,19.04,0.66
2026-08-11 15:20:00,403.0,403.0,403.0,403.0,0,403.13,403.29,20.55,0.63
2026-08-11 15:25:00,403.0,403.0,403.0,403.0,47589,403.1,403.27,21.96,0.6
2026-08-12 09:15:00,404.5,406.4,403.6,406.2,286326,403.72,403.53,22.84,0.73
2026-08-12 09:20:00,406.3,408.2,406.05,408.0,215666,404.58,403.94,24.74,0.8
2026-08-12 09:25:00,407.8,410.35,407.5,409.4,263519,405.54,404.44,27.33,0.89
2026-08-12 09:30:00,409.45,411.75,409.45,410.6,338008,406.55,405.0,30.13,0.96
2026-08-12 09:35:00,410.6,411.6,409.55,409.75,163186,407.19,405.43,32.73,1.02
2026-08-12 09:40:00,409.85,410.45,409.2,409.65,98671,407.68,405.81,34.68,1.03
2026-08-12 09:45:00,409.65,409.9,408.8,409.8,80089,408.11,406.17,35.97,1.03
2026-08-12 09:50:00,409.75,409.85,408.6,409.1,135367,408.31,406.44,36.91,1.04
2026-08-12 09:55:00,409.1,409.7,408.85,409.4,375481,408.52,406.71,37.78,1.03
2026-08-12 10:00:00,409.5,410.75,408.5,408.7,117907,408.56,406.89,39.05,1.09
2026-08-12 10:05:00,408.7,408.85,407.8,408.1,122000,408.47,407.0,39.31,1.09
2026-08-12 10:10:00,408.05,408.75,407.9,408.1,55845,408.39,407.1,39.54,1.08
2026-08-12 10:15:00,408.1,408.8,407.9,408.1,52832,408.34,407.19,39.78,1.07
2026-08-12 10:20:00,407.95,408.7,407.5,407.8,63314,408.23,407.25,39.44,1.07
2026-08-12 10:25:00,407.7,408.45,407.55,407.85,93352,408.15,407.3,39.12,1.07
2026-08-12 10:30:00,407.8,407.8,407.2,407.35,100349,407.99,407.31,38.31,1.05
2026-08-12 10:35:00,407.2,407.7,407.0,407.35,63603,407.86,407.31,37.26,1.03
2026-08-12 10:40:00,407.5,407.55,406.85,406.9,49915,407.67,407.27,36.06,1.01
2026-08-12 10:45:00,407.0,407.05,406.3,406.65,70133,407.47,407.22,34.17,1.0
2026-08-12 10:50:00,406.5,406.9,406.3,406.4,47935,407.25,407.14,32.42,0.98
2026-08-12 10:55:00,406.5,406.75,405.8,406.5,79027,407.1,407.08,30.11,0.98
2026-08-12 11:00:00,406.55,406.6,406.05,406.05,34854,406.89,406.99,27.96,0.96
2026-08-12 11:05:00,406.05,406.45,405.65,405.85,64343,406.68,406.89,26.49,0.95
2026-08-12 11:10:00,405.9,406.55,405.25,405.25,83122,406.4,406.74,25.62,0.97
2026-08-12 11:15:00,405.25,406.05,405.25,405.85,50846,406.29,406.66,24.82,0.96
2026-08-12 11:20:00,405.85,406.4,405.85,406.0,35088,406.23,406.6,23.49,0.94
2026-08-12 11:25:00,406.05,406.2,405.1,405.1,85841,406.0,406.46,23.2,0.95
2026-08-12 11:30:00,405.2,405.2,404.2,404.2,91380,405.64,406.26,23.8,0.95
2026-08-12 11:35:00,404.2,404.5,404.05,404.05,44876,405.32,406.05,24.5,0.93
2026-08-12 11:40:00,404.05,404.1,403.25,403.9,50537,405.04,405.86,25.77,0.92
2026-08-12 11:45:00,404.0,404.8,403.9,404.7,53365,404.97,405.75,25.82,0.92
2026-08-12 11:50:00,404.8,404.85,404.25,404.3,38321,404.84,405.62,25.8,0.91
2026-08-12 11:55:00,404.3,404.85,404.05,404.55,32987,404.78,405.52,25.96,0.9
2026-08-12 12:00:00,404.7,404.95,404.25,404.35,43904,404.69,405.42,25.94,0.89
2026-08-12 12:05:00,404.4,406.85,404.25,406.35,289504,405.03,405.5,24.73,0.97
2026-08-12 12:10:00,406.1,408.0,406.05,406.4,131866,405.3,405.58,24.6,1.02
2026-08-12 12:15:00,406.6,407.85,406.45,407.5,176692,405.74,405.76,24.48,1.04
2026-08-12 12:20:00,407.45,407.6,406.0,406.75,293553,405.94,405.85,23.8,1.07
2026-08-12 12:25:00,406.75,407.6,406.7,407.55,49563,406.26,406.0,23.17,1.06
2026-08-12 12:30:00,407.55,410.05,407.55,410.0,762257,407.01,406.37,24.34,1.13
2026-08-12 12:35:00,409.8,410.6,408.95,409.55,147873,407.52,406.66,25.72,1.15
2026-08-12 12:40:00,409.55,409.95,408.85,408.85,345317,407.78,406.86,26.87,1.15
2026-08-12 12:45:00,408.85,409.25,408.1,408.1,99377,407.85,406.97,26.99,1.15
2026-08-12 12:50:00,408.1,409.25,408.05,408.9,89083,408.06,407.14,27.04,1.15
2026-08-12 12:55:00,408.9,410.1,408.6,410.1,176402,408.47,407.41,27.65,1.17
2026-08-12 13:00:00,410.05,411.6,410.05,410.95,287024,408.96,407.73,29.0,1.19
2026-08-12 13:05:00,410.85,413.5,410.5,412.85,591012,409.74,408.2,30.98,1.27
2026-08-12 13:10:00,413.15,413.2,410.55,411.6,383409,410.11,408.51,32.81,1.34
2026-08-12 13:15:00,411.75,412.75,411.6,412.55,80983,410.6,408.88,34.51,1.33
2026-08-12 13:20:00,412.6,415.45,412.5,415.25,653982,411.53,409.46,36.87,1.41
2026-08-12 13:25:00,415.25,418.45,415.0,417.5,991331,412.72,410.19,39.59,1.5
2026-08-12 13:30:00,417.65,418.6,417.0,417.2,416526,413.62,410.82,42.15,1.51
2026-08-12 13:35:00,417.25,418.8,416.6,416.9,691660,414.28,411.38,44.09,1.54
2026-08-12 13:40:00,416.9,417.1,415.35,416.5,217501,414.72,411.84,44.65,1.55
2026-08-12 13:45:00,416.25,417.0,415.9,416.85,139020,415.15,412.3,45.17,1.53
2026-08-12 13:50:00,416.85,416.9,416.55,416.55,75398,415.43,412.68,45.65,1.47
2026-08-12 13:55:00,416.6,416.9,416.05,416.35,88547,415.61,413.02,45.57,1.44
2026-08-12 14:00:00,416.35,416.4,414.85,415.35,165628,415.56,413.23,44.34,1.45
2026-08-12 14:05:00,415.3,415.7,414.6,415.15,104736,415.48,413.4,42.97,1.43
2026-08-12 14:10:00,415.25,415.3,414.45,414.6,95816,415.3,413.51,41.56,1.41
2026-08-12 14:15:00,414.6,415.0,414.6,414.75,71425,415.19,413.63,40.24,1.36
2026-08-12 14:20:00,414.8,416.65,414.65,416.35,152818,415.42,413.87,39.94,1.39
2026-08-12 14:25:00,416.35,417.4,416.35,416.9,177999,415.72,414.15,40.0,1.37
2026-08-12 14:30:00,416.95,418.2,416.75,417.95,232124,416.16,414.49,40.39,1.38
2026-08-12 14:35:00,418.0,418.35,417.5,417.55,160484,416.44,414.77,40.81,1.35
2026-08-12 14:40:00,417.75,417.9,417.1,417.75,98775,416.7,415.04,40.76,1.32
2026-08-12 14:45:00,417.65,418.0,416.65,416.75,155436,416.71,415.2,40.2,1.33
2026-08-12 14:50:00,416.8,417.15,416.45,417.1,145782,416.79,415.37,39.46,1.3
2026-08-12 14:55:00,417.1,419.55,417.1,418.9,894683,417.21,415.69,39.94,1.35
2026-08-12 15:00:00,418.8,419.0,418.25,418.7,220872,417.51,415.96,40.38,1.32
2026-08-12 15:05:00,418.8,419.85,418.65,419.0,495678,417.81,416.24,41.13,1.32
2026-08-12 15:10:00,419.0,420.2,418.7,420.0,466868,418.25,416.58,41.95,1.33
2026-08-12 15:15:00,420.0,420.0,420.0,420.0,183,418.6,416.89,42.72,1.26
2026-08-12 15:20:00,420.0,420.0,420.0,420.0,0,418.88,417.18,43.43,1.2
2026-08-12 15:25:00,420.0,420.0,420.0,420.0,189854,419.1,417.43,44.09,1.14
2026-08-13 09:15:00,420.0,420.5,417.5,418.15,294595,418.91,417.5,41.83,1.23
2026-08-13 09:20:00,418.05,418.3,417.3,417.65,117562,418.66,417.51,39.56,1.22
2026-08-13 09:25:00,417.65,418.5,417.25,417.25,128935,418.38,417.49,37.6,1.22
2026-08-13 09:30:00,417.25,417.45,416.15,416.65,127932,418.03,417.41,35.02,1.23
2026-08-13 09:35:00,416.5,417.05,416.45,416.9,83520,417.81,417.37,32.62,1.2
2026-08-13 09:40:00,417.0,417.3,416.2,416.85,73465,417.61,417.32,30.4,1.19
2026-08-13 09:45:00,416.75,417.0,415.25,415.6,120855,417.21,417.16,29.15,1.22
2026-08-13 09:50:00,415.7,415.75,414.7,415.2,108924,416.81,416.98,28.4,1.21
2026-08-13 09:55:00,415.2,415.35,414.4,414.5,107823,416.35,416.76,27.93,1.2
2026-08-13 10:00:00,414.5,414.85,414.25,414.5,87115,415.98,416.55,27.61,1.17
2026-08-13 10:05:00,414.35,414.75,413.6,413.65,101257,415.51,416.29,27.77,1.17
2026-08-13 10:10:00,413.65,414.75,413.0,414.65,103878,415.34,416.14,28.32,1.2
2026-08-13 10:15:00,414.55,415.45,414.1,414.2,85081,415.11,415.96,27.96,1.2
2026-08-13 10:20:00,414.35,414.45,413.55,413.6,35328,414.81,415.75,28.01,1.19
2026-08-13 10:25:00,413.8,414.1,413.5,413.8,36785,414.61,415.57,28.1,1.16
2026-08-13 10:30:00,413.75,414.5,413.75,414.5,39431,414.59,415.47,27.66,1.14
2026-08-13 10:35:00,414.55,415.05,414.4,414.9,57335,414.65,415.42,26.59,1.12
2026-08-13 10:40:00,414.95,415.4,413.75,414.85,87172,414.69,415.37,26.15,1.14
2026-08-13 10:45:00,414.7,414.9,414.1,414.2,43523,414.59,415.26,25.74,1.13
2026-08-13 10:50:00,414.3,414.35,413.9,414.1,42136,414.49,415.16,25.53,1.1
2026-08-13 10:55:00,414.0,414.5,414.0,414.5,19587,414.49,415.1,25.13,1.07
2026-08-13 11:00:00,414.4,414.5,413.7,414.0,66679,414.4,415.0,25.04,1.05
2026-08-13 11:05:00,414.0,414.2,413.7,414.2,26020,414.36,414.93,24.95,1.03
2026-08-13 11:10:00,414.2,414.3,413.15,413.3,53578,414.15,414.78,25.39,1.03
2026-08-13 11:15:00,413.3,413.65,412.7,413.15,88851,413.95,414.63,26.17,1.03
2026-08-13 11:20:00,412.95,413.25,412.4,413.0,70350,413.76,414.48,27.14,1.02
2026-08-13 11:25:00,413.0,413.35,412.95,413.15,23604,413.64,414.36,27.86,0.99
2026-08-13 11:30:00,413.15,413.4,413.0,413.0,32662,413.51,414.24,28.43,0.96
2026-08-13 11:35:00,413.0,413.2,412.5,412.95,46392,413.4,414.12,29.39,0.95
2026-08-13 11:40:00,413.0,413.15,412.75,412.95,31259,413.31,414.01,30.29,0.92
2026-08-13 11:45:00,412.95,413.05,412.55,412.75,15912,413.2,413.9,31.3,0.9
2026-08-13 11:50:00,412.75,413.85,412.65,413.45,124080,413.25,413.86,30.64,0.92
2026-08-13 11:55:00,413.45,413.45,412.4,413.25,255774,413.25,413.8,30.3,0.92
2026-08-13 12:00:00,413.45,415.0,413.1,414.85,159190,413.57,413.9,28.53,0.97
2026-08-13 12:05:00,414.7,416.6,414.5,416.5,179792,414.15,414.13,28.35,1.02
2026-08-13 12:10:00,416.35,417.15,415.25,415.35,338315,414.39,414.24,28.57,1.07
2026-08-13 12:15:00,415.5,415.8,414.6,414.8,100528,414.47,414.3,27.96,1.07
2026-08-13 12:20:00,414.9,415.6,414.8,415.55,90624,414.69,414.41,27.4,1.06
2026-08-13 12:25:00,415.6,415.8,415.15,415.65,61627,414.88,414.52,27.05,1.04
2026-08-13 12:30:00,415.75,415.8,415.0,415.45,19721,415.0,414.61,26.52,1.03
2026-08-13 12:35:00,415.45,415.55,415.1,415.45,50666,415.09,414.68,26.03,1.0
2026-08-13 12:40:00,415.45,416.5,415.4,416.1,50789,415.29,414.81,26.42,1.01
2026-08-13 12:45:00,416.1,416.1,415.35,415.8,36173,415.39,414.9,26.7,0.99
2026-08-13 12:50:00,415.7,415.8,415.3,415.65,19403,415.44,414.97,26.88,0.97
2026-08-13 12:55:00,415.65,415.85,415.35,415.65,22403,415.48,415.03,27.1,0.95
2026-08-13 13:00:00,415.65,415.95,415.5,415.75,25616,415.54,415.1,27.4,0.92
2026-08-13 13:05:00,415.75,415.95,415.3,415.55,31638,415.54,415.14,27.29,0.91
2026-08-13 13:10:00,415.55,415.6,415.25,415.6,16178,415.55,415.18,27.09,0.88
2026-08-13 13:15:00,415.35,415.6,415.2,415.55,12817,415.55,415.21,26.8,0.86
2026-08-13 13:20:00,415.55,415.65,415.2,415.25,21242,415.49,415.22,26.6,0.84
2026-08-13 13:25:00,415.25,415.55,415.1,415.3,11175,415.45,415.22,26.19,0.82
2026-08-13 13:30:00,415.4,415.55,415.3,415.3,11384,415.42,415.23,25.8,0.8
2026-08-13 13:35:00,415.35,415.35,414.85,415.0,200720,415.34,415.21,24.41,0.78
2026-08-13 13:40:00,414.75,415.0,414.0,414.0,57207,415.07,415.1,23.7,0.79
2026-08-13 13:45:00,414.15,414.35,413.9,414.05,29638,414.87,415.0,23.19,0.78
2026-08-13 13:50:00,414.05,414.4,413.8,414.0,27030,414.69,414.91,22.87,0.77
2026-08-13 13:55:00,414.0,414.35,414.0,414.2,22894,414.59,414.85,22.57,0.75
2026-08-13 14:00:00,414.0,416.45,413.8,415.0,255010,414.68,414.86,22.87,0.84
2026-08-13 14:05:00,414.9,415.75,412.7,412.8,172622,414.3,414.67,21.53,0.94
2026-08-13 14:10:00,412.75,413.4,412.0,412.9,155557,414.02,414.51,20.5,0.97
2026-08-13 14:15:00,412.85,413.25,412.7,413.25,48319,413.87,414.4,19.54,0.95
2026-08-13 14:20:00,413.2,413.35,412.9,413.25,31806,413.74,414.29,18.52,0.92
2026-08-13 14:25:00,413.25,414.9,413.2,413.4,2289403,413.67,414.21,18.53,0.96
2026-08-13 14:30:00,413.45,413.45,412.9,413.2,67049,413.58,414.12,18.16,0.94
2026-08-13 14:35:00,413.2,413.4,413.0,413.35,39495,413.53,414.05,17.82,0.91
2026-08-13 14:40:00,413.35,413.4,412.85,413.1,76275,413.45,413.96,17.29,0.9
2026-08-13 14:45:00,413.15,415.15,412.6,414.65,3631834,413.69,414.03,18.36,0.98
2026-08-13 14:50:00,414.55,418.3,414.5,418.15,1837960,414.58,414.4,20.9,1.11
2026-08-13 14:55:00,418.15,418.9,417.8,418.6,462350,415.38,414.78,23.47,1.11
2026-08-13 15:00:00,418.55,418.9,417.75,418.05,567452,415.92,415.08,25.79,1.11
2026-08-13 15:05:00,418.0,418.6,417.6,418.3,408609,416.39,415.37,27.74,1.11
2026-08-13 15:10:00,418.4,419.5,418.4,419.2,343177,416.96,415.72,29.9,1.11
2026-08-13 15:15:00,419.2,419.2,419.2,419.2,0,417.4,416.04,31.91,1.06
2026-08-13 15:20:00,419.2,419.2,419.2,419.2,0,417.76,416.32,33.77,1.01
2026-08-13 15:25:00,419.2,420.0,419.2,420.0,65185,418.21,416.66,35.8,1.0
2026-08-14 09:15:00,419.95,426.75,416.55,426.4,1165068,419.85,417.54,38.98,1.44
2026-08-14 09:20:00,426.25,429.6,425.85,429.3,971951,421.74,418.61,42.18,1.55
2026-08-14 09:25:00,429.5,430.0,425.5,425.85,767741,422.56,419.27,45.19,1.69
2026-08-14 09:30:00,425.5,426.55,422.25,424.0,597774,422.85,419.7,45.51,1.81
2026-08-14 09:35:00,423.95,424.0,422.2,422.55,288819,422.79,419.96,45.78,1.81
2026-08-14 09:40:00,422.9,423.0,421.85,422.7,181099,422.77,420.21,45.79,1.78
2026-08-14 09:45:00,422.7,423.9,422.5,423.3,122061,422.88,420.49,46.03,1.76
2026-08-14 09:50:00,423.25,423.9,422.7,422.85,116294,422.87,420.7,46.25,1.73
2026-08-14 09:55:00,422.55,422.9,422.0,422.5,102264,422.8,420.87,45.91,1.69
2026-08-14 10:00:00,422.5,422.65,421.05,421.6,156672,422.56,420.93,44.9,1.69
2026-08-14 10:05:00,421.65,422.2,420.9,421.7,149020,422.39,421.0,43.85,1.67
2026-08-14 10:10:00,421.7,422.5,421.4,422.45,51942,422.4,421.14,43.0,1.64
2026-08-14 10:15:00,422.25,423.15,422.15,422.5,81753,422.42,421.26,42.47,1.61
2026-08-14 10:20:00,422.5,423.15,422.5,423.0,56057,422.54,421.42,41.98,1.57
2026-08-14 10:25:00,423.0,423.45,422.55,422.75,110868,422.58,421.54,41.65,1.54
2026-08-14 10:30:00,422.8,422.9,420.95,421.5,199385,422.36,421.54,39.99,1.56
2026-08-14 10:35:00,421.5,422.15,421.0,421.5,96772,422.19,421.53,38.44,1.54
2026-08-14 10:40:00,421.3,422.2,421.3,421.7,73832,422.09,421.55,37.03,1.51
2026-08-14 10:45:00,421.85,422.0,421.45,421.5,32154,421.97,421.54,35.73,1.46
2026-08-14 10:50:00,421.4,422.4,421.1,422.3,36757,422.04,421.61,34.77,1.45
2026-08-14 10:55:00,422.3,422.35,420.6,420.8,56788,421.79,421.54,33.39,1.47
2026-08-14 11:00:00,420.8,421.95,420.75,421.95,29741,421.82,421.58,32.11,1.45
2026-08-14 11:05:00,421.95,422.1,421.05,421.4,26672,421.74,421.56,31.04,1.43
2026-08-14 11:10:00,421.3,421.65,421.05,421.6,28516,421.71,421.56,30.04,1.4
2026-08-14 11:15:00,421.6,421.95,421.4,421.5,35928,421.67,421.56,29.37,1.35
2026-08-14 11:20:00,421.5,422.15,421.45,422.1,40532,421.75,421.61,28.91,1.32
2026-08-14 11:25:00,422.1,422.3,420.75,420.8,39367,421.56,421.53,27.6,1.33
2026-08-14 11:30:00,420.9,421.55,420.4,421.25,31672,421.5,421.51,25.98,1.33
2026-08-14 11:35:00,421.15,421.45,421.0,421.25,19933,421.45,421.48,24.48,1.28
2026-08-14 11:40:00,421.15,421.4,421.0,421.2,26180,421.4,421.46,23.08,1.24
2026-08-14 11:45:00,421.15,421.6,421.0,421.4,18604,421.4,421.45,22.02,1.21
2026-08-14 11:50:00,421.3,422.0,421.2,422.0,26465,421.52,421.5,21.5,1.19
2026-08-14 11:55:00,421.85,422.45,421.8,421.85,38084,421.59,421.53,21.5,1.17
2026-08-14 12:00:00,421.85,423.9,421.75,423.3,212046,421.93,421.69,22.71,1.21
2026-08-14 12:05:00,423.2,423.95,423.2,423.85,69588,422.31,421.89,23.87,1.19
2026-08-14 12:10:00,423.85,423.95,423.5,423.5,51180,422.55,422.04,24.94,1.16
2026-08-14 12:15:00,423.7,425.95,423.25,425.55,705281,423.15,422.36,27.11,1.23
2026-08-14 12:20:00,425.5,425.85,424.55,425.3,473992,423.58,422.62,29.13,1.23
2026-08-14 12:25:00,425.3,425.4,424.65,425.05,437975,423.87,422.84,31.0,1.21
2026-08-14 12:30:00,425.2,425.3,425.0,425.1,50349,424.12,423.05,32.74,1.17
2026-08-14 12:35:00,425.1,425.4,425.0,425.25,39247,424.35,423.25,34.41,1.13
2026-08-14 12:40:00,425.05,425.45,424.1,424.4,358021,424.36,423.35,34.33,1.14
2026-08-14 12:45:00,424.4,426.5,423.95,426.5,288594,424.79,423.64,34.99,1.21
2026-08-14 12:50:00,426.3,426.85,425.75,425.85,272457,425.0,423.84,35.82,1.2
2026-08-14 12:55:00,425.85,426.5,425.75,426.2,71533,425.24,424.06,36.59,1.18
2026-08-14 13:00:00,426.15,426.35,425.75,425.75,43170,425.34,424.21,37.3,1.15
2026-08-14 13:05:00,425.8,425.85,425.4,425.75,50886,425.42,424.35,37.32,1.12
2026-08-14 13:10:00,425.8,425.95,425.35,425.85,63821,425.51,424.49,37.41,1.09
2026-08-14 13:15:00,425.85,426.25,425.8,426.1,76768,425.63,424.63,37.75,1.06
2026-08-14 13:20:00,426.1,426.15,425.35,425.7,39426,425.64,424.73,37.21,1.05
2026-08-14 13:25:00,425.8,425.85,425.45,425.65,31740,425.64,424.81,36.71,1.02
2026-08-14 13:30:00,425.7,425.9,425.05,425.05,49340,425.52,424.83,35.5,1.01
2026-08-14 13:35:00,425.05,425.25,424.6,424.8,187674,425.38,424.83,33.61,1.0
2026-08-14 13:40:00,424.75,425.8,424.75,425.4,65500,425.38,424.88,32.54,1.0
2026-08-14 13:45:00,425.4,426.5,425.3,425.8,57929,425.47,424.97,32.28,1.01
2026-08-14 13:50:00,425.8,426.0,425.55,425.75,33181,425.52,425.04,32.03,0.98
2026-08-14 13:55:00,425.7,426.4,425.5,426.2,69268,425.66,425.14,32.19,0.98
2026-08-14 14:00:00,426.2,426.45,425.75,425.9,42303,425.71,425.21,32.38,0.96
2026-08-14 14:05:00,425.95,426.1,425.5,425.9,24185,425.75,425.27,32.06,0.95
2026-08-14 14:10:00,425.9,426.1,425.65,425.8,37800,425.76,425.32,31.76,0.92
2026-08-14 14:15:00,425.75,425.9,425.0,425.05,57734,425.62,425.3,30.25,0.92
2026-08-14 14:20:00,425.2,425.2,423.85,424.1,102197,425.31,425.19,28.96,0.94
2026-08-14 14:25:00,424.1,424.65,423.4,424.1,119313,425.07,425.09,28.26,0.96
2026-08-14 14:30:00,424.1,424.55,423.5,423.55,67550,424.77,424.95,27.61,0.96
2026-08-14 14:35:00,423.75,424.0,423.5,423.8,38791,424.57,424.85,27.0,0.94
2026-08-14 14:40:00,423.85,424.2,423.7,423.8,42365,424.42,424.75,26.08,0.92
2026-08-14 14:45:00,423.8,425.85,423.7,425.75,106873,424.68,424.84,25.44,0.98
2026-08-14 14:50:00,425.7,426.9,425.7,426.85,189310,425.12,425.02,25.78,0.99
2026-08-14 14:55:00,426.8,426.9,424.65,424.9,203306,425.07,425.01,24.74,1.05
2026-08-14 15:00:00,424.9,425.15,424.15,424.5,130332,424.96,424.97,23.23,1.05
2026-08-14 15:05:00,424.35,424.5,423.15,424.35,253510,424.84,424.91,22.27,1.06
2026-08-14 15:10:00,424.5,424.55,423.1,423.35,255266,424.54,424.77,21.34,1.08
2026-08-14 15:15:00,423.15,423.15,423.15,423.15,1351,424.26,424.62,20.46,1.04
2026-08-14 15:20:00,423.15,423.15,423.15,423.15,0,424.04,424.49,19.66,0.99
2026-08-14 15:25:00,423.15,423.15,421.7,421.7,93704,423.57,424.23,20.21,1.01
2026-08-17 09:15:00,424.0,425.7,421.8,422.2,294377,423.3,424.05,19.32,1.15
2026-08-17 09:20:00,422.2,423.7,421.8,422.95,127696,423.23,423.95,18.49,1.19
2026-08-17 09:25:00,422.95,424.4,422.75,422.95,110974,423.17,423.86,18.25,1.21
2026-08-17 09:30:00,422.8,425.8,422.55,425.8,221035,423.7,424.03,18.93,1.31
2026-08-17 09:35:00,425.8,427.45,425.7,427.0,284767,424.36,424.3,20.38,1.33
2026-08-17 09:40:00,427.0,428.9,426.15,428.85,309373,425.26,424.72,22.28,1.4
2026-08-17 09:45:00,428.9,430.65,428.55,430.25,631560,426.26,425.22,24.6,1.43
2026-08-17 09:50:00,430.2,430.85,429.45,430.6,349445,427.12,425.71,26.81,1.43
2026-08-17 09:55:00,430.55,430.6,429.5,429.6,162444,427.62,426.06,28.86,1.41
2026-08-17 10:00:00,429.65,430.0,429.0,429.9,163101,428.08,426.41,30.23,1.39
2026-08-17 10:05:00,429.85,430.4,429.2,429.45,244880,428.35,426.69,31.65,1.38
2026-08-17 10:10:00,429.3,430.15,429.2,429.35,152776,428.55,426.93,32.97,1.36
2026-08-17 10:15:00,429.35,430.3,428.4,428.75,169945,428.59,427.1,33.29,1.39
2026-08-17 10:20:00,428.75,429.0,428.65,428.85,85497,428.64,427.26,33.58,1.34
2026-08-17 10:25:00,428.85,430.35,428.8,429.5,235491,428.81,427.46,34.49,1.35
2026-08-17 10:30:00,429.85,431.0,429.5,431.0,269037,429.25,427.78,35.59,1.36
2026-08-17 10:35:00,430.9,431.5,430.5,430.6,322258,429.52,428.04,36.81,1.34
2026-08-17 10:40:00,430.65,431.0,430.55,430.85,107039,429.79,428.29,37.95,1.3
2026-08-17 10:45:00,430.8,431.35,430.25,431.0,123205,430.03,428.54,39.14,1.29
2026-08-17 10:50:00,430.95,431.5,430.75,431.0,145659,430.22,428.76,40.31,1.26
2026-08-17 10:55:00,431.0,431.2,430.8,431.05,71116,430.39,428.97,41.4,1.22
2026-08-17 11:00:00,431.15,431.45,430.6,431.0,119988,430.51,429.16,42.52,1.2
2026-08-17 11:05:00,431.1,431.15,430.65,430.75,80807,430.56,429.3,43.56,1.17
2026-08-17 11:10:00,430.75,430.9,428.9,429.6,192548,430.37,429.33,42.02,1.21
2026-08-17 11:15:00,429.6,429.9,428.8,429.3,116772,430.15,429.32,40.48,1.2
2026-08-17 11:20:00,429.4,429.5,429.05,429.3,67657,429.98,429.32,39.04,1.17
2026-08-17 11:25:00,429.3,429.55,429.0,429.15,73129,429.82,429.31,37.71,1.14
2026-08-17 11:30:00,429.3,429.3,427.7,427.95,279596,429.44,429.18,35.11,1.16
2026-08-17 11:35:00,428.0,428.0,426.8,427.4,185235,429.03,429.02,33.53,1.16
2026-08-17 11:40:00,427.3,427.5,426.2,426.45,225500,428.52,428.79,32.55,1.17
2026-08-17 11:45:00,426.4,426.8,426.25,426.55,99674,428.12,428.58,31.64,1.14
2026-08-17 11:50:00,426.75,428.4,426.55,427.2,291703,427.94,428.46,29.64,1.17
2026-08-17 11:55:00,427.2,427.6,427.05,427.45,46061,427.84,428.37,27.77,1.14
2026-08-17 12:00:00,427.45,427.8,427.45,427.65,49355,427.8,428.3,26.23,1.11
2026-08-17 12:05:00,427.75,427.8,426.8,426.9,106328,427.62,428.17,24.58,1.1
2026-08-17 12:10:00,426.9,427.0,426.2,426.85,74226,427.47,428.05,23.61,1.09
2026-08-17 12:15:00,426.9,427.0,426.5,426.65,98065,427.3,427.93,22.7,1.06
2026-08-17 12:20:00,426.65,426.65,426.3,426.6,62993,427.16,427.81,22.05,1.02
2026-08-17 12:25:00,426.6,426.8,426.0,426.7,153580,427.07,427.71,21.73,1.01
2026-08-17 12:30:00,426.75,426.75,425.45,426.35,160929,426.93,427.58,21.93,1.03
2026-08-17 12:35:00,426.3,426.9,425.8,426.55,233011,426.85,427.49,21.9,1.03
2026-08-17 12:40:00,426.45,426.9,426.25,426.7,121480,426.82,427.42,21.87,1.01
2026-08-17 12:45:00,426.6,428.5,426.6,428.4,324570,427.14,427.51,20.76,1.06
2026-08-17 12:50:00,428.35,431.3,428.35,431.05,749333,427.92,427.83,21.75,1.15
2026-08-17 12:55:00,431.15,432.15,430.65,430.75,318709,428.49,428.09,23.09,1.16
2026-08-17 13:00:00,430.75,431.4,430.2,430.7,140669,428.93,428.33,23.84,1.16
2026-08-17 13:05:00,430.65,432.0,430.6,431.2,388493,429.38,428.59,24.85,1.18
2026-08-17 13:10:00,431.25,432.6,430.65,432.25,172930,429.96,428.92,26.08,1.21
2026-08-17 13:15:00,432.4,433.35,432.2,433.1,372074,430.58,429.3,27.56,1.21
2026-08-17 13:20:00,433.1,433.5,432.8,433.2,297225,431.11,429.66,28.99,1.19
2026-08-17 13:25:00,433.2,433.8,433.2,433.75,234482,431.64,430.03,30.46,1.16
2026-08-17 13:30:00,433.6,433.75,433.2,433.3,177302,431.97,430.33,31.83,1.13
2026-08-17 13:35:00,433.4,434.2,433.3,433.75,214810,432.33,430.64,33.3,1.12
2026-08-17 13:40:00,433.75,434.65,433.75,434.4,238766,432.74,430.98,34.88,1.11
2026-08-17 13:45:00,434.55,434.7,434.2,434.2,246013,433.03,431.27,36.36,1.08
2026-08-17 13:50:00,434.2,435.0,433.9,434.15,544062,433.26,431.53,37.74,1.08
2026-08-17 13:55:00,434.0,434.6,433.6,434.35,232079,433.47,431.79,38.49,1.08
2026-08-17 14:00:00,434.2,434.25,432.5,432.95,180432,433.37,431.9,37.55,1.11
2026-08-17 14:05:00,432.9,433.25,432.85,433.2,68610,433.34,432.01,36.67,1.08
2026-08-17 14:10:00,433.2,433.2,432.6,432.85,83905,433.24,432.09,35.5,1.06
2026-08-17 14:15:00,432.85,433.15,432.65,432.9,81926,433.17,432.16,34.41,1.03
2026-08-17 14:20:00,432.9,433.2,432.25,432.5,118451,433.04,432.19,32.82,1.03
2026-08-17 14:25:00,432.5,432.95,432.35,432.95,78877,433.02,432.26,31.34,1.01
2026-08-17 14:30:00,433.0,433.0,432.35,432.5,112222,432.92,432.28,30.03,0.99
2026-08-17 14:35:00,432.5,432.95,432.3,432.9,146386,432.91,432.34,28.72,0.97
2026-08-17 14:40:00,432.85,433.2,432.7,433.2,80334,432.97,432.42,27.85,0.95
2026-08-17 14:45:00,433.2,434.15,433.0,433.5,230047,433.08,432.52,28.1,0.96
2026-08-17 14:50:00,433.5,434.35,433.45,433.75,255217,433.21,432.63,28.53,0.96
2026-08-17 14:55:00,433.8,434.15,433.6,433.9,201176,433.35,432.74,28.93,0.94
2026-08-17 15:00:00,433.7,434.1,432.55,433.0,441034,433.28,432.77,27.46,0.97
2026-08-17 15:05:00,433.0,433.0,432.4,432.5,474017,433.12,432.74,25.87,0.95
2026-08-17 15:10:00,432.5,433.0,431.8,432.0,392319,432.9,432.68,24.47,0.96
2026-08-17 15:15:00,431.85,431.85,431.85,431.85,60,432.69,432.6,23.18,0.92
2026-08-17 15:20:00,431.85,431.85,431.85,431.85,0,432.52,432.53,21.97,0.88
2026-08-17 15:25:00,431.85,435.95,431.85,435.95,298310,433.21,432.84,23.63,1.03
2026-08-18 09:15:00,434.0,434.15,428.65,432.7,782837,433.11,432.83,22.16,1.33
2026-08-18 09:20:00,432.85,433.7,431.0,432.25,386789,432.93,432.78,20.81,1.4
2026-08-18 09:25:00,432.25,433.3,431.2,432.55,198657,432.86,432.76,19.55,1.43
2026-08-18 09:30:00,432.45,432.65,431.65,432.0,169432,432.69,432.69,18.38,1.41
2026-08-18 09:35:00,432.0,432.5,431.25,431.6,148874,432.47,432.59,17.18,1.4
2026-08-18 09:40:00,431.6,431.6,428.6,428.65,292847,431.71,432.23,17.82,1.48
2026-08-18 09:45:00,428.65,429.8,428.65,429.6,137609,431.28,431.99,18.4,1.46
2026-08-18 09:50:00,429.6,430.35,428.5,428.6,152284,430.75,431.68,18.44,1.48
2026-08-18 09:55:00,428.75,429.95,428.5,429.95,43983,430.59,431.53,18.48,1.48
2026-08-18 10:00:00,429.7,429.95,429.1,429.65,49625,430.4,431.36,18.51,1.45
2026-08-18 10:05:00,429.65,430.25,428.95,429.4,86962,430.2,431.18,18.23,1.44
2026-08-18 10:10:00,429.3,429.9,429.2,429.75,34117,430.11,431.05,17.97,1.41
2026-08-18 10:15:00,429.7,429.75,429.3,429.55,48919,430.0,430.91,17.72,1.36
2026-08-18 10:20:00,429.55,429.55,428.5,428.75,58756,429.75,430.72,18.16,1.35
2026-08-18 10:25:00,428.75,429.15,428.15,428.55,79815,429.51,430.52,18.84,1.33
2026-08-18 10:30:00,428.55,428.7,428.1,428.3,63468,429.27,430.32,19.51,1.29
2026-08-18 10:35:00,428.3,429.05,428.15,428.95,35932,429.2,430.19,19.64,1.28
2026-08-18 10:40:00,428.95,429.05,428.25,428.5,37820,429.06,430.04,19.76,1.25
2026-08-18 10:45:00,428.5,428.6,427.8,428.2,105454,428.89,429.87,20.29,1.23
2026-08-18 10:50:00,428.15,428.3,427.5,428.05,77698,428.72,429.71,21.04,1.21
2026-08-18 10:55:00,428.05,428.3,426.8,427.8,178802,428.54,429.53,22.3,1.22
2026-08-18 11:00:00,427.75,427.8,427.2,427.55,49814,428.34,429.35,23.47,1.2
2026-08-18 11:05:00,427.5,428.1,427.4,427.9,45319,428.25,429.22,24.02,1.17
2026-08-18 11:10:00,427.75,427.85,427.1,427.35,39492,428.07,429.05,24.81,1.15
2026-08-18 11:15:00,427.35,428.2,426.7,427.2,108476,427.9,428.88,25.87,1.17
2026-08-18 11:20:00,427.2,427.25,426.25,426.5,44845,427.62,428.67,27.2,1.16
2026-08-18 11:25:00,426.45,426.65,425.65,426.55,111674,427.4,428.47,28.84,1.15
2026-08-18 11:30:00,426.55,427.4,426.0,426.25,87353,427.17,428.27,29.06,1.17
2026-08-18 11:35:00,426.2,426.3,425.7,425.95,48720,426.93,428.06,29.51,1.14
2026-08-18 11:40:00,425.85,425.9,424.5,424.95,199839,426.53,427.78,30.74,1.15
2026-08-18 11:45:00,424.85,425.7,424.7,425.6,42287,426.35,427.58,31.88,1.15
2026-08-18 11:50:00,425.6,426.65,425.55,426.25,102305,426.33,427.46,31.48,1.14
2026-08-18 11:55:00,426.25,427.05,426.1,427.0,55952,426.46,427.42,30.57,1.14
2026-08-18 12:00:00,427.0,427.4,426.65,427.2,77906,426.61,427.4,29.27,1.12
2026-08-18 12:05:00,427.25,427.3,426.75,427.05,49308,426.7,427.37,28.06,1.09
2026-08-18 12:10:00,427.0,427.05,426.25,426.4,52790,426.64,427.28,27.45,1.08
2026-08-18 12:15:00,426.5,426.8,426.15,426.65,37880,426.64,427.22,26.98,1.06
2026-08-18 12:20:00,426.65,426.8,426.2,426.4,34151,426.59,427.15,26.55,1.03
2026-08-18 12:25:00,426.3,427.0,426.3,426.95,27659,426.66,427.13,25.81,1.02
2026-08-18 12:30:00,426.95,427.0,426.7,426.85,33297,426.7,427.1,25.13,0.98
2026-08-18 12:35:00,426.8,426.85,426.1,426.25,33936,426.61,427.03,25.2,0.97
2026-08-18 12:40:00,426.25,426.35,425.5,425.55,44879,426.4,426.89,25.85,0.97
2026-08-18 12:45:00,425.5,426.9,425.5,426.6,162605,426.44,426.86,25.5,0.99
2026-08-18 12:50:00,426.55,426.9,426.3,426.9,50695,426.53,426.87,25.18,0.97
2026-08-18 12:55:00,426.9,427.05,426.8,426.9,23539,426.6,426.87,24.62,0.93
2026-08-18 13:00:00,426.9,427.0,426.25,426.35,37358,426.55,426.82,24.73,0.93
2026-08-18 13:05:00,426.3,428.0,426.3,428.0,120962,426.84,426.93,23.26,0.96
2026-08-18 13:10:00,428.15,428.4,427.8,428.35,101707,427.14,427.06,21.82,0.95
2026-08-18 13:15:00,428.35,428.35,427.7,428.2,90991,427.36,427.16,20.35,0.93
2026-08-18 13:20:00,428.2,428.3,428.0,428.1,38739,427.5,427.25,18.98,0.9
2026-08-18 13:25:00,428.0,428.35,427.15,427.55,90557,427.51,427.28,18.65,0.92
2026-08-18 13:30:00,427.55,428.0,427.3,427.85,29958,427.58,427.33,18.34,0.91
2026-08-18 13:35:00,427.85,427.95,427.2,427.7,153202,427.6,427.36,18.19,0.9
2026-08-18 13:40:00,427.85,428.0,427.35,427.5,37366,427.58,427.37,17.95,0.89
2026-08-18 13:45:00,427.45,427.75,427.3,427.7,19586,427.61,427.4,17.8,0.87
2026-08-18 13:50:00,427.7,427.85,427.4,427.75,27423,427.64,427.44,17.46,0.85
2026-08-18 13:55:00,427.7,427.9,427.4,427.55,48379,427.62,427.45,17.04,0.83
2026-08-18 14:00:00,427.55,427.8,427.2,427.2,21803,427.53,427.42,16.99,0.82
2026-08-18 14:05:00,427.15,427.2,426.4,426.65,53452,427.36,427.35,18.05,0.82
2026-08-18 14:10:00,426.65,426.75,426.1,426.3,73453,427.15,427.26,19.38,0.81
2026-08-18 14:15:00,426.3,426.95,426.05,426.25,71440,426.97,427.17,20.14,0.81
2026-08-18 14:20:00,426.55,426.8,426.0,426.4,52683,426.85,427.1,20.91,0.81
2026-08-18 14:25:00,426.4,426.8,426.25,426.8,26390,426.84,427.07,21.63,0.8
2026-08-18 14:30:00,426.8,427.2,426.4,426.5,36675,426.77,427.02,21.31,0.8
2026-08-18 14:35:00,426.55,426.55,425.7,425.85,97181,426.59,426.91,22.0,0.8
2026-08-18 14:40:00,426.05,426.1,425.8,425.95,36615,426.46,426.82,22.63,0.78
2026-08-18 14:45:00,426.0,426.7,425.9,426.6,77648,426.49,426.8,21.9,0.78
2026-08-18 14:50:00,426.65,426.8,425.9,426.4,143818,426.47,426.77,21.02,0.79
2026-08-18 14:55:00,426.4,426.65,426.05,426.2,57319,426.42,426.72,20.21,0.78
2026-08-18 15:00:00,426.2,426.5,425.45,425.55,183480,426.24,426.61,20.4,0.79
2026-08-18 15:05:00,425.75,425.85,423.5,424.55,481460,425.9,426.42,22.45,0.86
2026-08-18 15:10:00,424.55,425.5,423.95,425.5,289671,425.82,426.34,24.35,0.9
2026-08-18 15:15:00,425.5,425.5,425.5,425.5,56,425.76,426.26,26.12,0.85
2026-08-18 15:20:00,425.5,425.5,425.5,425.5,0,425.71,426.19,27.76,0.81
2026-08-18 15:25:00,425.5,425.5,425.5,425.5,0,425.67,426.13,29.28,0.77
2026-08-19 09:15:00,425.0,425.15,417.75,419.4,571278,424.41,425.52,33.1,1.11
2026-08-19 09:20:00,419.3,419.55,415.65,416.0,302587,422.73,424.65,36.85,1.24
2026-08-19 09:25:00,416.15,417.35,415.4,416.6,258755,421.5,423.92,40.35,1.27
2026-08-19 09:30:00,416.6,416.95,414.3,415.5,294540,420.3,423.16,43.69,1.34
2026-08-19 09:35:00,415.55,416.15,414.65,416.05,170355,419.45,422.51,46.79,1.35
2026-08-19 09:40:00,416.0,416.35,414.7,415.5,150870,418.66,421.87,49.42,1.36
2026-08-19 09:45:00,415.5,416.25,415.0,416.25,93489,418.18,421.36,51.87,1.36
2026-08-19 09:50:00,416.0,416.75,415.4,415.7,125668,417.68,420.85,53.49,1.36
2026-08-19 09:55:00,415.9,416.5,415.0,416.3,85901,417.41,420.43,55.06,1.36
2026-08-19 10:00:00,416.4,417.05,415.85,416.6,77446,417.25,420.08,55.8,1.35
2026-08-19 10:05:00,416.65,417.4,416.35,417.35,79045,417.27,419.84,56.04,1.34
2026-08-19 10:10:00,417.4,417.55,417.05,417.4,55993,417.29,419.61,56.06,1.3
2026-08-19 10:15:00,417.45,417.6,416.0,416.5,62624,417.13,419.33,56.44,1.31
2026-08-19 10:20:00,416.55,416.95,416.3,416.45,42110,417.0,419.07,56.8,1.28
2026-08-19 10:25:00,416.4,418.45,416.15,418.05,101429,417.21,418.98,55.28,1.33
2026-08-19 10:30:00,417.95,418.1,416.05,416.65,69685,417.1,418.77,53.92,1.37
2026-08-19 10:35:00,416.5,416.9,416.2,416.7,102118,417.02,418.58,52.66,1.33
2026-08-19 10:40:00,416.7,418.0,416.65,417.5,47930,417.11,418.48,50.26,1.33
2026-08-19 10:45:00,417.55,417.6,416.7,416.85,28580,417.06,418.33,48.03,1.31
2026-08-19 10:50:00,416.65,417.0,416.0,416.95,48981,417.04,418.21,46.45,1.3
2026-08-19 10:55:00,416.95,417.4,416.9,417.05,83955,417.04,418.1,44.53,1.26
2026-08-19 11:00:00,417.05,417.5,416.6,417.15,21699,417.06,418.01,42.98,1.24
2026-08-19 11:05:00,417.2,417.25,416.3,417.15,25643,417.08,417.94,41.75,1.23
2026-08-19 11:10:00,417.15,417.45,416.8,417.05,48537,417.07,417.86,40.37,1.2
2026-08-19 11:15:00,417.05,417.35,416.35,417.0,30847,417.06,417.78,39.43,1.19
2026-08-19 11:20:00,416.95,417.25,416.4,416.55,20241,416.96,417.67,38.56,1.18
2026-08-19 11:25:00,416.45,417.05,416.45,417.05,12472,416.98,417.61,37.76,1.15
2026-08-19 11:30:00,416.95,417.6,416.85,417.6,54862,417.1,417.61,36.2,1.13
2026-08-19 11:35:00,417.55,417.6,416.8,417.3,37095,417.14,417.58,34.81,1.11
2026-08-19 11:40:00,417.3,417.5,417.1,417.4,13620,417.19,417.56,33.52,1.08
2026-08-19 11:45:00,417.3,417.9,417.1,417.75,26144,417.3,417.58,31.71,1.07
2026-08-19 11:50:00,417.8,418.6,417.35,418.55,79703,417.55,417.67,29.8,1.08
2026-08-19 11:55:00,418.45,419.05,418.45,418.85,73432,417.81,417.78,28.57,1.05
2026-08-19 12:00:00,418.85,418.9,418.15,418.45,27909,417.94,417.84,26.99,1.04
2026-08-19 12:05:00,418.45,418.45,418.2,418.2,14812,417.99,417.87,25.53,1.0
2026-08-19 12:10:00,418.2,418.85,418.2,418.85,45908,418.16,417.96,24.67,0.98
2026-08-19 12:15:00,418.8,418.9,418.2,418.45,27485,418.22,418.0,23.94,0.97
2026-08-19 12:20:00,418.55,418.8,418.25,418.35,20187,418.25,418.04,23.26,0.95
2026-08-19 12:25:00,418.5,418.65,418.05,418.6,30166,418.32,418.09,22.27,0.93
2026-08-19 12:30:00,418.55,418.6,418.0,418.15,21703,418.28,418.09,21.25,0.92
2026-08-19 12:35:00,418.1,418.15,417.1,417.95,66332,418.22,418.08,20.61,0.92
2026-08-19 12:40:00,417.9,418.1,417.15,417.65,50632,418.1,418.04,20.01,0.93
2026-08-19 12:45:00,417.6,417.8,417.25,417.3,19798,417.94,417.97,19.45,0.91
2026-08-19 12:50:00,417.35,418.0,417.35,417.7,18463,417.89,417.95,18.54,0.9
2026-08-19 12:55:00,417.75,417.85,416.2,416.85,34458,417.69,417.85,19.25,0.93
2026-08-19 13:00:00,416.85,417.7,416.55,417.55,19165,417.66,417.82,19.91,0.94
2026-08-19 13:05:00,417.65,417.7,416.05,416.5,205261,417.43,417.7,21.07,0.98
2026-08-19 13:10:00,416.5,416.6,416.0,416.1,28263,417.16,417.56,22.19,0.96
2026-08-19 13:15:00,416.1,416.95,416.1,416.7,19368,417.07,417.48,22.47,0.95
2026-08-19 13:20:00,416.55,416.6,416.2,416.4,14494,416.94,417.38,22.73,0.93
2026-08-19 13:25:00,416.5,416.8,416.25,416.65,20101,416.88,417.31,22.53,0.91
2026-08-19 13:30:00,416.7,417.85,416.5,417.7,36816,417.04,417.35,21.36,0.94
2026-08-19 13:35:00,417.65,418.35,417.5,418.25,46259,417.28,417.43,20.96,0.93
2026-08-19 13:40:00,418.2,418.25,417.6,417.65,36665,417.36,417.45,20.58,0.92
2026-08-19 13:45:00,417.9,418.95,417.75,418.35,91892,417.56,417.53,21.07,0.94
2026-08-19 13:50:00,418.35,418.7,418.05,418.5,30486,417.74,417.62,21.53,0.92
2026-08-19 13:55:00,418.4,419.0,418.35,418.75,42524,417.95,417.72,22.29,0.91
2026-08-19 14:00:00,418.75,419.0,418.5,418.5,57560,418.06,417.79,23.0,0.89
2026-08-19 14:05:00,418.5,418.95,418.25,418.75,25501,418.2,417.88,23.1,0.88
2026-08-19 14:10:00,418.6,418.9,418.6,418.6,19856,418.28,417.95,23.19,0.85
2026-08-19 14:15:00,418.6,419.7,418.25,419.45,203567,418.51,418.08,24.25,0.88
2026-08-19 14:20:00,419.4,419.55,418.75,419.0,57927,418.61,418.17,25.23,0.88
2026-08-19 14:25:00,419.05,419.9,418.95,419.75,113455,418.84,418.31,26.51,0.88
2026-08-19 14:30:00,419.8,420.8,419.65,420.3,202273,419.13,418.49,28.47,0.89
2026-08-19 14:35:00,420.3,421.45,420.0,420.3,110447,419.36,418.66,30.71,0.92
2026-08-19 14:40:00,420.4,420.5,419.7,419.95,64099,419.48,418.77,32.1,0.91
2026-08-19 14:45:00,420.05,420.15,419.5,419.65,46170,419.51,418.85,32.96,0.9
2026-08-19 14:50:00,419.6,419.8,419.25,419.5,44627,419.51,418.91,33.21,0.89
2026-08-19 14:55:00,419.5,419.95,419.35,419.45,32177,419.5,418.96,33.6,0.87
2026-08-19 15:00:00,419.6,419.75,419.05,419.05,111320,419.41,418.97,33.3,0.86
2026-08-19 15:05:00,419.1,419.15,417.75,418.35,201438,419.2,418.91,31.0,0.89
2026-08-19 15:10:00,418.55,418.95,418.15,418.7,198544,419.1,418.89,28.85,0.88
2026-08-19 15:15:00,418.6,418.6,418.6,418.6,2750,419.0,418.87,26.86,0.85
2026-08-19 15:20:00,418.6,418.6,418.6,418.6,0,418.92,418.84,25.02,0.81
2026-08-19 15:25:00,418.6,419.8,418.6,419.8,65227,419.1,418.93,24.79,0.83
2026-08-20 09:15:00,422.9,423.75,419.05,419.35,311445,419.15,418.97,27.06,1.01
2026-08-20 09:20:00,419.65,420.9,419.6,420.0,112364,419.32,419.06,29.17,1.04
2026-08-20 09:25:00,420.0,420.05,418.25,418.8,138671,419.21,419.04,29.46,1.07
2026-08-20 09:30:00,418.5,419.05,417.9,418.25,128132,419.02,418.97,29.34,1.08
2026-08-20 09:35:00,418.25,418.8,418.15,418.5,44919,418.92,418.92,29.23,1.06
2026-08-20 09:40:00,418.5,418.8,417.8,418.2,64369,418.77,418.86,28.72,1.05
2026-08-20 09:45:00,418.2,418.8,418.0,418.3,65309,418.68,418.81,28.24,1.04
2026-08-20 09:50:00,418.3,418.3,417.7,418.1,39934,418.56,418.74,27.43,1.02
2026-08-20 09:55:00,418.05,418.7,418.05,418.2,49379,418.49,418.69,27.02,1.0
2026-08-20 10:00:00,418.2,418.4,417.75,418.0,45703,418.39,418.63,26.26,0.99
2026-08-20 10:05:00,417.7,418.45,417.55,418.3,80832,418.37,418.6,25.29,0.98
2026-08-20 10:10:00,418.2,419.35,418.0,418.05,96370,418.31,418.55,25.2,1.0
2026-08-20 10:15:00,418.15,418.4,417.7,418.0,41712,418.25,418.5,24.73,0.98
2026-08-20 10:20:00,418.15,418.5,417.85,418.5,42874,418.3,418.5,24.37,0.97
2026-08-20 10:25:00,418.5,418.5,418.0,418.5,17354,418.34,418.5,24.05,0.95
2026-08-20 10:30:00,418.5,418.5,418.2,418.4,11299,418.35,418.49,23.75,0.92
2026-08-20 10:35:00,418.35,418.9,418.25,418.8,20581,418.44,418.52,23.88,0.9
2026-08-20 10:40:00,418.85,420.55,418.7,420.55,110673,418.86,418.7,25.31,0.95
2026-08-20 10:45:00,420.2,420.4,419.0,419.05,31609,418.9,418.74,26.63,0.98
2026-08-20 10:50:00,419.15,419.15,418.5,418.8,52709,418.88,418.74,27.05,0.96
2026-08-20 10:55:00,418.8,419.15,418.5,418.8,21119,418.86,418.75,27.43,0.95
2026-08-20 11:00:00,419.0,419.15,418.5,418.9,24615,418.87,418.76,27.79,0.93
2026-08-20 11:05:00,418.9,419.3,418.6,418.7,54274,418.84,418.76,28.27,0.92
2026-08-20 11:10:00,418.7,419.45,418.7,419.15,21854,418.9,418.79,28.84,0.91
2026-08-20 11:15:00,419.15,419.15,417.2,417.6,108675,418.64,418.68,27.0,0.96
2026-08-20 11:20:00,417.5,418.0,417.5,418.0,15629,418.51,418.62,25.28,0.94
2026-08-20 11:25:00,418.0,418.05,416.95,416.95,194155,418.2,418.47,23.96,0.95
2026-08-20 11:30:00,416.95,418.0,416.95,417.75,87106,418.11,418.4,22.73,0.95
2026-08-20 11:35:00,417.75,418.35,417.7,418.0,29068,418.09,418.37,21.12,0.94
2026-08-20 11:40:00,418.1,418.3,417.9,418.0,40177,418.07,418.33,19.63,0.91
2026-08-20 11:45:00,418.05,418.75,418.05,418.4,26034,418.14,418.34,18.87,0.91
2026-08-20 11:50:00,418.35,418.4,417.55,417.7,45667,418.05,418.28,17.62,0.9
2026-08-20 11:55:00,417.6,418.0,417.6,417.6,81065,417.96,418.22,16.46,0.88
2026-08-20 12:00:00,417.65,420.1,417.65,420.0,331553,418.37,418.38,17.49,0.96
2026-08-20 12:05:00,419.95,420.15,419.1,419.7,297071,418.63,418.5,18.48,0.96
2026-08-20 12:10:00,419.85,419.95,418.7,418.7,33480,418.65,418.52,18.8,0.97
2026-08-20 12:15:00,418.75,419.05,418.3,418.35,21678,418.59,418.5,18.51,0.96
2026-08-20 12:20:00,418.2,418.45,418.0,418.35,14976,418.54,418.49,17.83,0.94
2026-08-20 12:25:00,418.4,418.45,418.0,418.1,32023,418.45,418.45,17.2,0.92
2026-08-20 12:30:00,418.0,418.25,417.85,417.95,16008,418.35,418.41,16.4,0.89
2026-08-20 12:35:00,417.85,418.0,417.6,417.9,17316,418.26,418.36,15.29,0.87
2026-08-20 12:40:00,417.85,418.45,417.8,418.0,19299,418.21,418.33,14.86,0.86
2026-08-20 12:45:00,418.0,418.35,417.9,418.35,31311,418.24,418.33,14.46,0.84
2026-08-20 12:50:00,418.35,418.45,417.65,417.8,59219,418.15,418.28,13.69,0.84
2026-08-20 12:55:00,417.75,417.8,417.5,417.6,24013,418.04,418.22,12.72,0.81
2026-08-20 13:00:00,417.55,417.65,417.45,417.6,19785,417.95,418.16,11.88,0.78
2026-08-20 13:05:00,417.6,417.9,417.6,417.65,11130,417.89,418.12,11.39,0.76
2026-08-20 13:10:00,417.65,417.9,417.6,417.7,22208,417.85,418.08,10.93,0.74
2026-08-20 13:15:00,417.75,418.05,417.75,417.9,18016,417.86,418.06,10.77,0.72
2026-08-20 13:20:00,417.85,418.25,417.75,418.15,24063,417.92,418.07,10.98,0.71
2026-08-20 13:25:00,418.15,418.3,417.9,418.05,24045,417.95,418.07,11.25,0.69
2026-08-20 13:30:00,418.0,418.4,417.9,418.3,27479,418.02,418.09,11.69,0.68
2026-08-20 13:35:00,418.4,418.7,418.35,418.7,47403,418.15,418.15,12.61,0.67
2026-08-20 13:40:00,418.7,418.7,417.75,418.1,9958,418.14,418.14,12.05,0.68
2026-08-20 13:45:00,418.1,418.1,417.95,418.1,20300,418.13,418.14,11.54,0.66
2026-08-20 13:50:00,418.2,418.2,417.75,417.8,8697,418.07,418.11,10.8,0.65
2026-08-20 13:55:00,417.75,418.0,417.5,417.65,14946,417.98,418.07,10.62,0.64
2026-08-20 14:00:00,417.65,417.65,417.3,417.35,26910,417.86,418.0,10.84,0.63
2026-08-20 14:05:00,417.3,417.3,416.8,417.1,32766,417.71,417.92,11.89,0.62
2026-08-20 14:10:00,417.25,417.25,416.8,417.15,21084,417.59,417.85,12.85,0.62
2026-08-20 14:15:00,417.25,417.25,416.1,416.55,75288,417.39,417.73,14.72,0.64
2026-08-20 14:20:00,416.55,416.65,416.0,416.3,45423,417.17,417.6,16.56,0.64
2026-08-20 14:25:00,416.35,416.9,416.15,416.5,26155,417.03,417.5,17.6,0.65
2026-08-20 14:30:00,416.65,416.75,416.35,416.35,22631,416.9,417.4,18.56,0.63
2026-08-20 14:35:00,416.5,416.5,415.55,416.05,51264,416.73,417.27,20.44,0.65
2026-08-20 14:40:00,416.1,416.1,415.2,415.55,33767,416.49,417.12,22.53,0.66
2026-08-20 14:45:00,415.6,415.6,415.0,415.55,43451,416.3,416.97,24.65,0.66
2026-08-20 14:50:00,415.6,415.6,415.2,415.2,38111,416.08,416.81,26.62,0.65
2026-08-20 14:55:00,415.3,415.35,414.65,414.8,104186,415.83,416.63,28.93,0.65
2026-08-20 15:00:00,414.85,414.85,413.5,413.85,157968,415.43,416.38,31.77,0.68
2026-08-20 15:05:00,413.85,414.0,412.4,413.4,215021,415.03,416.11,34.85,0.73
2026-08-20 15:10:00,413.5,414.8,413.05,414.45,220940,414.91,415.96,36.03,0.77
2026-08-20 15:15:00,414.15,414.15,414.15,414.15,68,414.76,415.79,37.14,0.75
2026-08-20 15:20:00,414.15,414.15,414.15,414.15,0,414.64,415.64,38.16,0.72
2026-08-20 15:25:00,414.15,414.15,413.5,413.5,32950,414.41,415.45,39.52,0.71
2026-08-21 09:15:00,416.05,416.5,414.0,414.9,150940,414.51,415.4,37.22,0.82
2026-08-21 09:20:00,414.35,415.95,414.3,415.8,114955,414.77,415.43,35.09,0.86
2026-08-21 09:25:00,415.75,416.65,415.5,416.55,94456,415.12,415.54,32.82,0.88
2026-08-21 09:30:00,416.55,416.55,415.4,415.6,88727,415.22,415.54,30.6,0.89
2026-08-21 09:35:00,415.6,416.15,415.4,416.1,33420,415.39,415.59,28.54,0.88
2026-08-21 09:40:00,416.1,416.2,415.65,416.0,59468,415.52,415.63,26.68,0.87
2026-08-21 09:45:00,415.9,416.0,414.0,414.5,60092,415.31,415.53,26.31,0.92
2026-08-21 09:50:00,414.45,414.85,414.1,414.5,36003,415.15,415.43,25.96,0.91
2026-08-21 09:55:00,414.5,414.8,414.2,414.55,21403,415.03,415.35,25.64,0.9
2026-08-21 10:00:00,414.65,415.45,414.4,415.0,65152,415.02,415.32,24.44,0.9
2026-08-21 10:05:00,415.0,415.0,413.6,413.7,60412,414.76,415.17,24.12,0.93
2026-08-21 10:10:00,413.7,414.8,413.65,414.75,32161,414.76,415.14,23.82,0.94
2026-08-21 10:15:00,414.7,414.7,414.25,414.6,27726,414.73,415.09,23.53,0.92
2026-08-21 10:20:00,414.6,414.6,414.2,414.25,16681,414.63,415.01,23.33,0.89
2026-08-21 10:25:00,414.25,414.8,414.25,414.65,20092,414.63,414.98,22.8,0.88
2026-08-21 10:30:00,414.65,415.0,413.95,414.1,18650,414.53,414.9,22.67,0.88
2026-08-21 10:35:00,414.25,414.7,414.0,414.5,13382,414.52,414.86,22.54,0.88
2026-08-21 10:40:00,414.5,414.8,414.3,414.4,18129,414.5,414.82,22.23,0.86
2026-08-21 10:45:00,414.3,414.5,414.0,414.45,13367,414.49,414.79,22.33,0.84
2026-08-21 10:50:00,414.2,414.6,413.6,413.6,56633,414.31,414.68,22.91,0.85
2026-08-21 10:55:00,413.7,413.85,412.2,413.65,108457,414.18,414.58,24.68,0.89
2026-08-21 11:00:00,413.65,413.85,413.15,413.65,21493,414.07,414.5,26.32,0.88
2026-08-21 11:05:00,413.65,413.85,413.4,413.45,36710,413.95,414.4,27.84,0.86
2026-08-21 11:10:00,413.5,415.2,413.45,414.75,201298,414.11,414.44,26.83,0.9
2026-08-21 11:15:00,414.8,415.0,413.85,414.3,121009,414.15,414.42,25.89,0.91
2026-08-21 11:20:00,414.3,414.8,414.15,414.8,30328,414.28,414.46,25.02,0.9
2026-08-21 11:25:00,414.7,414.9,414.1,414.35,69446,414.29,414.45,24.04,0.89
2026-08-21 11:30:00,414.35,414.45,413.8,413.85,22742,414.2,414.39,23.53,0.88
2026-08-21 11:35:00,413.85,414.15,413.6,414.0,30136,414.16,414.36,23.31,0.87
2026-08-21 11:40:00,414.15,414.2,413.75,413.9,40085,414.11,414.32,23.01,0.85
2026-08-21 11:45:00,413.85,413.95,413.1,413.1,29747,413.91,414.21,23.54,0.85
2026-08-21 11:50:00,413.2,413.5,412.6,412.65,34672,413.66,414.06,24.54,0.85
2026-08-21 11:55:00,412.6,412.8,410.55,411.7,123225,413.27,413.85,26.87,0.92
2026-08-21 12:00:00,411.7,412.0,411.55,411.75,39740,412.96,413.66,29.03,0.89
2026-08-21 12:05:00,411.75,411.85,411.1,411.55,28110,412.68,413.47,31.26,0.89
2026-08-21 12:10:00,411.55,411.75,411.3,411.55,19880,412.45,413.29,33.33,0.87
2026-08-21 12:15:00,411.5,411.75,411.5,411.65,12642,412.29,413.14,35.26,0.84
2026-08-21 12:20:00,411.65,411.7,411.4,411.7,20104,412.17,413.01,37.1,0.81
2026-08-21 12:25:00,411.7,411.8,411.5,411.7,13903,412.08,412.89,38.57,0.79
2026-08-21 12:30:00,411.7,411.7,410.65,411.0,42163,411.86,412.72,40.42,0.8
2026-08-21 12:35:00,411.0,411.05,410.45,410.75,33847,411.64,412.54,42.25,0.79
2026-08-21 12:40:00,410.75,410.8,409.7,409.75,85337,411.26,412.29,44.27,0.81
2026-08-21 12:45:00,409.8,410.2,409.6,409.8,52155,410.97,412.06,46.2,0.8
2026-08-21 12:50:00,409.75,410.55,409.65,410.45,55211,410.87,411.92,47.15,0.8
2026-08-21 12:55:00,410.3,410.85,410.3,410.75,20091,410.84,411.81,47.36,0.79
2026-08-21 13:00:00,410.7,410.8,410.2,410.65,26263,410.8,411.7,47.63,0.78
2026-08-21 13:05:00,410.5,411.0,410.5,411.0,24067,410.84,411.64,47.42,0.77
2026-08-21 13:10:00,410.9,411.05,410.9,411.0,75589,410.87,411.58,47.11,0.74
2026-08-21 13:15:00,411.0,411.65,410.7,411.25,54433,410.95,411.55,45.5,0.75
2026-08-21 13:20:00,411.25,411.3,410.1,410.2,26220,410.8,411.43,44.67,0.77
2026-08-21 13:25:00,410.2,410.7,410.1,410.65,33200,410.77,411.36,43.89,0.76
2026-08-21 13:30:00,410.7,411.15,410.2,410.4,19413,410.7,411.27,42.26,0.77
2026-08-21 13:35:00,410.4,410.6,410.1,410.35,14638,410.63,411.19,40.87,0.76
2026-08-21 13:40:00,410.25,410.6,410.2,410.6,14861,410.62,411.13,39.58,0.74
2026-08-21 13:45:00,410.6,410.6,410.2,410.3,24749,410.56,411.06,38.38,0.72
2026-08-21 13:50:00,410.2,410.6,410.1,410.25,32905,410.5,410.98,37.41,0.71
2026-08-21 13:55:00,410.35,410.9,410.2,410.85,15912,410.57,410.97,35.8,0.71
2026-08-21 14:00:00,410.7,410.75,410.0,410.1,15004,410.47,410.89,34.63,0.72
2026-08-21 14:05:00,410.1,410.7,410.1,410.4,19496,410.46,410.85,33.55,0.71
2026-08-21 14:10:00,410.45,410.7,410.3,410.7,8560,410.51,410.83,32.54,0.7
2026-08-21 14:15:00,410.7,411.0,410.6,410.8,14450,410.57,410.83,30.82,0.68
2026-08-21 14:20:00,410.85,410.9,410.1,410.8,15962,410.61,410.83,30.15,0.69
2026-08-21 14:25:00,410.65,410.8,410.2,410.45,15143,410.58,410.79,29.53,0.69
2026-08-21 14:30:00,410.5,410.9,410.45,410.8,12348,410.62,410.79,28.68,0.67
2026-08-21 14:35:00,410.8,410.8,410.5,410.55,13723,410.61,410.77,27.88,0.66
2026-08-21 14:40:00,410.6,410.65,410.25,410.3,14924,410.55,410.73,27.65,0.64
2026-08-21 14:45:00,410.35,410.6,410.0,410.35,33597,410.51,410.7,27.88,0.64
2026-08-21 14:50:00,410.5,410.8,410.35,410.5,51571,410.51,410.68,27.47,0.63
2026-08-21 14:55:00,410.55,410.55,410.0,410.25,69077,410.46,410.64,27.71,0.63
2026-08-21 15:00:00,410.3,410.35,409.7,410.0,104242,410.36,410.58,28.4,0.63
2026-08-21 15:05:00,409.85,410.15,409.3,410.0,233132,410.29,410.53,29.58,0.64
2026-08-21 15:10:00,410.0,410.35,409.1,409.6,139337,410.15,410.44,30.05,0.67
2026-08-21 15:15:00,409.7,409.7,409.7,409.7,333,410.06,410.38,30.48,0.64
2026-08-21 15:20:00,409.7,409.7,409.7,409.7,0,409.99,410.31,30.89,0.61
2026-08-21 15:25:00,409.7,413.0,409.7,413.0,208456,410.59,410.56,31.49,0.74
2026-08-24 09:15:00,412.5,412.55,410.4,410.45,187253,410.56,410.55,32.05,0.83
2026-08-24 09:20:00,410.35,410.75,409.5,409.65,199911,410.38,410.47,31.09,0.85
2026-08-24 09:25:00,409.5,410.0,409.2,409.55,71032,410.21,410.38,29.76,0.85
2026-08-24 09:30:00,409.55,410.7,409.25,410.35,97016,410.24,410.38,29.24,0.87
2026-08-24 09:35:00,410.45,410.75,409.65,410.4,36595,410.27,410.38,28.8,0.89
2026-08-24 09:40:00,410.4,410.7,410.2,410.6,35852,410.34,410.4,28.39,0.87
2026-08-24 09:45:00,410.6,411.45,410.2,411.0,120915,410.47,410.46,28.73,0.89
2026-08-24 09:50:00,411.0,413.5,411.0,412.95,147176,410.97,410.68,30.38,0.96
2026-08-24 09:55:00,412.95,413.0,412.2,412.45,35180,411.26,410.84,31.9,0.95
2026-08-24 10:00:00,412.35,412.5,412.0,412.1,22365,411.43,410.96,32.99,0.93
2026-08-24 10:05:00,412.0,412.65,411.9,412.5,47056,411.64,411.1,34.08,0.92
2026-08-24 10:10:00,412.4,413.2,412.4,412.9,42334,411.9,411.26,35.42,0.92
2026-08-24 10:15:00,412.9,413.2,412.2,412.6,54772,412.04,411.38,36.31,0.92
2026-08-24 10:20:00,412.55,413.45,412.45,413.2,34576,412.27,411.55,37.29,0.93
2026-08-24 10:25:00,413.1,413.35,412.5,412.55,38970,412.33,411.64,38.2,0.92
2026-08-24 10:30:00,412.55,412.65,411.6,412.25,47021,412.31,411.7,37.44,0.93
2026-08-24 10:35:00,412.3,413.8,412.3,413.2,57639,412.49,411.83,37.61,0.96
2026-08-24 10:40:00,413.2,413.6,413.0,413.35,22453,412.66,411.97,37.78,0.94
2026-08-24 10:45:00,413.15,413.7,412.7,413.2,43579,412.77,412.08,37.44,0.94
2026-08-24 10:50:00,413.2,413.25,412.8,413.1,15578,412.83,412.17,37.12,0.92
2026-08-24 10:55:00,413.05,413.35,413.0,413.0,16889,412.87,412.25,36.92,0.89
2026-08-24 11:00:00,413.0,413.35,412.05,412.35,40804,412.76,412.26,35.19,0.91
2026-08-24 11:05:00,412.35,412.4,411.25,411.5,54010,412.51,412.19,32.79,0.92
2026-08-24 11:10:00,411.5,411.6,410.7,410.75,36955,412.16,412.06,31.17,0.92
2026-08-24 11:15:00,410.75,411.0,410.7,410.9,31568,411.91,411.95,29.66,0.89
2026-08-24 11:20:00,410.8,411.75,410.6,411.45,216762,411.82,411.91,27.76,0.91
2026-08-24 11:25:00,411.2,411.9,411.2,411.65,21677,411.78,411.88,26.18,0.9
2026-08-24 11:30:00,411.6,411.65,410.8,411.1,38133,411.65,411.81,24.42,0.89
2026-08-24 11:35:00,411.0,411.9,410.8,411.9,43335,411.7,411.82,22.88,0.9
2026-08-24 11:40:00,411.9,412.7,411.55,411.75,120693,411.71,411.81,22.35,0.91
2026-08-24 11:45:00,411.55,412.0,411.4,411.5,44280,411.67,411.79,21.65,0.9
2026-08-24 11:50:00,411.6,411.65,411.0,411.15,31999,411.56,411.73,20.45,0.89
2026-08-24 11:55:00,411.15,411.5,410.6,410.6,49676,411.37,411.63,19.16,0.89
2026-08-24 12:00:00,410.6,411.0,410.55,410.55,23239,411.21,411.53,18.02,0.87
2026-08-24 12:05:00,410.4,410.65,409.25,409.5,76704,410.86,411.34,18.37,0.89
2026-08-24 12:10:00,409.5,410.4,409.5,409.9,27531,410.67,411.21,18.7,0.89
2026-08-24 12:15:00,410.0,410.05,409.6,409.85,20446,410.51,411.09,19.01,0.87
2026-08-24 12:20:00,409.7,410.25,409.7,409.85,18361,410.38,410.98,18.96,0.86
2026-08-24 12:25:00,409.85,410.15,409.25,409.25,32588,410.15,410.82,19.41,0.86
2026-08-24 12:30:00,409.4,409.7,409.3,409.6,16361,410.04,410.71,19.82,0.84
2026-08-24 12:35:00,409.6,410.45,409.55,410.05,18290,410.04,410.65,18.96,0.84
2026-08-24 12:40:00,410.05,410.25,410.05,410.1,7640,410.05,410.6,18.16,0.81
2026-08-24 12:45:00,410.1,410.45,410.05,410.25,9395,410.09,410.57,17.1,0.79
2026-08-24 12:50:00,410.2,410.6,410.1,410.45,10048,410.16,410.56,15.88,0.78
2026-08-24 12:55:00,410.45,410.7,410.3,410.35,18560,410.2,410.54,14.91,0.76
2026-08-24 13:00:00,410.35,410.55,410.2,410.4,13378,410.24,410.52,13.85,0.74
2026-08-24 13:05:00,410.3,410.4,409.45,409.85,144684,410.16,410.46,14.02,0.75
2026-08-24 13:10:00,409.85,410.05,409.7,409.9,22840,410.11,410.41,14.18,0.73
2026-08-24 13:15:00,410.0,410.4,409.9,410.2,36400,410.13,410.39,13.66,0.72
2026-08-24 13:20:00,410.4,410.8,410.0,410.5,245588,410.2,410.4,12.88,0.72
2026-08-24 13:25:00,410.45,410.5,410.1,410.45,169925,410.25,410.41,12.15,0.71
2026-08-24 13:30:00,410.5,410.5,409.8,409.95,62317,410.19,410.37,11.62,0.71
2026-08-24 13:35:00,410.0,410.5,409.75,410.2,91626,410.19,410.35,11.22,0.71
2026-08-24 13:40:00,410.4,410.7,410.2,410.45,33621,410.24,410.36,10.45,0.7
2026-08-24 13:45:00,410.45,410.95,410.45,410.8,30439,410.36,410.4,10.15,0.69
2026-08-24 13:50:00,410.8,410.95,410.5,410.5,15574,410.38,410.41,9.87,0.68
2026-08-24 13:55:00,410.65,411.4,410.5,411.1,42748,410.53,410.47,10.42,0.69
2026-08-24 14:00:00,411.1,411.4,410.7,410.9,24685,410.6,410.51,10.93,0.69
2026-08-24 14:05:00,410.95,411.1,410.45,410.75,23604,410.63,410.53,10.79,0.69
2026-08-24 14:10:00,410.6,411.25,410.55,411.1,65340,410.73,410.58,10.96,0.69
2026-08-24 14:15:00,411.0,411.1,410.35,410.45,48684,410.67,410.57,10.63,0.69
2026-08-24 14:20:00,410.7,411.25,410.5,411.25,63448,410.79,410.63,10.63,0.7
2026-08-24 14:25:00,411.05,411.75,411.05,411.25,42574,410.88,410.69,11.54,0.7
2026-08-24 14:30:00,411.4,411.7,411.0,411.3,21795,410.96,410.74,12.26,0.7
2026-08-24 14:35:00,411.3,411.65,411.0,411.15,27278,411.0,410.78,12.92,0.7
2026-08-24 14:40:00,411.0,411.4,410.55,411.05,43017,411.01,410.81,12.35,0.7
2026-08-24 14:45:00,411.05,411.95,410.9,411.5,58386,411.11,410.87,12.86,0.72
2026-08-24 14:50:00,411.5,412.3,411.3,411.35,66799,411.16,410.91,13.87,0.73
2026-08-24 14:55:00,411.4,411.85,410.65,410.85,55366,411.1,410.91,13.37,0.75
2026-08-24 15:00:00,410.65,411.4,410.45,410.85,116196,411.05,410.9,12.52,0.76
2026-08-24 15:05:00,410.85,410.85,409.5,410.0,143875,410.84,410.82,13.0,0.79
2026-08-24 15:10:00,410.1,410.5,409.55,410.0,189838,410.67,410.75,13.44,0.8
2026-08-24 15:15:00,410.0,410.0,410.0,410.0,54,410.54,410.68,13.85,0.76
2026-08-24 15:20:00,410.0,410.0,410.0,410.0,0,410.43,410.62,14.23,0.73
2026-08-24 15:25:00,410.0,411.4,410.0,411.4,135843,410.62,410.69,14.29,0.76
2026-08-25 09:15:00,410.8,410.8,409.05,410.0,119384,410.5,410.62,13.62,0.83
2026-08-25 09:20:00,410.0,410.95,409.15,409.3,78094,410.26,410.5,12.78,0.88
2026-08-25 09:25:00,409.15,409.5,409.05,409.1,75773,410.03,410.38,12.15,0.86
2026-08-25 09:30:00,409.3,410.5,409.1,410.45,90473,410.11,410.38,12.33,0.88
2026-08-25 09:35:00,410.35,411.15,410.0,410.65,128140,410.22,410.41,13.17,0.9
2026-08-25 09:40:00,410.55,411.7,410.5,411.6,59806,410.5,410.52,14.46,0.91
2026-08-25 09:45:00,411.65,411.8,410.15,410.15,77234,410.43,410.48,15.09,0.95
2026-08-25 09:50:00,410.15,410.5,409.8,410.45,46959,410.43,410.48,15.15,0.93
2026-08-25 09:55:00,410.6,410.75,410.2,410.2,25736,410.38,410.45,15.48,0.92
2026-08-25 10:00:00,410.2,410.35,409.25,409.3,52483,410.17,410.35,14.47,0.93
2026-08-25 10:05:00,409.3,409.5,408.15,408.65,92399,409.86,410.19,14.5,0.95
2026-08-25 10:10:00,408.85,409.35,408.6,409.0,48230,409.69,410.09,14.52,0.94
2026-08-25 10:15:00,409.0,409.45,408.8,409.35,25795,409.62,410.02,14.41,0.92
2026-08-25 10:20:00,409.5,410.4,409.3,410.1,144109,409.72,410.03,13.63,0.93
2026-08-25 10:25:00,410.1,411.25,410.0,411.15,138846,410.0,410.13,13.75,0.95
2026-08-25 10:30:00,411.1,411.15,410.45,410.65,28456,410.13,410.18,13.86,0.93
2026-08-25 10:35:00,410.65,411.0,410.2,410.95,36763,410.3,410.25,13.63,0.93
2026-08-25 10:40:00,410.95,411.0,410.6,410.7,10892,410.38,410.29,13.42,0.9
2026-08-25 10:45:00,410.6,411.0,410.2,410.95,34441,410.49,410.35,12.67,0.9
2026-08-25 10:50:00,411.25,411.8,411.15,411.3,63619,410.65,410.43,12.88,0.9
2026-08-25 10:55:00,411.3,411.65,410.95,410.95,27814,410.71,410.48,12.8,0.89
2026-08-25 11:00:00,410.95,411.75,410.95,411.3,24312,410.83,410.56,12.83,0.88
2026-08-25 11:05:00,411.3,411.75,411.05,411.65,24619,410.99,410.66,12.86,0.87
2026-08-25 11:10:00,411.65,412.8,411.6,412.8,61248,411.36,410.85,14.0,0.89
2026-08-25 11:15:00,412.8,413.0,411.7,411.7,90795,411.42,410.93,15.24,0.91
2026-08-25 11:20:00,411.7,411.75,410.7,411.15,51583,411.37,410.95,14.88,0.92
2026-08-25 11:25:00,411.15,411.25,410.6,410.9,21573,411.28,410.94,14.42,0.9
2026-08-25 11:30:00,410.9,411.15,410.3,410.45,19432,411.11,410.9,13.59,0.9
2026-08-25 11:35:00,410.45,410.5,410.25,410.3,11565,410.95,410.84,12.75,0.87
2026-08-25 11:40:00,410.3,410.3,409.8,409.95,65750,410.75,410.76,12.3,0.85
2026-08-25 11:45:00,409.95,410.65,409.9,410.6,205111,410.72,410.75,11.45,0.85
2026-08-25 11:50:00,410.6,411.0,410.05,410.05,25219,410.59,410.68,11.12,0.85
2026-08-25 11:55:00,410.2,410.85,409.95,410.7,120196,410.61,410.69,10.66,0.85
2026-08-25 12:00:00,410.7,410.85,410.55,410.85,32608,410.66,410.7,10.23,0.83
2026-08-25 12:05:00,410.85,410.9,410.0,410.3,82507,410.59,410.66,10.0,0.83
2026-08-25 12:10:00,410.3,410.55,410.0,410.3,19617,410.53,410.63,9.78,0.82
2026-08-25 12:15:00,410.3,410.5,410.0,410.2,96157,410.46,410.59,9.57,0.8
2026-08-25 12:20:00,410.15,410.5,410.05,410.25,18950,410.42,410.56,9.38,0.79
2026-08-25 12:25:00,410.2,410.4,410.1,410.25,23015,410.39,410.53,9.2,0.76
2026-08-25 12:30:00,410.3,410.45,410.05,410.3,10704,410.37,410.51,9.04,0.75
2026-08-25 12:35:00,410.3,410.6,410.2,410.35,18037,410.37,410.5,8.54,0.73
2026-08-25 12:40:00,410.35,410.45,410.1,410.2,23997,410.33,410.47,8.3,0.71
2026-08-25 12:45:00,410.15,410.7,410.15,410.4,22305,410.35,410.46,7.92,0.7
2026-08-25 12:50:00,410.4,411.3,410.4,410.8,61349,410.44,410.49,8.73,0.71
2026-08-25 12:55:00,410.8,410.95,410.45,410.8,31420,410.51,410.52,9.49,0.7
2026-08-25 13:00:00,410.75,410.8,410.25,410.4,22508,410.49,410.51,9.67,0.7
2026-08-25 13:05:00,410.4,410.95,410.3,410.55,57307,410.5,410.51,10.13,0.69
2026-08-25 13:10:00,410.5,411.25,410.45,410.7,170188,410.54,410.53,11.1,0.7
2026-08-25 13:15:00,410.8,411.9,410.75,411.55,62930,410.74,410.62,12.97,0.72
2026-08-25 13:20:00,411.6,412.1,411.3,411.85,90036,410.96,410.74,14.95,0.73
2026-08-25 13:25:00,411.75,411.9,411.6,411.75,18501,411.12,410.83,16.79,0.71
2026-08-25 13:30:00,411.95,411.95,411.7,411.9,17596,411.28,410.93,18.56,0.68
2026-08-25 13:35:00,411.9,411.9,411.5,411.75,12882,411.37,411.0,19.56,0.67
2026-08-25 13:40:00,411.8,412.25,411.5,412.25,27687,411.55,411.11,21.01,0.67
2026-08-25 13:45:00,412.2,412.35,412.05,412.15,29854,411.67,411.21,22.49,0.66
2026-08-25 13:50:00,412.2,412.5,411.75,412.35,39585,411.8,411.31,22.92,0.66
2026-08-25 13:55:00,412.4,412.5,412.0,412.1,12183,411.86,411.38,23.32,0.65
2026-08-25 14:00:00,412.1,412.4,411.75,412.0,44327,411.89,411.44,22.94,0.65
2026-08-25 14:05:00,412.05,412.2,411.55,411.75,23385,411.86,411.47,22.02,0.65
2026-08-25 14:10:00,411.8,412.15,411.6,412.1,32044,411.91,411.53,21.16,0.65
2026-08-25 14:15:00,412.2,413.2,412.15,413.1,62146,412.15,411.67,22.22,0.67
2026-08-25 14:20:00,413.15,413.9,413.1,413.85,75695,412.49,411.87,23.99,0.68
2026-08-25 14:25:00,413.85,414.0,412.75,413.1,92002,412.61,411.98,24.74,0.7
2026-08-25 14:30:00,413.1,413.4,412.6,413.0,48093,412.69,412.07,25.08,0.71
2026-08-25 14:35:00,413.25,413.5,413.05,413.5,50970,412.85,412.2,25.53,0.7
2026-08-25 14:40:00,413.5,414.0,413.3,413.95,50754,413.07,412.36,26.55,0.7
2026-08-25 14:45:00,414.0,414.25,413.65,414.0,130984,413.26,412.51,27.77,0.69
2026-08-25 14:50:00,414.0,415.25,414.0,414.75,165651,413.56,412.71,29.75,0.72
2026-08-25 14:55:00,414.8,415.0,414.65,414.9,84189,413.82,412.91,31.59,0.7
2026-08-25 15:00:00,414.85,414.95,414.35,414.6,140564,413.98,413.07,32.54,0.7
2026-08-25 15:05:00,414.6,416.0,414.5,415.65,231863,414.31,413.3,34.23,0.74
2026-08-25 15:10:00,415.75,416.3,415.4,416.15,205627,414.68,413.56,35.99,0.74
2026-08-25 15:15:00,416.15,416.15,416.15,416.15,40,414.97,413.79,37.62,0.71
2026-08-25 15:20:00,416.15,416.15,416.15,416.15,0,415.21,414.01,39.13,0.67
2026-08-25 15:25:00,416.15,417.0,416.15,417.0,65092,415.57,414.28,41.05,0.68
2026-08-26 09:15:00,418.0,420.55,415.55,415.6,442120,415.57,414.4,43.9,0.89
2026-08-26 09:20:00,415.6,418.0,415.6,417.3,149262,415.92,414.66,46.54,0.96
2026-08-26 09:25:00,417.2,418.0,417.2,417.8,59934,416.3,414.95,49.0,0.95
2026-08-26 09:30:00,417.6,419.9,417.5,419.1,110554,416.86,415.33,51.59,1.02
2026-08-26 09:35:00,419.05,420.85,419.0,419.85,191031,417.46,415.74,54.11,1.06
2026-08-26 09:40:00,419.85,421.0,419.85,420.1,127455,417.98,416.13,56.46,1.07
2026-08-26 09:45:00,420.1,420.6,419.6,419.9,81987,418.37,416.48,58.23,1.06
2026-08-26 09:50:00,419.9,420.25,419.7,420.0,41952,418.69,416.8,59.87,1.04
2026-08-26 09:55:00,419.9,420.75,419.5,420.75,37549,419.11,417.16,61.48,1.05
2026-08-26 10:00:00,420.8,420.9,419.65,419.65,54911,419.21,417.38,63.01,1.06
2026-08-26 10:05:00,419.75,419.95,419.0,419.3,38999,419.23,417.56,63.23,1.05
2026-08-26 10:10:00,419.3,419.3,418.5,418.95,39706,419.17,417.68,62.6,1.04
2026-08-26 10:15:00,419.0,419.0,417.65,417.8,69580,418.9,417.69,60.76,1.06
2026-08-26 10:20:00,417.65,417.9,416.65,417.35,118142,418.59,417.66,57.81,1.06
2026-08-26 10:25:00,417.25,418.3,417.05,418.2,41390,418.51,417.71,55.37,1.07
2026-08-26 10:30:00,418.3,418.35,417.8,417.95,46113,418.4,417.73,53.14,1.05
2026-08-26 10:35:00,417.95,418.0,417.4,417.5,33686,418.22,417.71,50.57,1.03
2026-08-26 10:40:00,417.45,417.9,417.35,417.8,43770,418.14,417.72,48.12,1.0
2026-08-26 10:45:00,417.9,418.15,417.35,418.1,41070,418.13,417.75,46.08,0.99
2026-08-26 10:50:00,418.1,418.4,417.5,417.9,27314,418.08,417.77,44.42,0.99
2026-08-26 10:55:00,417.95,419.25,417.6,418.75,60176,418.22,417.86,43.58,1.02
2026-08-26 11:00:00,418.7,418.7,418.3,418.45,11682,418.26,417.91,42.8,0.99
2026-08-26 11:05:00,418.45,419.25,418.45,418.9,20481,418.39,418.0,42.5,0.98
2026-08-26 11:10:00,418.85,418.95,418.6,418.75,21373,418.46,418.07,42.22,0.95
2026-08-26 11:15:00,418.8,418.85,418.3,418.45,8834,418.46,418.1,41.44,0.94
2026-08-26 11:20:00,418.4,418.45,417.8,417.9,28974,418.35,418.09,39.91,0.92
2026-08-26 11:25:00,418.0,418.1,417.85,417.95,7150,418.27,418.07,38.48,0.89
2026-08-26 11:30:00,418.0,418.3,417.8,418.2,11935,418.25,418.08,37.38,0.87
2026-08-26 11:35:00,418.2,418.4,418.1,418.1,8059,418.22,418.09,36.47,0.84
2026-08-26 11:40:00,418.25,418.5,418.05,418.1,6733,418.2,418.09,35.74,0.83
2026-08-26 11:45:00,418.1,418.2,417.9,417.95,6314,418.15,418.07,34.76,0.8
2026-08-26 11:50:00,417.95,418.25,417.6,417.8,19221,418.08,418.05,33.26,0.79
2026-08-26 11:55:00,417.7,418.9,417.65,418.65,16275,418.19,418.1,32.71,0.81
2026-08-26 12:00:00,418.8,418.8,418.45,418.6,12729,418.27,418.15,32.19,0.79
2026-08-26 12:05:00,418.6,418.65,418.3,418.45,8825,418.31,418.18,31.4,0.77
2026-08-26 12:10:00,418.3,418.8,418.3,418.7,10911,418.39,418.22,30.87,0.76
2026-08-26 12:15:00,418.7,418.85,418.7,418.75,11238,418.46,418.27,30.45,0.73
2026-08-26 12:20:00,418.75,418.85,418.55,418.6,24260,418.49,418.3,29.7,0.71
2026-08-26 12:25:00,418.6,418.6,417.35,417.5,28276,418.29,418.23,28.34,0.74
2026-08-26 12:30:00,417.5,417.95,417.25,417.8,36861,418.19,418.19,27.23,0.73
2026-08-26 12:35:00,417.8,418.5,417.7,418.45,26753,418.24,418.21,25.32,0.74
2026-08-26 12:40:00,418.45,418.5,417.8,417.95,25315,418.19,418.19,23.54,0.73
2026-08-26 12:45:00,417.95,417.95,417.55,417.65,23019,418.08,418.14,22.24,0.72
2026-08-26 12:50:00,417.65,417.85,417.55,417.7,13592,418.0,418.1,21.04,0.7
2026-08-26 12:55:00,417.7,418.15,417.7,418.05,17407,418.01,418.1,19.72,0.69
2026-08-26 13:00:00,418.05,418.05,417.6,417.95,17904,418.0,418.08,18.32,0.68
2026-08-26 13:05:00,417.9,418.35,417.9,418.35,41604,418.07,418.11,17.56,0.67
2026-08-26 13:10:00,418.35,418.4,418.0,418.25,34693,418.11,418.12,16.94,0.65
2026-08-26 13:15:00,418.25,418.8,418.15,418.75,30839,418.23,418.18,17.07,0.65
2026-08-26 13:20:00,418.8,418.95,418.3,418.6,28826,418.31,418.22,17.42,0.65
2026-08-26 13:25:00,418.55,418.55,418.15,418.4,16765,418.33,418.23,17.37,0.64
2026-08-26 13:30:00,418.5,418.5,418.2,418.35,17924,418.33,418.24,17.33,0.63
2026-08-26 13:35:00,418.35,418.95,418.25,418.9,29974,418.44,418.3,18.06,0.63
2026-08-26 13:40:00,418.9,418.9,418.45,418.6,12574,418.48,418.33,18.74,0.62
2026-08-26 13:45:00,418.55,418.8,418.4,418.75,21591,418.53,418.37,19.21,0.61
2026-08-26 13:50:00,418.7,418.95,418.6,418.95,16535,418.61,418.42,19.93,0.6
2026-08-26 13:55:00,418.9,418.9,418.05,418.25,22898,418.54,418.41,19.06,0.61
2026-08-26 14:00:00,418.2,418.3,418.0,418.15,10811,418.46,418.38,18.14,0.6
2026-08-26 14:05:00,418.15,418.15,417.5,417.6,24490,418.29,418.31,17.51,0.6
2026-08-26 14:10:00,417.5,418.35,417.5,418.25,38591,418.28,418.31,16.47,0.61
2026-08-26 14:15:00,418.25,418.25,417.9,418.05,21036,418.24,418.28,15.5,0.6
2026-08-26 14:20:00,418.0,418.15,417.2,417.35,34651,418.06,418.2,15.95,0.62
2026-08-26 14:25:00,417.35,417.45,416.85,417.2,140318,417.89,418.11,16.89,0.62
2026-08-26 14:30:00,417.2,417.25,417.05,417.15,18566,417.74,418.02,17.77,0.6
2026-08-26 14:35:00,417.15,417.4,417.0,417.4,22020,417.67,417.96,18.16,0.59
2026-08-26 14:40:00,417.35,417.4,416.85,417.05,32253,417.55,417.88,18.79,0.58
2026-08-26 14:45:00,417.0,417.55,416.95,417.45,33132,417.53,417.84,18.94,0.59
2026-08-26 14:50:00,417.4,417.5,417.2,417.35,34574,417.49,417.8,19.07,0.57
2026-08-26 14:55:00,417.35,417.5,417.0,417.2,32364,417.43,417.74,19.59,0.57
2026-08-26 15:00:00,417.15,417.35,416.85,417.1,70862,417.37,417.68,20.34,0.57
2026-08-26 15:05:00,417.0,417.1,416.45,417.0,138023,417.29,417.62,21.69,0.57
2026-08-26 15:10:00,416.95,417.0,416.1,416.7,108846,417.17,417.54,23.42,0.58
2026-08-26 15:15:00,416.7,416.7,416.7,416.7,1,417.08,417.46,25.02,0.56
2026-08-26 15:20:00,416.7,416.7,416.7,416.7,0,417.0,417.39,26.51,0.53
2026-08-26 15:25:00,416.7,416.7,415.5,415.5,59610,416.7,417.22,29.13,0.56
2026-08-27 09:15:00,416.0,424.45,416.0,422.1,490099,417.78,417.66,30.57,0.96
2026-08-27 09:20:00,422.2,423.5,421.25,422.95,270307,418.82,418.14,31.91,1.02
2026-08-27 09:25:00,422.95,422.95,421.2,422.9,155163,419.63,418.58,33.1,1.06
2026-08-27 09:30:00,422.85,424.05,421.85,423.45,273394,420.4,419.02,34.6,1.11
2026-08-27 09:35:00,423.3,428.5,423.15,427.9,844168,421.9,419.83,37.04,1.31
2026-08-27 09:40:00,427.85,428.9,426.1,428.1,622760,423.14,420.58,39.38,1.38
2026-08-27 09:45:00,428.1,428.2,426.75,427.1,262488,423.93,421.17,41.55,1.39
2026-08-27 09:50:00,427.1,427.25,425.8,426.1,231833,424.36,421.62,42.64,1.39
2026-08-27 09:55:00,426.25,426.25,425.15,425.55,204346,424.6,421.98,43.05,1.38
2026-08-27 10:00:00,425.6,426.1,425.0,425.65,170855,424.81,422.31,43.29,1.36
2026-08-27 10:05:00,425.65,426.55,425.15,426.4,145214,425.13,422.68,43.68,1.37
2026-08-27 10:10:00,426.45,427.1,426.0,426.1,160744,425.32,422.99,44.22,1.35
2026-08-27 10:15:00,426.15,426.8,425.35,425.95,144973,425.45,423.26,44.06,1.36
2026-08-27 10:20:00,425.85,425.95,424.3,424.75,130784,425.31,423.4,42.95,1.37
2026-08-27 10:25:00,424.75,428.35,424.75,427.95,496400,425.84,423.81,42.89,1.48
2026-08-27 10:30:00,427.85,428.0,426.55,426.85,178103,426.04,424.09,42.83,1.48
2026-08-27 10:35:00,427.0,429.9,426.85,429.9,619332,426.81,424.62,43.4,1.55
2026-08-27 10:40:00,429.8,432.0,429.8,431.2,915385,427.69,425.21,44.45,1.58
2026-08-27 10:45:00,431.2,437.25,431.2,435.2,1972043,429.19,426.12,46.29,1.79
2026-08-27 10:50:00,435.2,438.2,435.15,435.8,1410044,430.51,427.0,48.11,1.85
2026-08-27 10:55:00,435.8,435.95,434.1,434.55,602955,431.32,427.69,49.07,1.85
2026-08-27 11:00:00,434.6,435.5,434.4,434.8,369697,432.02,428.33,49.96,1.82
2026-08-27 11:05:00,434.95,435.0,434.1,434.25,394518,432.46,428.87,50.57,1.77
2026-08-27 11:10:00,434.3,434.7,433.4,433.8,417534,432.73,429.32,50.6,1.75
2026-08-27 11:15:00,433.85,434.1,432.6,432.7,355359,432.72,429.63,50.05,1.74
2026-08-27 11:20:00,432.8,435.25,432.7,434.4,392111,433.06,430.06,49.86,1.78
2026-08-27 11:25:00,434.65,434.65,433.3,433.6,124556,433.17,430.38,49.68,1.76
2026-08-27 11:30:00,433.6,434.25,433.5,433.75,113417,433.28,430.69,49.51,1.71
2026-08-27 11:35:00,433.75,433.75,432.55,432.65,162963,433.16,430.87,48.58,1.69
2026-08-27 11:40:00,432.65,433.2,431.7,432.85,364831,433.1,431.05,47.07,1.68
2026-08-27 11:45:00,432.85,433.5,432.45,432.85,120600,433.05,431.21,45.79,1.65
2026-08-27 11:50:00,432.85,433.6,432.5,433.3,122663,433.1,431.4,44.65,1.62
2026-08-27 11:55:00,433.5,433.55,432.7,433.2,136429,433.12,431.56,43.59,1.58
2026-08-27 12:00:00,433.2,433.4,432.95,433.15,56408,433.12,431.71,42.61,1.53
2026-08-27 12:05:00,433.0,433.3,432.7,433.1,85681,433.12,431.84,41.45,1.49
2026-08-27 12:10:00,432.95,434.4,432.95,434.05,201144,433.31,432.04,40.96,1.48
2026-08-27 12:15:00,433.9,433.95,433.0,433.35,88285,433.31,432.16,40.51,1.46
2026-08-27 12:20:00,433.45,433.45,432.8,432.8,66925,433.21,432.21,39.87,1.42
2026-08-27 12:25:00,432.85,433.5,432.8,433.2,111585,433.21,432.3,39.3,1.39
2026-08-27 12:30:00,433.2,433.45,430.5,430.7,451203,432.71,432.16,36.57,1.46
2026-08-27 12:35:00,430.7,432.0,430.5,431.2,388052,432.41,432.07,34.03,1.47
2026-08-27 12:40:00,431.05,431.3,430.2,430.55,186104,432.03,431.93,31.77,1.45
2026-08-27 12:45:00,430.55,430.6,430.1,430.3,81333,431.69,431.78,29.76,1.4
2026-08-27 12:50:00,430.3,430.5,430.1,430.2,70942,431.39,431.64,27.89,1.36
2026-08-27 12:55:00,430.4,430.9,430.0,430.35,129223,431.18,431.52,26.03,1.33
2026-08-27 13:00:00,430.35,430.95,429.8,430.85,138950,431.12,431.46,24.24,1.33
2026-08-27 13:05:00,430.85,431.9,430.8,431.7,127227,431.23,431.48,23.34,1.31
2026-08-27 13:10:00,431.7,431.75,430.75,431.45,84170,431.28,431.48,22.45,1.3
2026-08-27 13:15:00,431.65,431.7,431.2,431.45,47256,431.31,431.48,21.63,1.26
2026-08-27 13:20:00,431.55,432.75,430.25,430.55,187467,431.16,431.39,21.79,1.32
2026-08-27 13:25:00,430.5,430.8,430.0,430.2,230398,430.97,431.28,21.63,1.3
2026-08-27 13:30:00,430.2,430.3,429.3,430.05,191062,430.78,431.17,20.63,1.28
2026-08-27 13:35:00,430.05,430.2,429.65,430.05,45102,430.64,431.07,19.71,1.25
2026-08-27 13:40:00,430.05,430.75,430.05,430.3,62058,430.57,431.0,19.39,1.22
2026-08-27 13:45:00,430.2,432.0,430.2,431.85,75851,430.83,431.08,20.11,1.25
2026-08-27 13:50:00,431.85,433.15,431.7,433.0,153542,431.26,431.25,21.5,1.26
2026-08-27 13:55:00,433.0,433.35,432.5,432.75,135729,431.56,431.39,22.9,1.24
2026-08-27 14:00:00,432.8,433.45,431.7,433.0,210680,431.85,431.54,23.18,1.26
2026-08-27 14:05:00,433.1,434.25,432.95,433.1,203634,432.1,431.68,23.96,1.26
2026-08-27 14:10:00,433.1,433.5,432.85,432.9,141820,432.26,431.79,24.55,1.24
2026-08-27 14:15:00,432.9,434.1,432.9,433.4,153725,432.49,431.94,25.48,1.23
2026-08-27 14:20:00,433.35,433.45,433.1,433.2,42374,432.63,432.05,26.34,1.19
2026-08-27 14:25:00,433.2,433.35,432.1,432.4,134052,432.58,432.08,25.86,1.19
2026-08-27 14:30:00,432.5,433.15,432.15,432.8,126687,432.63,432.15,25.42,1.19
2026-08-27 14:35:00,432.8,433.0,432.35,432.5,47633,432.6,432.18,25.0,1.16
2026-08-27 14:40:00,432.5,433.65,432.45,432.7,244132,432.62,432.23,25.17,1.16
2026-08-27 14:45:00,432.8,433.25,432.65,432.95,121243,432.69,432.29,25.32,1.13
2026-08-27 14:50:00,433.0,433.0,432.4,432.7,154152,432.69,432.33,25.09,1.11
2026-08-27 14:55:00,432.75,432.9,432.45,432.5,104933,432.65,432.34,24.88,1.08
2026-08-27 15:00:00,432.1,433.25,432.1,432.75,377110,432.67,432.38,25.03,1.08
2026-08-27 15:05:00,432.8,433.35,432.5,433.35,514961,432.81,432.47,25.26,1.07
2026-08-27 15:10:00,433.35,433.45,432.65,433.2,470955,432.89,432.54,25.58,1.06
2026-08-27 15:15:00,433.0,433.0,433.0,433.0,215,432.91,432.58,25.88,1.02
2026-08-27 15:20:00,433.0,433.0,433.0,433.0,0,432.93,432.62,26.16,0.97
2026-08-27 15:25:00,433.0,433.95,433.0,433.95,132116,433.13,432.74,27.37,0.97
