Datetime,Open,High,Low,Close,Volume,EMA9,EMA21,ADX,ATR
2021-06-03 09:15:00,85.95,87.2,84.8,85.3,1363276,,,0.0,0.0
2021-06-04 09:15:00,86.35,86.35,84.2,84.65,1642568,,,0.0,0.0
2021-06-07 09:15:00,86.0,86.5,84.05,85.0,1924652,,,0.0,0.0
2021-06-08 09:15:00,85.7,86.1,82.85,83.3,1844380,,,0.0,0.0
2021-06-09 09:15:00,83.1,84.5,79.0,80.0,2281129,,,0.0,0.0
2021-06-10 09:15:00,79.3,83.25,77.7,81.2,1528826,,,0.0,0.0
2021-06-11 09:15:00,82.8,83.5,80.5,82.0,1632161,,,0.0,0.0
2021-06-14 09:15:00,85.95,85.95,83.0,85.95,4378425,,,0.0,0.0
2021-06-15 09:15:00,89.0,89.8,84.05,84.95,1971915,83.88,,0.0,0.0
2021-06-16 09:15:00,85.4,85.4,80.9,81.5,1978634,83.41,,0.0,0.0
2021-06-17 09:15:00,77.2,82.0,77.2,80.0,1455051,82.73,,0.0,0.0
2021-06-18 09:15:00,80.0,82.5,76.35,82.4,1671613,82.66,,0.0,0.0
2021-06-21 09:15:00,80.1,82.1,78.9,79.3,845164,81.99,,0.0,0.0
2021-06-22 09:15:00,81.0,81.2,79.5,79.85,624817,81.56,,0.0,0.0
2021-06-23 09:15:00,80.9,80.9,78.6,79.3,751618,81.11,,0.0,0.0
2021-06-24 09:15:00,79.5,80.5,76.5,78.7,1941260,80.63,,0.0,0.0
2021-06-25 09:15:00,76.0,79.0,76.0,78.5,1226665,80.2,,0.0,0.0
2021-06-28 09:15:00,76.25,78.6,76.25,78.4,1529216,79.84,,0.0,0.0
2021-06-29 09:15:00,77.05,79.5,77.0,79.1,1728486,79.69,,0.0,0.0
2021-06-30 09:15:00,79.0,80.5,78.4,79.1,771784,79.57,,0.0,0.0
2021-07-01 09:15:00,79.8,80.2,78.05,79.65,1824256,79.59,80.99,0.0,3.49
2021-07-02 09:15:00,78.65,81.7,78.65,81.6,922667,79.99,81.05,0.0,3.47
2021-07-05 09:15:00,80.55,82.5,80.05,81.1,1892949,80.21,81.05,0.0,3.42
2021-07-06 09:15:00,81.2,82.4,79.0,79.35,820807,80.04,80.9,0.0,3.42
2021-07-07 09:15:00,79.95,80.95,78.15,79.25,591925,79.88,80.75,0.0,3.39
2021-07-08 09:15:00,79.0,80.1,77.25,78.0,634855,79.51,80.5,0.0,3.36
2021-07-09 09:15:00,78.0,78.85,77.05,77.95,301007,79.19,80.27,0.0,3.29
2021-07-12 09:15:00,78.0,78.95,76.55,77.0,1016304,78.76,79.97,34.09,3.25
2021-07-13 09:15:00,78.1,78.4,76.0,77.0,1518839,78.4,79.7,34.24,3.21
2021-07-14 09:15:00,77.8,77.9,74.4,74.5,622070,77.62,79.23,34.86,3.22
2021-07-15 09:15:00,75.5,79.25,73.0,77.5,1535159,77.6,79.07,35.81,3.36
2021-07-16 09:15:00,76.5,78.95,76.05,77.0,395405,77.48,78.88,36.68,3.34
2021-07-19 09:15:00,76.25,76.75,74.1,76.0,1630577,77.18,78.62,37.97,3.32
2021-07-20 09:15:00,75.5,75.85,71.7,74.2,1567994,76.59,78.22,39.63,3.37
2021-07-22 09:15:00,74.0,77.8,73.7,77.65,950378,76.8,78.17,39.88,3.4
2021-07-23 09:15:00,79.1,80.6,76.8,76.95,1197451,76.83,78.06,38.61,3.42
2021-07-26 09:15:00,76.0,78.1,75.0,76.1,524294,76.68,77.88,37.94,3.41
2021-07-27 09:15:00,76.0,78.5,75.95,77.5,2819512,76.85,77.84,37.12,3.37
2021-07-28 09:15:00,77.5,79.9,76.5,79.4,1372931,77.36,77.98,35.67,3.37
2021-07-29 09:15:00,79.3,80.0,78.35,79.2,1059923,77.73,78.1,34.28,3.29
2021-07-30 09:15:00,79.3,79.85,77.35,77.85,1090265,77.75,78.07,33.34,3.25
2021-08-02 09:15:00,80.0,81.0,78.65,78.7,1812287,77.94,78.13,31.88,3.24
2021-08-03 09:15:00,83.05,83.05,83.05,83.05,705287,78.96,78.58,29.61,3.3
2021-08-04 09:15:00,87.2,87.2,87.2,87.2,470688,80.61,79.36,28.93,3.34
2021-08-05 09:15:00,91.0,91.0,85.0,86.0,4820883,81.69,79.96,29.25,3.46
2021-08-06 09:15:00,86.0,87.0,83.2,85.5,2165113,82.45,80.47,28.8,3.48
2021-08-09 09:15:00,86.6,86.6,81.6,82.1,1303308,82.38,80.62,27.77,3.55
2021-08-10 09:15:00,81.95,81.95,77.9,77.9,2297533,81.48,80.37,25.96,3.58
2021-08-11 09:15:00,75.15,77.1,74.05,75.0,2788226,80.19,79.88,25.26,3.6
2021-08-12 09:15:00,77.0,79.25,75.5,79.25,2416132,80.0,79.82,23.96,3.63
2021-08-13 09:15:00,81.25,82.25,80.0,80.0,2745572,80.0,79.84,22.55,3.6
2021-08-16 09:15:00,80.05,81.0,76.05,80.5,709110,80.1,79.9,21.61,3.66
2021-08-17 09:15:00,80.65,82.7,79.1,82.05,1840344,80.49,80.1,20.29,3.66
2021-08-18 09:15:00,81.2,82.5,80.1,82.0,1510434,80.79,80.27,19.06,3.6
2021-08-20 09:15:00,80.0,82.1,78.5,81.0,2856048,80.83,80.33,18.33,3.6
2021-08-23 09:15:00,80.5,83.85,79.95,83.15,2932432,81.3,80.59,17.15,3.61
2021-08-24 09:15:00,84.5,84.6,82.0,83.0,658627,81.64,80.81,16.0,3.56
2021-08-25 09:15:00,83.4,84.9,83.0,84.4,905336,82.19,81.14,15.03,3.49
2021-08-26 09:15:00,84.9,84.9,83.0,83.5,375658,82.45,81.35,14.13,3.41
2021-08-27 09:15:00,84.0,84.55,83.0,84.2,652036,82.8,81.61,13.29,3.32
2021-08-30 09:15:00,85.0,86.9,84.95,85.25,968156,83.29,81.94,13.25,3.29
2021-08-31 09:15:00,85.9,86.5,84.0,85.6,835047,83.75,82.27,12.86,3.25
2021-09-01 09:15:00,86.5,86.7,85.5,85.55,724111,84.11,82.57,12.57,3.16
2021-09-02 09:15:00,86.65,90.05,84.85,90.05,2086799,85.3,83.25,13.29,3.25
2021-09-03 09:15:00,94.55,94.55,90.9,91.5,2858096,86.54,84.0,14.96,3.31
2021-09-06 09:15:00,91.9,91.9,88.1,89.8,1469603,87.19,84.53,15.46,3.34
2021-09-07 09:15:00,89.5,93.25,86.5,92.55,1703426,88.26,85.26,15.37,3.5
2021-09-08 09:15:00,92.0,93.7,90.55,92.1,678804,89.03,85.88,15.41,3.48
2021-09-09 09:15:00,88.25,91.9,88.25,91.0,548063,89.42,86.35,14.68,3.5
2021-09-13 09:15:00,92.4,92.4,87.0,89.6,1748428,89.46,86.64,13.65,3.59
2021-09-14 09:15:00,89.25,90.9,88.5,89.7,1179109,89.51,86.92,12.69,3.53
2021-09-15 09:15:00,90.0,90.8,88.9,89.25,975564,89.46,87.13,11.81,3.46
2021-09-16 09:15:00,89.0,89.5,87.2,89.0,968077,89.36,87.3,11.56,3.4
2021-09-17 09:15:00,90.75,93.4,87.95,92.0,2312998,89.89,87.73,11.42,3.5
2021-09-20 09:15:00,92.0,92.95,90.4,91.3,1673995,90.17,88.05,11.29,3.45
2021-09-21 09:15:00,89.1,96.5,89.1,96.5,2874187,91.44,88.82,12.14,3.64
2021-09-22 09:15:00,98.0,101.3,97.0,101.3,2259455,93.41,89.96,13.9,3.7
2021-09-23 09:15:00,105.0,106.35,101.0,106.35,1158235,96.0,91.45,16.29,3.77
2021-09-24 09:15:00,111.65,111.65,107.0,111.65,3448319,99.13,93.28,19.12,3.85
2021-09-27 09:15:00,112.8,112.8,105.95,106.5,4019397,100.6,94.48,21.85,3.99
2021-09-28 09:15:00,107.0,113.15,106.55,113.15,2133964,103.11,96.18,24.43,4.12
2021-09-29 09:15:00,115.0,117.1,113.15,117.1,2511665,105.91,98.08,27.19,4.11
2021-09-30 09:15:00,119.8,122.95,116.0,122.95,3169755,109.32,100.34,30.19,4.24
2021-10-01 09:15:00,123.6,127.3,121.5,124.1,1519958,112.27,102.5,33.23,4.32
2021-10-04 09:15:00,126.0,127.9,125.0,125.75,2096673,114.97,104.62,36.09,4.29
2021-10-05 09:15:00,126.5,127.05,120.25,120.25,1549050,116.03,106.04,37.18,4.41
2021-10-06 09:15:00,119.05,119.05,114.55,115.4,1875685,115.9,106.89,36.66,4.47
2021-10-07 09:15:00,115.0,119.5,114.8,116.6,1566886,116.04,107.77,36.24,4.49
2021-10-08 09:15:00,117.9,119.0,114.0,116.0,638279,116.03,108.52,35.65,4.51
2021-10-11 09:15:00,116.9,120.65,115.0,119.85,1712940,116.8,109.55,35.33,4.56
2021-10-12 09:15:00,119.5,119.5,115.5,116.5,758665,116.74,110.18,35.04,4.55
2021-10-13 09:15:00,117.95,118.0,114.05,115.9,1873812,116.57,110.7,34.35,4.53
2021-10-14 09:15:00,116.95,119.5,114.5,117.5,1533663,116.76,111.32,33.96,4.55
2021-10-18 09:15:00,123.9,124.15,122.0,124.15,482600,118.23,112.49,34.3,4.65
2021-10-19 09:15:00,130.35,130.35,126.5,130.35,2363677,120.66,114.11,35.35,4.72
2021-10-20 09:15:00,131.5,136.85,126.6,136.85,2904348,123.9,116.18,36.9,4.98
2021-10-21 09:15:00,140.4,141.0,130.05,140.0,3351158,127.12,118.34,38.64,5.27
2021-10-22 09:15:00,144.75,144.75,141.55,144.0,10558755,130.49,120.68,40.5,5.24
2021-10-25 09:15:00,145.8,147.25,138.15,143.0,3256291,132.99,122.7,41.3,5.43
2021-10-26 09:15:00,144.0,150.8,141.0,150.8,1921359,136.56,125.26,42.32,5.64
2021-10-27 09:15:00,154.7,158.3,152.25,158.3,2633178,140.9,128.26,43.77,5.72
2021-10-28 09:15:00,158.65,158.65,150.35,151.0,1427866,142.92,130.33,44.64,5.85
2021-10-29 09:15:00,146.0,152.4,142.9,148.0,2119644,143.94,131.94,43.81,6.02
2021-11-01 09:15:00,148.0,150.0,147.0,149.7,755625,145.09,133.55,43.04,5.88
2021-11-02 09:15:00,151.9,156.35,146.1,156.35,998006,147.34,135.62,42.93,6.09
2021-11-03 09:15:00,157.8,163.45,156.0,162.6,1566063,150.39,138.08,43.38,6.15
2021-11-04 18:15:00,165.0,165.0,163.45,164.8,569339,153.28,140.51,43.91,5.97
2021-11-08 09:15:00,166.7,169.5,160.3,163.0,1253654,155.22,142.55,44.71,6.13
2021-11-09 09:15:00,163.4,164.9,155.0,156.6,1443352,155.5,143.83,44.35,6.31
2021-11-10 09:15:00,157.0,158.0,150.1,155.85,1953362,155.57,144.92,43.13,6.38
2021-11-11 09:15:00,155.0,159.0,151.0,153.0,802410,155.05,145.66,42.1,6.46
2021-11-12 09:15:00,154.5,161.3,154.5,161.3,1350235,156.3,147.08,41.37,6.55
2021-11-15 09:15:00,160.9,164.0,154.0,158.5,1184031,156.74,148.12,40.96,6.71
2021-11-16 09:15:00,156.7,159.85,154.0,156.2,583016,156.63,148.85,40.58,6.67
2021-11-17 09:15:00,157.4,158.75,155.0,156.0,739871,156.51,149.5,40.22,6.53
2021-11-18 09:15:00,157.9,157.9,151.0,153.0,574274,155.81,149.82,39.01,6.55
2021-11-22 09:15:00,153.85,156.0,148.0,155.5,923852,155.74,150.34,37.27,6.62
2021-11-23 09:15:00,153.9,157.6,150.0,155.5,634191,155.7,150.8,35.89,6.66
2021-11-24 09:15:00,155.0,158.0,155.0,155.0,595248,155.56,151.19,34.67,6.49
2021-11-25 09:15:00,154.1,156.95,153.8,153.8,463889,155.21,151.42,33.27,6.33
2021-11-26 09:15:00,153.5,155.5,147.5,149.8,1206104,154.12,151.28,31.07,6.41
2021-11-29 09:15:00,148.5,150.0,142.8,146.6,1744728,152.62,150.85,29.78,6.45
2021-11-30 09:15:00,146.0,152.5,146.0,148.0,796746,151.7,150.59,28.12,6.45
2021-12-01 09:15:00,147.05,153.9,147.0,150.45,861710,151.45,150.58,26.31,6.47
2021-12-02 09:15:00,151.0,158.3,149.0,158.3,1068668,152.82,151.28,24.99,6.61
2021-12-03 09:15:00,159.9,161.0,153.7,156.35,826226,153.52,151.74,24.19,6.64
2021-12-06 09:15:00,157.0,157.0,151.4,152.0,480333,153.22,151.77,22.99,6.59
2021-12-07 09:15:00,152.5,155.0,150.3,153.6,617409,153.3,151.93,21.67,6.5
2021-12-08 09:15:00,153.6,157.0,153.0,155.05,757090,153.65,152.22,20.79,6.38
2021-12-09 09:15:00,156.9,158.7,155.0,157.45,1189094,154.41,152.69,20.27,6.25
2021-12-10 09:15:00,156.2,165.15,156.2,165.15,2330691,156.56,153.82,20.75,6.38
2021-12-13 09:15:00,168.0,173.35,167.5,173.35,843739,159.91,155.6,22.11,6.47
2021-12-14 09:15:00,176.0,182.0,174.0,182.0,2482219,164.33,158.0,24.09,6.57
2021-12-15 09:15:00,187.5,191.1,182.0,185.3,2217121,168.53,160.48,26.5,6.69
2021-12-16 09:15:00,185.1,186.8,175.7,180.0,1598886,170.82,162.26,27.54,6.9
2021-12-17 09:15:00,180.1,180.1,171.15,171.15,1770235,170.89,163.06,27.74,7.0
2021-12-20 09:19:00,165.15,175.5,164.35,168.0,1619807,170.31,163.51,26.91,7.2
2021-12-21 09:15:00,169.7,174.65,167.5,174.65,792871,171.18,164.53,26.15,7.2
2021-12-22 09:15:00,176.95,180.5,172.85,176.1,1160190,172.16,165.58,26.02,7.22
2021-12-23 09:15:00,177.05,180.0,174.0,178.1,1558004,173.35,166.72,25.9,7.16
2021-12-24 09:15:00,180.0,180.45,175.0,178.15,643583,174.31,167.76,25.84,7.08
2021-12-27 09:15:00,180.0,187.15,174.5,187.15,923172,176.88,169.52,26.44,7.34
2021-12-28 09:15:00,194.0,194.0,186.1,189.0,900725,179.3,171.29,27.55,7.37
2021-12-29 09:15:00,190.9,197.0,185.0,193.9,1528748,182.22,173.35,28.8,7.59
2021-12-30 09:15:00,194.4,197.0,185.0,195.0,772725,184.78,175.31,29.96,7.8
2021-12-31 09:15:00,197.0,199.0,192.0,195.0,908386,186.82,177.1,31.19,7.76
2022-01-03 09:15:00,196.0,198.8,195.1,195.9,1354909,188.64,178.81,32.34,7.57
2022-01-04 09:15:00,197.0,205.9,197.0,205.9,3873006,192.09,181.27,33.93,7.69
2022-01-05 09:15:00,206.0,208.9,202.0,202.25,1492680,194.12,183.18,35.6,7.65
2022-01-06 09:15:00,202.05,204.5,195.65,199.25,9416018,195.15,184.64,35.8,7.71
2022-01-07 09:15:00,199.1,205.6,198.15,199.0,1731710,195.92,185.95,36.09,7.7
2022-01-10 09:15:00,201.5,203.05,190.2,195.9,2098456,195.91,186.85,34.9,7.94
2022-01-11 09:15:00,193.0,195.6,191.0,192.3,939328,195.19,187.35,33.8,7.8
2022-01-12 09:15:00,194.0,194.25,184.2,187.85,1949350,193.72,187.39,31.71,7.9
2022-01-13 09:15:00,189.0,190.0,184.2,185.0,1365709,191.98,187.18,29.76,7.8
2022-01-14 09:15:00,188.0,190.0,186.1,187.5,1767197,191.08,187.21,27.95,7.67
2022-01-17 09:15:00,187.5,189.85,184.85,185.9,1035026,190.05,187.09,26.06,7.54
2022-01-18 09:15:00,187.35,187.6,177.55,181.95,2254646,188.43,186.62,25.18,7.66
2022-01-19 09:15:00,181.0,184.65,180.0,180.5,668822,186.84,186.06,24.36,7.52
2022-01-20 09:15:00,181.1,183.0,175.2,178.95,2813682,185.26,185.42,24.24,7.53
2022-01-21 09:15:00,178.0,180.95,175.0,176.5,1212460,183.51,184.61,24.15,7.46
2022-01-24 09:15:00,171.0,176.0,168.05,175.35,2667023,181.88,183.76,24.87,7.5
2022-01-25 09:15:00,170.2,181.5,168.0,181.5,1697880,181.8,183.56,24.47,7.79
2022-01-27 09:15:00,180.0,190.55,177.7,184.7,2996046,182.38,183.66,22.74,8.03
2022-01-28 09:15:00,187.25,188.0,179.5,179.5,1129483,181.81,183.28,21.14,8.05
2022-01-31 09:15:00,178.0,182.75,172.55,175.45,1382523,180.53,182.57,20.53,8.16
2022-02-01 09:15:00,176.0,177.95,168.45,174.0,1537055,179.23,181.79,20.42,8.22
2022-02-02 09:15:00,177.0,180.7,174.0,175.5,1528809,178.48,181.22,19.89,8.15
2022-02-03 09:15:00,176.85,184.5,174.7,182.4,2880986,179.27,181.33,18.82,8.23
2022-02-04 09:15:00,183.45,188.5,182.9,185.05,6685543,180.42,181.67,17.68,8.12
2022-02-07 09:15:00,185.7,185.7,177.0,179.2,1885406,180.18,181.44,16.99,8.15
2022-02-08 09:15:00,180.1,180.2,171.0,172.5,1355813,178.64,180.63,17.03,8.2
2022-02-09 09:15:00,173.0,178.0,170.1,172.7,1514165,177.45,179.91,17.17,8.19
2022-02-10 09:15:00,173.0,175.15,170.85,172.5,900656,176.46,179.23,17.3,8.0
2022-02-11 09:15:00,173.0,173.05,169.05,171.0,896503,175.37,178.49,17.63,7.81
2022-02-14 09:15:00,166.05,170.65,163.1,165.8,1679171,173.46,177.33,18.58,7.82
2022-02-15 09:15:00,167.95,169.4,160.5,167.65,1162027,172.3,176.45,19.72,7.87
2022-02-16 09:15:00,170.4,170.4,165.95,167.0,835905,171.24,175.59,20.58,7.7
2022-02-17 09:15:00,167.9,175.1,165.3,175.1,904232,172.01,175.55,20.47,7.8
2022-02-18 09:15:00,175.0,180.4,171.6,178.25,1274851,173.26,175.79,19.48,7.85
2022-02-21 09:15:00,177.0,177.0,168.3,169.0,1122761,172.41,175.18,19.0,7.95
2022-02-22 09:15:00,161.85,172.7,161.8,168.6,1754117,171.64,174.58,19.32,8.09
2022-02-23 09:15:00,170.0,176.8,169.4,175.95,1814697,172.51,174.7,18.93,8.1
2022-02-24 09:15:00,166.15,171.0,166.05,166.05,1860788,171.21,173.92,18.96,8.18
2022-02-25 09:15:00,161.1,172.0,161.1,168.0,1376573,170.57,173.38,19.52,8.31
2022-02-28 09:15:00,167.7,173.8,164.85,173.8,1079374,171.22,173.42,19.72,8.34
2022-03-02 09:15:00,166.8,174.0,166.6,170.0,1811912,170.97,173.11,19.87,8.3
2022-03-03 09:15:00,170.8,172.7,169.0,169.2,520164,170.62,172.75,20.02,8.08
2022-03-04 09:15:00,169.05,171.6,166.25,169.3,855161,170.36,172.44,20.49,7.95
2022-03-07 09:15:00,166.5,166.5,161.35,161.35,1252973,168.55,171.43,21.48,7.95
2022-03-08 09:15:00,156.0,163.6,154.0,160.15,2039474,166.87,170.4,23.09,8.03
2022-03-09 09:15:00,163.0,169.5,161.25,169.5,1251611,167.4,170.32,23.43,8.09
2022-03-10 09:15:00,174.0,174.0,166.5,166.75,1082367,167.27,170.0,22.98,8.06
2022-03-11 09:15:00,166.75,172.9,166.75,170.7,685103,167.96,170.06,22.56,7.97
2022-03-14 09:15:00,170.95,174.5,169.7,170.0,861844,168.36,170.06,21.89,7.82
2022-03-15 09:15:00,172.0,173.0,168.0,168.5,1533643,168.39,169.91,21.49,7.69
2022-03-16 09:15:00,170.85,171.95,166.1,168.25,765268,168.36,169.76,21.38,7.6
2022-03-17 09:15:00,173.45,173.45,164.05,169.2,1474000,168.53,169.71,21.55,7.68
2022-03-21 09:15:00,169.5,176.0,169.5,171.45,2408196,169.11,169.87,21.18,7.64
2022-03-22 09:15:00,173.0,176.0,169.6,174.5,1707393,170.19,170.29,20.84,7.58
2022-03-23 09:15:00,177.95,182.0,175.5,178.9,2741812,171.93,171.07,19.36,7.58
2022-03-24 09:15:00,180.0,184.8,178.3,183.4,2263178,174.23,172.19,18.43,7.53
2022-03-25 09:15:00,187.15,187.15,181.65,182.5,1026154,175.88,173.13,17.95,7.43
2022-03-28 09:15:00,183.8,183.85,177.3,178.0,794002,176.3,173.57,16.7,7.39
2022-03-29 09:15:00,181.0,184.0,178.95,181.95,1184465,177.43,174.33,15.57,7.32
2022-03-30 09:15:00,183.0,190.7,182.55,188.7,2821581,179.69,175.64,15.59,7.39
2022-03-31 09:15:00,190.5,194.25,187.75,189.05,1880296,181.56,176.86,16.08,7.35
2022-04-01 09:15:00,189.0,191.85,186.35,188.25,1239375,182.9,177.9,16.26,7.26
2022-04-04 09:15:00,188.6,192.9,184.55,186.2,1517591,183.56,178.65,16.06,7.31
2022-04-05 09:15:00,187.6,195.8,185.1,195.8,2715137,186.01,180.21,16.3,7.47
2022-04-06 09:15:00,196.8,205.55,192.5,199.0,4404491,188.61,181.92,17.68,7.74
2022-04-07 09:15:00,204.9,214.8,201.9,212.4,8877044,193.36,184.69,19.76,8.12
2022-04-08 09:15:00,214.0,219.65,209.05,212.0,5001243,197.09,187.17,22.02,8.24
2022-04-11 09:15:00,212.0,214.0,205.0,207.1,2599256,199.09,188.98,23.32,8.28
2022-04-12 09:15:00,205.0,205.8,200.7,201.85,1538131,199.64,190.15,23.76,8.19
2022-04-13 09:15:00,203.4,204.75,198.3,200.05,1665219,199.73,191.05,23.75,8.11
2022-04-18 09:15:00,200.35,201.9,196.5,198.15,1328470,199.41,191.7,23.44,7.98
2022-04-19 09:15:00,200.9,203.0,190.0,193.3,1460246,198.19,191.84,22.14,8.22
2022-04-20 09:15:00,201.0,201.0,194.5,196.75,1360432,197.9,192.29,20.93,8.19
2022-04-21 09:15:00,198.0,198.6,193.5,194.55,1063466,197.23,192.5,19.65,8.04
2022-04-22 09:15:00,194.45,201.1,191.0,193.3,1472115,196.44,192.57,18.46,8.14
2022-04-25 09:15:00,192.8,192.9,185.0,188.5,1172326,194.86,192.2,17.86,8.15
2022-04-26 09:15:00,188.4,203.4,188.4,199.75,3640868,195.83,192.88,17.38,8.48
2022-04-27 09:15:00,199.1,204.9,195.8,196.5,2335091,195.97,193.21,17.12,8.51
2022-04-28 09:15:00,199.5,200.8,194.5,197.4,1119486,196.25,193.59,16.66,8.4
2022-04-29 09:15:00,202.7,202.7,196.8,198.0,1151121,196.6,193.99,16.49,8.28
2022-05-02 09:15:00,196.4,200.2,164.5,187.55,7578984,194.79,193.41,17.72,9.59
2022-05-04 09:15:00,187.0,189.7,177.0,182.2,3283137,192.27,192.39,18.85,9.74
2022-05-05 09:15:00,180.5,185.0,170.55,174.0,1610797,188.62,190.72,20.33,9.96
2022-05-06 09:15:00,171.5,174.0,168.6,170.0,1046194,184.9,188.83,21.82,9.74
2022-05-09 09:15:00,170.5,172.0,162.0,162.8,1294144,180.48,186.47,23.6,9.75
2022-05-10 09:15:00,163.1,167.25,155.0,160.75,2535549,176.53,184.13,25.61,9.87
2022-05-11 09:15:00,160.05,173.4,157.8,172.0,3276830,175.62,183.03,26.58,10.15
2022-05-12 09:15:00,170.0,170.0,163.6,166.8,1608726,173.86,181.55,27.48,10.06
2022-05-13 09:15:00,164.0,169.95,164.0,167.0,1738667,172.49,180.23,28.31,9.87
2022-05-16 09:15:00,167.0,169.7,165.8,168.0,1018012,171.59,179.12,29.09,9.58
2022-05-17 09:15:00,168.9,171.0,167.5,167.95,522118,170.86,178.1,29.58,9.29
2022-05-18 09:15:00,170.0,179.45,169.3,175.65,1339171,171.82,177.88,28.69,9.4
2022-05-19 09:15:00,170.0,175.7,169.1,172.0,730031,171.86,177.34,27.88,9.27
2022-05-20 09:15:00,176.0,178.0,170.55,172.5,698980,171.98,176.9,26.78,9.18
2022-05-23 09:15:00,174.25,178.15,172.05,175.6,1296244,172.71,176.79,25.73,9.03
2022-05-24 09:15:00,174.55,177.2,169.7,171.5,985673,172.47,176.31,25.05,8.96
2022-05-25 09:15:00,173.0,173.75,164.9,166.1,1690809,171.19,175.38,24.99,8.95
2022-05-26 09:15:00,165.9,172.5,164.7,167.5,1583322,170.45,174.66,24.95,8.9
2022-05-27 09:15:00,170.3,171.4,167.5,170.2,559637,170.4,174.26,24.91,8.66
2022-05-30 09:15:00,171.55,177.95,170.85,176.5,998298,171.62,174.46,23.65,8.62
2022-05-31 09:15:00,176.5,182.8,173.0,182.0,1186628,173.7,175.15,22.2,8.67
2022-06-01 09:15:00,181.9,186.4,181.8,183.8,946345,175.72,175.93,21.35,8.48
2022-06-02 09:15:00,184.0,187.9,180.0,183.0,1138940,177.17,176.57,20.27,8.45
2022-06-03 09:15:00,185.0,188.0,181.8,184.0,1644158,178.54,177.25,19.28,8.35
2022-06-06 09:15:00,183.25,186.8,181.4,183.9,710412,179.61,177.85,18.29,8.2
2022-06-07 09:15:00,183.1,183.7,180.25,180.95,429090,179.88,178.14,17.14,7.99
2022-06-08 09:15:00,182.05,183.85,177.55,178.0,465730,179.5,178.12,16.25,7.91
2022-06-09 09:15:00,178.2,178.8,176.0,176.6,436951,178.92,177.98,15.71,7.66
2022-06-10 09:15:00,175.75,176.1,171.6,172.4,419982,177.62,177.48,15.92,7.54
2022-06-13 09:15:00,167.1,172.3,167.1,167.45,1039233,175.58,176.57,16.74,7.43
2022-06-14 09:15:00,166.0,170.9,165.95,168.1,533084,174.09,175.8,17.66,7.31
2022-06-15 09:15:00,170.0,173.75,166.7,170.0,672952,173.27,175.27,17.84,7.3
2022-06-16 09:15:00,173.0,173.65,164.9,165.9,969802,171.8,174.42,18.28,7.37
2022-06-17 09:15:00,166.95,169.1,164.95,168.0,1893240,171.04,173.83,18.69,7.22
2022-06-20 09:15:00,167.0,170.75,162.0,170.3,2271297,170.89,173.51,19.51,7.29
2022-06-21 09:15:00,167.5,172.6,166.0,172.05,628626,171.12,173.38,19.79,7.26
2022-06-22 09:15:00,171.8,178.35,171.05,175.65,1035321,172.03,173.59,18.74,7.26
2022-06-23 09:15:00,179.7,183.9,177.05,181.9,1203370,174.0,174.34,18.04,7.31
2022-06-24 09:15:00,183.5,188.9,181.9,186.15,1725078,176.43,175.42,18.13,7.29
2022-06-27 09:15:00,188.0,189.9,184.85,185.45,1093599,178.24,176.33,18.36,7.18
2022-06-28 09:15:00,185.0,192.9,182.95,190.5,995019,180.69,177.62,18.98,7.32
2022-06-29 09:15:00,189.4,194.65,187.7,190.3,1241956,182.61,178.77,19.78,7.3
2022-06-30 09:15:00,192.95,193.3,187.8,191.4,615137,184.37,179.92,20.53,7.21
2022-07-01 09:15:00,192.0,196.25,188.6,189.9,920656,185.47,180.82,21.61,7.23
2022-07-04 09:15:00,189.5,191.8,186.15,186.4,761543,185.66,181.33,21.98,7.16
2022-07-05 09:15:00,187.4,195.4,186.75,192.9,1807223,187.11,182.38,22.81,7.25
2022-07-06 09:15:00,196.0,200.8,195.3,199.5,3840364,189.59,183.94,24.21,7.28
2022-07-07 09:15:00,200.45,202.85,196.95,198.4,1009544,191.35,185.25,25.72,7.21
2022-07-08 09:15:00,199.6,203.2,198.15,201.0,1447074,193.28,186.69,27.15,7.11
2022-07-11 09:15:00,199.5,207.7,198.9,207.1,2005480,196.04,188.54,28.93,7.19
2022-07-12 09:15:00,205.9,211.5,198.1,199.95,2189907,196.82,189.58,30.9,7.48
2022-07-13 09:15:00,205.1,206.25,200.3,201.95,1151249,197.85,190.7,32.73,7.43
2022-07-14 09:15:00,202.0,204.95,197.0,202.0,968222,198.68,191.73,33.46,7.45
2022-07-15 09:15:00,202.0,204.0,199.35,203.05,819378,199.55,192.76,34.14,7.32
2022-07-18 09:15:00,204.25,207.0,202.2,202.2,1193934,200.08,193.62,35.11,7.2
2022-07-19 09:15:00,202.6,205.0,199.25,200.0,1388012,200.07,194.2,35.16,7.13
2022-07-20 09:15:00,204.0,206.0,201.0,203.5,1156610,200.75,195.04,35.33,7.08
2022-07-21 09:15:00,203.3,223.35,203.3,222.5,10376488,205.1,197.54,37.05,7.69
2022-07-22 09:15:00,223.9,231.5,219.05,228.75,7061324,209.83,200.38,39.09,7.92
2022-07-25 09:15:00,230.8,231.25,216.25,217.6,2625953,211.39,201.94,40.35,8.26
2022-07-26 09:15:00,218.0,227.65,213.85,222.6,4281452,213.63,203.82,41.01,8.52
2022-07-27 09:15:00,223.6,227.5,217.8,218.0,3128162,214.5,205.11,41.62,8.58
2022-07-28 09:15:00,220.9,222.7,217.55,220.5,1407197,215.7,206.51,42.12,8.41
2022-07-29 09:15:00,222.0,227.0,221.5,224.35,1910151,217.43,208.13,42.94,8.32
2022-08-01 09:15:00,226.0,228.8,222.65,225.05,2683088,218.96,209.67,43.83,8.22
2022-08-02 09:15:00,226.0,226.9,222.05,223.75,1057956,219.91,210.95,44.49,8.06
2022-08-03 09:15:00,224.0,238.7,222.5,231.6,4717683,222.25,212.83,45.89,8.45
2022-08-04 09:15:00,234.7,234.8,225.1,228.3,1826376,223.46,214.23,47.19,8.51
2022-08-05 09:15:00,228.9,234.2,226.3,232.95,1378442,225.36,215.93,48.39,8.48
2022-08-08 09:15:00,228.35,234.55,227.0,228.9,1227169,226.07,217.11,49.53,8.43
2022-08-10 09:15:00,230.15,233.85,228.0,229.6,1110683,226.77,218.25,50.59,8.31
2022-08-11 09:15:00,232.5,238.9,230.5,231.0,2223046,227.62,219.41,51.9,8.36
2022-08-12 09:15:00,233.65,237.9,230.5,236.0,2967377,229.3,220.92,53.11,8.31
2022-08-16 09:15:00,238.8,240.3,234.9,238.0,2183020,231.04,222.47,54.37,8.17
2022-08-17 09:15:00,239.8,244.7,238.6,242.0,1865286,233.23,224.24,55.78,8.1
2022-08-18 09:15:00,243.1,247.0,237.7,239.5,2155689,234.48,225.63,57.21,8.16
2022-08-19 09:15:00,240.4,240.5,233.05,234.95,1534003,234.58,226.48,57.08,8.13
2022-08-22 09:15:00,233.85,235.0,226.1,229.05,1287635,233.47,226.71,55.23,8.16
2022-08-23 09:15:00,228.4,233.3,227.0,230.45,1072567,232.87,227.05,53.5,8.07
2022-08-24 09:15:00,232.2,232.5,228.5,230.2,567451,232.33,227.34,51.91,7.88
2022-08-25 09:15:00,232.4,232.4,227.25,227.55,976798,231.38,227.36,50.1,7.75
2022-08-26 09:15:00,227.75,229.7,226.05,226.5,1205597,230.4,227.28,48.12,7.56
2022-08-29 09:15:00,225.0,225.7,221.0,221.5,757946,228.62,226.75,45.12,7.46
2022-08-30 09:15:00,224.45,228.5,222.7,224.75,1773683,227.85,226.57,42.82,7.44
2022-09-01 09:15:00,226.0,228.7,224.5,226.65,644142,227.61,226.58,40.73,7.28
2022-09-02 09:15:00,228.0,228.2,218.85,219.75,2096076,226.04,225.96,38.04,7.38
2022-09-05 09:15:00,222.1,222.55,218.05,218.95,955613,224.62,225.32,35.7,7.24
2022-09-06 09:15:00,221.0,223.0,213.05,216.55,3085941,223.01,224.52,34.39,7.37
2022-09-07 09:15:00,221.0,222.05,212.1,218.0,4768200,222.0,223.93,33.33,7.49
2022-09-08 09:15:00,222.5,231.5,220.65,225.4,3926590,222.68,224.06,31.39,7.78
2022-09-09 09:15:00,228.0,228.5,224.0,226.8,1441573,223.51,224.31,29.59,7.62
2022-09-12 09:15:00,228.2,234.5,226.8,229.0,4205761,224.61,224.74,28.83,7.63
2022-09-13 09:15:00,231.0,232.7,226.85,228.95,1195927,225.47,225.12,28.13,7.54
2022-09-14 09:15:00,225.5,236.55,225.0,235.8,5004069,227.54,226.09,28.01,7.73
2022-09-15 09:15:00,239.0,239.5,234.5,237.8,2976969,229.59,227.16,28.27,7.6
2022-09-16 09:15:00,238.55,241.5,232.6,237.9,12888318,231.25,228.13,28.75,7.67
2022-09-19 09:15:00,239.0,241.4,235.1,239.2,1685761,232.84,229.14,29.2,7.6
2022-09-20 09:15:00,242.5,255.95,242.0,254.5,4367877,237.17,231.45,30.98,8.04
2022-09-21 09:15:00,256.0,263.0,253.9,261.2,3178407,241.98,234.15,33.06,8.09
2022-09-22 09:15:00,262.4,263.3,254.0,257.45,1777392,245.07,236.27,35.02,8.14
2022-09-23 09:15:00,256.05,256.8,246.9,248.5,1613521,245.76,237.38,35.3,8.26
2022-09-26 09:15:00,245.0,253.7,240.0,246.0,1714677,245.81,238.16,34.35,8.52
2022-09-27 09:15:00,248.0,250.0,240.5,241.6,3024821,244.97,238.48,33.46,8.57
2022-09-28 09:15:00,241.95,243.4,232.6,234.5,2043322,242.87,238.11,31.42,8.67
2022-09-29 09:15:00,236.6,238.9,231.9,237.7,5004166,241.84,238.08,29.43,8.59
2022-09-30 09:15:00,235.0,236.65,231.5,234.45,4194101,240.36,237.75,27.52,8.48
2022-10-03 09:15:00,232.65,239.3,224.6,231.0,1382143,238.49,237.13,26.32,8.77
2022-10-04 09:15:00,232.0,235.45,228.25,231.95,2354555,237.18,236.66,25.2,8.7
2022-10-06 09:15:00,231.0,245.2,229.55,241.85,4494669,238.11,237.13,24.02,9.03
2022-10-07 09:15:00,242.3,254.35,241.1,253.0,2635647,241.09,238.58,23.92,9.23
2022-10-10 09:15:00,248.25,255.8,247.0,255.1,1673936,243.89,240.08,23.96,9.21
2022-10-11 09:15:00,257.45,263.4,246.8,252.0,2531760,245.51,241.16,24.66,9.56
2022-10-12 09:15:00,252.0,259.5,248.9,254.5,1175438,247.31,242.37,25.32,9.61
2022-10-13 09:15:00,255.0,259.5,252.6,257.25,1259521,249.3,243.73,25.93,9.48
2022-10-14 09:15:00,261.9,261.9,252.0,253.5,1022053,250.14,244.62,26.71,9.5
2022-10-17 09:15:00,254.45,258.0,252.4,254.75,802443,251.06,245.54,27.44,9.32
2022-10-18 09:15:00,256.5,263.0,253.55,262.4,2519328,253.33,247.07,28.57,9.32
2022-10-19 09:15:00,263.6,270.0,250.15,258.5,6314395,254.36,248.11,30.16,9.82
2022-10-20 09:15:00,258.0,262.5,251.7,259.65,5437657,255.42,249.16,31.64,9.87
2022-10-21 09:15:00,261.6,261.7,253.0,254.55,1299841,255.25,249.65,33.01,9.82
2022-10-24 18:15:00,259.0,259.0,253.55,254.0,305148,255.0,250.04,34.28,9.61
2022-10-25 09:15:00,255.05,259.3,246.1,258.55,1942221,255.71,250.82,33.74,9.78
2022-10-27 09:15:00,255.0,257.45,249.25,251.75,1765291,254.92,250.9,33.25,9.76
2022-10-28 09:15:00,253.5,261.0,250.75,256.9,1759482,255.31,251.45,33.21,9.78
2022-10-31 09:15:00,262.0,262.35,254.65,259.85,1574066,256.22,252.21,33.33,9.68
2022-11-01 09:15:00,260.0,263.95,257.3,260.15,1369973,257.01,252.93,33.62,9.54
2022-11-02 09:15:00,262.0,262.1,257.0,257.4,974934,257.09,253.34,33.81,9.32
2022-11-03 09:15:00,257.0,259.25,247.75,252.2,2202711,256.11,253.24,31.97,9.43
2022-11-04 09:15:00,250.75,254.8,249.45,251.9,830414,255.27,253.11,30.27,9.23
2022-11-07 09:15:00,254.8,255.0,249.05,250.2,1132274,254.25,252.85,28.6,9.08
2022-11-09 09:15:00,251.75,252.0,249.3,251.2,600001,253.64,252.7,27.05,8.77
2022-11-10 09:15:00,251.0,257.0,250.05,255.8,1066736,254.07,252.98,26.48,8.69
2022-11-11 09:15:00,259.0,266.3,257.6,261.65,4403867,255.59,253.77,27.14,8.77
2022-11-14 09:15:00,264.0,266.9,261.1,262.1,1026196,256.89,254.53,27.82,8.63
2022-11-15 09:15:00,263.4,271.9,262.05,269.9,1953131,259.49,255.92,28.96,8.69
2022-11-16 09:15:00,271.0,275.5,270.05,272.35,2146753,262.06,257.42,30.35,8.54
2022-11-17 09:15:00,273.15,274.45,266.45,268.3,705409,263.31,258.41,30.78,8.52
2022-11-18 09:15:00,267.0,268.6,257.0,261.0,1342892,262.85,258.64,29.4,8.66
2022-11-21 09:15:00,262.25,268.2,258.15,267.0,853155,263.68,259.4,28.12,8.73
2022-11-22 09:15:00,265.85,270.85,264.5,269.0,1128378,264.74,260.27,27.28,8.62
2022-11-23 09:15:00,268.25,273.5,268.25,270.6,1496313,265.91,261.21,26.85,8.46
2022-11-24 09:15:00,272.45,280.9,271.25,276.75,3236109,268.08,262.63,27.27,8.54
2022-11-25 09:15:00,278.85,283.4,278.25,281.3,1376268,270.73,264.32,27.91,8.45
2022-11-28 09:15:00,280.0,283.75,278.35,281.0,1228640,272.78,265.84,28.53,8.31
2022-11-29 09:15:00,280.0,282.5,279.5,280.0,831407,274.22,267.13,29.11,8.06
2022-11-30 09:15:00,280.0,280.9,274.4,280.0,1340979,275.38,268.3,28.54,7.98
2022-12-01 09:15:00,280.0,281.25,276.95,279.6,1623147,276.22,269.32,28.06,7.81
2022-12-02 09:15:00,275.4,280.3,275.4,278.0,684820,276.58,270.11,27.28,7.67
2022-12-05 09:15:00,278.15,283.2,277.55,279.0,2830111,277.06,270.92,26.98,7.57
2022-12-06 09:15:00,281.0,287.2,279.15,280.0,1032231,277.65,271.75,27.23,7.6
2022-12-07 09:15:00,280.9,283.65,278.0,281.0,627836,278.32,272.59,27.19,7.51
2022-12-08 09:15:00,282.5,282.5,275.15,276.0,624946,277.86,272.9,26.51,7.5
2022-12-09 09:15:00,277.25,280.0,272.1,277.0,1119764,277.69,273.27,25.23,7.52
2022-12-12 09:15:00,277.05,282.55,276.5,281.05,1590145,278.36,273.98,24.47,7.45
2022-12-13 09:15:00,282.35,287.4,281.35,283.5,1820950,279.39,274.84,24.47,7.4
2022-12-14 09:15:00,285.0,288.0,280.5,281.45,1037137,279.8,275.44,24.27,7.4
2022-12-15 09:15:00,282.95,284.9,278.0,279.1,708748,279.66,275.78,23.54,7.38
2022-12-16 09:15:00,279.45,279.8,274.5,275.85,886827,278.9,275.78,22.15,7.28
2022-12-19 09:15:00,279.65,279.65,272.5,274.9,839235,278.1,275.7,20.66,7.27
2022-12-20 09:15:00,274.9,277.5,266.75,268.0,2182432,276.08,275.0,20.24,7.44
2022-12-21 09:15:00,269.8,271.35,261.5,262.15,1495311,273.29,273.83,20.57,7.55
2022-12-22 09:15:00,262.9,265.0,254.65,256.5,1762906,269.93,272.26,21.64,7.69
2022-12-23 09:15:00,250.1,256.25,250.0,251.6,2075911,266.27,270.38,23.07,7.63
2022-12-26 09:15:00,251.15,257.95,247.55,257.3,901363,264.47,269.19,24.61,7.76
2022-12-27 09:15:00,257.9,265.5,254.8,263.25,1141783,264.23,268.65,24.55,7.9
2022-12-28 09:15:00,263.4,270.9,262.1,266.3,814596,264.64,268.44,23.6,7.94
2022-12-29 09:15:00,268.0,270.4,265.0,265.2,423346,264.75,268.14,22.73,7.82
2022-12-30 09:15:00,267.95,272.35,263.9,269.0,917955,265.6,268.22,21.6,7.85
2023-01-02 09:15:00,267.0,273.0,265.0,272.4,1504888,266.96,268.6,20.44,7.86
2023-01-03 09:15:00,275.95,275.95,269.0,275.0,742028,268.57,269.18,19.08,7.82
2023-01-04 09:15:00,275.25,277.1,270.0,272.7,1017672,269.4,269.5,18.02,7.78
2023-01-05 09:15:00,272.5,273.9,269.0,271.0,946134,269.72,269.64,16.84,7.65
2023-01-06 09:15:00,270.05,271.2,267.2,270.5,717862,269.87,269.72,15.85,7.47
2023-01-09 09:15:00,272.0,291.4,271.1,288.8,6438627,273.66,271.45,17.1,8.11
2023-01-10 09:15:00,286.5,298.6,285.5,289.15,4629089,276.76,273.06,18.82,8.35
2023-01-11 09:15:00,291.0,300.0,288.0,299.2,4622369,281.25,275.44,20.52,8.52
2023-01-12 09:15:00,300.7,305.0,293.2,294.05,3559195,283.81,277.13,22.46,8.68
2023-01-13 09:15:00,296.5,310.7,295.9,310.6,5895169,289.17,280.17,24.61,9.06
2023-01-16 09:15:00,311.3,315.4,300.1,303.6,4315156,292.05,282.3,26.87,9.36
2023-01-17 09:15:00,303.3,310.2,301.75,306.0,3235907,294.84,284.46,28.96,9.31
2023-01-18 09:15:00,307.0,310.95,303.1,309.5,2767809,297.77,286.73,30.96,9.24
2023-01-19 09:15:00,308.4,315.3,307.55,313.4,4877550,300.9,289.16,33.06,9.17
2023-01-20 09:15:00,315.0,315.05,310.1,311.25,2695576,302.97,291.17,35.01,8.97
2023-01-23 09:15:00,312.7,313.25,297.0,303.4,2592814,303.06,292.28,34.28,9.32
2023-01-24 09:15:00,304.85,308.3,294.0,299.0,2339330,302.24,292.89,33.15,9.55
2023-01-25 09:15:00,299.0,311.8,297.0,299.5,3631591,301.7,293.49,32.45,9.8
2023-01-27 09:15:00,300.0,306.25,286.5,299.9,3331343,301.34,294.07,30.35,10.28
2023-01-30 09:15:00,299.1,305.8,298.55,301.5,3377566,301.37,294.75,28.4,10.13
2023-01-31 09:15:00,304.0,306.5,298.15,301.75,1907650,301.45,295.38,26.67,10.05
2023-02-01 09:15:00,303.85,306.0,291.55,302.8,2729596,301.72,296.06,25.31,10.26
2023-02-02 09:15:00,303.45,308.3,300.05,304.7,1708927,302.31,296.84,23.73,10.16
2023-02-03 09:15:00,307.0,310.5,303.9,307.8,3175191,303.41,297.84,22.1,9.99
2023-02-06 09:15:00,308.0,310.0,306.1,308.0,2058634,304.33,298.76,20.59,9.7
2023-02-07 09:15:00,308.95,319.5,307.85,315.7,3711348,306.6,300.3,20.38,9.8
2023-02-08 09:15:00,316.1,319.45,315.0,315.05,1535427,308.29,301.64,20.19,9.54
2023-02-09 09:15:00,316.35,316.35,306.05,312.5,2586398,309.13,302.63,18.79,9.58
2023-02-10 09:15:00,321.15,333.0,318.2,327.35,7215216,312.78,304.88,19.11,10.1
2023-02-13 09:15:00,328.8,335.25,328.0,333.8,4175742,316.98,307.51,19.58,9.99
2023-02-14 09:15:00,334.0,338.6,333.3,334.9,3542397,320.57,310.0,20.3,9.77
2023-02-15 09:15:00,334.95,336.35,315.45,320.9,4079058,320.63,310.99,18.87,10.3
2023-02-16 09:15:00,322.95,327.45,321.5,321.8,4064375,320.87,311.97,17.55,10.12
2023-02-17 09:15:00,320.95,325.75,317.5,318.0,2433271,320.29,312.52,16.67,10.03
2023-02-20 09:15:00,319.95,323.8,314.0,315.0,7733369,319.23,312.75,16.18,10.02
2023-02-21 09:15:00,316.3,324.35,315.05,318.95,3223564,319.18,313.31,15.67,9.99
2023-02-22 09:15:00,318.75,320.8,312.0,313.0,2917493,317.94,313.28,15.5,9.93
2023-02-23 09:15:00,315.7,320.5,312.65,312.95,3638255,316.94,313.25,15.35,9.83
2023-02-24 09:15:00,315.75,319.85,313.0,313.65,3870871,316.28,313.29,15.2,9.69
2023-02-27 09:15:00,314.4,319.75,308.4,309.4,3499764,314.91,312.93,15.57,9.77
2023-02-28 09:15:00,315.0,318.8,298.8,302.9,78433662,312.51,312.02,16.8,10.26
2023-03-01 09:15:00,300.0,309.6,299.15,307.65,1525169,311.53,311.62,17.95,10.27
2023-03-02 09:15:00,308.9,309.8,291.0,297.0,3926537,308.63,310.29,19.64,10.67
2023-03-03 09:15:00,302.0,306.0,296.1,301.0,2238672,307.1,309.45,21.22,10.64
2023-03-06 09:15:00,301.0,301.6,294.05,298.75,1733470,305.43,308.48,22.84,10.49
2023-03-08 09:15:00,298.7,305.4,297.0,300.0,2087164,304.35,307.71,23.63,10.39
2023-03-09 09:15:00,301.65,304.8,295.1,296.0,1810810,302.68,306.64,24.53,10.36
2023-03-10 09:15:00,295.85,302.0,294.0,296.4,2161456,301.42,305.71,25.47,10.25
2023-03-13 09:15:00,296.85,298.2,286.8,291.05,2078535,299.35,304.38,26.94,10.3
2023-03-14 09:15:00,290.0,298.2,280.75,293.4,2053950,298.16,303.38,28.72,10.64
2023-03-15 09:15:00,293.2,299.7,289.1,292.4,1557044,297.01,302.38,30.07,10.64
2023-03-16 09:15:00,292.95,294.0,283.5,291.0,1769702,295.8,301.35,31.7,10.63
2023-03-17 09:15:00,292.05,293.45,286.0,288.8,1800292,294.4,300.21,33.22,10.48
2023-03-20 09:15:00,285.5,291.0,276.65,289.95,2343733,293.51,299.27,35.18,10.67
2023-03-21 09:15:00,288.35,298.95,288.35,294.5,2260672,293.71,298.84,35.5,10.66
2023-03-22 09:15:00,297.8,299.8,292.2,293.0,791053,293.57,298.31,35.65,10.52
2023-03-23 09:15:00,292.95,298.9,292.15,295.7,1143556,293.99,298.07,35.79,10.34
2023-03-24 09:15:00,296.0,296.85,286.1,287.0,1057184,292.6,297.07,36.41,10.36
2023-03-27 09:15:00,290.0,291.9,284.1,289.15,1468032,291.91,296.35,37.13,10.24
2023-03-28 09:15:00,289.35,291.45,283.25,288.1,1097169,291.15,295.6,37.86,10.14
2023-03-29 09:15:00,289.0,308.05,287.4,305.0,2921284,293.92,296.45,35.8,10.64
2023-03-31 09:15:00,307.6,307.6,297.55,299.5,2749817,295.03,296.73,33.88,10.61
2023-04-03 09:15:00,303.0,304.8,295.6,296.4,1245090,295.31,296.7,32.32,10.54
2023-04-05 09:15:00,294.05,297.0,289.1,290.55,2581464,294.36,296.14,31.56,10.42
2023-04-06 09:15:00,290.5,292.35,290.0,290.75,872529,293.63,295.65,30.86,10.03
2023-04-10 09:15:00,290.1,291.3,286.85,287.0,2147698,292.31,294.86,30.53,9.77
2023-04-11 09:15:00,288.15,295.5,286.8,294.6,1140963,292.77,294.84,29.53,9.72
2023-04-12 09:15:00,295.0,303.0,292.75,301.5,1160359,294.51,295.44,27.53,9.74
2023-04-13 09:15:00,302.0,306.0,296.5,296.5,1459639,294.91,295.54,25.84,9.73
2023-04-17 09:15:00,299.0,305.5,298.05,301.2,1657774,296.17,296.06,24.27,9.7
2023-04-18 09:15:00,303.0,304.95,300.5,303.7,912798,297.67,296.75,22.81,9.45
2023-04-19 09:15:00,303.85,303.9,296.3,299.25,591063,297.99,296.98,21.53,9.36
2023-04-20 09:15:00,299.5,302.1,295.35,300.8,754339,298.55,297.32,20.48,9.23
2023-04-21 09:15:00,298.0,304.0,294.3,302.9,905010,299.42,297.83,19.19,9.26
2023-04-24 09:15:00,304.0,304.4,300.25,301.5,559643,299.84,298.17,17.92,9.01
2023-04-25 09:15:00,302.9,307.35,299.1,305.6,1322268,300.99,298.84,17.04,8.98
2023-04-26 09:15:00,306.15,310.8,302.7,307.8,2235778,302.35,299.66,16.76,8.93
2023-04-27 09:15:00,309.25,310.2,303.0,306.0,1135688,303.08,300.23,16.49,8.85
2023-04-28 09:15:00,307.75,310.8,303.8,307.75,1188612,304.02,300.92,16.35,8.76
2023-05-02 09:15:00,308.0,311.35,305.25,305.65,992712,304.34,301.35,16.31,8.64
2023-05-03 09:15:00,306.8,316.4,305.1,311.0,2684622,305.67,302.22,17.07,8.76
2023-05-04 09:15:00,313.65,315.8,309.0,309.8,789736,306.5,302.91,17.77,8.67
2023-05-05 09:15:00,308.7,311.25,303.5,303.75,1838623,305.95,302.99,17.13,8.63
2023-05-08 09:15:00,306.75,314.15,290.0,312.0,3567128,307.16,303.81,17.41,9.37
2023-05-09 09:15:00,315.5,323.4,309.3,319.55,3478095,309.64,305.24,16.22,9.59
2023-05-10 09:15:00,323.0,325.0,315.0,316.0,1520098,310.91,306.22,15.23,9.61
2023-05-11 09:15:00,316.7,329.0,316.45,325.5,4776606,313.83,307.97,14.84,9.77
2023-05-12 09:15:00,326.3,335.0,322.85,332.0,4618410,317.46,310.15,15.18,9.89
2023-05-15 09:15:00,330.3,341.5,329.05,329.6,3193769,319.89,311.92,16.14,10.01
2023-05-16 09:15:00,332.0,344.7,331.0,338.1,3032186,323.53,314.3,17.32,10.25
2023-05-17 09:15:00,338.45,340.4,332.45,336.0,1450417,326.03,316.27,18.42,10.14
2023-05-18 09:15:00,339.0,339.8,334.65,336.0,771703,328.02,318.07,19.44,9.9
2023-05-19 09:15:00,338.25,344.75,333.25,341.6,1277740,330.74,320.21,20.86,9.98
2023-05-22 09:15:00,340.95,354.6,339.1,352.5,3433967,335.09,323.14,22.93,10.24
2023-05-23 09:15:00,351.65,362.0,351.1,356.9,2634019,339.45,326.21,25.3,10.27
2023-05-24 09:15:00,356.0,365.55,354.55,364.0,1783800,344.36,329.65,27.68,10.31
2023-05-25 09:15:00,363.85,375.0,358.45,373.5,3869417,350.19,333.63,30.33,10.61
2023-05-26 09:15:00,375.1,389.25,373.3,385.25,3029485,357.2,338.33,33.27,10.86
2023-05-29 09:15:00,388.9,395.3,378.0,381.1,2933775,361.98,342.21,36.17,11.17
2023-05-30 09:15:00,383.35,388.7,375.55,386.0,3147630,366.78,346.2,38.44,11.26
2023-05-31 09:15:00,385.9,397.8,382.0,390.0,6086278,371.43,350.18,40.82,11.48
2023-06-01 09:15:00,392.75,394.3,386.2,387.75,3429997,374.69,353.59,43.03,11.32
2023-06-02 09:15:00,390.55,392.0,378.1,379.85,1854498,375.72,355.98,43.73,11.44
2023-06-05 09:15:00,380.85,383.25,377.6,380.0,3087353,376.58,358.16,44.3,11.16
2023-06-06 09:15:00,381.0,382.65,373.0,374.3,943044,376.12,359.63,44.1,11.09
2023-06-07 09:15:00,376.65,380.6,369.0,370.35,1345581,374.97,360.61,43.32,11.12
2023-06-08 09:15:00,372.2,377.0,371.1,373.5,1326952,374.67,361.78,42.59,10.9
2023-06-09 09:15:00,375.0,389.0,374.25,379.95,1521242,375.73,363.43,42.74,11.12
2023-06-12 09:15:00,382.0,384.8,376.05,379.85,830209,376.55,364.92,42.87,11.01
2023-06-13 09:15:00,377.85,383.9,375.85,381.5,1071853,377.54,366.43,42.96,10.87
2023-06-14 09:15:00,383.9,384.0,376.1,376.75,1355628,377.38,367.37,43.04,10.73
2023-06-15 09:15:00,377.4,381.0,376.35,378.6,689212,377.63,368.39,43.13,10.44
2023-06-16 09:15:00,379.4,380.95,373.6,378.75,1251542,377.85,369.33,42.65,10.29
2023-06-19 09:15:00,377.0,380.25,362.4,364.35,4430074,375.15,368.88,40.36,10.65
2023-06-20 09:15:00,366.9,371.0,363.4,367.25,2214012,373.57,368.73,38.24,10.51
2023-06-21 09:15:00,369.0,379.75,367.95,375.5,1623652,373.96,369.35,37.2,10.6
2023-06-22 09:15:00,377.45,379.4,371.05,371.9,612822,373.55,369.58,36.24,10.49
2023-06-23 09:15:00,373.35,373.35,364.4,370.0,1163800,372.84,369.62,34.33,10.42
2023-06-26 09:15:00,370.0,374.8,367.15,372.85,1700750,372.84,369.91,32.73,10.29
2023-06-27 09:15:00,374.0,378.75,371.0,373.45,645708,372.96,370.23,31.69,10.17
2023-06-28 09:15:00,375.0,377.8,371.3,374.8,646323,373.33,370.65,30.73,9.99
2023-06-30 09:15:00,376.25,379.95,374.6,377.0,873979,374.06,371.22,30.09,9.77
2023-07-03 09:15:00,379.95,383.9,375.6,377.95,799484,374.84,371.84,29.93,9.7
2023-07-04 09:15:00,379.9,381.8,375.25,378.5,554873,375.57,372.44,29.72,9.55
2023-07-05 09:15:00,378.5,385.0,378.0,383.0,1235232,377.06,373.4,29.87,9.43
2023-07-06 09:15:00,385.0,395.0,384.3,389.0,2404850,379.45,374.82,30.93,9.55
2023-07-07 09:15:00,392.35,393.85,384.7,385.1,1203652,380.58,375.75,31.91,9.53
2023-07-10 09:15:00,386.45,389.8,379.9,387.0,1891298,381.86,376.78,31.84,9.55
2023-07-11 09:15:00,389.85,400.0,386.95,399.95,2569910,385.48,378.88,32.66,9.72
2023-07-12 09:15:00,403.5,407.65,401.75,404.0,1770279,389.18,381.17,33.92,9.62
2023-07-13 09:15:00,406.9,408.45,401.5,402.9,1160915,391.93,383.14,35.14,9.49
2023-07-14 09:15:00,404.5,410.0,397.05,407.4,1223511,395.02,385.35,35.45,9.66
2023-07-17 09:15:00,410.9,410.9,405.0,405.8,611383,397.18,387.21,35.8,9.48
2023-07-18 09:15:00,409.0,424.0,405.05,420.95,2377529,401.93,390.27,37.01,9.93
2023-07-19 09:15:00,424.05,424.65,414.1,417.2,1563433,404.99,392.72,38.16,9.96
2023-07-20 09:15:00,419.1,419.4,411.0,411.0,929410,406.19,394.38,38.66,9.89
2023-07-21 09:15:00,413.0,414.0,404.1,407.4,1045024,406.43,395.57,37.95,9.89
2023-07-24 09:15:00,408.0,412.5,400.05,403.75,1073925,405.89,396.31,36.69,10.01
2023-07-25 09:15:00,404.8,409.8,398.5,400.0,977174,404.72,396.65,35.28,10.07
2023-07-26 09:15:00,400.0,408.0,398.0,400.0,1933999,403.77,396.95,33.9,10.07
2023-07-27 09:15:00,403.6,404.8,391.2,397.1,3608260,402.44,396.96,31.64,10.23
2023-07-28 09:15:00,403.85,407.3,395.0,404.45,2263069,402.84,397.65,29.86,10.33
2023-07-31 09:15:00,403.75,404.95,398.25,401.0,1141483,402.47,397.95,28.2,10.16
2023-08-01 09:15:00,401.0,410.05,394.1,405.0,1738101,402.98,398.59,27.3,10.44
2023-08-02 09:15:00,409.35,412.35,402.05,408.0,1238682,403.98,399.45,26.73,10.43
2023-08-03 09:15:00,409.05,413.1,404.15,406.8,1011996,404.55,400.11,26.29,10.36
2023-08-04 09:15:00,409.2,412.45,403.6,407.2,843943,405.08,400.76,25.77,10.29
2023-08-07 09:15:00,410.0,411.9,403.0,405.5,560494,405.16,401.19,25.18,10.22
2023-08-08 09:15:00,404.0,408.9,402.85,408.75,812069,405.88,401.88,24.6,10.02
2023-08-09 09:15:00,408.5,409.7,402.2,403.0,724070,405.3,401.98,24.18,9.9
2023-08-10 09:15:00,404.0,406.8,400.0,400.0,685434,404.24,401.8,23.3,9.75
2023-08-11 09:15:00,403.65,404.9,401.0,404.5,1436785,404.29,402.04,22.48,9.52
2023-08-14 09:15:00,403.95,407.25,398.9,402.25,680433,403.89,402.06,22.14,9.47
2023-08-16 09:15:00,401.5,413.65,401.0,408.0,1488948,404.71,402.6,22.8,9.62
2023-08-17 09:15:00,409.0,425.5,405.95,413.0,2519175,406.37,403.55,24.63,10.09
2023-08-18 09:15:00,414.5,432.0,414.0,430.75,3329138,411.24,406.02,26.79,10.52
2023-08-21 09:15:00,435.0,435.0,421.0,423.4,1854103,413.67,407.6,29.0,10.68
2023-08-22 09:15:00,426.0,427.9,419.25,424.15,924342,415.77,409.11,30.63,10.59
2023-08-23 09:15:00,424.95,427.45,414.0,414.95,874998,415.61,409.64,31.02,10.72
2023-08-24 09:15:00,419.95,420.0,412.25,413.95,841886,415.27,410.03,31.03,10.58
2023-08-25 09:15:00,414.45,421.4,412.45,417.3,1136144,415.68,410.69,31.19,10.5
2023-08-28 09:15:00,420.0,420.95,408.6,410.55,1113703,414.65,410.68,30.55,10.59
2023-08-29 09:15:00,412.5,412.65,405.1,408.4,1066643,413.4,410.47,29.31,10.45
2023-08-30 09:15:00,408.45,412.4,407.25,409.75,862693,412.67,410.4,28.16,10.19
2023-08-31 09:15:00,411.95,435.0,411.0,419.9,7947819,414.12,411.27,29.31,10.91
2023-09-01 09:15:00,424.9,426.0,416.6,424.95,2173303,416.28,412.51,30.37,10.84
2023-09-04 09:15:00,426.6,440.0,420.55,437.5,2930241,420.53,414.78,32.18,11.25
2023-09-05 09:15:00,439.95,449.95,433.0,436.45,3809964,423.71,416.75,34.29,11.52
2023-09-06 09:15:00,437.45,438.3,429.7,432.2,1010009,425.41,418.16,35.71,11.38
2023-09-07 09:15:00,434.2,449.95,433.0,447.8,2406113,429.89,420.85,37.52,11.68
2023-09-08 09:15:00,450.95,459.7,450.55,454.9,2580599,434.89,423.95,39.53,11.69
2023-09-11 09:15:00,458.2,458.4,445.0,449.95,996506,437.9,426.31,40.59,11.78
2023-09-12 09:15:00,454.95,454.95,434.0,438.5,1849050,438.02,427.42,40.19,12.21
2023-09-13 09:15:00,439.0,452.0,420.0,448.0,2111427,440.02,429.29,38.39,13.15
2023-09-14 09:15:00,446.0,446.5,434.15,444.9,1762113,440.99,430.71,36.72,13.19
2023-09-15 09:15:00,447.25,454.7,432.0,432.8,4008801,439.36,430.9,35.72,13.64
2023-09-18 09:15:00,439.7,442.95,432.8,440.0,1272194,439.48,431.73,34.8,13.47
2023-09-20 09:15:00,439.05,440.0,430.3,432.1,1269913,438.01,431.76,33.66,13.3
2023-09-21 09:15:00,432.0,437.45,425.15,426.0,1101928,435.61,431.24,32.06,13.25
2023-09-22 09:15:00,429.8,443.0,422.6,437.8,1513826,436.04,431.83,31.01,13.59
2023-09-25 09:15:00,441.7,441.95,431.55,433.2,1055941,435.48,431.96,30.04,13.44
2023-09-26 09:15:00,436.75,445.0,431.4,433.75,1034400,435.13,432.12,29.4,13.44
2023-09-27 09:15:00,440.35,443.9,433.8,436.9,897067,435.48,432.56,28.79,13.29
2023-09-28 09:15:00,438.05,448.6,433.05,435.6,2086845,435.51,432.83,28.63,13.4
2023-09-29 09:15:00,438.6,446.7,436.8,444.2,1066551,437.25,433.87,28.48,13.29
2023-10-03 09:15:00,442.2,446.9,438.1,444.65,867226,438.73,434.85,28.36,13.07
2023-10-04 09:15:00,445.75,446.0,429.0,431.5,1084334,437.28,434.54,26.93,13.26
2023-10-05 09:15:00,436.0,436.85,424.55,425.25,902233,434.88,433.7,25.05,13.21
2023-10-06 09:15:00,429.5,430.45,417.05,419.0,1669609,431.7,432.36,24.04,13.22
2023-10-09 09:15:00,417.95,419.55,411.45,412.5,894342,427.86,430.56,23.64,12.98
2023-10-10 09:15:00,413.25,418.0,410.9,411.95,647310,424.68,428.86,23.32,12.7
2023-10-11 09:15:00,416.75,416.75,401.0,404.9,2059573,420.72,426.69,23.87,12.84
2023-10-12 09:15:00,405.0,408.0,393.05,402.0,5288164,416.98,424.44,24.93,12.94
2023-10-13 09:15:00,400.45,402.45,395.0,396.0,1400098,412.78,421.86,25.92,12.68
2023-10-16 09:15:00,396.25,399.05,388.0,394.0,1270179,409.03,419.32,27.29,12.6
2023-10-17 09:15:00,394.25,397.3,390.2,392.0,1726259,405.62,416.84,28.56,12.34
2023-10-18 09:15:00,392.7,399.8,385.2,387.0,1639534,401.9,414.13,30.04,12.45
2023-10-19 09:15:00,386.8,389.4,371.0,380.8,3324505,397.68,411.1,32.12,12.73
2023-10-20 09:15:00,383.0,399.0,376.25,391.7,4670060,396.48,409.33,32.65,13.21
2023-10-23 09:15:00,400.0,406.9,378.55,381.25,3243468,393.44,406.78,32.16,13.93
2023-10-25 09:15:00,389.0,394.0,367.95,373.3,2417206,389.41,403.74,32.36,14.51
2023-10-26 09:15:00,375.0,376.1,359.2,373.0,2216477,386.13,400.94,33.01,14.62
2023-10-27 09:15:00,375.0,387.9,375.0,383.3,1818009,385.56,399.34,32.34,14.64
2023-10-30 09:15:00,387.8,394.2,383.05,391.0,1336589,386.65,398.58,31.11,14.47
2023-10-31 09:15:00,395.0,397.5,388.4,389.45,1172951,387.21,397.75,29.67,14.21
2023-11-01 09:15:00,390.1,391.35,376.2,380.7,1274343,385.91,396.2,29.15,14.26
2023-11-02 09:15:00,384.5,388.6,381.15,382.8,567301,385.29,394.98,28.66,13.96
2023-11-03 09:15:00,387.5,387.5,378.0,378.05,1738311,383.84,393.44,28.41,13.74
2023-11-06 09:15:00,381.85,385.0,370.95,376.95,1312125,382.46,391.94,28.62,13.76
2023-11-07 09:15:00,376.7,390.8,376.7,388.9,1020048,383.75,391.67,28.18,13.77
2023-11-08 09:15:00,392.5,398.8,381.55,382.1,1239144,383.42,390.8,26.97,13.94
2023-11-09 09:15:00,386.45,386.9,378.9,383.8,2751263,383.5,390.16,26.05,13.66
2023-11-10 09:15:00,386.25,389.55,379.6,387.5,1117384,384.3,389.92,24.93,13.48
2023-11-12 18:15:00,392.0,393.65,387.0,387.15,164362,384.87,389.67,23.48,13.16
2023-11-13 09:15:00,387.7,390.0,380.5,382.05,1369379,384.3,388.97,22.69,12.98
2023-11-15 09:15:00,388.4,397.5,379.15,393.7,1995338,386.18,389.4,21.21,13.24
2023-11-16 09:15:00,394.3,401.2,387.35,397.5,2326265,388.45,390.14,19.89,13.27
2023-11-17 09:15:00,400.8,400.95,387.0,389.9,1473103,388.74,390.12,18.63,13.3
2023-11-20 09:15:00,389.65,396.25,383.0,393.5,1127292,389.69,390.43,17.54,13.3
2023-11-21 09:15:00,395.1,395.8,389.15,389.8,943422,389.71,390.37,16.53,12.98
2023-11-22 09:15:00,389.65,469.35,386.0,469.35,15950020,405.64,397.55,19.09,16.33
2023-11-23 09:15:00,498.0,503.45,455.55,460.05,23745738,416.52,403.23,22.18,17.83
2023-11-24 09:15:00,467.25,471.15,427.3,428.4,6422700,418.9,405.52,23.21,19.07
2023-11-28 09:15:00,433.0,437.2,410.1,425.35,10681438,420.19,407.32,23.25,19.46
2023-11-29 09:15:00,431.5,449.7,429.0,440.0,4004371,424.15,410.29,23.65,19.69
2023-11-30 09:15:00,440.05,454.9,438.85,451.7,4489696,429.66,414.06,24.18,19.52
2023-12-01 09:15:00,453.9,458.6,443.7,455.5,2796781,434.83,417.82,24.79,19.3
2023-12-04 09:15:00,459.95,472.25,459.0,468.5,2979723,441.56,422.43,25.74,19.17
2023-12-05 09:15:00,474.0,474.5,463.0,473.0,2471922,447.85,427.03,26.69,18.81
2023-12-06 09:15:00,475.0,476.3,451.95,454.9,1851870,449.26,429.56,26.87,19.07
2023-12-07 09:15:00,458.5,463.7,448.5,454.5,1536980,450.31,431.83,26.82,18.89
2023-12-08 09:15:00,458.1,460.45,446.6,458.0,3162128,451.85,434.21,26.66,18.65
2023-12-11 09:15:00,454.85,455.6,446.5,450.6,1639988,451.6,435.7,26.5,18.31
2023-12-12 09:15:00,451.0,452.75,445.0,447.1,1704412,450.7,436.74,26.25,17.81
2023-12-13 09:15:00,445.6,466.0,440.0,465.2,3117453,453.6,439.32,26.58,18.2
2023-12-14 09:15:00,464.95,475.2,455.0,460.0,2982393,454.88,441.2,27.25,18.29
2023-12-15 09:15:00,464.45,464.45,455.1,455.1,2226287,454.92,442.47,27.87,17.86
2023-12-18 09:15:00,463.75,467.75,455.0,455.9,1694186,455.12,443.69,28.58,17.62
2023-12-19 09:15:00,456.5,458.95,447.4,453.35,1977733,454.76,444.57,28.58,17.33
2023-12-20 09:15:00,458.9,458.9,442.05,446.0,3052572,453.01,444.7,28.12,17.31
2023-12-21 09:15:00,442.0,459.0,436.05,453.85,1622884,453.18,445.53,27.22,17.58
2023-12-22 09:15:00,462.65,469.75,456.55,463.0,2491891,455.14,447.12,26.96,17.5
2023-12-26 09:15:00,470.0,473.0,461.1,463.65,1039959,456.84,448.62,26.89,17.23
2023-12-27 09:15:00,468.9,468.9,457.0,458.5,785320,457.18,449.52,26.47,16.98
2023-12-28 09:15:00,458.4,463.4,450.05,452.45,1312074,456.23,449.78,25.49,16.8
2023-12-29 09:15:00,455.0,459.9,448.35,452.0,1365054,455.38,449.99,24.44,16.55
2024-01-01 09:15:00,458.7,458.7,448.3,449.0,552009,454.11,449.9,23.46,16.26
2024-01-02 09:15:00,450.6,454.2,445.0,449.5,1454447,453.19,449.86,22.25,15.93
2024-01-03 09:15:00,453.0,458.0,448.35,450.9,2460760,452.73,449.95,21.43,15.63
2024-01-04 09:15:00,454.6,469.85,453.55,462.0,2423433,454.58,451.05,21.5,15.78
2024-01-05 09:15:00,480.0,488.0,465.0,466.9,4799008,457.05,452.49,22.55,16.27
2024-01-08 09:15:00,471.0,480.9,466.55,469.95,1860309,459.63,454.08,23.53,16.18
2024-01-09 09:15:00,474.9,477.05,469.0,470.25,1322800,461.75,455.55,24.44,15.79
2024-01-10 09:15:00,472.65,473.9,462.1,465.5,1080167,462.5,456.45,24.52,15.6
2024-01-11 09:15:00,470.0,472.7,462.05,463.6,1139051,462.72,457.1,24.59,15.37
2024-01-12 09:15:00,463.6,466.8,459.0,460.3,670821,462.24,457.39,24.32,15.01
2024-01-15 09:15:00,462.45,463.4,454.1,456.25,1123938,461.04,457.29,23.53,14.73
2024-01-16 09:15:00,456.9,459.05,449.55,454.5,1091291,459.73,457.04,22.31,14.49
2024-01-17 09:15:00,450.5,474.8,447.75,463.5,3791219,460.49,457.62,22.39,15.08
2024-01-18 09:15:00,460.0,462.1,450.1,453.5,2189824,459.09,457.25,22.45,15.0
2024-01-19 09:15:00,459.9,460.0,452.2,453.95,1682855,458.06,456.95,22.52,14.66
2024-01-20 09:15:00,459.0,459.9,449.15,449.85,479154,456.42,456.3,22.21,14.47
2024-01-23 09:15:00,457.4,468.75,437.1,447.3,5945106,454.59,455.48,20.65,15.29
2024-01-24 09:15:00,425.1,451.55,414.3,450.0,7680542,453.68,454.99,20.83,16.34
2024-01-25 09:15:00,450.0,472.0,432.65,462.0,5234647,455.34,455.62,19.37,17.43
2024-01-29 09:15:00,470.0,477.0,449.15,463.0,2675295,456.87,456.29,18.29,17.93
2024-01-30 09:15:00,466.95,467.05,460.0,461.5,1132788,457.8,456.77,17.29,17.41
2024-01-31 09:15:00,459.5,470.0,455.95,466.8,2095143,459.6,457.68,16.06,17.25
2024-02-01 09:15:00,468.0,468.0,454.1,455.4,1418590,458.76,457.47,15.06,17.09
2024-02-02 09:15:00,458.0,458.45,447.0,447.5,1696256,456.51,456.57,14.67,16.82
2024-02-05 09:15:00,450.0,450.0,438.1,440.0,2941271,453.21,455.06,14.92,16.59
2024-02-06 09:15:00,444.95,446.95,436.15,446.0,1332356,451.76,454.24,15.27,16.31
2024-02-07 09:15:00,447.5,448.8,435.25,436.0,1194713,448.61,452.58,15.41,16.18
2024-02-08 09:15:00,437.0,438.75,428.0,430.5,1937026,444.99,450.57,16.04,15.92
2024-02-09 09:15:00,434.0,440.0,420.25,430.0,3173421,441.99,448.7,17.1,16.11
2024-02-12 09:15:00,439.0,448.4,429.0,434.1,1608207,440.41,447.37,17.21,16.26
2024-02-13 09:15:00,441.0,442.45,424.0,435.05,2567813,439.34,446.25,17.64,16.37
2024-02-14 09:15:00,434.0,442.0,423.3,438.55,4982303,439.18,445.55,18.09,16.48
2024-02-15 09:15:00,440.0,440.0,428.55,434.85,1457677,438.32,444.58,18.51,16.24
2024-02-16 09:15:00,438.6,438.6,428.0,429.2,1784428,436.49,443.18,18.93,15.97
2024-02-19 09:15:00,430.9,439.75,428.5,433.1,1960693,435.81,442.27,19.18,15.74
2024-02-20 09:15:00,438.0,446.0,428.6,432.0,2335536,435.05,441.33,18.63,15.82
2024-02-21 09:15:00,435.0,435.6,421.95,427.5,1107055,433.54,440.07,18.7,15.72
2024-02-22 09:15:00,429.8,429.9,422.6,427.05,1059296,432.24,438.89,18.77,15.32
2024-02-23 09:15:00,425.05,434.5,425.0,433.0,2592001,432.39,438.36,18.24,15.04
2024-02-26 09:15:00,432.25,435.0,422.0,426.8,2207520,431.28,437.3,18.04,14.94
2024-02-27 09:15:00,428.4,440.95,425.5,439.5,2350404,432.92,437.5,17.11,14.97
2024-02-28 09:15:00,440.0,441.6,423.2,426.9,2680701,431.72,436.54,16.49,15.13
2024-02-29 09:15:00,428.1,449.0,421.0,448.0,7103413,434.97,437.58,15.58,15.74
2024-03-01 09:15:00,480.5,494.95,461.0,463.0,18449710,440.58,439.89,17.67,17.23
2024-03-02 09:15:00,470.9,474.8,467.0,473.0,747055,447.06,442.9,19.61,16.97
2024-03-04 09:15:00,476.05,479.8,466.6,468.65,2120767,451.38,445.24,21.62,16.79
2024-03-05 09:15:00,470.0,473.25,462.3,463.5,1388080,453.8,446.9,23.0,16.51
2024-03-06 09:15:00,466.4,470.0,450.35,468.8,2429353,456.8,448.89,23.09,16.66
2024-03-07 09:15:00,469.65,471.0,455.0,457.95,2560185,457.03,449.72,23.22,16.63
2024-03-11 09:15:00,465.85,474.2,449.4,464.35,5358774,458.5,451.05,22.81,17.02
2024-03-12 09:15:00,470.8,470.8,453.0,454.95,2569725,457.79,451.4,22.43,17.06
2024-03-13 09:15:00,460.0,465.9,450.8,460.7,5876124,458.37,452.25,21.85,16.96
2024-03-14 09:15:00,462.0,469.4,450.1,468.0,3036974,460.3,453.68,21.58,17.08
2024-03-15 09:15:00,467.55,485.0,464.35,466.9,6417780,461.62,454.88,22.34,17.25
2024-03-18 09:15:00,476.0,476.0,462.05,471.4,4266438,463.57,456.38,22.8,17.09
2024-03-19 09:15:00,471.35,480.3,463.45,479.4,3203552,466.74,458.48,23.49,17.08
2024-03-20 09:15:00,482.1,517.0,473.2,506.05,16842668,474.6,462.8,25.67,18.35
2024-03-21 09:15:00,510.0,549.95,510.0,544.4,18507604,488.56,470.22,28.48,19.57
2024-03-22 09:15:00,541.4,541.4,520.2,534.1,8794534,497.67,476.03,31.08,19.79
2024-03-26 09:15:00,528.0,547.7,526.5,540.0,5366703,506.13,481.84,33.62,19.85
2024-03-27 09:15:00,544.5,556.4,536.55,545.65,4956095,514.04,487.64,36.15,19.85
2024-03-28 09:15:00,551.05,555.25,535.0,537.0,4050563,518.63,492.13,38.33,19.87
2024-04-01 09:15:00,546.05,555.3,511.1,514.9,6471782,517.88,494.2,38.24,21.03
2024-04-02 09:15:00,519.3,528.5,515.25,518.3,3780586,517.97,496.39,38.15,20.68
2024-04-03 09:15:00,518.8,519.0,509.5,510.35,2874413,516.44,497.66,37.61,20.15
2024-04-04 09:15:00,514.0,520.85,505.55,512.8,3618531,515.72,499.04,36.79,19.91
2024-04-05 09:15:00,510.5,518.7,509.55,515.25,2062954,515.62,500.51,36.03,19.4
2024-04-08 09:15:00,518.05,518.7,501.25,504.0,3539479,513.3,500.83,34.63,19.31
2024-04-09 09:15:00,505.9,508.9,497.4,500.0,1879195,510.64,500.75,33.03,18.94
2024-04-10 09:15:00,502.0,505.65,494.2,504.0,2918048,509.31,501.05,31.29,18.58
2024-04-12 09:15:00,504.0,506.8,492.0,496.5,1982472,506.75,500.63,29.5,18.4
2024-04-15 09:15:00,482.0,499.6,479.25,493.0,1939326,504.0,499.94,27.9,18.49
2024-04-16 09:15:00,493.0,519.3,490.05,517.6,5830067,506.72,501.55,26.72,19.01
2024-04-18 09:15:00,523.0,530.25,520.0,529.45,4303741,511.27,504.08,26.22,18.7
2024-04-19 09:15:00,523.0,536.4,511.55,529.05,3560936,514.82,506.35,25.13,19.0
2024-04-22 09:15:00,538.0,538.0,530.0,532.95,1989189,518.45,508.77,24.21,18.52
2024-04-23 09:15:00,535.0,544.0,531.55,533.6,2589807,521.48,511.03,23.71,18.23
2024-04-24 09:15:00,536.0,548.0,533.15,543.75,2944863,525.93,514.0,23.47,18.07
2024-04-25 09:15:00,545.0,548.2,536.5,541.05,1194846,528.96,516.46,23.26,17.76
2024-04-26 09:15:00,545.0,564.0,539.45,557.4,3572317,534.64,520.18,23.91,18.09
2024-04-29 09:15:00,563.35,565.5,548.1,559.95,2974051,539.71,523.8,24.58,18.05
2024-04-30 09:15:00,556.0,564.0,552.2,554.0,1653942,542.56,526.54,25.21,17.76
2024-05-02 09:15:00,553.6,556.65,548.1,549.55,1199719,543.96,528.64,25.35,17.32
2024-05-03 09:15:00,552.0,556.15,546.05,548.75,993783,544.92,530.46,25.28,16.97
2024-05-06 09:15:00,553.0,554.75,536.4,552.6,4098509,546.46,532.48,24.25,17.04
2024-05-07 09:15:00,540.0,585.0,530.65,572.0,14505005,551.56,536.07,24.99,18.82
2024-05-08 09:15:00,572.0,583.95,559.05,582.0,5158070,557.65,540.24,25.68,19.11
2024-05-09 09:15:00,583.9,584.45,575.0,577.65,2395628,561.65,543.65,26.34,18.65
2024-05-10 09:15:00,582.3,584.0,570.0,579.0,1954184,565.12,546.86,26.46,18.43
2024-05-13 09:15:00,580.0,601.0,572.6,585.4,5187804,569.18,550.36,27.39,18.9
2024-05-14 09:15:00,591.0,612.0,573.7,609.0,3688911,577.14,555.69,28.69,19.82
2024-05-15 09:15:00,612.0,649.5,606.55,635.1,9423462,588.73,562.91,30.94,20.93
2024-05-16 09:15:00,637.0,648.0,621.35,635.0,7094825,597.99,569.47,33.03,21.2
2024-05-17 09:15:00,634.75,669.0,633.4,653.9,5857645,609.17,577.14,35.39,21.88
2024-05-18 09:15:00,660.0,667.85,658.05,663.0,456730,619.94,584.95,37.59,21.51
2024-05-21 09:15:00,665.0,668.0,639.0,644.0,11186194,624.75,590.32,38.02,21.86
2024-05-22 09:15:00,647.0,657.45,630.4,643.0,2383636,628.4,595.1,37.79,22.11
2024-05-23 09:15:00,644.0,646.0,622.05,635.2,2335839,629.76,598.75,36.99,22.2
2024-05-24 09:15:00,633.0,654.45,631.35,650.1,1391895,633.83,603.42,36.57,22.24
2024-05-27 09:15:00,654.45,654.45,638.1,651.0,2356136,637.26,607.74,36.18,21.96
2024-05-28 09:15:00,653.45,653.8,627.05,629.0,2170661,635.61,609.68,35.02,22.19
2024-05-29 09:15:00,626.0,638.4,618.2,630.0,2638959,634.49,611.52,33.35,22.09
2024-05-30 09:15:00,647.0,664.2,644.0,648.65,6362693,637.32,614.9,32.92,22.67
2024-05-31 09:15:00,657.0,659.95,638.1,643.7,5481527,638.6,617.52,32.14,22.63
2024-06-03 09:15:00,700.0,700.0,661.8,687.9,5282434,648.46,623.92,32.73,24.23
2024-06-04 09:15:00,686.25,686.25,549.0,634.55,9807296,645.68,624.88,31.68,29.69
2024-06-05 09:15:00,649.0,664.0,570.25,627.4,10673638,642.02,625.11,30.7,32.74
2024-06-06 09:15:00,645.0,670.0,640.3,657.0,4394830,645.02,628.01,29.59,33.21
2024-06-07 09:15:00,655.0,666.2,647.35,660.6,2427701,648.13,630.97,28.56,32.53
2024-06-10 09:15:00,667.0,669.0,652.0,654.6,1554796,649.43,633.12,27.49,31.79
2024-06-11 09:15:00,656.0,667.4,653.4,659.7,2360337,651.48,635.54,26.49,30.94
2024-06-12 09:15:00,666.8,680.45,663.6,665.5,2015019,654.28,638.26,25.02,30.46
2024-06-13 09:15:00,675.75,677.8,662.8,669.3,1170823,657.29,641.08,23.69,29.72
2024-06-14 09:15:00,669.0,694.7,663.55,688.1,4281877,663.45,645.36,22.24,29.79
2024-06-18 09:15:00,694.0,698.4,683.3,685.2,2784790,667.8,648.98,21.04,29.09
2024-06-19 09:15:00,686.9,688.9,673.0,678.2,1401141,669.88,651.64,19.6,28.46
2024-06-20 09:15:00,675.9,686.0,668.05,678.9,1819828,671.68,654.11,18.47,27.96
2024-06-21 09:15:00,684.5,690.75,672.85,678.0,2204687,672.95,656.29,17.2,27.48
2024-06-24 09:15:00,675.15,735.0,671.7,705.0,7156238,679.36,660.71,17.58,29.19
2024-06-25 09:15:00,708.0,733.0,686.5,691.0,5879757,681.69,663.47,17.94,30.01
2024-06-26 09:15:00,699.0,706.95,684.0,684.5,2318737,682.25,665.38,18.14,29.68
2024-06-27 09:15:00,680.3,701.0,680.3,697.2,2732147,685.24,668.27,18.13,29.25
2024-06-28 09:15:00,702.0,709.0,690.1,703.8,2191759,688.95,671.5,18.41,28.76
2024-07-01 09:15:00,708.0,723.85,696.3,720.25,1915257,695.21,675.93,19.2,28.7
2024-07-02 09:15:00,725.0,728.0,712.1,720.0,1659902,700.17,679.94,20.07,28.09
2024-07-03 09:15:00,726.6,728.0,714.8,719.5,1350107,704.04,683.54,20.87,27.38
2024-07-04 09:15:00,724.9,734.0,718.0,723.2,1192130,707.87,687.14,21.83,26.84
2024-07-05 09:15:00,724.8,782.35,721.85,770.1,7998712,720.31,694.68,24.01,28.44
2024-07-08 09:15:00,782.4,783.75,765.45,771.0,2440240,730.45,701.62,26.07,27.96
2024-07-09 09:15:00,774.85,774.85,750.85,756.75,1992638,735.71,706.63,27.02,27.77
2024-07-10 09:15:00,760.0,760.0,723.0,742.9,3241240,737.15,709.93,26.4,28.21
2024-07-11 09:15:00,748.0,752.0,732.35,746.85,1647148,739.09,713.29,25.82,27.8
2024-07-12 09:15:00,750.0,751.0,716.9,726.95,2470754,736.66,714.53,24.53,28.1
2024-07-15 09:15:00,732.0,737.8,723.2,726.3,1566111,734.59,715.6,23.34,27.46
2024-07-16 09:15:00,729.0,734.9,725.55,730.0,1274526,733.67,716.91,22.22,26.6
2024-07-18 09:15:00,730.0,730.4,685.9,688.85,6148781,724.71,714.36,21.79,27.45
2024-07-19 09:15:00,690.0,690.0,651.35,676.15,5600199,715.0,710.88,22.42,27.98
2024-07-22 09:15:00,675.0,693.25,665.0,690.0,2222713,710.0,708.99,22.84,28.0
2024-07-23 09:15:00,700.95,702.0,645.0,674.7,2263759,702.94,705.87,23.76,29.38
2024-07-24 09:15:00,682.0,709.0,657.0,699.95,6272732,702.34,705.33,24.25,30.45
2024-07-25 09:15:00,700.0,742.0,699.0,725.6,8670140,706.99,707.17,23.23,31.05
2024-07-26 09:15:00,733.0,735.6,718.4,730.8,4019469,711.75,709.32,22.28,30.39
2024-07-29 09:15:00,736.1,747.5,735.25,741.25,1630303,717.65,712.22,20.91,29.74
2024-07-30 09:15:00,744.0,750.7,738.0,738.5,999333,721.82,714.61,19.51,28.93
2024-07-31 09:15:00,739.0,741.6,729.0,739.3,1704228,725.32,716.86,18.57,28.15
2024-08-01 09:15:00,740.0,741.0,721.2,724.2,1257977,725.09,717.52,18.0,27.75
2024-08-02 09:15:00,720.0,748.4,706.2,724.85,2534521,725.05,718.19,18.01,28.44
2024-08-05 09:15:00,690.75,709.45,683.65,692.85,3220275,718.61,715.89,18.74,29.05
2024-08-06 09:15:00,694.45,707.7,665.55,669.15,2809863,708.72,711.64,19.9,29.67
2024-08-07 09:15:00,685.0,690.0,673.75,687.0,1866430,704.37,709.4,20.98,29.25
2024-08-08 09:15:00,685.8,689.75,673.45,678.0,2573148,699.1,706.54,22.0,28.64
2024-08-09 09:15:00,685.0,724.0,683.0,711.0,3436106,701.48,706.95,21.16,29.46
2024-08-12 09:15:00,711.0,716.75,696.45,705.0,1303470,702.18,706.77,20.39,29.03
2024-08-13 09:15:00,708.0,712.9,685.75,694.4,1122266,700.63,705.65,20.07,28.94
2024-08-14 09:15:00,696.35,709.0,685.5,702.5,1519416,701.0,705.36,19.79,28.68
2024-08-16 09:15:00,706.4,717.5,695.15,715.5,1587405,703.9,706.28,19.07,28.38
2024-08-19 09:15:00,722.0,725.0,705.65,710.0,1266132,705.12,706.62,18.02,27.95
2024-08-20 09:15:00,711.05,747.5,711.05,733.0,3715438,710.7,709.02,17.44,28.4
2024-08-21 09:15:00,737.15,738.2,723.2,735.8,1289653,715.72,711.45,16.9,27.76
2024-08-22 09:15:00,740.0,745.0,733.55,741.25,1264230,720.82,714.16,16.69,26.99
2024-08-23 09:15:00,743.0,758.8,735.4,748.2,3047400,726.3,717.26,17.06,26.82
2024-08-26 09:15:00,755.45,764.9,735.15,738.1,1509073,728.66,719.15,17.63,26.96
2024-08-27 09:15:00,742.7,742.7,728.25,729.55,1014871,728.84,720.1,17.73,26.36
2024-08-28 09:15:00,729.8,730.85,707.1,711.3,1544649,725.33,719.3,16.66,26.24
2024-08-29 09:15:00,713.65,723.8,699.0,701.5,1445466,720.56,717.68,15.67,26.17
2024-08-30 09:15:00,707.0,713.15,691.5,695.9,3209561,715.63,715.7,15.1,25.95
2024-09-02 09:15:00,699.0,705.0,680.0,684.9,1373339,709.48,712.9,15.08,25.91
2024-09-03 09:15:00,688.0,695.65,681.5,687.7,1953301,705.13,710.61,15.06,25.35
2024-09-04 09:15:00,683.95,693.9,677.7,689.5,2436279,702.0,708.69,15.21,24.91
2024-09-05 09:15:00,688.95,691.45,683.3,684.45,1130759,698.49,706.49,15.36,24.11
2024-09-06 09:15:00,686.95,691.0,671.05,676.3,1260309,694.05,703.74,16.07,23.92
2024-09-09 09:15:00,675.9,679.0,658.75,665.8,1477528,688.4,700.29,17.23,23.74
2024-09-10 09:15:00,665.65,679.0,663.0,667.25,1389454,684.17,697.29,18.31,23.37
2024-09-11 09:15:00,669.0,696.0,663.25,694.0,3418759,686.14,696.99,18.06,23.82
2024-09-12 09:15:00,698.0,739.0,692.6,729.0,9991303,694.71,699.9,17.88,24.89
2024-09-13 09:15:00,729.15,737.65,711.55,713.95,3407561,698.56,701.18,17.71,24.95
2024-09-16 09:15:00,717.95,728.7,711.55,714.0,1456685,701.65,702.34,17.55,24.58
2024-09-17 09:15:00,716.8,738.0,715.45,731.25,3094131,707.57,704.97,17.81,24.55
2024-09-18 09:15:00,734.45,745.7,727.6,742.5,2498942,714.55,708.38,18.36,24.24
2024-09-19 09:15:00,746.3,747.3,718.65,737.5,2433768,719.14,711.03,18.29,24.45
2024-09-20 09:15:00,732.0,752.0,726.1,747.0,3125272,724.71,714.3,18.43,24.52
2024-09-23 09:15:00,749.25,776.5,743.1,770.1,4212843,733.79,719.37,19.52,24.95
2024-09-24 09:15:00,776.0,788.95,766.1,782.5,3853246,743.53,725.11,20.92,24.85
2024-09-25 09:15:00,782.95,814.4,770.0,776.15,6161388,750.06,729.75,22.9,25.78
2024-09-26 09:15:00,775.0,777.5,758.0,776.0,1638074,755.25,733.96,23.96,25.48
2024-09-27 09:15:00,771.0,773.65,757.0,759.45,1488003,756.09,736.27,24.88,25.17
2024-09-30 09:15:00,765.9,771.95,754.75,760.0,1503794,756.87,738.43,25.59,24.79
2024-10-01 09:15:00,763.05,763.05,745.9,752.5,1210560,756.0,739.71,25.64,24.43
2024-10-03 09:15:00,735.0,756.45,728.05,738.7,1878702,752.54,739.62,24.62,24.62
2024-10-04 09:15:00,738.1,742.9,715.75,721.9,2997912,746.41,738.01,23.04,24.74
2024-10-07 09:15:00,718.0,762.0,709.05,756.35,8376111,748.4,739.67,22.39,26.08
2024-10-08 09:15:00,758.95,790.0,748.35,780.55,4753528,754.83,743.39,22.76,26.82
2024-10-09 09:15:00,783.3,809.6,781.4,798.8,4717007,763.62,748.43,23.66,26.93
2024-10-10 09:15:00,803.5,844.95,802.95,842.0,6647846,779.3,756.93,25.29,27.84
2024-10-11 09:15:00,840.0,874.7,836.5,852.7,6772511,793.98,765.64,27.32,28.34
2024-10-14 09:15:00,858.15,866.15,840.0,851.7,3407942,805.52,773.46,29.2,28.23
2024-10-15 09:15:00,855.3,856.85,825.05,832.55,3828445,810.93,778.84,30.14,28.4
2024-10-16 09:15:00,832.55,853.9,830.05,834.5,2412288,815.64,783.9,31.03,28.19
2024-10-17 09:15:00,836.1,852.5,825.2,837.8,2457106,820.07,788.8,31.57,28.14
2024-10-18 09:15:00,834.0,836.0,815.0,816.55,2979514,819.37,791.32,31.52,27.89
2024-10-21 09:15:00,825.0,857.7,762.85,791.0,10107359,813.7,791.29,29.29,31.08
2024-10-22 09:15:00,776.1,822.1,750.65,757.0,11957492,802.36,788.17,27.63,33.0
2024-10-23 09:15:00,758.9,759.65,733.0,740.7,2451273,790.03,783.86,26.64,32.7
2024-10-24 09:15:00,741.25,748.3,723.1,731.0,2289559,778.22,779.05,26.0,32.34
2024-10-25 09:15:00,734.0,747.0,714.3,742.0,3591835,770.98,775.68,25.66,32.36
2024-10-28 09:15:00,745.95,748.0,709.2,713.45,3286497,759.47,770.03,25.49,32.66
2024-10-29 09:15:00,716.0,724.35,698.25,717.0,3821625,750.98,765.21,25.65,32.35
2024-10-30 09:15:00,716.85,732.5,709.1,715.6,2398337,743.9,760.7,25.39,31.93
2024-10-31 09:15:00,717.8,721.95,701.55,702.85,2090182,735.69,755.44,25.39,31.38
2024-11-01 18:00:00,715.0,726.0,711.9,725.0,461391,733.55,752.67,25.17,30.98
2024-11-04 09:15:00,721.0,723.25,709.0,713.95,1946903,729.63,749.15,25.07,30.27
2024-11-05 09:15:00,717.4,717.4,702.65,703.8,1988718,724.47,745.03,25.2,29.53
2024-11-06 09:15:00,712.0,735.75,709.25,727.75,2696846,725.12,743.46,24.31,29.65
2024-11-07 09:15:00,750.0,750.0,723.05,726.7,3440804,725.44,741.93,22.79,29.52
2024-11-08 09:15:00,731.0,731.0,710.9,714.0,1291641,723.15,739.39,21.89,29.07
2024-11-11 09:15:00,711.0,729.7,703.6,724.2,1731030,723.36,738.01,21.34,28.93
2024-11-12 09:15:00,727.0,734.4,710.2,711.6,1267414,721.01,735.61,20.58,28.7
2024-11-13 09:15:00,710.0,710.8,681.1,700.5,1975985,716.91,732.42,20.95,28.79
2024-11-14 09:15:00,698.0,708.0,691.75,694.7,1601540,712.47,728.99,21.28,28.19
2024-11-18 09:15:00,700.0,718.2,696.65,700.0,1565263,709.97,726.36,21.02,27.97
2024-11-19 09:15:00,702.5,726.7,693.05,714.0,2903240,710.78,725.23,20.33,28.24
2024-11-21 09:15:00,718.3,728.7,706.5,710.0,1738106,710.62,723.85,19.58,27.95
2024-11-22 09:15:00,712.0,735.0,708.05,732.1,1923278,714.92,724.6,18.54,27.9
2024-11-25 09:15:00,746.6,764.0,725.7,731.3,5895393,718.19,725.21,18.19,28.4
2024-11-26 09:15:00,739.0,753.45,730.25,738.0,1985811,722.16,726.37,17.88,28.15
2024-11-27 09:15:00,742.85,767.9,738.1,763.7,3305146,730.46,729.76,18.16,28.23
2024-11-28 09:15:00,769.55,771.0,750.95,753.2,1734030,735.01,731.89,18.54,27.84
2024-11-29 09:15:00,757.0,757.0,729.0,732.0,2020379,734.41,731.9,17.67,27.85
2024-12-02 09:15:00,736.6,759.9,730.05,755.0,2226307,738.53,734.0,16.99,27.95
2024-12-03 09:15:00,762.95,763.5,755.0,760.1,1550215,742.84,736.38,16.52,27.02
2024-12-04 09:15:00,761.3,771.05,750.6,752.95,2264247,744.86,737.88,16.43,26.71
2024-12-05 09:15:00,755.55,779.0,753.75,770.9,3587078,750.07,740.88,16.7,26.68
2024-12-06 09:15:00,773.95,785.5,765.2,783.1,2435121,756.68,744.72,17.22,26.37
2024-12-09 09:15:00,787.95,811.4,782.3,794.1,5208191,764.16,749.21,18.64,26.5
2024-12-10 09:15:00,793.5,800.0,777.8,794.65,2420997,770.26,753.34,19.65,26.3
2024-12-11 09:15:00,796.95,797.0,781.0,783.05,1166520,772.82,756.04,20.59,25.81
2024-12-12 09:15:00,783.4,787.75,772.55,781.0,2128594,774.45,758.31,20.86,25.3
2024-12-13 09:15:00,783.15,784.85,761.0,768.9,1801881,773.34,759.27,20.36,25.23
2024-12-16 09:15:00,769.65,775.6,758.7,772.45,2467743,773.16,760.47,19.74,24.84
2024-12-17 09:15:00,770.0,783.0,764.1,767.0,2167518,771.93,761.07,19.53,24.55
2024-12-18 09:15:00,770.0,770.0,753.5,764.1,2047557,770.37,761.34,18.65,24.17
2024-12-19 09:15:00,750.05,766.0,745.8,763.55,1129171,769.0,761.54,17.36,23.98
2024-12-20 09:15:00,764.65,774.9,724.75,731.0,2608599,761.4,758.77,17.17,25.23
2024-12-23 09:15:00,731.0,738.45,717.0,725.0,1507157,754.12,755.7,17.34,25.05
2024-12-24 09:15:00,725.0,727.2,709.2,712.9,1648106,745.88,751.81,17.83,24.71
2024-12-26 09:15:00,718.0,747.5,710.1,743.0,4640092,745.3,751.0,17.05,25.32
2024-12-27 09:15:00,745.25,752.9,743.0,745.5,1669939,745.34,750.5,16.02,24.58
2024-12-30 09:15:00,748.3,749.95,732.0,734.25,2024575,743.12,749.03,15.61,24.27
2024-12-31 09:15:00,731.0,742.3,721.65,727.0,2174922,739.9,747.02,15.7,24.09
2025-01-01 09:15:00,727.0,744.2,722.6,741.0,1119898,740.12,746.48,15.66,23.98
2025-01-02 09:15:00,741.95,751.0,741.95,748.0,1503244,741.7,746.62,15.2,23.31
2025-01-03 09:15:00,747.9,753.7,732.55,733.8,1112013,740.12,745.45,15.24,23.21
2025-01-06 09:15:00,737.0,740.6,711.05,714.9,1800279,735.07,742.67,16.18,23.51
2025-01-07 09:15:00,720.0,728.65,709.95,717.0,1289126,731.46,740.34,17.1,23.28
2025-01-08 09:15:00,719.7,721.95,678.25,692.7,3277945,723.71,736.01,18.98,24.25
2025-01-09 09:15:00,694.5,696.8,673.0,676.45,1387180,714.26,730.59,20.87,24.23
2025-01-10 09:15:00,677.85,678.0,648.0,651.0,2085824,701.6,723.36,23.22,24.51
2025-01-13 09:15:00,635.0,643.6,608.2,614.7,7709453,684.22,713.48,26.09,25.38
2025-01-14 09:15:00,606.0,650.0,606.0,640.75,7807167,675.53,706.87,28.34,26.26
2025-01-15 09:15:00,643.15,644.1,608.35,609.05,5274026,662.23,697.98,30.44,26.72
2025-01-16 09:15:00,616.45,633.0,615.05,626.0,4212174,654.99,691.43,32.38,26.58
2025-01-17 09:15:00,625.0,652.2,619.95,648.1,3741823,653.61,687.49,32.9,26.85
2025-01-20 09:15:00,650.5,686.75,647.8,680.2,4414295,658.93,686.83,31.56,27.43
2025-01-21 09:15:00,683.0,683.0,653.85,658.95,2831267,658.93,684.3,30.32,27.51
2025-01-22 09:15:00,663.6,666.3,614.95,637.0,9175889,654.55,680.0,30.34,28.65
2025-01-23 09:15:00,635.0,647.35,623.7,627.0,2722456,649.04,675.18,30.36,28.41
2025-01-24 09:15:00,632.95,640.8,617.1,620.75,3026969,643.38,670.23,30.57,28.18
2025-01-27 09:15:00,617.95,617.95,587.95,596.65,4511029,634.03,663.54,31.46,28.4
2025-01-28 09:15:00,599.0,602.7,517.75,573.9,22928743,622.01,655.39,33.41,31.1
2025-01-29 09:15:00,574.95,630.0,574.95,618.0,11393589,621.21,651.99,34.05,32.29
2025-01-30 09:15:00,626.05,632.8,613.85,619.5,3481189,620.86,649.04,34.52,31.65
2025-01-31 09:15:00,623.7,645.0,619.0,638.55,2548697,624.4,648.09,34.45,31.38
2025-02-01 09:15:00,639.0,647.0,597.35,610.0,2700071,621.52,644.62,34.81,32.25
2025-02-03 09:15:00,609.95,609.95,575.5,585.8,4694311,614.38,639.28,35.52,32.36
2025-02-04 09:15:00,591.8,608.8,591.8,604.2,3823784,612.34,636.09,36.18,31.91
2025-02-05 09:15:00,607.2,630.9,603.0,625.8,3309584,615.03,635.15,35.83,31.72
2025-02-06 09:15:00,632.0,632.8,608.85,615.05,1562552,615.04,633.32,35.42,31.35
2025-02-07 09:15:00,617.0,624.95,610.45,615.1,1384115,615.05,631.67,35.04,30.55
2025-02-10 09:15:00,616.5,616.5,583.75,590.95,4092435,610.23,627.97,35.3,30.66
2025-02-11 09:15:00,592.0,592.3,573.5,583.45,2900935,604.87,623.92,35.76,30.09
2025-02-12 09:15:00,584.0,585.95,561.0,578.25,2820935,599.55,619.77,36.42,29.85
2025-02-13 09:15:00,583.0,594.6,575.35,577.0,1631281,595.04,615.88,36.6,29.34
2025-02-14 09:15:00,581.9,583.95,548.65,554.75,3348420,586.98,610.32,37.31,29.63
2025-02-17 09:15:00,545.05,587.0,537.1,585.0,4713823,586.58,608.02,38.17,30.59
2025-02-18 09:15:00,586.0,589.15,569.05,575.8,2217317,584.43,605.09,38.86,30.09
2025-02-19 09:15:00,571.0,595.3,564.55,586.9,1964132,584.92,603.44,39.16,30.12
2025-02-20 09:15:00,584.2,598.8,572.55,594.45,2043410,586.83,602.62,39.24,29.94
2025-02-21 09:15:00,594.0,600.1,581.5,587.0,1719497,586.86,601.2,39.23,29.4
2025-02-24 09:15:00,577.0,605.8,570.25,600.7,3125960,589.63,601.15,39.52,29.69
2025-02-25 09:15:00,600.7,611.65,595.65,598.0,3636961,591.3,600.87,39.42,29.04
2025-02-27 09:15:00,598.0,598.15,575.0,581.85,10086209,589.41,599.14,39.85,28.76
2025-02-28 09:15:00,576.0,591.95,563.25,571.3,8537389,585.79,596.61,40.53,28.76
2025-03-03 09:15:00,570.1,589.75,548.15,585.0,8024306,585.63,595.55,41.47,29.37
2025-03-04 09:15:00,578.0,607.3,569.1,603.85,3131254,589.28,596.31,41.26,29.79
2025-03-05 09:15:00,598.3,615.85,598.3,612.15,2796017,593.85,597.75,40.59,29.21
2025-03-06 09:15:00,617.65,631.5,615.95,627.0,2964655,600.48,600.41,39.14,28.74
2025-03-07 09:15:00,628.2,632.75,620.1,630.95,2347652,606.57,603.18,37.72,27.97
2025-03-10 09:15:00,635.0,645.0,590.0,593.35,3888219,603.93,602.29,37.35,29.26
2025-03-11 09:15:00,590.0,613.0,583.05,612.5,2092146,605.64,603.22,37.19,29.29
2025-03-12 09:15:00,612.5,620.5,594.55,604.4,2390489,605.39,603.33,36.62,29.13
2025-03-13 09:15:00,610.1,614.95,595.0,597.95,1390806,603.91,602.84,36.1,28.69
2025-03-17 09:15:00,601.0,618.15,594.1,613.55,3660207,605.83,603.81,35.42,28.47
2025-03-18 09:15:00,618.85,639.7,613.45,636.1,2686113,611.89,606.75,33.59,28.37
2025-03-19 09:15:00,639.45,666.25,633.3,659.75,3343669,621.46,611.56,31.66,28.59
2025-03-20 09:15:00,669.0,669.8,647.65,655.0,2308852,628.17,615.51,30.0,28.28
2025-03-21 09:15:00,658.95,658.95,631.65,642.0,3884504,630.93,617.92,27.97,28.23
2025-03-24 09:15:00,644.05,653.0,631.2,633.6,4240869,631.47,619.35,26.1,27.93
2025-03-25 09:15:00,640.0,652.55,625.05,627.0,3652270,630.57,620.04,24.65,27.91
2025-03-26 09:15:00,626.9,648.0,626.05,634.0,4273257,631.26,621.31,23.29,27.62
2025-03-27 09:15:00,636.0,642.7,627.2,628.0,14136488,630.61,621.92,22.04,27.04
2025-03-28 09:15:00,634.0,648.0,630.05,636.0,2705342,631.69,623.2,20.56,26.71
2025-04-01 09:15:00,636.65,646.0,610.25,612.9,3109314,627.93,622.26,20.18,27.14
2025-04-02 09:15:00,610.0,628.05,606.75,623.35,2397903,627.01,622.36,19.99,26.86
2025-04-03 09:15:00,618.0,626.4,607.75,615.8,2330877,624.77,621.77,19.82,26.47
2025-04-04 09:15:00,612.55,619.15,570.75,580.95,4572753,616.01,618.05,21.08,27.51
2025-04-07 09:15:00,520.0,555.4,517.7,539.6,4728463,600.73,610.92,23.47,29.22
2025-04-08 09:15:00,556.0,562.5,538.2,551.75,2804829,590.93,605.54,25.28,28.98
2025-04-09 09:15:00,550.0,555.0,537.6,552.0,2178703,583.14,600.68,26.96,28.43
2025-04-11 09:15:00,555.05,575.0,550.2,573.0,3044552,581.12,598.16,27.36,28.26
2025-04-15 09:15:00,589.9,591.0,580.0,588.1,2132383,582.51,597.25,26.92,27.77
2025-04-16 09:15:00,593.0,599.9,587.0,598.35,1730574,585.68,597.35,26.08,27.06
2025-04-17 09:15:00,598.0,622.95,596.15,616.8,3431402,591.9,599.11,24.31,27.05
2025-04-21 09:15:00,628.45,652.55,624.55,650.15,3395099,603.55,603.75,23.51,27.46
2025-04-22 09:15:00,652.0,653.85,636.0,645.95,2100362,612.03,607.59,22.82,27.01
2025-04-23 09:15:00,649.05,662.0,644.5,659.0,2493628,621.43,612.26,22.44,26.55
2025-04-24 09:15:00,660.5,663.15,641.95,647.0,1827986,626.54,615.42,21.96,26.3
2025-04-25 09:15:00,649.0,649.35,617.7,630.85,3224012,627.4,616.82,20.46,26.55
2025-04-28 09:15:00,626.0,641.0,625.15,634.85,1822658,628.89,618.46,19.07,26.04
2025-04-29 09:15:00,635.1,645.0,634.4,638.0,1110372,630.71,620.24,17.94,25.31
2025-04-30 09:15:00,638.0,638.45,614.95,624.4,3427493,629.45,620.62,17.25,25.22
2025-05-02 09:15:00,622.0,627.6,615.15,620.45,1720645,627.65,620.6,16.6,24.61
2025-05-05 09:15:00,622.05,636.75,618.05,635.5,1580984,629.22,621.96,15.56,24.33
2025-05-06 09:15:00,638.0,649.0,583.5,596.0,6468047,622.58,619.6,15.92,26.29
2025-05-07 09:15:00,578.0,627.75,578.0,607.45,5941767,619.55,618.49,16.43,27.41
2025-05-08 09:15:00,614.4,634.0,597.7,601.5,5817260,615.94,616.95,16.58,27.83
2025-05-09 09:15:00,595.0,614.35,587.4,609.0,2594789,614.55,616.23,17.07,27.79
2025-05-12 09:15:00,629.9,650.0,624.5,644.95,2929291,620.63,618.84,15.88,28.42
2025-05-13 09:15:00,645.8,657.4,642.2,651.4,1986284,626.79,621.8,15.01,27.79
2025-05-14 09:15:00,654.0,675.75,648.05,674.5,3528090,636.33,626.59,14.86,27.79
2025-05-15 09:15:00,680.0,682.0,663.7,676.45,3292128,644.35,631.12,14.93,27.33
2025-05-16 09:15:00,684.0,703.7,676.0,695.8,3576218,654.64,637.0,15.68,27.35
2025-05-19 09:15:00,702.0,704.35,692.45,696.35,1989320,662.98,642.4,16.4,26.62
2025-05-20 09:15:00,702.25,702.25,673.0,689.0,3686548,668.19,646.63,16.12,26.74
2025-05-21 09:15:00,687.6,704.0,685.2,693.0,2264356,673.15,650.85,15.92,26.36
2025-05-22 09:15:00,694.0,706.55,689.9,696.5,2299443,677.82,655.0,15.84,25.9
2025-05-23 09:15:00,699.9,701.0,692.05,696.55,941494,681.57,658.78,15.76,25.09
2025-05-26 09:15:00,698.0,708.9,696.8,697.0,1465293,684.65,662.25,16.01,24.49
2025-05-27 09:15:00,697.8,701.0,690.05,693.9,1222283,686.5,665.13,15.84,23.84
2025-05-28 09:15:00,694.7,700.0,685.1,686.85,1549828,686.57,667.1,15.4,23.42
2025-05-29 09:15:00,688.0,701.0,682.05,697.0,2394708,688.66,669.82,14.81,23.2
2025-05-30 09:15:00,698.0,699.9,679.2,682.55,3519017,687.44,670.98,14.09,23.08
2025-06-02 09:15:00,686.75,689.25,675.5,679.0,2342058,685.75,671.71,13.19,22.64
2025-06-03 09:15:00,679.0,691.0,676.85,678.15,1853712,684.23,672.29,12.47,22.24
2025-06-04 09:15:00,678.35,691.2,676.0,690.0,1327978,685.38,673.9,11.74,21.9
2025-06-05 09:15:00,693.9,703.45,684.35,696.9,1730844,687.69,675.99,11.82,21.77
2025-06-06 09:15:00,680.0,690.0,678.0,682.0,3457329,686.55,676.54,11.44,21.63
2025-06-09 09:15:00,682.5,699.0,681.8,694.1,2724699,688.06,678.14,11.62,21.42
2025-06-10 09:15:00,698.2,700.45,688.0,690.0,1349258,688.45,679.21,11.88,20.99
2025-06-11 09:15:00,690.5,697.0,683.0,694.05,4137360,689.57,680.56,11.72,20.66
2025-06-12 09:15:00,700.0,700.0,673.0,673.55,1797309,686.36,679.93,10.94,20.96
2025-06-13 09:15:00,650.0,675.0,650.0,674.95,1752943,684.08,679.47,11.58,21.15
2025-06-16 09:15:00,672.45,685.35,664.2,682.5,1561880,683.77,679.75,11.45,21.15
2025-06-17 09:15:00,685.45,698.1,677.75,698.05,3090205,686.62,681.41,10.73,21.12
2025-06-18 09:15:00,695.0,697.0,679.1,682.05,1946306,685.71,681.47,10.06,21.01
2025-06-19 09:15:00,685.0,694.4,665.1,665.2,1951217,681.61,679.99,10.07,21.41
2025-06-20 09:15:00,668.0,691.65,666.55,684.2,4222196,682.12,680.37,10.08,21.65
2025-06-23 09:15:00,681.75,688.0,677.25,683.25,1364489,682.35,680.64,10.09,21.13
2025-06-24 09:15:00,689.9,689.9,680.55,682.25,1058389,682.33,680.78,9.94,20.57
2025-06-25 09:15:00,682.0,687.8,671.1,676.0,1550137,681.06,680.35,10.42,20.38
2025-06-26 09:15:00,678.0,682.0,669.45,675.0,1492808,679.85,679.86,10.96,20.01
2025-06-27 09:15:00,675.0,689.9,670.0,673.7,4397982,678.62,679.3,10.78,20.0
2025-06-30 09:15:00,674.4,686.6,670.0,681.1,1959160,679.12,679.46,10.61,19.84
2025-07-01 09:15:00,689.15,693.7,673.1,682.3,5973928,679.75,679.72,9.85,19.88
2025-07-02 09:15:00,682.0,683.5,661.5,665.6,3827746,676.92,678.44,10.01,19.98
2025-07-03 09:15:00,668.6,676.8,664.05,667.45,1749480,675.03,677.44,10.16,19.64
2025-07-04 09:15:00,671.5,679.9,669.25,677.0,2009335,675.42,677.4,10.0,19.29
2025-07-07 09:15:00,676.6,682.0,668.0,680.0,1793753,676.34,677.64,9.67,19.04
2025-07-08 09:15:00,678.0,679.35,665.05,673.9,3580205,675.85,677.3,9.6,18.85
2025-07-09 09:15:00,675.8,676.95,668.3,672.0,2187919,675.08,676.81,9.54,18.36
2025-07-10 09:15:00,672.05,681.5,669.0,677.35,3250945,675.53,676.86,9.0,18.08
2025-07-11 09:15:00,677.3,678.3,666.5,666.5,2897312,673.73,675.92,8.75,17.78
2025-07-14 09:15:00,667.75,680.0,666.2,674.35,3086043,673.85,675.78,8.33,17.59
2025-07-15 09:15:00,674.0,683.5,671.5,676.1,1536059,674.3,675.81,7.93,17.33
2025-07-16 09:15:00,676.5,679.0,672.0,675.5,1449321,674.54,675.78,7.55,16.83
2025-07-17 09:15:00,678.2,693.95,676.7,688.85,4642333,677.4,676.97,8.66,16.91
2025-07-18 09:15:00,695.0,695.5,666.1,667.0,5165919,675.32,676.06,8.47,17.51
2025-07-21 09:15:00,669.0,682.5,663.9,679.95,2548947,676.25,676.42,8.08,17.56
2025-07-22 09:15:00,682.0,688.9,676.1,683.8,2738721,677.76,677.09,8.3,17.33
2025-07-23 09:15:00,684.15,687.5,680.5,682.5,1698901,678.71,677.58,8.51,16.84
2025-07-24 09:15:00,683.1,687.0,653.6,682.0,7369675,679.37,677.98,9.44,17.63
2025-07-25 09:15:00,688.25,692.2,660.0,661.6,3742048,675.81,676.49,9.8,18.32
2025-07-28 09:15:00,663.0,669.8,654.0,658.6,1925873,672.37,674.87,10.54,18.2
2025-07-29 09:15:00,657.35,661.55,645.5,660.0,2464620,669.9,673.51,11.76,18.1
2025-07-30 09:15:00,659.05,669.8,657.4,660.0,2372284,667.92,672.29,12.09,17.83
2025-07-31 09:15:00,655.0,668.9,651.0,660.5,1941333,666.43,671.21,12.8,17.83
2025-08-01 09:15:00,662.05,665.9,649.55,652.3,2579364,663.61,669.49,13.56,17.76
2025-08-04 09:15:00,655.05,664.9,646.0,663.35,2097093,663.56,668.94,14.49,17.82
2025-08-05 09:15:00,665.5,681.65,660.25,679.1,4323171,666.66,669.86,13.77,17.99
2025-08-06 09:15:00,682.0,685.5,673.65,680.35,2314719,669.4,670.81,12.79,17.69
2025-08-07 09:15:00,675.0,685.5,672.05,681.05,2399310,671.73,671.74,12.02,17.49
2025-08-08 09:15:00,683.0,683.0,664.1,665.95,1734606,670.57,671.22,11.92,17.56
2025-08-11 09:15:00,666.0,668.8,655.5,662.2,2047852,668.9,670.4,12.43,17.36
2025-08-12 09:15:00,664.95,665.55,655.5,658.1,2337163,666.74,669.28,12.9,17.01
2025-08-13 09:15:00,660.4,674.8,659.2,670.15,2103578,667.42,669.36,12.45,16.99
2025-08-14 09:15:00,676.0,676.0,664.0,665.45,1516879,667.03,669.0,11.92,16.76
2025-08-18 09:15:00,676.2,677.6,667.5,669.9,2063160,667.6,669.08,11.27,16.54
2025-08-19 09:15:00,672.5,678.2,668.0,676.35,1352602,669.35,669.75,10.62,16.23
2025-08-20 09:15:00,679.6,681.4,673.1,674.25,1374870,670.33,670.15,10.03,15.86
2025-08-21 09:15:00,675.0,679.8,675.0,676.7,940786,671.61,670.75,9.5,15.37
2025-08-22 09:15:00,678.45,687.6,673.4,680.15,3731134,673.31,671.6,9.77,15.31
2025-08-25 09:15:00,682.0,685.5,675.0,677.0,2087047,674.05,672.09,10.03,15.08
2025-08-26 09:15:00,677.9,684.25,668.5,669.85,10447723,673.21,671.89,9.48,15.11
2025-08-28 09:15:00,674.4,677.3,658.8,663.5,1945401,671.27,671.13,9.63,15.27
2025-08-29 09:15:00,676.95,699.75,668.25,694.5,14573274,675.92,673.25,10.13,16.27
2025-09-01 09:15:00,710.0,726.2,703.5,718.25,13375699,684.38,677.34,12.04,17.01
2025-09-02 09:15:00,723.05,742.75,718.3,740.0,10339536,695.51,683.04,14.45,17.36
2025-09-03 09:15:00,748.0,756.95,731.2,734.9,8976435,703.38,687.75,17.13,17.76
2025-09-04 09:15:00,744.0,751.0,735.0,741.0,5486307,710.91,692.59,19.62,17.68
2025-09-05 09:15:00,744.8,749.0,735.4,738.0,2557525,716.33,696.72,21.93,17.49
2025-09-08 09:15:00,743.0,749.5,735.75,748.0,2792295,722.66,701.38,24.09,17.31
2025-09-09 09:15:00,750.0,751.0,730.3,740.3,2411183,726.19,704.92,25.49,17.47
2025-09-10 09:15:00,747.0,770.0,745.45,769.0,7474138,734.75,710.75,27.49,18.06
2025-09-11 09:15:00,768.95,788.9,764.7,783.95,6077118,744.59,717.4,29.87,18.35
2025-09-12 09:15:00,786.0,789.9,779.1,786.05,3066917,752.88,723.64,32.1,17.99
2025-09-15 09:15:00,786.6,796.6,780.55,790.0,2726284,760.31,729.68,34.34,17.9
2025-09-16 09:15:00,794.65,796.25,783.15,790.95,1974665,766.43,735.25,36.41,17.67
2025-09-17 09:15:00,792.2,797.55,790.0,791.1,1719235,771.37,740.32,38.38,17.19
2025-09-18 09:15:00,793.25,793.25,772.65,783.5,3810303,773.79,744.25,38.32,17.35
2025-09-19 09:15:00,784.55,787.6,774.05,780.1,3284179,775.06,747.51,38.27,17.17
2025-09-22 09:15:00,782.1,783.75,769.0,771.0,1532203,774.24,749.64,37.72,17.05
2025-09-23 09:15:00,771.2,777.7,766.2,770.0,1773283,773.4,751.49,36.93,16.79
2025-09-24 09:15:00,770.0,775.0,766.0,768.0,1284276,772.32,752.99,36.17,16.42
2025-09-25 09:15:00,768.6,775.5,756.35,759.9,1068635,769.83,753.62,34.51,16.55
2025-09-26 09:15:00,758.0,759.45,737.5,742.0,1924924,764.27,752.57,32.6,16.83
2025-09-29 09:15:00,742.35,756.4,741.75,748.0,2929263,761.01,752.15,30.82,16.72
2025-09-30 09:15:00,750.0,751.75,735.6,742.0,2525666,757.21,751.23,29.59,16.7
2025-10-01 09:15:00,740.0,742.55,733.25,740.0,1376145,753.77,750.21,28.61,16.34
2025-10-03 09:15:00,745.0,751.7,737.3,748.35,1373527,752.68,750.04,26.89,16.25
2025-10-06 09:15:00,748.6,751.9,739.5,745.95,1155487,751.34,749.67,25.27,16.07
2025-10-07 09:15:00,745.4,754.3,744.5,748.4,1209246,750.75,749.55,23.56,15.77
2025-10-08 09:15:00,745.0,749.6,736.3,741.1,1555011,748.82,748.78,22.65,15.65
2025-10-09 09:15:00,743.9,763.45,741.8,761.3,2259239,751.32,749.92,21.44,15.97
2025-10-10 09:15:00,762.0,762.5,745.7,753.9,2335419,751.83,750.28,20.31,16.01
2025-10-13 09:15:00,745.9,751.65,738.45,747.9,1685868,751.05,750.07,19.08,15.98
2025-10-14 09:15:00,747.8,753.5,741.0,744.0,1510141,749.64,749.51,17.77,15.82
2025-10-15 09:15:00,744.6,759.5,744.6,756.85,1645942,751.08,750.18,16.97,15.8
2025-10-16 09:15:00,760.0,768.5,752.95,760.0,1411124,752.86,751.07,16.92,15.79
2025-10-17 09:15:00,760.5,763.05,750.15,757.6,1825678,753.81,751.67,16.59,15.65
2025-10-20 09:15:00,760.0,762.9,724.35,740.15,2810881,751.08,750.62,16.54,16.74
2025-10-21 13:45:00,745.0,749.0,735.1,737.95,441993,748.45,749.47,16.49,16.61
2025-10-23 09:15:00,735.05,745.0,730.0,733.8,2595285,745.52,748.04,16.77,16.53
2025-10-24 09:15:00,734.45,735.9,719.25,723.0,3047528,741.02,745.77,17.66,16.54
2025-10-27 09:15:00,727.0,730.5,724.2,728.6,1566581,738.53,744.21,18.48,16.11
2025-10-28 09:15:00,730.0,731.45,717.4,722.8,2304643,735.39,742.26,19.62,16.01
2025-10-29 09:15:00,726.15,759.0,721.15,753.4,6062323,738.99,743.27,18.32,17.05
2025-10-30 09:15:00,754.0,754.0,729.7,734.1,5067279,738.01,742.44,17.12,17.39
2025-10-31 09:15:00,735.0,743.15,726.6,736.0,2557027,737.61,741.85,16.22,17.35
2025-11-03 09:15:00,733.0,747.15,726.55,745.0,3818110,739.09,742.14,15.07,17.51
2025-11-04 09:15:00,744.0,757.1,740.0,748.0,2277569,740.87,742.67,14.69,17.49
2025-11-06 09:15:00,746.0,749.45,730.0,730.3,2213901,738.76,741.55,13.71,17.58
2025-11-07 09:15:00,728.0,736.55,720.05,734.9,1197460,737.98,740.94,13.46,17.53
2025-11-10 09:15:00,733.2,740.0,727.5,738.7,1531352,738.13,740.74,12.96,17.29
2025-11-11 09:15:00,738.15,738.65,729.1,732.0,1542487,736.9,739.95,12.5,16.92
2025-11-12 09:15:00,733.85,742.0,728.0,739.9,2112426,737.5,739.94,11.79,16.79
2025-11-13 09:15:00,739.0,749.45,735.0,746.25,2214298,739.25,740.51,11.36,16.67
2025-11-14 09:15:00,740.3,751.65,738.95,744.0,1621728,740.2,740.83,11.13,16.49
2025-11-17 09:15:00,743.5,753.6,739.65,749.45,2196288,742.05,741.61,11.08,16.36
2025-11-18 09:15:00,749.45,749.9,732.3,732.95,1857383,740.23,740.83,10.34,16.42
2025-11-19 09:15:00,730.0,734.0,718.4,722.3,2044355,736.64,739.14,10.63,16.38
2025-11-20 09:15:00,723.0,726.5,718.2,722.05,2464403,733.73,737.59,10.92,16.0
2025-11-21 09:15:00,721.0,725.0,707.5,709.55,1692442,728.89,735.04,11.91,16.07
2025-11-24 09:15:00,709.55,709.55,680.0,681.2,5102179,719.35,730.15,14.15,16.71
2025-11-25 09:15:00,683.0,685.75,677.8,682.4,6545468,711.96,725.8,16.32,16.3
2025-11-26 09:15:00,681.0,695.0,677.6,687.25,3688571,707.02,722.3,17.44,16.35
2025-11-27 09:15:00,690.95,691.15,676.55,679.3,2008802,701.48,718.39,18.54,16.26
2025-11-28 09:15:00,679.25,679.25,669.1,671.25,1793954,695.43,714.11,19.91,15.98
2025-12-01 09:15:00,672.9,677.65,667.85,668.8,1346776,690.1,709.99,21.24,15.68
2025-12-02 09:15:00,668.0,671.3,658.2,659.5,2545343,683.98,705.4,22.91,15.56
2025-12-03 09:15:00,659.7,671.0,656.6,665.1,3638290,680.21,701.73,24.53,15.5
2025-12-04 09:15:00,664.2,667.55,659.4,661.6,1863787,676.49,698.09,26.03,15.15
2025-12-05 09:15:00,661.3,664.2,653.9,664.0,2091216,673.99,694.99,27.68,14.92
2025-12-08 09:15:00,661.0,662.0,642.35,645.5,1948652,668.29,690.49,29.67,15.24
2025-12-09 09:15:00,641.0,670.35,634.65,670.0,3298831,668.63,688.63,30.51,16.22
2025-12-10 09:15:00,671.0,679.15,661.0,663.65,2204371,667.64,686.35,30.36,16.31
2025-12-11 09:15:00,666.8,669.05,661.5,665.0,1627939,667.11,684.41,30.22,15.89
2025-12-12 09:15:00,670.0,675.0,664.75,665.4,1767241,666.77,682.68,29.47,15.62
2025-12-15 09:15:00,665.9,671.8,657.5,668.75,992759,667.16,681.42,29.24,15.56
2025-12-16 09:15:00,668.0,676.3,662.7,671.3,1135333,667.99,680.5,28.56,15.47
2025-12-17 09:15:00,678.0,691.2,666.6,667.0,3591525,667.79,679.27,26.59,15.9
2025-12-18 09:15:00,670.4,670.45,657.15,661.6,1896761,666.55,677.66,25.45,15.78
2025-12-19 09:15:00,661.75,673.7,659.7,670.95,2127337,667.43,677.05,24.11,15.69
2025-12-22 09:15:00,672.0,678.25,668.45,671.1,1508578,668.17,676.51,22.49,15.41
2025-12-23 09:15:00,671.0,672.7,662.5,666.45,1289373,667.82,675.6,21.45,15.16
2025-12-24 09:15:00,666.3,669.25,657.15,660.3,1908266,666.32,674.21,20.87,15.02
2025-12-26 09:15:00,660.9,666.9,653.2,655.15,696399,664.08,672.47,20.61,14.96
2025-12-29 09:15:00,656.0,659.7,645.8,646.85,1229615,660.64,670.15,20.86,14.91
2025-12-30 09:15:00,646.9,648.0,637.05,643.1,1951153,657.13,667.69,21.61,14.72
2025-12-31 09:15:00,641.05,651.95,638.5,647.35,1681708,655.17,665.84,21.89,14.66
2026-01-01 09:15:00,650.0,650.95,636.95,639.0,2754027,651.94,663.4,22.25,14.63
2026-01-02 09:15:00,639.45,651.75,638.1,651.2,2279608,651.79,662.29,22.49,14.58
2026-01-05 09:15:00,652.0,653.3,639.5,646.25,2002851,650.68,660.83,22.53,14.54
2026-01-06 09:15:00,645.25,646.65,634.0,638.05,1946218,648.16,658.76,22.97,14.45
2026-01-07 09:15:00,636.85,642.0,634.5,637.1,1166612,645.95,656.79,23.38,14.12
2026-01-08 09:15:00,640.0,661.0,593.3,612.95,12886489,639.35,652.81,25.74,16.67
2026-01-09 09:15:00,613.5,619.4,586.5,596.2,13313637,630.72,647.66,28.13,17.44
2026-01-12 09:15:00,597.0,597.7,579.5,586.6,6196167,621.89,642.11,30.55,17.48
2026-01-13 09:15:00,588.35,594.55,574.45,580.0,3352331,613.51,636.46,32.93,17.61
2026-01-14 09:15:00,580.0,585.0,574.7,577.0,1920667,606.21,631.06,35.14,17.26
2026-01-16 09:15:00,575.45,581.4,560.25,560.65,3666709,597.1,624.66,37.56,17.44
2026-01-19 09:15:00,580.0,607.0,580.0,587.85,17188629,595.25,621.31,37.25,18.82
2026-01-20 09:15:00,588.0,591.0,569.0,572.45,4139735,590.69,616.87,37.38,18.97
2026-01-21 09:15:00,573.5,576.9,555.95,575.8,5167762,587.71,613.13,37.95,19.07
2026-01-22 09:15:00,581.0,581.8,568.0,574.0,1587471,584.97,609.58,38.07,18.81
2026-01-23 09:15:00,574.0,576.2,547.35,551.0,3855318,578.18,604.25,38.83,19.29
2026-01-27 09:15:00,557.0,557.0,525.5,535.5,10087599,569.64,598.0,40.09,19.87
2026-01-28 09:15:00,535.2,583.65,535.2,581.95,12146380,572.1,596.54,39.43,21.23
2026-01-29 09:15:00,585.85,592.95,570.45,590.2,5439408,575.72,595.97,38.28,21.29
2026-01-30 09:15:00,590.0,590.8,576.15,585.7,3715138,577.72,595.03,37.22,20.98
2026-02-01 09:15:00,589.9,620.0,548.45,592.0,14924516,580.57,594.76,34.69,23.39
2026-02-02 09:15:00,600.45,609.95,586.4,607.8,3435689,586.02,595.94,32.35,23.39
2026-02-03 09:15:00,658.35,669.15,650.8,659.9,14403374,600.8,601.76,32.02,25.2
2026-02-04 09:15:00,667.75,676.0,656.0,667.25,5202695,614.09,607.71,31.89,24.95
2026-02-05 09:15:00,670.95,672.2,656.6,668.0,2504738,624.87,613.19,31.76,24.51
2026-02-06 09:15:00,669.9,676.0,663.3,673.85,2706968,634.67,618.71,31.76,23.95
2026-02-09 09:15:00,679.7,695.7,678.25,690.8,2561697,645.89,625.26,32.29,23.85
2026-02-10 09:15:00,694.95,694.95,668.65,680.0,3473938,652.71,630.24,32.24,23.96
2026-02-11 09:15:00,685.0,687.0,674.2,683.0,2135152,658.77,635.03,32.2,23.43
2026-02-12 09:15:00,685.85,688.9,678.6,687.35,1945299,664.49,639.79,32.22,22.81
2026-02-13 09:15:00,680.0,684.5,671.4,681.3,1140182,667.85,643.56,31.78,22.48
2026-02-16 09:15:00,677.0,691.0,676.55,687.25,1172787,671.73,647.53,31.61,22.1
2026-02-17 09:15:00,689.0,695.9,684.85,690.4,2306704,675.46,651.43,31.63,21.57
2026-02-18 09:15:00,692.35,714.5,687.4,710.0,3811511,682.37,656.76,32.25,21.83
2026-02-19 09:15:00,710.65,719.4,693.4,695.75,2340693,685.05,660.3,32.98,22.03
2026-02-20 09:15:00,692.0,717.4,691.65,711.2,2604472,690.28,664.93,33.52,22.21
2026-02-23 09:15:00,720.0,722.7,713.5,720.1,1779522,696.24,669.94,34.19,21.7
2026-02-24 09:15:00,713.0,727.0,713.0,722.8,1893817,701.55,674.75,34.96,21.33
2026-02-25 09:15:00,725.0,728.0,710.65,711.5,2094422,703.54,678.09,35.46,21.14
2026-02-26 09:15:00,715.5,733.7,711.05,726.1,4349769,708.05,682.45,36.13,21.22
2026-02-27 09:15:00,726.75,728.7,719.6,724.65,2603431,711.37,686.29,36.76,20.64
2026-03-02 09:15:00,688.95,719.2,688.9,713.0,2542003,711.7,688.72,34.91,21.36
2026-03-04 09:15:00,700.0,702.0,676.4,685.4,3864683,706.44,688.42,32.46,22.08
2026-03-05 09:15:00,689.0,702.85,683.4,700.7,1342405,705.29,689.53,30.23,21.96
2026-03-06 09:15:00,700.0,722.5,696.0,716.8,2919481,707.59,692.01,29.18,22.17
2026-03-09 09:15:00,704.9,704.9,684.2,696.0,2662561,705.27,692.37,27.5,22.67
2026-03-10 09:15:00,706.0,731.95,703.3,730.0,3868979,710.22,695.8,27.12,23.3
2026-03-11 09:15:00,730.4,741.5,724.05,725.8,2724531,713.34,698.52,27.1,23.02
2026-03-12 09:15:00,723.45,740.25,701.6,740.0,3538008,718.67,702.29,25.86,23.77
2026-03-13 09:15:00,740.55,749.0,706.45,709.0,5414731,716.73,702.9,25.05,24.66
2026-03-16 09:15:00,708.65,711.8,680.1,695.0,3883991,712.39,702.18,23.44,25.0
2026-03-17 09:15:00,701.0,712.0,697.0,707.0,2289468,711.31,702.62,21.94,24.62
2026-03-18 09:15:00,709.3,716.95,702.2,706.9,1557625,710.43,703.01,20.43,24.15
2026-03-19 09:15:00,697.0,700.5,683.45,689.0,1679956,706.14,701.74,19.73,24.11
2026-03-20 09:15:00,697.0,709.0,678.65,681.0,2713970,701.11,699.85,18.66,24.41
2026-03-23 09:15:00,675.15,675.5,642.8,662.4,3632136,693.37,696.45,18.98,25.07
2026-03-24 09:15:00,680.0,680.95,658.75,669.4,3363901,688.58,693.99,19.01,24.93
2026-03-25 09:15:00,677.25,693.95,675.0,692.65,2726090,689.39,693.87,18.41,24.91
2026-03-27 09:15:00,687.7,688.8,666.0,667.1,3455821,684.93,691.43,18.19,25.0
2026-03-30 09:15:00,656.0,672.95,651.5,654.0,4822404,678.75,688.03,18.48,24.83
2026-04-01 09:15:00,673.0,690.25,672.4,679.5,2306084,678.9,687.26,17.91,25.37
2026-04-02 09:15:00,670.25,683.25,655.6,681.9,2095521,679.5,686.77,17.97,25.48
2026-04-06 09:15:00,681.9,689.85,671.65,688.3,2375520,681.26,686.91,17.7,25.13
2026-04-07 09:15:00,684.0,694.85,671.25,693.95,2283892,683.8,687.55,17.22,25.06
2026-04-08 09:15:00,715.15,730.55,705.9,726.0,2857574,692.24,691.04,16.66,25.61
2026-04-09 09:15:00,725.95,735.0,716.05,719.8,2670261,697.75,693.66,16.3,25.29
2026-04-10 09:15:00,727.15,735.6,720.0,728.6,2093469,703.92,696.83,15.99,24.84
2026-04-13 09:15:00,710.0,727.95,705.2,716.0,2038829,706.34,698.58,15.02,24.77
2026-04-15 09:15:00,727.0,750.0,726.5,750.0,4080219,715.07,703.25,14.95,25.21
2026-04-16 09:15:00,759.05,761.7,747.25,755.5,3522130,723.15,708.0,15.29,24.7
2026-04-17 09:15:00,760.0,776.5,748.35,774.1,4124950,733.34,714.01,16.05,24.86
2026-04-20 09:15:00,775.95,804.65,764.2,795.0,5484239,745.68,721.37,17.51,25.61
2026-04-21 09:15:00,800.0,819.6,798.15,807.5,3634410,758.04,729.2,19.2,25.56
2026-04-22 09:15:00,805.25,835.0,803.0,825.7,4811558,771.57,737.98,21.1,25.86
2026-04-23 09:15:00,825.7,842.0,821.4,838.6,3748816,784.98,747.12,22.99,25.61
2026-04-24 09:15:00,844.5,846.9,809.0,825.0,3974779,792.98,754.2,24.08,26.2
2026-04-27 09:15:00,823.35,834.95,818.15,820.0,2534539,798.39,760.18,25.08,25.75
2026-04-28 09:15:00,820.7,836.4,820.7,831.5,1963200,805.01,766.67,26.05,25.31
2026-04-29 09:15:00,835.35,840.0,820.3,826.0,2345707,809.21,772.06,27.05,25.04
2026-04-30 09:15:00,824.75,824.75,803.9,811.6,3243045,809.69,775.66,26.98,24.9
2026-05-04 09:15:00,819.0,828.0,800.5,801.5,2566775,808.05,778.01,26.72,25.02
2026-05-05 09:15:00,800.0,833.0,794.1,827.0,6915452,811.84,782.46,26.11,25.68
2026-05-06 09:15:00,832.8,839.5,804.0,824.0,8504038,814.27,786.24,25.8,26.15
2026-05-07 09:15:00,841.5,872.35,830.05,860.35,13416264,823.49,792.97,26.59,27.21
2026-05-08 09:15:00,860.35,875.8,852.0,875.1,3969151,833.81,800.44,27.43,27.05
2026-05-11 09:15:00,875.0,886.8,855.0,858.2,4446932,838.69,805.69,28.5,27.27
2026-05-12 09:15:00,858.15,863.75,831.7,835.9,3024907,838.13,808.44,28.13,27.5
2026-05-13 09:15:00,830.0,850.0,826.0,848.5,2580305,840.2,812.08,27.47,27.33
2026-05-14 09:15:00,856.0,856.05,827.05,848.25,2836518,841.81,815.37,27.08,27.41
2026-05-15 09:15:00,845.9,848.0,833.0,836.6,1658343,840.77,817.3,26.72,26.83
2026-05-18 09:15:00,825.95,830.0,804.6,808.65,3994989,834.35,816.51,24.9,27.08
2026-05-19 09:15:00,811.0,828.7,807.15,819.5,2053065,831.38,816.78,23.2,26.82
2026-05-20 09:15:00,819.4,857.75,812.6,855.7,3703506,836.24,820.32,22.82,27.69
2026-05-21 09:15:00,865.0,870.3,857.05,864.1,2794248,841.81,824.3,22.89,27.07
2026-05-22 09:15:00,866.9,873.5,858.0,866.5,2024135,846.75,828.14,23.06,26.52
2026-05-25 09:15:00,874.9,884.4,864.8,867.9,2215192,850.98,831.75,23.58,26.19
2026-05-26 09:15:00,867.9,890.0,864.2,880.75,2785528,856.93,836.21,24.24,26.17
2026-05-27 09:15:00,882.55,938.0,882.0,937.0,9250786,872.95,845.37,26.04,27.65
2026-05-29 09:15:00,938.9,944.1,910.95,921.15,9403503,882.59,852.26,27.84,27.91
2026-06-01 09:15:00,928.95,928.95,891.3,894.0,3134814,884.87,856.05,28.4,28.37
2026-06-02 09:15:00,895.05,910.55,883.05,909.75,4914791,889.85,860.93,28.49,28.33
2026-06-03 09:15:00,912.95,914.6,890.45,906.85,3675946,893.25,865.11,28.69,28.13
2026-06-04 09:15:00,915.0,951.0,906.75,941.0,8450345,902.8,872.01,29.76,28.9
2026-06-05 09:15:00,948.85,952.0,928.6,938.15,4601796,909.87,878.02,30.78,28.64
2026-06-08 09:15:00,920.0,938.8,895.0,897.95,4179473,907.48,879.83,30.06,29.36
2026-06-09 09:15:00,910.2,921.0,905.3,914.15,3392041,908.82,882.95,29.4,29.06
2026-06-10 09:15:00,911.2,924.5,899.15,908.0,3169768,908.65,885.23,28.5,28.88
2026-06-11 09:15:00,900.5,926.5,898.95,903.2,2738536,907.56,886.86,27.72,28.82
2026-06-12 09:15:00,919.0,919.0,897.5,914.7,2889436,908.99,889.39,26.93,28.47
2026-06-15 09:15:00,928.0,942.9,916.55,938.1,2729106,914.81,893.82,27.01,28.46
2026-06-16 09:15:00,943.55,946.9,931.6,939.45,2465219,919.74,897.97,27.2,27.83
2026-06-17 09:15:00,941.0,965.6,937.0,964.4,3991577,928.67,904.01,27.93,27.87
2026-06-18 09:15:00,969.9,969.9,945.25,953.0,3528776,933.54,908.46,28.71,27.71
2026-06-19 09:15:00,954.1,966.05,950.05,962.5,3824356,939.33,913.38,29.44,27.16
2026-06-22 09:15:00,968.0,968.9,954.05,961.0,2526263,943.66,917.7,30.21,26.57
2026-06-23 09:15:00,965.0,966.0,946.0,949.7,2719316,944.87,920.61,30.35,26.26
2026-06-24 09:15:00,936.0,944.95,912.0,917.0,3979463,939.3,920.28,28.56,26.8
2026-06-25 09:15:00,919.45,948.95,919.45,941.9,3188273,939.82,922.25,27.07,27.05
2026-06-29 09:15:00,960.1,965.35,936.3,960.0,12271972,943.85,925.68,26.35,27.14
2026-06-30 09:15:00,963.1,969.0,949.3,953.9,3286930,945.86,928.25,25.82,26.79
2026-07-01 09:15:00,958.0,978.9,950.0,976.0,3474529,951.89,932.59,25.69,26.89
2026-07-02 09:15:00,980.0,980.9,951.9,957.4,5233245,952.99,934.84,25.65,26.99
2026-07-03 09:15:00,911.4,926.0,887.1,894.4,24506584,941.27,931.17,24.92,29.05
2026-07-06 09:15:00,900.0,926.9,895.4,923.1,8172442,937.64,930.43,24.2,29.22
2026-07-07 09:15:00,925.05,927.6,898.65,910.45,3227941,932.2,928.62,23.5,29.2
2026-07-08 09:15:00,908.0,924.0,897.35,909.5,5501889,927.66,926.88,22.89,29.08
2026-07-09 09:15:00,910.8,922.6,903.05,911.35,4197162,924.4,925.47,22.34,28.63
2026-07-10 09:15:00,916.95,923.7,913.55,916.0,2059420,922.72,924.61,21.75,27.85
2026-07-13 09:15:00,912.0,912.0,895.6,908.0,2812366,919.78,923.1,21.95,27.5
2026-07-14 09:15:00,905.5,915.0,893.7,913.95,3235152,918.61,922.27,21.94,27.2
2026-07-15 09:15:00,918.4,937.85,915.1,930.15,4641612,920.92,922.98,20.65,27.05
2026-07-16 09:15:00,935.0,954.9,919.0,921.1,3421979,920.95,922.81,19.69,27.47
2026-07-17 09:15:00,926.9,927.75,900.3,905.0,2374024,917.76,921.19,18.62,27.47
2026-07-20 09:15:00,904.0,915.0,895.05,912.0,2241220,916.61,920.36,17.85,27.11
2026-07-21 09:15:00,915.95,919.4,898.0,915.9,3540356,916.47,919.95,16.92,26.84
2026-07-22 09:15:00,918.0,930.8,910.0,912.0,2113418,915.57,919.23,15.92,26.55
2026-07-23 09:15:00,906.3,915.0,881.0,883.5,3938088,909.16,915.98,15.81,26.9
2026-07-24 09:15:00,860.0,894.0,838.8,881.35,9647807,903.6,912.83,16.98,28.25
2026-07-27 09:15:00,871.8,885.0,867.7,877.4,4874287,898.36,909.61,18.07,27.73
2026-07-28 09:15:00,872.0,872.0,830.15,843.95,7580232,887.48,903.64,19.94,28.66
2026-07-29 09:15:00,844.1,845.2,825.5,830.0,5206251,875.98,896.95,21.77,28.23
2026-07-30 09:15:00,830.0,835.65,814.85,833.0,4198205,867.39,891.13,23.68,27.88
2026-07-31 09:15:00,850.0,878.8,850.0,861.9,6813717,866.29,888.48,23.43,28.73
2026-08-03 09:15:00,865.55,867.95,826.1,826.1,4019725,858.25,882.81,23.78,29.36
2026-08-04 09:15:00,846.6,882.8,846.45,880.05,8480001,862.61,882.56,23.52,30.66
2026-08-05 09:15:00,888.0,891.95,877.9,889.5,2353003,867.99,883.19,22.93,29.87
2026-08-06 09:15:00,880.0,885.9,874.2,876.0,1496914,869.59,882.53,22.49,29.17
2026-08-07 09:15:00,875.0,880.7,870.0,879.0,1519375,871.47,882.21,22.2,28.29
2026-08-10 09:15:00,880.05,881.95,868.25,879.0,1200981,872.98,881.92,21.99,27.6
2026-08-11 09:15:00,875.0,881.0,865.9,881.0,1060618,874.58,881.84,21.87,27.0
2026-08-12 09:15:00,881.0,888.0,872.0,888.0,1737601,877.27,882.4,21.4,26.48
2026-08-13 09:15:00,892.0,894.5,878.05,886.55,1365073,879.12,882.77,20.65,26.0
2026-08-14 09:15:00,886.55,892.55,878.2,890.15,1533036,881.33,883.44,19.96,25.45
