Date,PPFCF,MIDCAP150_TRI,SMALLCAP250_TRI
2013-05-28,9.9992,2812.1,2613.16
2013-05-29,10.008,2802.51,2599.37
2013-05-30,10.0327,2798.61,2593.63
2013-05-31,10.0154,2770.63,2545.87
2013-06-03,10.0572,2773.98,2547.67
2013-06-04,10.0339,2776.83,2554.7
2013-06-05,10.0273,2779.79,2559.11
2013-06-06,10.0328,2778.8,2568.23
2013-06-07,10.0235,2766.52,2558.78
2013-06-10,9.9957,2738.18,2534.42
2013-06-11,9.954,2692.92,2484.79
2013-06-12,9.9288,2682.03,2468.14
2013-06-13,9.9118,2644.95,2429.03
2013-06-14,9.9549,2680.55,2456.37
2013-06-17,9.9818,2689.14,2461.6
2013-06-18,9.9964,2695.51,2464.78
2013-06-19,10.0085,2708.45,2479.71
2013-06-20,9.9306,2656.22,2430.74
2013-06-21,9.9161,2619.11,2402.15
2013-06-24,9.8034,2549.94,2349.1
2013-06-25,9.7828,2537.57,2337.01
2013-06-26,9.7543,2529.15,2318.47
2013-06-27,9.7919,2541.82,2326.93
2013-06-28,9.8992,2603.35,2375.1
2013-07-01,9.9352,2647.34,2420.05
2013-07-02,9.9357,2638.02,2415.6
2013-07-03,9.9149,2594.14,2365.71
2013-07-04,9.9544,2615.81,2377.92
2013-07-05,9.9713,2622.73,2383.93
2013-07-08,9.9518,2615.82,2378.85
2013-07-09,10.0018,2635.7,2399.72
2013-07-10,10.0079,2625.36,2400.14
2013-07-11,10.0617,2646.33,2421.93
2013-07-12,10.1284,2648.21,2422.69
2013-07-15,10.1833,2676.85,2439.55
2013-07-16,10.1081,2639.37,2411.98
2013-07-17,10.1534,2622.04,2402.31
2013-07-18,10.2163,2641.31,2422.16
2013-07-19,10.1288,2627.63,2409.64
2013-07-22,10.1909,2635.54,2402.22
2013-07-23,10.1664,2640.61,2403.96
2013-07-24,10.0358,2599.18,2363.78
2013-07-25,9.9699,2570.56,2343.9
2013-07-26,9.9594,2552.39,2325.3
2013-07-29,9.8913,2525.15,2293.01
2013-07-30,9.8424,2477.01,2241.11
2013-07-31,9.7726,2466.33,2213.32
2013-08-01,9.7877,2432.8,2185.58
2013-08-02,9.8152,2423.92,2162.44
2013-08-05,9.7889,2429.5,2174.89
2013-08-06,9.6794,2365.28,2126.32
2013-08-07,9.6912,2375.4,2158.1
2013-08-08,9.8041,2407.51,2185.43
2013-08-12,9.8993,2446.29,2220.67
2013-08-13,9.9669,2482.59,2248.26
2013-08-14,9.9589,2499.59,2256.13
2013-08-16,9.8359,2439.3,2194.83
2013-08-19,9.7064,2397.68,2170.7
2013-08-20,9.7127,2378.38,2174.34
2013-08-21,9.6923,2350.43,2155.46
2013-08-22,9.7025,2366.52,2168.82
2013-08-23,9.7798,2398.79,2194.93
2013-08-26,9.7569,2417.2,2203.68
2013-08-27,9.6567,2359.72,2159.02
2013-08-28,9.6251,2334.54,2136.41
2013-08-29,9.649,2366.43,2159.04
2013-08-30,9.6451,2373.47,2162.79
2013-09-02,9.7168,2402.97,2190.14
2013-09-03,9.657,2354.68,2161.94
2013-09-04,9.6588,2378.98,2177.16
2013-09-05,9.7591,2417.15,2216.47
2013-09-06,9.7627,2435.31,2228.33
2013-09-10,9.8876,2473.03,2253.16
2013-09-11,9.9697,2504.96,2283.92
2013-09-12,10.0016,2499.54,2278.45
2013-09-13,10.04,2508.04,2291.94
2013-09-16,10.0314,2500.28,2271.95
2013-09-17,10.0447,2491.26,2270.77
2013-09-18,10.1245,2505.41,2274.98
2013-09-19,10.2081,2562.06,2308.5
2013-09-20,10.162,2538.27,2276.83
2013-09-23,10.0588,2511.71,2267.62
2013-09-24,10.0423,2519.55,2267.53
2013-09-25,10.0896,2527.9,2268.93
2013-09-26,10.1112,2530.88,2275.84
2013-09-27,10.1148,2528.12,2279.18
2013-09-30,10.1415,2520.77,2267.33
2013-10-01,10.189,2533.09,2278.2
2013-10-03,10.2037,2568.08,2304.74
2013-10-04,10.1524,2573.72,2316.18
2013-10-07,10.1578,2586.25,2328.54
2013-10-08,10.1417,2587.27,2343.93
2013-10-09,10.125,2611.58,2367.18
2013-10-10,10.1775,2623.18,2389.31
2013-10-11,10.247,2628.12,2403.2
2013-10-14,10.3426,2644.38,2423.46
2013-10-15,10.3314,2614.53,2391.16
2013-10-17,10.334,2612.5,2395.47
2013-10-18,10.4605,2643.77,2412.91
2013-10-21,10.5421,2668.84,2441.02
2013-10-22,10.5722,2686.4,2467.87
2013-10-23,10.59,2680.0,2457.32
2013-10-24,10.5668,2682.33,2460.15
2013-10-25,10.5451,2668.02,2445.27
2013-10-28,10.5689,2644.68,2432.75
2013-10-29,10.5966,2683.51,2456.09
2013-10-30,10.6077,2691.03,2470.36
2013-10-31,10.6939,2730.81,2491.52
2013-11-01,10.7386,2767.72,2520.59
2013-11-05,10.8176,2816.92,2576.22
2013-11-06,10.8172,2806.64,2588.1
2013-11-07,10.7677,2779.19,2556.19
2013-11-08,10.7003,2775.87,2550.65
2013-11-11,10.6757,2754.16,2519.06
2013-11-12,10.6621,2730.02,2497.74
2013-11-13,10.6513,2715.55,2483.71
2013-11-14,10.7331,2741.32,2518.29
2013-11-18,10.8401,2771.87,2545.16
2013-11-19,10.8503,2779.99,2555.83
2013-11-20,10.8985,2770.46,2562.78
2013-11-21,10.8418,2736.99,2533.2
2013-11-22,10.768,2737.84,2539.14
2013-11-25,10.7797,2768.36,2567.72
2013-11-26,10.7274,2754.8,2549.86
2013-11-27,10.7691,2761.33,2553.82
2013-11-28,10.7991,2787.08,2579.93
2013-11-29,10.846,2811.66,2609.08
2013-12-02,10.8981,2833.46,2638.52
2013-12-03,10.8084,2842.27,2644.78
2013-12-04,10.7896,2819.2,2638.55
2013-12-05,10.8336,2827.81,2643.69
2013-12-06,10.8184,2844.76,2651.17
2013-12-09,10.8408,2864.22,2660.11
2013-12-10,10.7427,2854.26,2640.16
2013-12-11,10.7567,2849.38,2643.12
2013-12-12,10.6884,2840.95,2638.28
2013-12-13,10.6091,2804.51,2608.07
2013-12-16,10.6361,2809.94,2617.27
2013-12-17,10.6524,2806.01,2615.51
2013-12-18,10.7329,2844.18,2651.23
2013-12-19,10.8157,2815.18,2648.17
2013-12-20,10.941,2862.59,2696.09
2013-12-23,11.0652,2892.18,2731.4
2013-12-24,11.0721,2910.74,2753.07
2013-12-26,11.1355,2919.74,2783.2
2013-12-27,11.0722,2933.66,2786.34
2013-12-30,11.1084,2929.47,2784.94
2013-12-31,11.1547,2951.72,2799.32
2014-01-01,11.1989,2967.85,2836.8
2014-01-02,11.1112,2910.68,2773.58
2014-01-03,11.0683,2923.46,2796.39
2014-01-06,11.096,2936.45,2825.4
2014-01-07,11.0785,2922.88,2826.43
2014-01-08,11.1456,2933.4,2839.14
2014-01-09,11.0692,2915.54,2819.44
2014-01-10,11.0265,2890.38,2799.66
2014-01-13,11.0608,2891.52,2804.08
2014-01-14,10.9881,2878.62,2801.19
2014-01-15,11.0221,2891.46,2805.78
2014-01-16,11.0033,2889.05,2795.58
2014-01-17,10.9352,2855.28,2742.89
2014-01-20,10.9517,2884.43,2767.72
2014-01-21,11.0025,2889.19,2785.17
2014-01-22,11.0006,2899.36,2796.43
2014-01-23,10.9885,2886.73,2785.37
2014-01-24,10.8968,2841.57,2734.25
2014-01-27,10.7091,2762.77,2661.97
2014-01-28,10.6857,2758.48,2672.29
2014-01-29,10.6848,2760.05,2668.72
2014-01-30,10.5725,2735.83,2631.32
2014-01-31,10.6438,2786.9,2672.65
2014-02-03,10.5936,2761.05,2657.21
2014-02-04,10.5495,2769.93,2668.6
2014-02-05,10.6007,2781.95,2688.88
2014-02-06,10.5796,2782.5,2682.66
2014-02-07,10.6708,2803.58,2695.44
2014-02-10,10.6731,2801.86,2692.92
2014-02-11,10.6719,2809.55,2703.29
2014-02-12,10.7134,2814.2,2709.54
2014-02-13,10.6896,2787.48,2681.3
2014-02-14,10.6687,2787.69,2682.39
2014-02-17,10.6533,2782.41,2679.81
2014-02-18,10.7411,2799.31,2712.24
2014-02-19,10.7629,2810.16,2735.03
2014-02-20,10.7235,2806.75,2732.19
2014-02-21,10.8109,2827.79,2755.46
2014-02-24,11.0148,2838.83,2765.45
2014-02-25,11.0815,2846.18,2774.91
2014-02-26,11.1744,2850.9,2779.03
2014-02-28,11.2518,2867.07,2790.93
2014-03-03,11.2452,2854.78,2790.85
2014-03-04,11.2667,2887.08,2829.41
2014-03-05,11.2884,2914.69,2845.18
2014-03-06,11.2679,2952.88,2885.07
2014-03-07,11.3085,2950.78,2876.05
2014-03-10,11.4985,2963.47,2884.88
2014-03-11,11.4713,2957.93,2887.84
2014-03-12,11.4834,2957.55,2887.15
2014-03-13,11.3758,2939.46,2863.49
2014-03-14,11.3554,2932.47,2854.67
2014-03-18,11.4273,2960.1,2888.54
2014-03-19,11.5625,2965.87,2902.04
2014-03-20,11.5785,2951.05,2904.49
2014-03-21,11.5856,2977.55,2934.8
2014-03-24,11.5871,2997.48,2950.62
2014-03-25,11.5784,3017.17,2964.37
2014-03-26,11.6398,3035.88,2970.95
2014-03-27,11.6695,3052.71,2994.02
2014-03-28,11.748,3104.67,3038.08
2014-03-31,11.8137,3140.17,3068.39
2014-04-01,11.8804,3134.34,3075.14
2014-04-02,12.0649,3185.58,3127.04
2014-04-03,12.0915,3170.42,3118.11
2014-04-04,12.1481,3180.15,3138.13
2014-04-07,12.0871,3162.09,3141.08
2014-04-09,12.2782,3218.81,3205.97
2014-04-10,12.2949,3243.48,3228.36
2014-04-11,12.3807,3251.64,3248.17
2014-04-15,12.2743,3236.93,3235.15
2014-04-16,12.3187,3203.09,3188.83
2014-04-17,12.4306,3256.07,3238.1
2014-04-21,12.4694,3280.42,3283.63
2014-04-22,12.4885,3274.81,3285.88
2014-04-23,12.4753,3277.87,3294.93
2014-04-25,12.3786,3265.27,3285.48
2014-04-28,12.4204,3299.43,3293.26
2014-04-29,12.4935,3283.76,3287.4
2014-04-30,12.3584,3245.69,3236.72
2014-05-02,12.4242,3259.04,3255.37
2014-05-05,12.4325,3254.5,3246.51
2014-05-06,12.4622,3264.18,3261.67
2014-05-07,12.4311,3259.72,3258.21
2014-05-08,12.4271,3250.64,3277.95
2014-05-09,12.5176,3305.07,3314.89
2014-05-12,12.6053,3331.3,3336.66
2014-05-13,12.7077,3382.55,3403.46
2014-05-14,12.7734,3426.7,3435.28
2014-05-15,12.6632,3397.14,3403.81
2014-05-16,12.7013,3459.77,3455.32
2014-05-19,12.9717,3614.91,3664.64
2014-05-20,13.0987,3668.36,3767.71
2014-05-21,13.1093,3713.88,3829.1
2014-05-22,13.2732,3791.76,3943.34
2014-05-23,13.473,3857.95,4023.55
2014-05-26,13.3511,3777.76,3923.53
2014-05-27,13.4168,3752.51,3894.71
2014-05-28,13.6706,3765.73,3935.37
2014-05-29,13.5845,3755.2,3918.21
2014-05-30,13.4618,3778.07,3932.4
2014-06-02,13.6321,3863.12,4022.58
2014-06-03,13.5443,3882.54,4074.53
2014-06-04,13.6994,3954.57,4161.16
2014-06-05,13.7994,4003.75,4216.55
2014-06-06,13.9518,4074.96,4278.82
2014-06-09,14.0318,4126.78,4378.89
2014-06-10,14.2521,4117.08,4369.57
2014-06-11,14.1681,4073.34,4335.51
2014-06-12,14.1725,4091.48,4344.42
2014-06-13,13.9309,3989.01,4215.54
2014-06-16,13.9161,3999.53,4232.69
2014-06-17,14.051,4059.53,4319.78
2014-06-18,13.9986,4029.97,4304.24
2014-06-19,13.841,4007.54,4291.42
2014-06-20,13.8653,3986.58,4258.05
2014-06-23,13.8812,4017.28,4277.85
2014-06-24,14.0416,4083.46,4352.66
2014-06-25,14.0057,4110.29,4368.17
2014-06-26,13.99,4095.32,4354.31
2014-06-27,14.0133,4114.47,4367.2
2014-06-30,14.138,4193.07,4449.87
2014-07-01,14.2673,4213.75,4487.55
2014-07-02,14.5529,4248.85,4542.27
2014-07-03,14.6173,4249.79,4521.92
2014-07-04,14.7542,4275.66,4558.15
2014-07-07,14.9297,4286.76,4566.74
2014-07-08,14.6602,4120.7,4383.29
2014-07-09,14.5514,4055.64,4301.71
2014-07-10,14.4947,4077.52,4341.61
2014-07-11,14.2041,3963.6,4210.87
2014-07-14,14.216,3961.72,4190.02
2014-07-15,14.4261,4047.07,4280.45
2014-07-16,14.6046,4101.17,4364.23
2014-07-17,14.7858,4157.65,4430.85
2014-07-18,14.832,4135.93,4432.59
2014-07-21,14.8651,4147.67,4465.28
2014-07-22,14.8192,4147.62,4461.14
2014-07-23,14.7925,4154.53,4435.24
2014-07-24,14.8635,4149.06,4435.82
2014-07-25,14.7349,4096.08,4356.63
2014-07-28,14.6928,4078.41,4329.35
2014-07-30,14.6067,4098.1,4330.52
2014-07-31,14.5541,4106.34,4340.08
2014-08-01,14.4505,4076.38,4295.4
2014-08-04,14.4983,4116.22,4341.64
2014-08-05,14.5281,4148.72,4391.24
2014-08-06,14.4394,4117.13,4375.2
2014-08-07,14.3763,4092.96,4353.45
2014-08-08,14.2103,4008.57,4253.65
2014-08-11,14.2756,4035.39,4278.91
2014-08-12,14.2497,4065.07,4302.98
2014-08-13,14.0822,4011.05,4204.88
2014-08-14,14.1563,4052.39,4258.17
2014-08-18,14.4029,4123.96,4359.97
2014-08-19,14.5322,4165.93,4418.47
2014-08-20,14.5899,4172.0,4429.54
2014-08-21,14.6151,4193.84,4436.8
2014-08-22,14.5703,4202.04,4438.94
2014-08-25,14.4776,4172.17,4411.23
2014-08-26,14.433,4170.91,4383.94
2014-08-27,14.5243,4199.8,4417.08
2014-08-28,14.5063,4187.79,4414.13
2014-09-01,14.5886,4263.79,4478.12
2014-09-02,14.7742,4293.48,4527.58
2014-09-03,14.7603,4339.91,4558.26
2014-09-04,14.7548,4346.61,4539.21
2014-09-05,14.7395,4366.45,4566.48
2014-09-08,14.8275,4424.99,4638.94
2014-09-09,14.8143,4446.66,4664.21
2014-09-10,14.8494,4450.14,4686.11
2014-09-11,15.0675,4501.93,4752.74
2014-09-12,15.1353,4512.65,4776.93
2014-09-15,15.1571,4531.72,4789.49
2014-09-16,14.798,4370.37,4605.27
2014-09-17,14.8824,4389.96,4610.4
2014-09-18,15.1506,4465.24,4727.64
2014-09-19,15.2407,4469.84,4770.37
2014-09-22,15.2844,4465.41,4791.13
2014-09-23,15.1033,4391.01,4677.36
2014-09-24,14.9214,4344.49,4595.19
2014-09-25,14.7508,4255.63,4439.85
2014-09-26,14.7782,4294.03,4463.65
2014-09-29,14.8788,4329.79,4547.82
2014-09-30,14.7827,4338.63,4560.36
2014-10-01,14.8235,4332.85,4537.93
2014-10-07,14.6456,4291.72,4491.93
2014-10-08,14.5722,4285.33,4482.24
2014-10-09,14.7594,4362.68,4561.92
2014-10-10,14.5769,4297.26,4504.67
2014-10-13,14.5167,4320.36,4532.67
2014-10-14,14.462,4312.33,4534.72
2014-10-16,14.3874,4206.08,4397.45
2014-10-17,14.3896,4217.86,4403.26
2014-10-20,14.4761,4264.46,4437.69
2014-10-21,14.509,4299.09,4462.48
2014-10-22,14.6208,4344.72,4517.22
2014-10-27,14.7208,4358.16,4538.84
2014-10-28,14.6982,4369.88,4553.9
2014-10-29,14.7456,4391.61,4591.68
2014-10-30,14.8042,4419.25,4621.18
2014-10-31,14.9338,4475.32,4682.51
2014-11-03,15.1612,4513.5,4742.64
2014-11-05,15.0834,4534.14,4750.32
2014-11-07,15.0911,4545.63,4747.51
2014-11-10,15.0768,4555.13,4747.19
2014-11-11,15.169,4586.23,4782.39
2014-11-12,15.1974,4615.64,4792.06
2014-11-13,15.0945,4588.82,4778.9
2014-11-14,15.1046,4620.82,4804.65
2014-11-17,15.1272,4659.86,4867.08
2014-11-18,15.1613,4674.06,4890.61
2014-11-19,15.1682,4636.16,4850.8
2014-11-20,15.1239,4629.32,4834.36
2014-11-21,15.2023,4629.82,4813.47
2014-11-24,15.2649,4641.8,4804.81
2014-11-25,15.2011,4581.28,4705.42
2014-11-26,15.3714,4609.07,4740.81
2014-11-27,15.4273,4645.37,4753.26
2014-11-28,15.5459,4708.07,4770.12
2014-12-01,15.6125,4712.2,4730.53
2014-12-02,15.7448,4757.51,4765.7
2014-12-03,15.8292,4834.43,4838.97
2014-12-04,15.8709,4852.51,4865.97
2014-12-05,15.8547,4833.6,4865.47
2014-12-08,15.8646,4782.22,4817.43
2014-12-09,15.7483,4703.61,4740.86
2014-12-10,15.7657,4745.25,4798.54
2014-12-11,15.6429,4710.53,4765.86
2014-12-12,15.4891,4661.21,4691.29
2014-12-15,15.4012,4630.92,4675.59
2014-12-16,15.1489,4508.3,4512.76
2014-12-17,15.1163,4487.16,4470.32
2014-12-18,15.4964,4607.75,4607.09
2014-12-19,15.6972,4625.33,4634.63
2014-12-22,15.7712,4673.32,4674.07
2014-12-23,15.9438,4659.91,4658.42
2014-12-24,15.9903,4659.35,4668.73
2014-12-26,16.003,4679.9,4675.64
2014-12-29,16.0431,4730.1,4701.68
2014-12-30,16.0644,4753.46,4732.38
2014-12-31,16.2296,4801.44,4805.36
2015-01-01,16.2594,4820.26,4862.52
2015-01-02,16.3896,4861.18,4894.8
2015-01-05,16.3987,4864.11,4916.93
2015-01-06,16.042,4736.67,4761.1
2015-01-07,15.9459,4753.16,4768.01
2015-01-08,16.085,4839.66,4858.65
2015-01-09,16.1482,4845.32,4854.71
2015-01-12,16.1654,4870.27,4896.09
2015-01-13,16.202,4872.94,4902.77
2015-01-14,16.1434,4866.13,4884.35
2015-01-15,16.266,4919.06,4952.84
2015-01-16,16.2718,4943.4,4968.69
2015-01-19,16.3404,4957.59,5000.88
2015-01-20,16.461,4973.34,5030.67
2015-01-21,16.422,4975.14,5010.51
2015-01-22,16.4925,4978.46,5030.66
2015-01-23,16.5457,4986.02,5002.85
2015-01-27,16.5044,5034.26,5026.76
2015-01-28,16.4665,5060.57,5018.89
2015-01-29,16.4071,5036.87,5025.61
2015-01-30,16.3233,5013.67,5019.46
2015-02-02,16.3279,5040.46,5075.59
2015-02-03,16.2575,5029.69,5071.27
2015-02-04,16.2352,5014.15,5049.25
2015-02-05,16.1287,4949.66,4996.07
2015-02-06,16.0507,4906.4,4919.3
2015-02-09,16.0053,4838.95,4855.52
2015-02-10,15.9399,4866.57,4860.23
2015-02-11,16.0161,4954.02,4935.73
2015-02-12,16.0907,5014.0,5010.48
2015-02-13,16.3021,5061.52,5031.96
2015-02-16,16.3025,5050.56,5036.6
2015-02-18,16.3244,5103.16,5083.57
2015-02-19,16.2559,5106.88,5095.91
2015-02-20,16.2915,5111.33,5100.0
2015-02-23,16.239,5070.34,5054.01
2015-02-24,16.2005,5061.96,5033.63
2015-02-25,16.2364,5044.49,5021.0
2015-02-26,16.2366,4995.85,4993.65
2015-02-27,16.3792,5091.88,5078.31
2015-03-02,16.7452,5155.17,5127.16
2015-03-03,16.7754,5214.68,5204.45
2015-03-04,16.8506,5157.54,5139.19
2015-03-05,16.9303,5201.74,5170.78
2015-03-09,16.7325,5132.79,5102.85
2015-03-10,16.6424,5114.43,5098.1
2015-03-11,16.5862,5092.9,5088.43
2015-03-12,16.6038,5159.01,5158.84
2015-03-13,16.537,5085.07,5097.46
2015-03-16,16.4421,5066.65,5060.64
2015-03-17,16.6889,5111.67,5081.91
2015-03-18,16.7067,5119.6,5102.08
2015-03-19,16.682,5093.92,5057.15
2015-03-20,16.5214,5028.33,4950.83
2015-03-23,16.5039,4994.9,4895.38
2015-03-24,16.4938,4976.3,4880.79
2015-03-25,16.4621,4959.49,4846.21
2015-03-26,16.2482,4923.59,4794.67
2015-03-27,16.2595,4927.11,4801.16
2015-03-30,16.3905,5004.28,4944.08
2015-03-31,16.4697,5015.68,4994.23
2015-04-01,16.5589,5076.14,5105.06
2015-04-06,16.5628,5117.63,5185.23
2015-04-07,16.6045,5146.18,5239.43
2015-04-08,16.6891,5173.94,5314.99
2015-04-09,16.7948,5192.67,5329.71
2015-04-10,16.8989,5221.16,5349.95
2015-04-13,16.8958,5232.14,5371.43
2015-04-15,16.8162,5197.41,5345.29
2015-04-16,16.8679,5160.39,5282.29
2015-04-17,16.8565,5081.89,5223.86
2015-04-20,16.6865,4970.64,5105.91
2015-04-21,16.7661,4958.37,5098.61
2015-04-22,16.7796,4959.89,5095.23
2015-04-23,16.7616,4950.7,5090.84
2015-04-24,16.615,4844.33,4941.66
2015-04-27,16.4284,4724.68,4785.45
2015-04-28,16.648,4792.78,4877.17
2015-04-29,16.7186,4840.44,4914.04
2015-04-30,16.7415,4842.27,4906.54
2015-05-04,16.9236,4928.33,5005.95
2015-05-05,16.8783,4922.07,5018.95
2015-05-06,16.539,4773.99,4852.17
2015-05-07,16.3605,4706.47,4757.93
2015-05-08,16.5439,4790.91,4844.02
2015-05-11,16.7742,4855.11,4902.91
2015-05-12,16.7175,4775.0,4794.79
2015-05-13,16.7915,4818.58,4843.82
2015-05-14,16.8057,4878.48,4880.38
2015-05-15,16.8764,4906.68,4896.71
2015-05-18,16.963,4944.44,4947.26
2015-05-19,16.9475,4953.22,4969.7
2015-05-20,17.0129,4968.26,4966.11
2015-05-21,16.9888,4974.71,4952.05
2015-05-22,16.9656,4982.92,4963.86
2015-05-25,16.9074,4980.62,4948.76
2015-05-26,16.9014,4983.05,4929.08
2015-05-27,16.8344,4997.16,4918.79
2015-05-28,16.8628,4984.58,4916.92
2015-05-29,16.9597,5038.53,4994.22
2015-06-01,16.8919,5048.19,4988.31
2015-06-02,16.7223,4929.55,4889.75
2015-06-03,16.617,4857.86,4750.86
2015-06-04,16.6551,4867.07,4749.7
2015-06-05,16.5652,4863.03,4771.24
2015-06-08,16.4776,4785.8,4704.29
2015-06-09,16.4288,4778.52,4672.2
2015-06-10,16.4792,4825.05,4720.12
2015-06-11,16.469,4754.58,4646.78
2015-06-12,16.5427,4747.06,4636.87
2015-06-15,16.5428,4750.48,4662.7
2015-06-16,16.5428,4768.17,4677.63
2015-06-17,16.6193,4835.62,4730.92
2015-06-18,16.7002,4892.12,4792.78
2015-06-19,16.7421,4906.63,4797.79
2015-06-22,16.8923,4982.85,4875.64
2015-06-23,16.9541,5007.14,4895.71
2015-06-24,16.9159,4969.39,4866.72
2015-06-25,16.9076,4999.97,4873.6
2015-06-26,16.8993,5001.62,4891.19
2015-06-29,16.8026,4927.7,4810.87
2015-06-30,16.7392,4976.94,4873.81
2015-07-01,16.8275,5047.96,4945.43
2015-07-02,16.8941,5084.16,4978.75
2015-07-03,16.9065,5077.26,4982.13
2015-07-06,16.937,5123.31,5056.03
2015-07-07,17.0401,5159.36,5093.16
2015-07-08,16.9199,5081.45,5018.34
2015-07-09,16.8255,5057.75,5025.99
2015-07-10,16.8145,5066.49,5055.59
2015-07-13,16.9542,5118.96,5117.93
2015-07-14,17.0137,5139.13,5151.9
2015-07-15,17.1124,5153.33,5177.95
2015-07-16,17.2139,5208.66,5208.52
2015-07-17,17.353,5232.55,5231.27
2015-07-20,17.5914,5252.37,5258.79
2015-07-21,17.4381,5175.79,5161.11
2015-07-22,17.4756,5227.69,5221.56
2015-07-23,17.3986,5238.12,5261.43
2015-07-24,17.225,5209.68,5230.05
2015-07-27,16.9719,5161.37,5154.96
2015-07-28,16.9681,5140.93,5151.31
2015-07-29,17.0553,5171.77,5212.99
2015-07-30,17.1318,5209.26,5280.82
2015-07-31,17.1952,5270.16,5322.89
2015-08-03,17.3661,5316.37,5368.21
2015-08-04,17.4151,5366.86,5410.34
2015-08-05,17.3809,5409.98,5449.65
2015-08-06,17.4855,5417.44,5438.62
2015-08-07,17.4492,5412.45,5427.38
2015-08-10,17.3679,5401.82,5408.08
2015-08-11,17.3169,5355.44,5335.83
2015-08-12,17.1477,5243.08,5193.6
2015-08-13,17.1021,5228.59,5119.82
2015-08-14,17.2288,5322.41,5218.55
2015-08-17,17.2445,5343.69,5238.32
2015-08-18,17.265,5375.62,5298.14
2015-08-19,17.3231,5380.81,5315.23
2015-08-20,17.1514,5278.73,5203.93
2015-08-21,17.0198,5242.0,5164.12
2015-08-24,16.2191,4794.45,4687.29
2015-08-25,16.3163,4881.11,4726.39
2015-08-26,16.21,4878.35,4759.34
2015-08-27,16.5639,4991.05,4897.05
2015-08-28,16.6064,4999.15,4910.84
2015-08-31,16.5872,4984.49,4914.82
2015-09-01,16.3755,4896.63,4791.53
2015-09-02,16.2434,4895.52,4784.94
2015-09-03,16.3746,4945.48,4862.91
2015-09-04,16.1642,4849.02,4728.38
2015-09-07,15.9404,4771.71,4642.71
2015-09-08,16.0955,4796.35,4678.1
2015-09-09,16.3121,4881.36,4777.27
2015-09-10,16.3057,4859.38,4765.6
2015-09-11,16.36,4879.36,4798.33
2015-09-14,16.4771,4933.3,4831.86
2015-09-15,16.2858,4900.89,4808.05
2015-09-16,16.3547,4869.13,4790.01
2015-09-18,16.5086,4912.26,4843.76
2015-09-21,16.4225,4959.16,4892.89
2015-09-22,16.33,4909.94,4831.66
2015-09-23,16.255,4949.12,4865.77
2015-09-24,16.2562,4975.32,4896.36
2015-09-28,16.227,4967.68,4892.35
2015-09-29,16.0695,4956.28,4892.21
2015-09-30,16.1357,5016.34,4961.4
2015-10-01,16.1448,5018.16,4962.03
2015-10-05,16.387,5094.87,5047.82
2015-10-06,16.4672,5127.21,5080.92
2015-10-07,16.4584,5145.9,5096.44
2015-10-08,16.425,5124.09,5086.53
2015-10-09,16.5139,5129.24,5096.2
2015-10-12,16.5215,5134.94,5105.89
2015-10-13,16.6312,5137.7,5148.83
2015-10-14,16.7306,5150.4,5153.59
2015-10-15,16.8024,5177.0,5167.39
2015-10-16,16.8506,5181.84,5178.77
2015-10-19,16.854,5214.51,5218.18
2015-10-20,16.9259,5235.94,5229.63
2015-10-21,16.8546,5215.45,5224.12
2015-10-23,16.9417,5208.57,5201.81
2015-10-26,17.2001,5189.75,5157.12
2015-10-27,17.2854,5196.5,5162.01
2015-10-28,17.1653,5176.89,5150.35
2015-10-29,17.2493,5167.63,5120.75
2015-10-30,17.2922,5143.74,5076.42
2015-11-02,17.3999,5129.11,5072.15
2015-11-03,17.4589,5132.33,5099.36
2015-11-04,17.3896,5123.6,5082.57
2015-11-05,17.3254,5051.3,4991.91
2015-11-06,17.1974,5023.2,4950.98
2015-11-09,17.1912,5057.04,4999.07
2015-11-10,17.0605,5008.66,4947.57
2015-11-13,17.1115,5024.99,4993.17
2015-11-16,17.1051,5048.62,5035.92
2015-11-17,17.2018,5076.15,5061.22
2015-11-18,17.1046,5045.4,5021.35
2015-11-19,17.2649,5106.57,5078.47
2015-11-20,17.3094,5139.29,5105.51
2015-11-23,17.421,5149.09,5127.76
2015-11-24,17.4213,5151.72,5156.95
2015-11-26,17.6377,5173.17,5179.87
2015-11-27,17.6701,5208.45,5192.05
2015-11-30,17.8154,5226.93,5228.13
2015-12-01,17.72,5243.85,5248.44
2015-12-02,17.7626,5241.09,5252.78
2015-12-03,17.723,5213.16,5233.38
2015-12-04,17.632,5181.52,5174.67
2015-12-07,17.6875,5181.32,5183.66
2015-12-08,17.5734,5118.02,5105.34
2015-12-09,17.3727,5035.62,4983.38
2015-12-10,17.4146,5073.09,5045.4
2015-12-11,17.2944,5025.29,5017.68
2015-12-14,17.211,5028.13,5047.57
2015-12-15,17.3142,5060.06,5090.29
2015-12-16,17.3893,5068.45,5099.54
2015-12-17,17.5397,5152.47,5189.41
2015-12-18,17.4762,5141.62,5179.45
2015-12-21,17.4792,5172.34,5231.92
2015-12-22,17.5738,5154.52,5232.48
2015-12-23,17.6517,5175.38,5266.07
2015-12-24,17.6266,5203.23,5296.01
2015-12-28,17.7102,5228.39,5309.57
2015-12-29,17.7387,5233.55,5298.65
2015-12-30,17.7863,5240.03,5309.08
2015-12-31,17.7732,5267.4,5346.75
2016-01-01,17.7309,5320.72,5392.79
2016-01-04,17.6198,5268.21,5324.78
2016-01-05,17.5779,5301.58,5362.62
2016-01-06,17.5596,5285.74,5340.69
2016-01-07,17.2838,5152.71,5173.49
2016-01-08,17.2514,5211.34,5243.82
2016-01-11,17.1288,5182.42,5207.46
2016-01-12,17.0742,5130.87,5153.19
2016-01-13,16.9492,5079.46,5038.09
2016-01-14,16.7277,5009.89,4967.32
2016-01-15,16.5564,4864.6,4785.43
2016-01-18,15.9963,4710.16,4573.09
2016-01-19,16.2189,4783.48,4652.25
2016-01-20,16.1072,4689.51,4549.9
2016-01-21,16.1241,4704.67,4574.9
2016-01-22,16.3124,4801.18,4688.9
2016-01-25,16.451,4827.15,4741.94
2016-01-27,16.4458,4847.64,4760.37
2016-01-28,16.3986,4836.96,4761.85
2016-01-29,16.5919,4894.99,4821.89
2016-02-01,16.6609,4901.09,4843.47
2016-02-02,16.6031,4850.41,4769.71
2016-02-03,16.4455,4749.94,4649.64
2016-02-04,16.3545,4727.43,4605.94
2016-02-05,16.3692,4802.33,4670.38
2016-02-08,16.3234,4796.98,4668.35
2016-02-09,16.2121,4732.1,4608.86
2016-02-10,16.0879,4677.64,4528.75
2016-02-11,15.6903,4487.22,4301.19
2016-02-12,15.5877,4446.72,4239.01
2016-02-15,15.9409,4598.28,4392.73
2016-02-16,15.7268,4495.56,4297.45
2016-02-17,15.8319,4517.65,4295.33
2016-02-18,16.0044,4543.6,4313.42
2016-02-19,15.9674,4548.2,4317.32
2016-02-22,15.9948,4563.26,4338.07
2016-02-23,15.9318,4515.45,4280.52
2016-02-24,15.7322,4480.76,4233.06
2016-02-25,15.6638,4425.1,4203.46
2016-02-26,15.7158,4418.19,4182.32
2016-02-29,15.6564,4420.67,4179.73
2016-03-01,15.8379,4542.87,4335.2
2016-03-02,16.1479,4632.96,4431.35
2016-03-03,16.2041,4688.66,4497.01
2016-03-04,16.2373,4723.37,4527.39
2016-03-08,16.1997,4727.94,4550.21
2016-03-09,16.2262,4740.77,4570.24
2016-03-10,16.2049,4731.42,4564.87
2016-03-11,16.258,4728.64,4560.76
2016-03-14,16.3609,4751.3,4585.02
2016-03-15,16.3377,4718.99,4559.27
2016-03-16,16.4116,4706.41,4554.09
2016-03-17,16.5118,4734.17,4571.06
2016-03-18,16.6138,4778.86,4589.05
2016-03-21,16.7221,4847.88,4644.73
2016-03-22,16.7614,4863.39,4663.94
2016-03-23,16.8314,4870.34,4671.32
2016-03-28,16.7035,4801.8,4597.37
2016-03-29,16.7953,4802.66,4591.42
2016-03-30,17.005,4885.64,4681.98
2016-03-31,17.0661,4931.69,4697.09
2016-04-01,17.0291,4956.96,4742.59
2016-04-04,17.0465,4971.86,4782.21
2016-04-05,16.9273,4894.19,4698.47
2016-04-06,16.8446,4917.56,4755.72
2016-04-07,16.8273,4891.21,4740.1
2016-04-08,16.8369,4920.91,4777.98
2016-04-11,16.909,4963.63,4813.51
2016-04-12,16.9352,5012.5,4864.27
2016-04-13,17.1254,5074.72,4916.95
2016-04-18,17.382,5131.22,4977.96
2016-04-20,17.3721,5159.92,5008.96
2016-04-21,17.4061,5126.89,4986.51
2016-04-22,17.4152,5126.05,4985.52
2016-04-25,17.2321,5114.71,4962.56
2016-04-26,17.2348,5157.47,4985.93
2016-04-27,17.1785,5164.33,5001.27
2016-04-28,17.1937,5101.14,4947.02
2016-04-29,17.1537,5103.86,4946.67
2016-05-02,17.1338,5124.17,4955.11
2016-05-03,17.1043,5099.56,4952.7
2016-05-04,17.0432,5053.52,4887.46
2016-05-05,16.9444,5037.63,4892.85
2016-05-06,16.9841,5043.81,4897.05
2016-05-09,17.0948,5109.75,4958.04
2016-05-10,17.1656,5113.27,4964.87
2016-05-11,17.2315,5100.52,4960.15
2016-05-12,17.3688,5136.07,5007.86
2016-05-13,17.3258,5133.08,4997.17
2016-05-16,17.3054,5136.33,4991.08
2016-05-17,17.3681,5150.06,5007.95
2016-05-18,17.325,5160.96,5030.72
2016-05-19,17.2295,5092.76,4979.2
2016-05-20,17.0392,5068.02,4921.85
2016-05-23,17.0928,5050.18,4893.45
2016-05-24,17.08,5037.52,4856.61
2016-05-25,17.2329,5089.95,4897.73
2016-05-26,17.4042,5140.96,4936.04
2016-05-27,17.4235,5183.38,4965.49
2016-05-30,17.4826,5214.96,4988.99
2016-05-31,17.4491,5208.37,4978.53
2016-06-01,17.4435,5194.32,5000.11
2016-06-02,17.4014,5223.53,5011.95
2016-06-03,17.4335,5195.39,4996.13
2016-06-06,17.3983,5211.02,5010.37
2016-06-07,17.5363,5252.89,5053.94
2016-06-08,17.5812,5285.14,5107.64
2016-06-09,17.6456,5274.66,5112.92
2016-06-10,17.6065,5262.42,5116.07
2016-06-13,17.4619,5227.44,5106.1
2016-06-14,17.4443,5261.24,5136.9
2016-06-15,17.4682,5291.11,5185.4
2016-06-16,17.5674,5262.35,5166.12
2016-06-17,17.5641,5278.45,5203.3
2016-06-20,17.4949,5303.47,5213.05
2016-06-21,17.5603,5318.12,5230.32
2016-06-22,17.5712,5296.74,5199.39
2016-06-23,17.581,5300.49,5189.85
2016-06-24,17.4377,5235.37,5095.2
2016-06-27,17.344,5285.42,5200.75
2016-06-28,17.2582,5321.72,5231.05
2016-06-29,17.4234,5382.4,5317.57
2016-06-30,17.5526,5437.41,5375.99
2016-07-01,17.5883,5484.49,5416.97
2016-07-04,17.7378,5530.7,5479.87
2016-07-05,17.6714,5525.92,5491.74
2016-07-07,17.6633,5516.79,5498.19
2016-07-08,17.6548,5504.55,5471.53
2016-07-11,17.85,5566.4,5518.09
2016-07-12,17.9102,5580.12,5526.65
2016-07-13,17.9342,5540.34,5475.26
2016-07-14,17.8766,5569.42,5521.55
2016-07-15,17.8406,5529.33,5481.03
2016-07-18,17.7917,5498.92,5457.77
2016-07-19,17.9548,5508.62,5457.34
2016-07-20,18.0143,5572.09,5511.12
2016-07-21,18.0206,5553.7,5507.23
2016-07-22,18.055,5609.71,5530.29
2016-07-25,18.1292,5667.12,5580.59
2016-07-26,18.2017,5629.03,5550.77
2016-07-27,18.2201,5663.81,5575.83
2016-07-28,18.3523,5695.57,5613.18
2016-07-29,18.3486,5733.85,5611.22
2016-08-01,18.3375,5759.14,5603.95
2016-08-02,18.3353,5726.74,5552.82
2016-08-03,18.2044,5657.63,5492.93
2016-08-04,18.1847,5690.98,5506.13
2016-08-05,18.394,5781.2,5589.5
2016-08-08,18.4807,5812.16,5628.67
2016-08-09,18.3788,5793.44,5608.07
2016-08-10,18.2848,5730.76,5536.81
2016-08-11,18.3143,5736.05,5528.93
2016-08-12,18.414,5755.32,5526.68
2016-08-16,18.3541,5781.5,5526.97
2016-08-17,18.3077,5811.07,5575.87
2016-08-18,18.4204,5863.82,5647.26
2016-08-19,18.4641,5903.7,5679.07
2016-08-22,18.4543,5866.1,5675.63
2016-08-23,18.4684,5860.88,5682.99
2016-08-24,18.5991,5888.02,5721.6
2016-08-25,18.5848,5875.47,5702.96
2016-08-26,18.6223,5882.22,5688.09
2016-08-29,18.6524,5908.51,5699.42
2016-08-30,18.7714,5978.06,5748.58
2016-08-31,18.8414,5991.26,5760.83
2016-09-01,18.7248,5963.34,5721.71
2016-09-02,18.7691,5994.48,5747.47
2016-09-06,18.9162,6072.75,5805.39
2016-09-07,18.9061,6082.53,5840.85
2016-09-08,18.9369,6124.41,5904.09
2016-09-09,18.8304,6087.34,5873.67
2016-09-12,18.5446,5925.98,5708.87
2016-09-14,18.5834,5997.5,5797.05
2016-09-15,18.5574,6006.22,5817.97
2016-09-16,18.6669,6005.34,5827.74
2016-09-19,18.5769,6033.58,5861.85
2016-09-20,18.5605,6006.28,5858.11
2016-09-21,18.5989,6009.92,5867.32
2016-09-22,18.7464,6079.66,5932.3
2016-09-23,18.7479,6095.39,5919.88
2016-09-26,18.6328,6057.72,5884.77
2016-09-27,18.5842,6066.72,5878.71
2016-09-28,18.6678,6131.27,5946.65
2016-09-29,18.5152,5928.87,5674.83
2016-09-30,18.6047,6037.31,5799.29
2016-10-03,18.7893,6183.04,5968.23
2016-10-04,18.9342,6230.44,6005.62
2016-10-05,19.0092,6271.56,6051.56
2016-10-06,19.075,6244.34,6013.26
2016-10-07,19.1083,6235.9,6020.89
2016-10-10,19.0915,6238.81,6027.9
2016-10-13,19.017,6164.01,5924.41
2016-10-14,19.1743,6211.0,5968.72
2016-10-17,19.285,6145.46,5939.19
2016-10-18,19.3835,6229.79,6012.38
2016-10-19,19.3756,6236.79,6040.0
2016-10-20,19.4001,6256.31,6083.18
2016-10-21,19.4007,6276.66,6099.28
2016-10-24,19.4246,6281.17,6132.24
2016-10-25,19.5028,6277.5,6128.39
2016-10-26,19.3106,6232.37,6085.13
2016-10-27,19.0242,6176.55,6037.84
2016-10-28,19.0744,6248.77,6077.99
2016-11-01,19.0649,6282.3,6121.65
2016-11-02,18.9277,6168.78,6006.92
2016-11-03,18.8354,6098.91,5940.99
2016-11-04,18.6496,5995.44,5808.11
2016-11-07,18.661,6040.19,5887.13
2016-11-08,18.8454,6068.26,5892.55
2016-11-09,18.8162,5928.03,5733.9
2016-11-10,18.9468,6032.07,5835.91
2016-11-11,18.6495,5822.1,5629.94
2016-11-15,18.1541,5593.32,5349.46
2016-11-16,18.212,5604.4,5364.44
2016-11-17,18.1747,5581.85,5331.95
2016-11-18,18.1954,5593.8,5358.13
2016-11-21,17.9961,5444.23,5165.25
2016-11-22,18.0998,5528.59,5211.58
2016-11-23,18.1639,5584.13,5305.88
2016-11-24,18.1892,5549.19,5306.62
2016-11-25,18.2435,5640.08,5406.6
2016-11-28,18.2642,5672.37,5445.39
2016-11-29,18.3164,5717.15,5482.8
2016-11-30,18.4973,5787.45,5555.57
2016-12-01,18.4634,5734.4,5516.86
2016-12-02,18.3265,5651.04,5445.83
2016-12-05,18.3127,5676.67,5448.03
2016-12-06,18.4046,5701.33,5479.49
2016-12-07,18.3324,5681.44,5447.89
2016-12-08,18.5342,5759.37,5514.48
2016-12-09,18.5456,5781.89,5545.51
2016-12-12,18.5693,5719.27,5499.06
2016-12-13,18.5449,5698.35,5507.53
2016-12-14,18.5897,5662.84,5462.05
2016-12-15,18.5923,5670.63,5477.85
2016-12-16,18.604,5659.25,5463.79
2016-12-19,18.5217,5633.69,5431.55
2016-12-20,18.4542,5567.62,5381.8
2016-12-21,18.4505,5566.15,5391.15
2016-12-22,18.2728,5501.09,5318.02
2016-12-23,18.2574,5497.4,5310.74
2016-12-26,18.1524,5373.5,5195.86
2016-12-27,18.2012,5455.42,5269.96
2016-12-28,18.3198,5498.99,5306.9
2016-12-29,18.3732,5579.9,5362.28
2016-12-30,18.4589,5611.6,5420.82
2017-01-02,18.3968,5661.39,5503.39
2017-01-03,18.4653,5697.85,5569.42
2017-01-04,18.4996,5709.66,5596.01
2017-01-05,18.586,5764.58,5648.99
2017-01-06,18.5963,5749.6,5625.28
2017-01-09,18.6347,5768.93,5658.42
2017-01-10,18.6429,5789.36,5706.04
2017-01-11,18.7438,5864.73,5762.3
2017-01-12,18.7226,5868.17,5745.11
2017-01-13,18.6945,5860.65,5751.67
2017-01-16,18.6878,5878.99,5792.47
2017-01-17,18.7614,5899.86,5805.94
2017-01-18,18.818,5935.17,5838.11
2017-01-19,18.8035,5964.28,5847.27
2017-01-20,18.6883,5878.49,5760.43
2017-01-23,18.6936,5904.87,5795.82
2017-01-24,18.8359,5973.49,5827.77
2017-01-25,18.9725,6043.24,5888.73
2017-01-27,19.1329,6083.63,5929.86
2017-01-30,19.1486,6065.25,5921.28
2017-01-31,19.0001,6001.98,5855.69
2017-02-01,19.0838,6112.41,5966.66
2017-02-02,19.1099,6165.52,6031.88
2017-02-03,19.1583,6231.49,6114.14
2017-02-06,19.3135,6275.79,6177.41
2017-02-07,19.3356,6260.94,6171.5
2017-02-08,19.3247,6283.32,6199.84
2017-02-09,19.3789,6296.49,6211.21
2017-02-10,19.3205,6305.09,6210.76
2017-02-13,19.316,6266.45,6155.76
2017-02-14,19.3364,6261.38,6111.02
2017-02-15,19.3286,6182.46,6005.73
2017-02-16,19.3974,6266.75,6076.92
2017-02-17,19.4202,6285.99,6117.56
2017-02-20,19.492,6342.02,6177.76
2017-02-21,19.5744,6374.6,6210.19
2017-02-22,19.5653,6344.06,6177.71
2017-02-23,19.6015,6370.02,6182.22
2017-02-27,19.63,6385.36,6191.32
2017-02-28,19.6606,6415.04,6241.56
2017-03-01,19.7209,6432.83,6282.83
2017-03-02,19.7618,6342.01,6206.25
2017-03-03,19.7183,6368.59,6228.56
2017-03-06,19.7437,6388.15,6258.0
2017-03-07,19.7386,6387.39,6263.74
2017-03-08,19.7017,6355.13,6232.7
2017-03-09,19.6961,6351.72,6229.74
2017-03-10,19.6579,6347.86,6220.96
2017-03-14,19.7982,6436.96,6298.58
2017-03-15,19.8031,6490.11,6354.99
2017-03-16,19.8994,6576.17,6419.83
2017-03-17,19.9411,6591.47,6406.38
2017-03-20,19.9274,6612.12,6415.92
2017-03-21,19.8806,6612.67,6409.81
2017-03-22,19.7119,6538.94,6351.15
2017-03-23,19.7111,6589.6,6408.85
2017-03-24,19.7134,6613.96,6442.91
2017-03-27,19.7549,6618.81,6436.17
2017-03-28,19.8555,6647.69,6461.64
2017-03-29,19.9684,6677.27,6496.01
2017-03-30,19.9781,6715.61,6541.53
2017-03-31,19.9376,6766.76,6602.37
2017-04-03,19.9799,6824.42,6690.01
2017-04-05,19.9909,6875.49,6772.86
2017-04-06,19.9121,6861.26,6749.24
2017-04-07,19.8454,6831.06,6695.38
2017-04-10,19.8621,6862.01,6742.96
2017-04-11,19.9393,6922.85,6825.33
2017-04-12,19.8824,6876.36,6792.86
2017-04-13,19.9003,6857.65,6806.95
2017-04-17,19.9411,6877.48,6845.56
2017-04-18,19.9864,6858.48,6780.81
2017-04-19,19.9572,6900.32,6845.22
2017-04-20,19.931,6962.61,6948.71
2017-04-21,19.9565,6952.78,6990.78
2017-04-24,20.04,7004.81,7053.83
2017-04-25,20.2661,7057.06,7096.36
2017-04-26,20.3498,7036.56,7023.79
2017-04-27,20.3199,7045.98,7028.37
2017-04-28,20.3305,7096.43,7073.99
2017-05-02,20.3697,7121.5,7095.82
2017-05-03,20.3061,7101.05,7112.47
2017-05-04,20.4236,7133.78,7136.07
2017-05-05,20.3637,7087.53,7056.46
2017-05-08,20.4342,7124.88,7119.56
2017-05-09,20.4473,7142.61,7162.14
2017-05-10,20.5377,7182.25,7220.53
2017-05-11,20.4734,7189.17,7212.16
2017-05-12,20.4212,7129.09,7161.81
2017-05-15,20.4913,7204.06,7219.46
2017-05-16,20.5846,7230.79,7275.88
2017-05-17,20.6809,7207.19,7264.54
2017-05-18,20.4518,7049.16,7115.15
2017-05-19,20.4032,6996.37,7055.79
2017-05-22,20.3818,6923.91,6962.43
2017-05-23,20.3351,6809.98,6813.09
2017-05-24,20.2817,6739.58,6691.34
2017-05-25,20.4516,6843.59,6848.42
2017-05-26,20.5865,6933.78,6975.85
2017-05-29,20.548,6826.76,6857.28
2017-05-30,20.6771,6875.6,6886.09
2017-05-31,20.7561,6952.57,6965.39
2017-06-01,20.79,7019.09,7028.62
2017-06-02,20.839,7065.56,7073.48
2017-06-05,20.9076,7101.55,7107.64
2017-06-06,20.9691,7077.2,7051.08
2017-06-07,21.0268,7133.23,7089.41
2017-06-08,21.0633,7147.83,7108.34
2017-06-09,21.1142,7173.16,7147.51
2017-06-12,20.9866,7121.7,7106.88
2017-06-13,21.007,7130.71,7132.98
2017-06-14,21.0562,7173.11,7159.7
2017-06-15,21.0473,7180.82,7190.01
2017-06-16,21.0575,7178.8,7224.11
2017-06-19,21.1512,7165.14,7221.87
2017-06-20,21.2746,7172.41,7229.22
2017-06-21,21.2767,7177.58,7232.64
2017-06-22,21.2553,7142.04,7183.51
2017-06-23,21.1607,7053.43,7078.96
2017-06-27,21.0212,6965.66,6955.11
2017-06-28,20.944,6978.55,6967.14
2017-06-29,21.0941,7023.53,7036.59
2017-06-30,21.0498,7089.78,7062.09
2017-07-03,21.0743,7151.5,7147.18
2017-07-04,21.0588,7135.52,7141.83
2017-07-05,21.1587,7206.42,7222.47
2017-07-06,21.2242,7221.43,7251.13
2017-07-07,21.1737,7226.13,7273.79
2017-07-10,21.2347,7254.7,7302.55
2017-07-11,21.2919,7200.62,7245.94
2017-07-12,21.3525,7252.86,7306.75
2017-07-13,21.4396,7288.07,7336.89
2017-07-14,21.4205,7287.85,7306.29
2017-07-17,21.4763,7285.28,7313.23
2017-07-18,21.4846,7244.21,7262.28
2017-07-19,21.585,7300.91,7340.93
2017-07-20,21.6199,7292.98,7350.39
2017-07-21,21.6792,7288.57,7370.97
2017-07-24,21.6318,7296.59,7383.43
2017-07-25,21.6492,7331.03,7386.91
2017-07-26,21.5679,7345.39,7413.94
2017-07-27,21.6567,7343.05,7358.5
2017-07-28,21.5897,7375.02,7382.85
2017-07-31,21.6668,7397.37,7381.43
2017-08-01,21.6321,7397.71,7374.32
2017-08-02,21.6111,7402.44,7359.19
2017-08-03,21.5009,7320.89,7280.4
2017-08-04,21.5011,7343.4,7280.33
2017-08-07,21.719,7430.79,7355.7
2017-08-08,21.6429,7371.71,7236.5
2017-08-09,21.5216,7254.92,7116.1
2017-08-10,21.2619,7040.38,6844.12
2017-08-11,21.1589,7008.21,6840.17
2017-08-14,21.4087,7179.94,7009.38
2017-08-16,21.5907,7276.43,7103.59
2017-08-17,21.5577,7278.63,7147.67
2017-08-18,21.4647,7254.51,7104.16
2017-08-21,21.3871,7182.28,7015.0
2017-08-22,21.3801,7140.04,6968.7
2017-08-23,21.6361,7218.56,7062.18
2017-08-24,21.6842,7252.01,7102.19
2017-08-28,21.7434,7330.08,7197.19
2017-08-29,21.7681,7266.57,7106.95
2017-08-30,21.8524,7356.65,7210.99
2017-08-31,21.8733,7405.94,7267.72
2017-09-01,22.0013,7469.88,7336.5
2017-09-04,21.8765,7421.74,7276.5
2017-09-05,21.9812,7493.07,7351.16
2017-09-06,21.8204,7504.69,7383.42
2017-09-07,22.0263,7534.92,7431.45
2017-09-08,22.1743,7529.68,7417.93
2017-09-11,22.2923,7583.5,7447.06
2017-09-12,22.4067,7664.33,7514.66
2017-09-13,22.286,7616.61,7470.0
2017-09-14,22.308,7665.74,7500.37
2017-09-15,22.3549,7699.32,7507.61
2017-09-18,22.4678,7760.13,7574.73
2017-09-19,22.4938,7770.98,7614.34
2017-09-20,22.4748,7738.34,7602.6
2017-09-21,22.5515,7714.16,7550.08
2017-09-22,22.2553,7514.2,7318.65
2017-09-25,22.1897,7398.45,7164.91
2017-09-26,22.2382,7455.04,7224.77
2017-09-27,22.1802,7320.18,7078.02
2017-09-28,22.4026,7376.0,7129.63
2017-09-29,22.4944,7436.17,7233.46
2017-10-03,22.581,7485.69,7261.85
2017-10-04,22.5466,7515.01,7317.77
2017-10-05,22.5029,7555.57,7377.24
2017-10-06,22.5917,7628.53,7465.76
2017-10-09,22.5913,7630.05,7508.68
2017-10-10,22.7168,7692.52,7568.19
2017-10-11,22.7101,7622.82,7485.8
2017-10-12,22.8459,7705.95,7568.43
2017-10-13,22.9032,7712.98,7598.16
2017-10-16,22.923,7758.24,7602.39
2017-10-17,22.8927,7788.0,7660.52
2017-10-18,22.8318,7775.14,7660.88
2017-10-23,22.9147,7785.33,7692.39
2017-10-24,22.826,7816.22,7745.66
2017-10-25,22.8401,7848.82,7761.42
2017-10-26,22.8518,7884.03,7803.29
2017-10-27,22.9043,7883.76,7826.58
2017-10-30,23.1326,7988.17,7914.72
2017-10-31,23.1678,8008.15,7950.92
2017-11-01,23.2267,8046.34,7994.41
2017-11-02,23.2389,8083.53,8022.99
2017-11-03,23.223,8087.7,8072.17
2017-11-06,23.2493,8098.13,8106.63
2017-11-07,23.1712,7995.17,7996.39
2017-11-08,23.1668,7938.66,7926.07
2017-11-09,23.2299,8032.5,7968.25
2017-11-10,23.3515,8053.14,7972.12
2017-11-13,23.2987,8035.55,7915.55
2017-11-14,23.2593,8013.15,7899.76
2017-11-15,23.1628,7926.89,7772.55
2017-11-16,23.1071,8021.29,7854.76
2017-11-17,23.1986,8090.57,7919.06
2017-11-20,23.2486,8143.84,7989.69
2017-11-21,23.3772,8159.26,8019.23
2017-11-22,23.4425,8164.78,8039.75
2017-11-23,23.3792,8190.31,8087.6
2017-11-24,23.4031,8239.73,8111.71
2017-11-27,23.4706,8284.59,8174.43
2017-11-28,23.531,8288.39,8195.87
2017-11-29,23.4941,8266.74,8188.69
2017-11-30,23.4262,8249.3,8207.2
2017-12-01,23.414,8178.56,8091.31
2017-12-04,23.399,8178.58,8030.36
2017-12-05,23.3745,8198.02,8018.24
2017-12-06,23.336,8134.99,7978.45
2017-12-07,23.459,8228.81,8085.65
2017-12-08,23.6763,8299.34,8166.76
2017-12-11,23.6445,8330.09,8167.89
2017-12-12,23.5901,8270.85,8094.01
2017-12-13,23.5963,8207.41,8027.73
2017-12-14,23.6201,8199.07,8006.52
2017-12-15,23.7548,8301.86,8115.56
2017-12-18,23.8682,8358.87,8139.43
2017-12-19,23.9915,8462.5,8286.76
2017-12-20,23.9313,8508.08,8354.88
2017-12-21,23.8911,8590.3,8444.46
2017-12-22,23.8591,8609.59,8495.4
2017-12-26,23.9216,8644.98,8557.86
2017-12-27,23.8366,8652.68,8513.21
2017-12-28,23.912,8666.78,8541.58
2017-12-29,24.0155,8739.16,8590.42
2018-01-01,24.0022,8725.96,8636.33
2018-01-02,23.8867,8651.29,8575.32
2018-01-03,23.9624,8698.85,8649.33
2018-01-04,24.0692,8758.32,8748.44
2018-01-05,24.2602,8847.42,8829.48
2018-01-08,24.3825,8924.35,8910.17
2018-01-09,24.389,8911.73,8917.73
2018-01-10,24.4527,8877.22,8923.24
2018-01-11,24.4403,8911.54,8970.55
2018-01-12,24.5179,8896.53,8966.55
2018-01-15,24.5405,8899.65,8986.98
2018-01-16,24.4898,8747.81,8770.83
2018-01-17,24.5658,8810.18,8816.1
2018-01-18,24.5478,8663.54,8626.65
2018-01-19,24.6804,8755.12,8709.3
2018-01-22,24.7645,8809.93,8767.32
2018-01-23,24.8968,8870.79,8804.23
2018-01-24,24.9279,8807.89,8727.39
2018-01-25,24.8838,8735.56,8654.19
2018-01-29,24.8629,8669.22,8536.57
2018-01-30,24.7586,8596.4,8415.28
2018-01-31,24.6526,8488.5,8339.22
2018-02-01,24.6148,8455.23,8341.89
2018-02-02,24.3026,8101.7,7922.77
2018-02-05,23.9446,8057.29,7922.29
2018-02-06,23.5155,7911.32,7747.07
2018-02-07,23.7522,7955.06,7896.45
2018-02-08,23.8953,8100.87,8081.83
2018-02-09,23.6062,8106.62,8111.02
2018-02-12,23.733,8225.69,8246.27
2018-02-14,23.9028,8245.87,8241.86
2018-02-15,23.9235,8187.55,8140.48
2018-02-16,23.8965,8120.21,8032.08
2018-02-19,23.8472,8040.87,7947.46
2018-02-20,23.8643,8025.15,7939.51
2018-02-21,23.8517,8033.99,7920.6
2018-02-22,23.881,7992.72,7879.8
2018-02-23,24.0526,8122.62,8009.99
2018-02-26,24.235,8183.6,8095.69
2018-02-27,24.3072,8149.72,8048.0
2018-02-28,24.158,8153.57,8045.5
2018-03-01,24.0247,8114.94,8014.21
2018-03-05,23.787,8045.56,7925.3
2018-03-06,23.8103,7969.68,7814.89
2018-03-07,23.7273,7849.87,7636.75
2018-03-08,23.8123,7908.25,7675.65
2018-03-09,23.8226,7891.08,7646.87
2018-03-12,24.0299,7957.12,7680.33
2018-03-13,24.0771,8026.23,7777.33
2018-03-14,23.93,8038.55,7772.78
2018-03-15,23.9856,8067.36,7849.53
2018-03-16,23.839,7979.32,7748.99
2018-03-19,23.6366,7853.13,7580.66
2018-03-20,23.4615,7875.39,7579.97
2018-03-21,23.4188,7897.88,7610.03
2018-03-22,23.3215,7842.42,7514.44
2018-03-23,22.9944,7735.92,7392.17
2018-03-26,23.0584,7835.33,7442.21
2018-03-27,23.1745,7927.73,7548.73
2018-03-28,22.9248,7894.37,7451.77
2018-04-02,23.1121,8017.18,7598.12
2018-04-03,23.0664,8080.17,7697.58
2018-04-04,23.0448,8002.93,7621.45
2018-04-05,23.2377,8142.24,7770.78
2018-04-06,23.4551,8176.06,7818.68
2018-04-09,23.4644,8199.21,7833.64
2018-04-10,23.499,8212.97,7832.39
2018-04-11,23.5595,8220.69,7833.23
2018-04-12,23.5754,8196.19,7811.29
2018-04-13,23.6301,8233.19,7829.24
2018-04-16,23.6884,8283.09,7857.21
2018-04-17,23.7419,8304.73,7873.22
2018-04-18,23.7885,8292.38,7846.51
2018-04-19,23.7685,8340.54,7914.41
2018-04-20,23.848,8316.32,7920.59
2018-04-23,23.7761,8352.48,7946.01
2018-04-24,23.8781,8349.0,7929.18
2018-04-25,23.6817,8321.67,7839.64
2018-04-26,23.697,8351.99,7852.41
2018-04-27,23.9822,8405.01,7886.48
2018-04-30,24.1046,8475.78,7967.46
2018-05-02,23.9507,8371.13,7881.01
2018-05-03,23.8823,8294.46,7807.16
2018-05-04,23.8201,8267.34,7787.57
2018-05-07,23.9446,8325.87,7834.31
2018-05-08,23.985,8324.36,7869.62
2018-05-09,24.0225,8278.94,7851.91
2018-05-10,24.046,8168.57,7728.85
2018-05-11,24.1926,8197.87,7708.44
2018-05-14,24.2366,8118.77,7622.57
2018-05-15,24.2909,8054.78,7553.18
2018-05-16,24.2766,8044.39,7561.35
2018-05-17,24.3748,8072.18,7617.64
2018-05-18,24.2885,7973.25,7470.22
2018-05-21,24.0117,7840.45,7288.64
2018-05-22,24.2693,7865.54,7372.6
2018-05-23,24.1905,7826.54,7352.14
2018-05-24,24.2017,7797.94,7354.28
2018-05-25,24.298,7921.27,7451.54
2018-05-28,24.3155,8017.81,7563.09
2018-05-29,24.2944,8002.55,7549.0
2018-05-30,24.2946,8003.15,7533.02
2018-05-31,24.293,7992.22,7476.6
2018-06-01,24.2655,7895.9,7359.49
2018-06-04,24.2593,7811.12,7177.99
2018-06-05,24.1523,7712.03,6984.45
2018-06-06,24.2372,7810.76,7094.54
2018-06-07,24.3553,7917.55,7246.27
2018-06-08,24.4881,7959.73,7300.76
2018-06-11,24.6082,7969.39,7330.53
2018-06-12,24.8178,8028.72,7376.64
2018-06-13,24.7997,8002.41,7359.53
2018-06-14,24.8297,8010.76,7349.11
2018-06-15,24.8694,7973.03,7303.59
2018-06-18,24.9431,7945.27,7248.36
2018-06-19,24.9404,7855.89,7150.86
2018-06-20,24.9442,7886.75,7164.26
2018-06-21,25.0151,7848.02,7102.34
2018-06-22,24.9886,7871.11,7102.72
2018-06-25,25.029,7822.36,7046.47
2018-06-26,24.7693,7804.21,6989.15
2018-06-27,24.6289,7691.63,6848.03
2018-06-28,24.3044,7561.77,6739.95
2018-06-29,24.4894,7688.89,6880.9
2018-07-02,24.487,7654.42,6818.22
2018-07-03,24.566,7703.99,6850.44
2018-07-04,24.7756,7725.76,6881.38
2018-07-05,24.8273,7677.97,6843.62
2018-07-06,25.0613,7712.34,6879.96
2018-07-09,25.261,7826.01,6990.83
2018-07-10,25.3657,7882.04,7065.46
2018-07-11,25.3064,7854.19,7038.97
2018-07-12,25.3093,7827.85,7041.04
2018-07-13,25.3257,7753.01,6914.4
2018-07-16,25.1669,7576.89,6731.85
2018-07-17,25.2035,7724.46,6806.66
2018-07-18,25.2953,7653.19,6740.45
2018-07-19,25.296,7601.54,6683.16
2018-07-20,25.451,7668.74,6708.54
2018-07-23,25.4632,7746.25,6764.27
2018-07-24,25.5762,7855.89,6918.49
2018-07-25,25.6847,7855.52,6943.45
2018-07-26,25.807,7890.92,6973.85
2018-07-27,25.6163,7960.27,7044.97
2018-07-30,25.5139,7974.84,7077.36
2018-07-31,25.4667,8006.16,7088.78
2018-08-01,25.4946,8025.46,7097.06
2018-08-02,25.4975,8024.82,7094.55
2018-08-03,25.772,8103.59,7196.0
2018-08-06,25.8349,8131.5,7222.19
2018-08-07,25.9508,8117.95,7188.4
2018-08-08,25.9868,8123.93,7209.23
2018-08-09,26.0032,8154.58,7245.49
2018-08-10,25.9092,8120.63,7171.05
2018-08-13,25.7608,8076.13,7104.74
2018-08-14,25.9312,8170.54,7127.4
2018-08-16,26.0185,8160.08,7104.33
2018-08-17,26.0426,8236.25,7172.86
2018-08-20,26.0423,8286.0,7189.19
2018-08-21,26.0474,8310.23,7221.47
2018-08-23,26.0969,8303.5,7209.62
2018-08-24,26.0619,8282.05,7193.42
2018-08-27,26.2572,8378.03,7240.14
2018-08-28,26.424,8378.77,7255.21
2018-08-29,26.4529,8412.67,7274.36
2018-08-30,26.5161,8426.69,7319.51
2018-08-31,26.4697,8458.69,7361.15
2018-09-03,26.3399,8431.66,7351.77
2018-09-04,26.2316,8239.99,7199.19
2018-09-05,25.9845,8190.87,7180.35
2018-09-06,26.0822,8220.2,7221.29
2018-09-07,26.1159,8305.83,7253.74
2018-09-10,25.9784,8181.5,7170.9
2018-09-11,25.889,8081.62,7074.33
2018-09-12,25.8616,8101.04,7056.71
2018-09-14,25.9212,8224.5,7150.5
2018-09-17,25.7486,8175.62,7160.58
2018-09-18,25.5631,8065.44,7042.85
2018-09-19,25.5436,7991.69,6985.38
2018-09-21,25.4779,7836.52,6763.82
2018-09-24,25.2504,7634.35,6594.11
2018-09-25,25.296,7623.92,6537.35
2018-09-26,25.2972,7651.13,6533.32
2018-09-27,25.1033,7495.74,6393.82
2018-09-28,25.0927,7363.11,6141.71
2018-10-01,25.0111,7380.4,6146.57
2018-10-03,24.8945,7305.17,6176.15
2018-10-04,24.7645,7158.84,6045.1
2018-10-05,24.3539,6971.89,5917.05
2018-10-08,24.0456,6850.76,5807.85
2018-10-09,24.0259,6826.69,5779.48
2018-10-10,24.2182,7088.54,5990.93
2018-10-11,23.7732,6939.99,5885.92
2018-10-12,23.904,7120.85,6034.9
2018-10-15,24.0684,7183.48,6109.67
2018-10-16,24.1122,7289.48,6203.89
2018-10-17,24.1226,7144.49,6057.69
2018-10-19,23.8373,7044.23,5991.72
2018-10-22,23.6998,6952.35,5888.24
2018-10-23,23.6342,6885.3,5810.79
2018-10-24,23.6359,6964.06,5852.83
2018-10-25,23.2909,6926.21,5797.19
2018-10-26,23.4248,6919.09,5784.29
2018-10-29,23.4989,7105.93,5912.44
2018-10-30,23.3472,7159.87,5981.34
2018-10-31,23.6279,7285.24,6054.98
2018-11-01,23.8388,7343.11,6129.34
2018-11-02,23.8364,7380.3,6197.38
2018-11-05,23.7599,7351.06,6172.24
2018-11-06,23.5384,7319.02,6168.1
2018-11-09,23.705,7453.51,6279.73
2018-11-12,23.6286,7388.46,6225.43
2018-11-13,23.5216,7408.07,6234.79
2018-11-14,23.5227,7416.68,6225.84
2018-11-15,23.6072,7454.6,6227.05
2018-11-16,23.8317,7447.35,6209.55
2018-11-19,23.8412,7476.91,6233.49
2018-11-20,23.5392,7410.32,6159.35
2018-11-21,23.514,7436.51,6168.77
2018-11-22,23.59,7376.94,6145.72
2018-11-26,23.6178,7398.32,6125.77
2018-11-27,23.7984,7436.53,6150.57
2018-11-28,23.8769,7380.26,6115.26
2018-11-29,24.043,7416.14,6119.85
2018-11-30,24.1532,7463.25,6140.58
2018-12-03,24.2018,7504.66,6177.07
2018-12-04,24.2282,7501.77,6187.85
2018-12-05,23.9598,7411.26,6104.45
2018-12-06,23.9116,7300.34,6025.39
2018-12-07,23.9702,7298.28,6027.61
2018-12-10,23.744,7153.82,5916.88
2018-12-11,23.8208,7262.34,5996.74
2018-12-12,24.0439,7445.47,6156.52
2018-12-13,24.198,7506.03,6202.86
2018-12-14,24.1537,7517.03,6211.56
2018-12-17,24.1146,7544.69,6234.1
2018-12-18,24.0203,7563.71,6272.96
2018-12-19,24.1616,7652.71,6344.36
2018-12-20,24.0753,7658.68,6354.47
2018-12-21,23.8979,7551.58,6293.1
2018-12-24,23.6853,7502.59,6233.74
2018-12-26,23.6402,7491.52,6226.32
2018-12-27,23.9137,7522.6,6237.9
2018-12-28,24.0258,7594.29,6294.59
2018-12-31,24.0551,7636.14,6344.35
2019-01-01,24.1411,7639.01,6366.85
2019-01-02,24.0361,7558.59,6320.03
2019-01-03,24.0002,7508.59,6283.76
2019-01-04,23.7828,7541.56,6293.48
2019-01-07,23.9844,7543.76,6298.13
2019-01-08,24.0359,7540.92,6306.98
2019-01-09,24.1682,7535.5,6298.96
2019-01-10,24.223,7568.94,6315.45
2019-01-11,24.2701,7561.85,6302.13
2019-01-14,24.2054,7536.59,6274.07
2019-01-15,24.1879,7577.36,6331.36
2019-01-16,24.2797,7564.72,6344.43
2019-01-17,24.3106,7546.0,6323.66
2019-01-18,24.2547,7508.15,6266.4
2019-01-21,24.3072,7456.45,6218.17
2019-01-22,24.2741,7447.08,6180.46
2019-01-23,24.1475,7430.07,6171.57
2019-01-24,24.196,7408.42,6148.16
2019-01-25,24.1299,7310.47,6060.88
2019-01-28,24.0831,7187.49,5949.98
2019-01-29,24.0384,7202.8,5958.18
2019-01-30,24.1769,7243.63,5984.91
2019-01-31,24.36,7282.25,6018.19
2019-02-01,24.7014,7320.07,6022.04
2019-02-04,24.7521,7272.07,5934.72
2019-02-05,24.843,7218.08,5880.95
2019-02-06,24.9593,7225.36,5895.91
2019-02-07,24.975,7274.72,5934.79
2019-02-08,24.7221,7191.18,5868.23
2019-02-11,24.7042,7080.68,5775.21
2019-02-12,24.6497,7069.18,5758.67
2019-02-13,24.7591,7049.41,5728.64
2019-02-14,24.8092,7077.67,5726.9
2019-02-15,24.7053,7022.06,5680.46
2019-02-18,24.6162,6947.81,5631.32
2019-02-19,24.6488,6981.02,5651.41
2019-02-20,24.7077,7042.19,5707.14
2019-02-21,24.7609,7108.05,5768.22
2019-02-22,24.677,7141.11,5814.04
2019-02-25,24.8137,7167.84,5859.71
2019-02-26,24.8863,7161.22,5825.38
2019-02-27,24.9483,7189.58,5836.57
2019-02-28,24.9276,7226.02,5886.52
2019-03-01,24.9816,7317.47,6024.59
2019-03-05,25.2455,7467.39,6245.98
2019-03-06,25.2795,7499.59,6311.6
2019-03-07,25.2726,7480.4,6307.04
2019-03-08,25.1803,7472.63,6301.85
2019-03-11,25.369,7617.63,6420.39
2019-03-12,25.6917,7661.24,6489.52
2019-03-13,25.6122,7625.47,6466.01
2019-03-14,25.6426,7625.84,6463.14
2019-03-15,25.6512,7674.36,6429.63
2019-03-18,25.5595,7649.16,6418.95
2019-03-19,25.5763,7691.0,6447.31
2019-03-20,25.6223,7661.03,6425.9
2019-03-22,25.6598,7629.14,6392.0
2019-03-25,25.4415,7568.15,6319.55
2019-03-26,25.5237,7641.0,6371.65
2019-03-27,25.5355,7683.15,6436.01
2019-03-28,25.7546,7769.65,6485.41
2019-03-29,25.7309,7843.19,6524.62
2019-04-01,25.71,7865.64,6586.72
2019-04-02,25.825,7868.84,6581.16
2019-04-03,25.8185,7793.51,6518.32
2019-04-04,25.783,7782.52,6488.07
2019-04-05,25.9271,7835.94,6546.75
2019-04-08,25.8314,7780.45,6526.32
2019-04-09,25.8404,7787.26,6518.94
2019-04-10,25.7843,7773.27,6529.63
2019-04-11,25.7837,7777.62,6535.03
2019-04-12,25.8412,7806.7,6574.65
2019-04-15,25.9122,7845.81,6611.21
2019-04-16,26.0332,7855.35,6631.35
2019-04-18,26.1428,7789.18,6552.68
2019-04-22,26.0766,7671.1,6454.66
2019-04-23,26.1443,7679.39,6435.39
2019-04-24,26.2391,7699.97,6474.24
2019-04-25,26.1283,7671.69,6473.77
2019-04-26,26.1996,7650.67,6466.15
2019-04-30,26.0999,7589.96,6392.56
2019-05-02,25.8902,7547.1,6383.18
2019-05-03,25.8615,7544.24,6372.59
2019-05-06,25.8424,7490.0,6322.21
2019-05-07,25.76,7417.19,6272.56
2019-05-08,25.5004,7350.81,6188.77
2019-05-09,25.4886,7336.18,6169.91
2019-05-10,25.4072,7363.09,6188.36
2019-05-13,25.3097,7221.0,6048.31
2019-05-14,25.2801,7248.95,6079.9
2019-05-15,25.1967,7210.17,6040.89
2019-05-16,25.3881,7229.06,6050.29
2019-05-17,25.5949,7299.14,6069.74
2019-05-20,25.72,7565.87,6315.92
2019-05-21,25.5631,7493.16,6276.83
2019-05-22,25.7381,7495.88,6302.88
2019-05-23,25.6535,7487.43,6293.97
2019-05-24,25.7751,7630.55,6449.85
2019-05-27,25.9745,7754.32,6559.1
2019-05-28,25.9455,7771.29,6576.1
2019-05-29,25.9417,7723.61,6534.43
2019-05-30,25.9255,7769.76,6544.2
2019-05-31,25.8935,7774.49,6497.86
2019-06-03,25.9083,7838.29,6501.84
2019-06-04,25.6314,7832.78,6497.88
2019-06-06,25.6329,7717.23,6393.19
2019-06-07,25.7479,7706.3,6386.61
2019-06-10,25.9311,7715.53,6344.3
2019-06-11,26.1658,7761.08,6355.16
2019-06-12,26.1397,7697.68,6330.55
2019-06-13,26.058,7677.49,6296.74
2019-06-14,25.9947,7614.14,6257.62
2019-06-17,25.852,7523.31,6167.38
2019-06-18,25.9534,7514.1,6137.22
2019-06-19,25.9815,7445.75,6053.65
2019-06-20,26.0959,7546.77,6115.42
2019-06-21,26.0862,7549.32,6114.16
2019-06-24,26.0706,7529.5,6099.74
2019-06-25,26.116,7577.47,6125.34
2019-06-26,26.0542,7635.28,6156.56
2019-06-27,26.094,7673.28,6175.18
2019-06-28,26.0797,7664.59,6171.78
2019-07-01,26.2343,7681.81,6201.68
2019-07-02,26.2872,7705.1,6193.25
2019-07-03,26.3563,7717.34,6210.33
2019-07-04,26.42,7706.49,6229.92
2019-07-05,26.2377,7590.67,6150.1
2019-07-08,25.9126,7408.0,6017.57
2019-07-09,25.916,7430.6,6025.01
2019-07-10,25.8704,7366.35,5982.95
2019-07-11,26.0614,7422.94,6005.25
2019-07-12,26.0614,7451.35,6029.04
2019-07-15,26.0776,7400.42,5982.36
2019-07-16,26.1682,7448.76,5982.76
2019-07-17,26.1404,7433.49,5983.28
2019-07-18,26.0274,7328.81,5921.97
2019-07-19,25.7246,7194.4,5822.36
2019-07-22,25.5424,7148.89,5741.58
2019-07-23,25.61,7124.39,5772.53
2019-07-24,25.4847,7027.25,5701.55
2019-07-25,25.5733,7062.07,5687.25
2019-07-26,25.5915,7095.68,5690.02
2019-07-29,25.7339,7034.98,5633.47
2019-07-30,25.5037,6920.47,5502.28
2019-07-31,25.4959,6995.01,5520.4
2019-08-01,25.2207,6932.86,5452.28
2019-08-02,25.3326,6924.35,5420.28
2019-08-05,25.0866,6828.8,5311.3
2019-08-06,25.0166,6949.44,5400.15
2019-08-07,25.122,6917.97,5391.52
2019-08-08,25.2781,6962.7,5435.17
2019-08-09,25.6017,7030.32,5483.15
2019-08-13,25.1758,6902.75,5404.13
2019-08-14,25.3405,6960.89,5423.05
2019-08-16,25.2151,6983.0,5431.44
2019-08-19,25.3342,7004.23,5461.2
2019-08-20,25.4496,6955.75,5421.86
2019-08-21,25.3425,6861.63,5324.35
2019-08-22,25.3023,6745.22,5211.09
2019-08-23,25.2568,6804.87,5244.08
2019-08-26,25.313,6896.1,5352.57
2019-08-27,25.4362,6955.19,5433.22
2019-08-28,25.387,6895.92,5404.67
2019-08-29,25.3295,6868.68,5359.64
2019-08-30,25.4665,6932.88,5408.08
2019-09-03,25.3389,6828.67,5332.3
2019-09-04,25.3484,6852.53,5344.83
2019-09-05,25.4532,6869.17,5381.13
2019-09-06,25.734,6913.75,5441.02
2019-09-09,25.8772,6988.16,5481.36
2019-09-11,25.9175,7044.28,5567.84
2019-09-12,26.0158,7027.4,5581.71
2019-09-13,26.1602,7063.98,5615.46
2019-09-16,26.109,7057.97,5637.48
2019-09-17,25.711,6930.8,5525.29
2019-09-18,25.7089,6954.52,5533.8
2019-09-19,25.5236,6851.09,5457.66
2019-09-20,26.3088,7237.38,5647.23
2019-09-23,26.8904,7434.62,5829.78
2019-09-24,26.8561,7397.13,5831.18
2019-09-25,26.4824,7279.63,5736.8
2019-09-26,26.5801,7337.61,5765.43
2019-09-27,26.5103,7274.53,5722.21
2019-09-30,26.3261,7180.34,5657.62
2019-10-01,26.2316,7063.0,5561.69
2019-10-03,25.8942,7057.05,5536.04
2019-10-04,25.7689,7000.59,5486.5
2019-10-07,25.8835,6981.22,5429.01
2019-10-09,25.925,7060.66,5462.25
2019-10-10,25.834,6994.08,5434.08
2019-10-11,25.8414,7009.02,5451.33
2019-10-14,26.1267,7027.92,5452.22
2019-10-15,26.2751,7048.41,5448.85
2019-10-16,26.4987,7035.96,5459.77
2019-10-17,26.6704,7151.8,5512.86
2019-10-18,26.9315,7277.25,5616.25
2019-10-22,26.9211,7285.79,5663.05
2019-10-23,26.8555,7294.93,5669.71
2019-10-24,26.9283,7280.55,5642.32
2019-10-25,26.9314,7269.97,5619.43
2019-10-29,27.2798,7401.23,5717.85
2019-10-30,27.2242,7436.48,5754.93
2019-10-31,27.2633,7533.06,5794.78
2019-11-01,27.3842,7558.35,5828.45
2019-11-04,27.4128,7551.44,5855.02
2019-11-05,27.4531,7481.17,5801.1
2019-11-06,27.5429,7471.61,5775.11
2019-11-07,27.5114,7521.39,5805.61
2019-11-08,27.444,7475.28,5778.77
2019-11-11,27.394,7515.25,5783.75
2019-11-13,27.2241,7456.19,5736.93
2019-11-14,27.3661,7475.13,5736.72
2019-11-15,27.3939,7495.83,5729.69
2019-11-18,27.4351,7546.43,5740.14
2019-11-19,27.4934,7567.1,5756.17
2019-11-20,27.5405,7580.03,5759.81
2019-11-21,27.501,7526.57,5744.68
2019-11-22,27.3172,7530.78,5745.62
2019-11-25,27.4561,7604.13,5795.69
2019-11-26,27.4802,7547.68,5770.28
2019-11-27,27.5309,7602.25,5774.06
2019-11-28,27.6738,7665.76,5809.76
2019-11-29,27.5924,7682.89,5850.95
2019-12-02,27.4199,7642.25,5808.34
2019-12-03,27.2169,7572.21,5762.69
2019-12-04,27.3319,7617.36,5783.58
2019-12-05,27.2961,7600.62,5791.44
2019-12-06,27.155,7503.93,5731.64
2019-12-09,27.2653,7506.21,5692.18
2019-12-10,27.1301,7423.45,5639.55
2019-12-11,27.1332,7465.49,5623.72
2019-12-12,27.2358,7518.66,5654.35
2019-12-13,27.2862,7587.34,5701.66
2019-12-16,27.1952,7554.23,5697.94
2019-12-17,27.3519,7592.37,5737.53
2019-12-18,27.4085,7572.73,5738.97
2019-12-19,27.4748,7583.64,5738.72
2019-12-20,27.5945,7582.61,5742.69
2019-12-23,27.6495,7569.53,5743.11
2019-12-24,27.7282,7561.02,5745.46
2019-12-26,27.6213,7571.6,5760.93
2019-12-27,27.8783,7639.84,5808.3
2019-12-30,27.8969,7671.27,5855.55
2019-12-31,27.7455,7683.16,5883.53
2020-01-01,27.8018,7710.32,5926.31
2020-01-02,27.9504,7806.24,6021.79
2020-01-03,27.9797,7771.73,6035.78
2020-01-06,27.6539,7606.83,5920.47
2020-01-07,27.764,7661.56,5991.3
2020-01-08,27.8038,7675.61,5990.45
2020-01-09,28.0164,7782.74,6101.91
2020-01-10,28.0776,7806.33,6142.98
2020-01-13,28.0895,7858.35,6201.71
2020-01-14,28.2853,7913.48,6235.52
2020-01-15,28.3599,7986.48,6294.04
2020-01-16,28.4077,8052.81,6340.14
2020-01-17,28.5285,8089.35,6364.15
2020-01-20,28.4998,8053.88,6330.89
2020-01-21,28.4558,8045.18,6330.87
2020-01-22,28.4956,8028.88,6321.92
2020-01-23,28.6018,8130.54,6362.53
2020-01-24,28.5822,8194.66,6396.11
2020-01-27,28.3813,8182.34,6391.37
2020-01-28,28.2831,8168.77,6376.69
2020-01-29,28.4958,8190.99,6379.82
2020-01-30,28.4736,8132.31,6304.02
2020-01-31,28.436,8096.66,6300.19
2020-02-03,28.2736,7972.91,6137.24
2020-02-04,28.7975,8059.29,6248.58
2020-02-05,28.904,8146.21,6297.62
2020-02-06,28.9754,8192.47,6349.05
2020-02-07,29.0818,8256.58,6373.36
2020-02-10,29.0109,8200.89,6331.31
2020-02-11,29.222,8208.58,6336.1
2020-02-12,29.2645,8195.06,6322.89
2020-02-13,29.2967,8186.35,6316.08
2020-02-14,29.1333,8136.28,6300.03
2020-02-17,29.1746,8064.45,6230.67
2020-02-18,29.0614,8023.17,6199.76
2020-02-19,29.2707,8138.85,6283.88
2020-02-20,29.2508,8200.3,6309.1
2020-02-24,28.813,8059.57,6203.65
2020-02-25,28.378,8024.21,6186.77
2020-02-26,27.9758,7932.11,6150.39
2020-02-27,27.9938,7875.88,6090.54
2020-02-28,27.1963,7640.58,5858.34
2020-03-02,27.0962,7589.99,5790.35
2020-03-03,27.575,7721.42,5859.4
2020-03-04,27.2193,7605.49,5768.55
2020-03-05,27.4586,7624.36,5795.22
2020-03-06,26.822,7473.48,5663.56
2020-03-09,25.9759,7161.35,5400.6
2020-03-11,26.0018,7108.93,5386.57
2020-03-12,24.5251,6553.07,4911.61
2020-03-13,24.1784,6703.28,4945.46
2020-03-16,23.681,6311.01,4677.61
2020-03-17,22.798,6159.11,4570.1
2020-03-18,22.3825,5829.64,4293.66
2020-03-19,21.7693,5596.2,4073.1
2020-03-20,22.0954,5840.4,4164.75
2020-03-23,20.2032,5081.74,3649.74
2020-03-24,20.1555,5134.2,3614.88
2020-03-25,21.146,5302.69,3705.15
2020-03-26,21.4423,5499.55,3834.21
2020-03-27,21.8545,5477.9,3867.88
2020-03-30,21.277,5349.01,3778.05
2020-03-31,21.8587,5483.52,3900.5
2020-04-01,21.5211,5383.93,3862.36
2020-04-03,21.2603,5311.56,3819.82
2020-04-07,22.5687,5567.21,3952.76
2020-04-08,22.8569,5659.04,4019.9
2020-04-09,23.6191,5841.1,4157.69
2020-04-13,23.5496,5776.15,4140.27
2020-04-15,23.7747,5852.47,4184.4
2020-04-16,23.8418,5943.15,4269.24
2020-04-17,24.4395,6075.28,4397.65
2020-04-20,24.3951,6104.19,4426.59
2020-04-21,23.8037,5927.16,4272.26
2020-04-22,23.6475,5968.36,4292.79
2020-04-23,23.9724,6035.48,4350.35
2020-04-24,23.9295,5930.2,4269.44
2020-04-27,24.2014,6029.97,4304.36
2020-04-28,24.3608,6098.17,4335.7
2020-04-29,24.3901,6173.07,4374.51
2020-04-30,24.9536,6284.53,4405.21
2020-05-04,24.1339,6041.44,4266.6
2020-05-05,24.0604,6002.04,4214.26
2020-05-06,24.3892,6033.3,4230.83
2020-05-07,24.4183,6004.26,4239.23
2020-05-08,24.4068,5982.78,4207.42
2020-05-11,24.6818,6006.68,4191.47
2020-05-12,24.9768,5967.32,4157.7
2020-05-13,25.0982,6081.44,4252.96
2020-05-14,24.8637,6054.31,4214.27
2020-05-15,24.8703,6038.69,4217.21
2020-05-18,24.4226,5801.69,4084.83
2020-05-19,24.6382,5817.35,4084.83
2020-05-20,24.8126,5899.69,4135.39
2020-05-21,25.3109,5948.17,4162.62
2020-05-22,25.1826,5917.79,4145.22
2020-05-26,25.3222,5984.66,4170.39
2020-05-27,25.7978,6005.06,4192.35
2020-05-28,26.0039,6091.06,4262.61
2020-05-29,26.172,6167.59,4311.8
2020-06-01,26.4484,6346.04,4449.73
2020-06-02,26.8559,6431.05,4548.65
2020-06-03,26.9279,6474.98,4607.53
2020-06-04,26.9678,6459.82,4607.46
2020-06-05,27.1327,6572.73,4736.99
2020-06-08,27.4218,6602.28,4790.08
2020-06-09,27.3905,6570.91,4738.79
2020-06-10,27.5608,6643.77,4777.84
2020-06-11,27.3409,6560.66,4724.18
2020-06-12,26.9921,6622.4,4717.4
2020-06-15,26.8813,6553.32,4733.65
2020-06-16,26.9875,6590.02,4730.06
2020-06-17,27.1651,6612.61,4758.59
2020-06-18,27.4042,6693.83,4825.74
2020-06-19,27.5194,6778.96,4907.23
2020-06-22,27.8706,6884.22,5003.02
2020-06-23,28.2802,6995.68,5080.57
2020-06-24,28.232,6919.64,5009.0
2020-06-25,28.0956,6985.56,5027.57
2020-06-26,28.2253,6992.36,5055.53
2020-06-29,27.8588,6892.99,4993.84
2020-06-30,27.7801,6873.76,4956.55
2020-07-01,28.1744,6891.05,4991.35
2020-07-02,28.6104,6968.08,5034.44
2020-07-03,28.709,7014.64,5048.24
2020-07-06,28.96,7125.72,5127.85
2020-07-07,29.4929,7161.87,5163.26
2020-07-08,29.4238,7121.23,5149.2
2020-07-09,29.5734,7133.69,5192.07
2020-07-10,29.5454,7086.02,5175.08
2020-07-13,29.5311,7071.95,5175.57
2020-07-14,29.2022,6996.83,5108.03
2020-07-15,29.4581,6972.78,5104.7
2020-07-16,29.5901,7001.75,5101.71
2020-07-17,29.7406,7084.7,5168.93
2020-07-20,29.9723,7150.57,5217.96
2020-07-21,30.263,7160.76,5237.01
2020-07-22,30.0744,7158.69,5228.68
2020-07-23,30.1815,7208.72,5267.5
2020-07-24,30.1172,7192.8,5252.62
2020-07-27,30.1098,7111.68,5207.4
2020-07-28,30.4984,7164.16,5260.6
2020-07-29,30.2734,7195.7,5265.69
2020-07-30,30.2744,7141.79,5230.46
2020-07-31,30.5171,7178.12,5270.39
2020-08-03,30.6111,7183.07,5328.32
2020-08-04,30.8721,7255.83,5408.04
2020-08-05,30.9361,7294.15,5460.02
2020-08-06,31.174,7375.95,5496.67
2020-08-07,31.3896,7468.94,5542.19
2020-08-10,31.5401,7559.63,5629.45
2020-08-11,31.5636,7532.4,5647.05
2020-08-12,31.4101,7535.28,5666.37
2020-08-13,31.7106,7645.3,5718.57
2020-08-14,31.4828,7588.05,5674.53
2020-08-17,31.5596,7621.2,5732.01
2020-08-18,31.7639,7718.59,5807.21
2020-08-19,32.0265,7771.99,5884.04
2020-08-20,31.8793,7834.36,5913.61
2020-08-21,32.2625,7892.47,6002.95
2020-08-24,32.4725,7963.08,6094.1
2020-08-25,32.3806,7989.99,6116.97
2020-08-26,32.8334,8031.68,6178.11
2020-08-27,33.1546,8044.75,6194.51
2020-08-28,33.0175,8092.52,6181.46
2020-08-31,32.3832,7789.69,5903.63
2020-09-01,32.3892,7849.01,5915.51
2020-09-02,32.7439,7966.79,6007.43
2020-09-03,32.9883,8034.86,6044.79
2020-09-04,32.1776,7909.55,5980.13
2020-09-07,31.9278,7854.26,5987.64
2020-09-08,31.7821,7758.91,5931.88
2020-09-09,31.4141,7712.55,5848.63
2020-09-10,31.7539,7800.3,5928.92
2020-09-11,31.6067,7846.89,5940.88
2020-09-14,32.2025,8061.11,6243.16
2020-09-15,32.5242,8159.6,6324.05
2020-09-16,32.7755,8186.78,6347.61
2020-09-17,32.6192,8156.53,6312.63
2020-09-18,32.7371,8144.08,6298.54
2020-09-21,31.8982,7867.25,6061.05
2020-09-22,31.7072,7736.15,5949.57
2020-09-23,32.1309,7707.46,5949.96
2020-09-24,31.2578,7544.89,5810.62
2020-09-25,31.7158,7732.59,5960.08
2020-09-28,32.6151,7942.93,6135.01
2020-09-29,32.8038,7933.72,6120.12
2020-09-30,32.9311,7942.91,6115.18
2020-10-01,32.9793,8002.51,6162.66
2020-10-05,32.9808,7996.27,6194.1
2020-10-06,33.1664,8040.01,6227.22
2020-10-07,32.8483,7996.39,6197.96
2020-10-08,33.1745,7987.6,6179.61
2020-10-09,33.2753,7968.64,6160.08
2020-10-12,33.5343,7928.43,6118.15
2020-10-13,33.8751,7891.16,6110.15
2020-10-14,33.978,7878.78,6114.77
2020-10-15,33.3889,7759.3,6019.16
2020-10-16,33.4193,7838.17,6099.48
2020-10-19,33.3435,7885.47,6134.29
2020-10-20,33.0647,7926.59,6150.05
2020-10-21,33.124,7941.32,6149.96
2020-10-22,33.1976,7995.8,6197.61
2020-10-23,33.303,8049.91,6241.41
2020-10-26,33.127,7933.65,6174.16
2020-10-27,33.0021,8023.28,6186.24
2020-10-28,32.9317,7957.81,6135.5
2020-10-29,32.2751,7928.44,6084.53
2020-10-30,32.5999,7959.61,6086.06
2020-11-02,32.4394,7975.15,6007.88
2020-11-03,32.6761,8035.68,6023.1
2020-11-04,32.8761,8075.72,6024.4
2020-11-05,33.6972,8218.92,6123.11
2020-11-06,34.0565,8273.72,6153.32
2020-11-09,34.2562,8342.59,6178.64
2020-11-10,34.0118,8358.98,6168.12
2020-11-11,34.2409,8380.66,6202.24
2020-11-12,34.6493,8426.4,6275.51
2020-11-13,34.642,8506.02,6334.62
2020-11-17,34.9544,8662.32,6424.9
2020-11-18,34.7961,8786.97,6465.88
2020-11-19,34.5648,8748.5,6466.34
2020-11-20,34.843,8825.97,6535.56
2020-11-23,35.0249,8929.79,6644.57
2020-11-24,35.2643,9004.26,6704.75
2020-11-25,35.0459,8866.31,6641.48
2020-11-26,35.2447,8928.37,6692.85
2020-11-27,35.4388,9146.07,6862.18
2020-12-01,35.5085,9227.01,6941.98
2020-12-02,35.7294,9282.86,6962.55
2020-12-03,35.8443,9320.91,7023.48
2020-12-04,35.9516,9355.35,7058.78
2020-12-07,36.0123,9454.37,7155.68
2020-12-08,35.9132,9448.19,7136.8
2020-12-09,36.1627,9501.54,7191.08
2020-12-10,36.0559,9431.7,7145.29
2020-12-11,36.1476,9452.44,7181.67
2020-12-14,36.1173,9506.47,7239.68
2020-12-15,36.166,9533.8,7254.95
2020-12-16,36.2895,9640.94,7324.39
2020-12-17,36.4074,9623.15,7322.18
2020-12-18,36.3756,9608.98,7295.12
2020-12-21,35.6173,9192.2,6937.09
2020-12-22,35.9383,9249.15,7002.78
2020-12-23,36.3964,9461.95,7202.23
2020-12-24,36.5297,9488.66,7257.0
2020-12-28,36.691,9587.11,7380.07
2020-12-29,37.0368,9578.65,7380.1
2020-12-30,37.252,9610.87,7423.66
2020-12-31,37.053,9647.3,7440.28
2021-01-01,37.1077,9758.24,7525.92
2021-01-04,37.3289,9898.98,7624.31
2021-01-05,37.2856,9976.45,7670.83
2021-01-06,37.2022,10012.57,7651.47
2021-01-07,37.0564,10139.4,7738.14
2021-01-08,37.4527,10243.86,7793.25
2021-01-11,37.7488,10223.7,7787.2
2021-01-12,37.6249,10271.88,7809.58
2021-01-13,37.6666,10218.34,7789.25
2021-01-14,37.9094,10226.74,7823.52
2021-01-15,37.5585,10118.39,7740.44
2021-01-18,37.3077,9928.3,7597.54
2021-01-19,37.5345,10142.03,7724.75
2021-01-20,37.9724,10234.72,7756.36
2021-01-21,38.1426,10128.39,7723.17
2021-01-22,37.9322,10001.0,7669.56
2021-01-25,37.9435,9894.4,7592.39
2021-01-27,37.9117,9752.8,7576.21
2021-01-28,37.6088,9693.76,7545.36
2021-01-29,37.4573,9672.9,7520.47
2021-02-01,37.7566,9960.85,7671.61
2021-02-02,38.5137,10191.05,7767.82
2021-02-03,38.939,10332.24,7877.83
2021-02-04,39.6667,10465.04,7986.75
2021-02-05,39.6704,10370.14,8005.87
2021-02-08,40.0636,10528.51,8127.95
2021-02-09,39.8827,10534.52,8093.46
2021-02-10,39.8555,10609.01,8126.77
2021-02-11,40.1078,10629.31,8242.12
2021-02-12,40.1535,10617.89,8230.57
2021-02-15,40.2947,10744.48,8254.08
2021-02-16,40.0928,10801.16,8273.1
2021-02-17,40.0758,10834.31,8308.12
2021-02-18,40.1521,10879.83,8380.21
2021-02-19,39.8057,10733.65,8310.76
2021-02-22,39.3981,10604.16,8229.67
2021-02-23,39.378,10708.14,8303.04
2021-02-24,39.6774,10811.83,8409.35
2021-02-25,39.7275,10965.76,8546.16
2021-02-26,38.7602,10831.62,8454.68
2021-03-01,39.2095,10996.38,8607.66
2021-03-02,39.8112,11169.39,8712.39
2021-03-03,39.7114,11347.21,8793.71
2021-03-04,39.4738,11403.13,8879.35
2021-03-05,39.1666,11182.42,8744.41
2021-03-08,39.5209,11223.77,8798.53
2021-03-09,39.1423,11182.17,8724.25
2021-03-10,39.7004,11266.63,8816.94
2021-03-12,39.9518,11236.05,8847.46
2021-03-15,39.7287,11159.31,8782.3
2021-03-16,40.1228,11192.92,8805.54
2021-03-17,40.0038,10944.91,8609.24
2021-03-18,40.0461,10796.03,8487.68
2021-03-19,40.2221,10887.22,8525.09
2021-03-22,40.2398,10977.19,8546.81
2021-03-23,40.4179,11055.17,8605.9
2021-03-24,40.1037,10854.95,8442.38
2021-03-25,39.3294,10660.06,8281.07
2021-03-26,39.4359,10822.9,8377.56
2021-03-30,40.0552,11010.05,8484.92
2021-03-31,39.929,11052.87,8529.76
2021-04-01,40.3943,11225.99,8697.4
2021-04-05,40.2649,11073.12,8559.56
2021-04-06,40.8601,11143.71,8651.91
2021-04-07,41.2016,11278.77,8772.24
2021-04-08,41.4326,11346.52,8865.73
2021-04-09,41.7041,11363.52,8913.35
2021-04-12,40.8867,10775.19,8432.69
2021-04-13,40.883,10928.91,8574.17
2021-04-15,40.8463,10932.56,8547.05
2021-04-16,41.3179,11045.48,8619.95
2021-04-19,41.1096,10835.62,8447.12
2021-04-20,40.9075,10859.67,8511.24
2021-04-22,40.9852,10904.32,8573.9
2021-04-23,40.8799,10940.13,8609.1
2021-04-26,41.3497,11026.66,8703.01
2021-04-27,41.6799,11186.22,8851.57
2021-04-28,41.8809,11304.85,8921.87
2021-04-29,42.0064,11279.03,8949.4
2021-04-30,41.982,11230.3,8922.5
2021-05-03,42.0204,11276.05,9037.47
2021-05-04,41.855,11241.58,8979.59
2021-05-05,41.9752,11336.37,9038.56
2021-05-06,42.175,11416.61,9107.61
2021-05-07,42.4737,11379.24,9171.65
2021-05-10,42.7426,11451.29,9311.32
2021-05-11,42.4239,11544.85,9388.49
2021-05-12,42.167,11471.2,9323.53
2021-05-14,41.8918,11304.37,9232.36
2021-05-17,42.7157,11491.7,9351.65
2021-05-18,42.8912,11681.99,9468.79
2021-05-19,42.9504,11682.19,9523.47
2021-05-20,42.6725,11666.19,9541.94
2021-05-21,43.1322,11751.7,9614.14
2021-05-24,43.1815,11837.64,9688.29
2021-05-25,43.4738,11831.06,9703.87
2021-05-26,43.5286,11849.82,9768.83
2021-05-27,43.7327,11913.55,9834.16
2021-05-28,43.6593,11906.95,9784.17
2021-05-31,43.9154,11955.56,9824.52
2021-06-01,43.7064,11932.83,9758.89
2021-06-02,43.594,12087.28,9878.31
2021-06-03,43.6549,12192.59,9991.13
2021-06-04,43.5795,12274.86,10042.92
2021-06-07,43.9994,12427.38,10189.9
2021-06-08,44.2381,12506.96,10241.89
2021-06-09,43.9844,12416.31,10115.99
2021-06-10,44.2492,12599.02,10279.31
2021-06-11,44.4556,12630.36,10316.45
2021-06-14,44.3765,12596.29,10267.27
2021-06-15,44.7675,12668.44,10318.38
2021-06-16,44.6364,12556.91,10255.52
2021-06-17,44.3599,12433.27,10192.26
2021-06-18,44.4144,12320.8,10119.02
2021-06-21,44.3401,12399.79,10197.73
2021-06-22,44.404,12420.31,10288.62
2021-06-23,44.5368,12404.54,10253.05
2021-06-24,44.702,12375.32,10231.61
2021-06-25,45.0229,12486.36,10269.25
2021-06-28,45.087,12548.47,10322.58
2021-06-29,45.2174,12495.32,10312.48
2021-06-30,45.3363,12541.44,10379.14
2021-07-01,45.4065,12518.01,10440.38
2021-07-02,45.6437,12596.45,10536.95
2021-07-05,46.0213,12649.63,10655.5
2021-07-06,46.1244,12660.88,10599.57
2021-07-07,46.1991,12720.19,10669.93
2021-07-08,46.1702,12670.24,10666.35
2021-07-09,46.1102,12729.09,10724.84
2021-07-12,46.2927,12781.56,10840.96
2021-07-13,47.0017,12818.22,10932.69
2021-07-14,47.4627,12861.0,10951.94
2021-07-15,47.8948,12908.54,11028.81
2021-07-16,47.9662,12944.36,11125.6
2021-07-19,48.0813,12864.01,11125.04
2021-07-20,47.3828,12689.91,10944.0
2021-07-22,47.7839,12828.72,11119.23
2021-07-23,48.2058,12845.71,11095.38
2021-07-26,48.9397,12851.46,11136.21
2021-07-27,48.6002,12794.45,11128.38
2021-07-28,48.1594,12744.33,11072.2
2021-07-29,48.5106,12838.64,11173.15
2021-07-30,48.4446,12955.56,11227.38
2021-08-02,48.4054,13126.79,11319.86
2021-08-03,48.4749,13153.58,11292.01
2021-08-04,48.394,13026.18,11166.26
2021-08-05,48.6771,13030.04,11109.8
2021-08-06,48.8053,13033.76,11125.87
2021-08-09,48.7229,12948.88,11010.9
2021-08-10,48.5483,12804.43,10726.01
2021-08-11,48.1979,12753.78,10668.47
2021-08-12,48.4442,12886.01,10912.14
2021-08-13,48.8012,12871.6,10904.7
2021-08-16,48.652,12827.92,10810.73
2021-08-17,48.918,12874.22,10781.2
2021-08-18,48.6445,12898.82,10739.35
2021-08-20,48.2933,12658.62,10485.61
2021-08-23,48.4876,12563.18,10279.28
2021-08-24,48.8341,12718.46,10491.65
2021-08-25,48.8973,12770.73,10572.36
2021-08-26,48.9972,12793.74,10598.63
2021-08-27,49.103,12915.25,10681.97
2021-08-30,49.8897,13152.21,10830.68
2021-08-31,50.4461,13241.94,10905.36
2021-09-01,50.6429,13321.98,10927.82
2021-09-02,50.8516,13431.46,11033.05
2021-09-03,50.8748,13484.3,11092.93
2021-09-06,51.1825,13546.57,11182.16
2021-09-07,51.1614,13518.98,11155.38
2021-09-08,51.5152,13571.17,11226.54
2021-09-09,51.6646,13616.64,11314.34
2021-09-13,51.6794,13689.87,11399.66
2021-09-14,51.8374,13859.51,11459.16
2021-09-15,52.2115,13995.14,11537.57
2021-09-16,52.8298,14053.87,11538.42
2021-09-17,52.6471,13870.28,11457.59
2021-09-20,52.1725,13611.06,11236.96
2021-09-21,52.3178,13680.38,11242.93
2021-09-22,52.6773,13875.87,11386.22
2021-09-23,53.1066,14055.46,11485.03
2021-09-24,53.0437,13959.74,11477.72
2021-09-27,53.1759,13946.32,11496.33
2021-09-28,52.7502,13855.79,11442.21
2021-09-29,52.3671,13973.88,11472.97
2021-09-30,52.3564,14044.04,11550.98
2021-10-01,51.9893,14057.5,11584.4
2021-10-04,52.6366,14273.8,11749.93
2021-10-05,52.166,14337.98,11814.54
2021-10-06,52.0733,14216.7,11713.34
2021-10-07,52.6194,14478.05,11851.11
2021-10-08,53.271,14549.57,11946.25
2021-10-11,53.9114,14630.69,12074.99
2021-10-12,53.9816,14678.95,12151.49
2021-10-13,54.1497,14860.21,12185.04
2021-10-14,54.7199,14952.67,12249.93
2021-10-18,55.1387,15104.02,12351.72
2021-10-19,55.3163,14808.62,12123.85
2021-10-20,54.8756,14506.87,11875.6
2021-10-21,54.3197,14423.98,11793.63
2021-10-22,54.0658,14314.7,11665.32
2021-10-25,53.2408,14084.45,11452.05
2021-10-26,53.5766,14322.52,11730.53
2021-10-27,53.6498,14339.03,11792.1
2021-10-28,53.0647,14102.31,11607.71
2021-10-29,53.1438,14082.26,11569.87
2021-11-01,53.7905,14315.55,11690.87
2021-11-02,53.7451,14445.83,11833.95
2021-11-03,53.548,14409.87,11795.37
2021-11-08,54.8171,14704.2,12047.52
2021-11-09,54.8221,14853.64,12097.04
2021-11-10,55.0145,14798.35,12091.76
2021-11-11,54.3384,14705.42,12030.87
2021-11-12,54.5542,14776.1,12071.72
2021-11-15,55.2368,14827.28,12044.16
2021-11-16,55.1374,14796.78,12078.87
2021-11-17,55.0688,14737.67,12070.15
2021-11-18,54.5367,14520.86,11877.8
2021-11-22,54.1178,14116.93,11560.2
2021-11-23,54.224,14334.68,11782.02
2021-11-24,53.9649,14298.03,11841.01
2021-11-25,54.0364,14364.18,11942.49
2021-11-26,53.3463,13939.16,11597.25
2021-11-29,52.5746,13791.97,11305.22
2021-11-30,53.1762,13897.11,11530.27
2021-12-01,53.0511,14011.1,11564.55
2021-12-02,53.462,14174.95,11690.4
2021-12-03,53.426,14148.83,11756.41
2021-12-06,52.5329,13966.55,11610.02
2021-12-07,53.3228,14133.89,11753.49
2021-12-08,54.418,14345.47,11928.79
2021-12-09,54.7846,14427.48,12038.05
2021-12-10,55.108,14523.07,12147.43
2021-12-13,55.115,14518.45,12149.91
2021-12-14,55.0658,14479.63,12186.72
2021-12-15,54.4507,14400.98,12144.54
2021-12-16,54.3922,14312.33,12026.28
2021-12-17,53.5048,14023.63,11752.01
2021-12-20,52.3958,13548.01,11343.69
2021-12-21,52.414,13723.33,11485.14
2021-12-22,53.1946,13926.5,11675.22
2021-12-23,53.5286,14044.68,11767.54
2021-12-24,53.4319,13908.0,11691.27
2021-12-27,53.6276,13953.58,11735.93
2021-12-28,54.092,14111.36,11910.35
2021-12-29,53.9326,14131.41,11995.03
2021-12-30,53.9981,14110.31,12012.65
2021-12-31,54.4581,14293.42,12152.65
2022-01-03,54.5884,14454.27,12308.71
2022-01-04,54.8749,14489.74,12373.07
2022-01-05,54.8129,14493.41,12380.28
2022-01-06,54.0152,14485.56,12393.75
2022-01-07,54.0384,14539.13,12445.19
2022-01-10,54.2704,14636.22,12620.18
2022-01-11,54.3167,14659.66,12633.18
2022-01-12,54.7346,14833.95,12711.69
2022-01-13,55.0629,14908.06,12786.09
2022-01-14,54.6273,14903.34,12874.26
2022-01-17,54.7944,14949.2,12934.83
2022-01-18,54.4037,14671.3,12670.44
2022-01-19,53.966,14648.9,12699.33
2022-01-20,53.9155,14612.49,12684.8
2022-01-21,53.2473,14303.5,12447.19
2022-01-24,51.772,13775.26,11877.25
2022-01-25,52.3539,13894.51,12003.23
2022-01-27,51.6695,13739.25,11947.78
2022-01-28,51.6481,13921.53,12010.98
2022-01-31,52.4968,14133.66,12126.84
2022-02-01,53.3101,14279.31,12219.16
2022-02-02,53.9684,14441.24,12422.77
2022-02-03,54.3661,14300.72,12423.59
2022-02-04,52.5837,14191.45,12351.95
2022-02-07,52.4854,14066.43,12217.55
2022-02-08,52.2274,13955.82,12032.85
2022-02-09,52.6151,14113.33,12073.88
2022-02-10,53.1541,14148.53,12093.7
2022-02-11,52.4694,13872.59,11865.5
2022-02-14,50.9963,13342.14,11360.36
2022-02-15,51.8092,13690.1,11586.14
2022-02-16,52.0243,13667.74,11674.39
2022-02-17,51.8893,13636.39,11589.96
2022-02-18,51.3431,13520.09,11495.01
2022-02-21,50.8782,13367.73,11199.14
2022-02-22,50.4575,13245.99,10982.53
2022-02-23,50.3166,13296.18,11113.83
2022-02-24,48.3898,12578.83,10461.8
2022-02-25,50.0091,13072.04,10907.54
2022-02-28,50.3107,13183.22,10997.19
2022-03-02,49.8861,13152.01,11026.17
2022-03-03,50.1049,13117.19,11068.52
2022-03-04,49.4208,12848.63,10893.77
2022-03-07,48.5862,12566.37,10640.46
2022-03-08,48.2589,12699.89,10786.31
2022-03-09,48.6393,12957.76,11012.52
2022-03-10,49.6502,13092.17,11168.64
2022-03-11,49.9919,13164.87,11268.29
2022-03-14,50.0546,13183.36,11315.35
2022-03-15,49.46,13077.42,11221.8
2022-03-16,50.5005,13332.65,11347.23
2022-03-17,51.3406,13495.28,11481.37
2022-03-21,51.4958,13478.48,11511.74
2022-03-22,51.6393,13496.51,11547.56
2022-03-23,52.0889,13543.59,11530.37
2022-03-24,52.0626,13615.72,11570.79
2022-03-25,52.0338,13588.19,11525.49
2022-03-28,52.2572,13566.24,11457.88
2022-03-29,52.2612,13648.76,11527.21
2022-03-30,52.5583,13772.58,11631.76
2022-03-31,52.5141,13821.4,11687.4
2022-04-01,52.8609,13997.36,11908.62
2022-04-04,53.9793,14204.96,12090.22
2022-04-05,54.7857,14414.9,12205.57
2022-04-06,54.4538,14479.02,12257.48
2022-04-07,53.7773,14351.49,12204.72
2022-04-08,54.0076,14486.66,12298.64
2022-04-11,53.4823,14587.26,12337.98
2022-04-12,52.5707,14326.21,12163.02
2022-04-13,52.2541,14313.47,12203.88
2022-04-18,51.667,14150.18,12096.01
2022-04-19,51.2306,13979.66,11912.08
2022-04-20,51.6804,14068.64,11914.63
2022-04-21,51.7525,14214.22,12065.8
2022-04-22,51.0161,14096.38,12035.41
2022-04-25,50.2483,13840.72,11794.87
2022-04-26,51.0977,14040.73,11915.84
2022-04-27,50.3224,13924.31,11847.51
2022-04-28,50.6732,14006.36,11878.73
2022-04-29,50.7205,13910.1,11754.35
2022-05-02,49.9622,13839.23,11636.01
2022-05-04,49.6482,13555.47,11370.64
2022-05-05,49.9435,13558.63,11300.39
2022-05-06,49.0081,13325.79,11043.81
2022-05-09,48.7994,13096.1,10832.73
2022-05-10,48.1193,12857.41,10610.02
2022-05-11,48.1258,12769.61,10327.46
2022-05-12,47.0201,12495.61,10156.46
2022-05-13,47.1498,12619.03,10260.81
2022-05-16,47.6371,12779.81,10397.78
2022-05-17,48.3132,13102.32,10697.37
2022-05-18,48.4873,13086.37,10733.4
2022-05-19,47.5502,12730.71,10493.68
2022-05-20,48.1445,12990.15,10717.77
2022-05-23,47.9598,12938.57,10644.69
2022-05-24,48.015,12858.48,10514.06
2022-05-25,47.4122,12565.86,10198.33
2022-05-26,47.7411,12715.01,10295.03
2022-05-27,48.4457,12874.98,10401.02
2022-05-30,49.2537,13179.34,10634.08
2022-05-31,49.5594,13185.01,10742.59
2022-06-01,49.4131,13233.54,10814.89
2022-06-02,49.2763,13302.83,10870.61
2022-06-03,49.3231,13101.78,10775.74
2022-06-06,48.8664,13076.76,10707.43
2022-06-07,48.8466,12987.06,10647.43
2022-06-08,48.7184,12933.44,10629.02
2022-06-09,48.8738,12988.94,10635.95
2022-06-10,48.2221,12898.83,10542.77
2022-06-13,47.0186,12549.78,10169.75
2022-06-14,46.4984,12520.8,10128.1
2022-06-15,46.5659,12571.33,10186.85
2022-06-16,46.0539,12292.24,9874.6
2022-06-17,45.433,12152.62,9796.32
2022-06-20,45.4885,11913.98,9492.41
2022-06-21,46.1855,12283.41,9785.23
2022-06-22,45.919,12105.55,9682.96
2022-06-23,46.131,12245.4,9796.47
2022-06-24,46.7348,12414.49,9966.26
2022-06-27,47.5907,12542.55,10125.96
2022-06-28,47.3139,12591.91,10118.05
2022-06-29,46.715,12564.05,10063.08
2022-06-30,46.8274,12493.52,10030.82
2022-07-01,46.8073,12537.29,10052.37
2022-07-04,47.1749,12621.63,10102.28
2022-07-05,47.1476,12609.5,10128.44
2022-07-06,47.8395,12835.2,10182.41
2022-07-07,48.2713,13009.63,10316.66
2022-07-08,48.7315,13037.76,10340.67
2022-07-11,48.8655,13169.2,10447.95
2022-07-12,48.4055,13101.38,10409.61
2022-07-13,47.9708,13114.61,10432.16
2022-07-14,47.6812,13107.66,10363.68
2022-07-15,47.6411,13195.82,10416.46
2022-07-18,48.2078,13375.01,10568.42
2022-07-19,48.2224,13477.51,10659.36
2022-07-20,48.8662,13496.65,10724.41
2022-07-21,49.2078,13672.73,10812.3
2022-07-22,49.4641,13697.21,10842.46
2022-07-25,49.0597,13687.81,10799.25
2022-07-26,48.735,13541.64,10689.46
2022-07-27,48.6198,13658.27,10690.62
2022-07-28,49.6669,13759.31,10772.2
2022-07-29,49.9775,13951.46,10925.13
2022-08-01,50.6558,14162.63,11106.22
2022-08-02,50.6442,14231.7,11174.77
2022-08-03,50.5703,14157.6,11130.58
2022-08-04,50.8873,14236.62,11102.48
2022-08-05,50.9908,14281.34,11092.24
2022-08-08,51.2029,14318.75,11119.64
2022-08-10,51.2162,14289.62,11090.19
2022-08-11,51.8196,14405.59,11162.56
2022-08-12,51.8644,14498.88,11188.52
2022-08-16,52.368,14695.56,11286.57
2022-08-17,52.7112,14757.15,11340.83
2022-08-18,52.6126,14782.9,11372.48
2022-08-19,52.2012,14599.45,11251.5
2022-08-22,51.438,14335.52,11152.28
2022-08-23,51.3001,14471.92,11265.85
2022-08-24,51.3688,14567.04,11365.32
2022-08-25,51.2292,14580.53,11404.82
2022-08-26,51.5554,14636.38,11487.58
2022-08-29,50.7145,14515.71,11419.32
2022-08-30,51.3263,14806.56,11560.74
2022-09-01,51.1309,14846.51,11596.14
2022-09-02,51.1622,14807.98,11621.55
2022-09-05,51.3348,14888.83,11738.1
2022-09-06,51.4646,14944.66,11775.15
2022-09-07,51.377,15024.42,11872.24
2022-09-08,52.2687,15076.74,11957.47
2022-09-09,52.4691,15137.47,11935.41
2022-09-12,52.8258,15261.03,12048.41
2022-09-13,53.1433,15282.98,12061.92
2022-09-14,52.7911,15230.45,12073.54
2022-09-15,52.7059,15287.2,12072.09
2022-09-16,51.7146,14900.67,11795.76
2022-09-19,51.7473,14907.34,11712.42
2022-09-20,52.308,15126.87,11847.73
2022-09-21,51.9906,15022.27,11774.93
2022-09-22,51.6029,15072.18,11843.56
2022-09-23,50.996,14753.08,11609.76
2022-09-26,50.1478,14315.7,11221.51
2022-09-27,49.9832,14325.76,11281.24
2022-09-28,49.5671,14287.85,11231.49
2022-09-29,49.7331,14349.29,11295.22
2022-09-30,49.892,14556.43,11467.99
2022-10-03,49.6832,14405.14,11424.64
2022-10-04,50.5757,14731.14,11575.9
2022-10-06,51.2132,14904.77,11702.93
2022-10-07,51.2764,14866.91,11740.62
2022-10-10,50.6906,14733.31,11676.22
2022-10-11,50.2449,14497.14,11495.94
2022-10-12,50.4695,14578.88,11546.18
2022-10-13,50.4082,14488.05,11484.6
2022-10-14,50.7986,14477.96,11489.15
2022-10-17,50.6426,14502.94,11518.51
2022-10-18,51.3218,14647.96,11611.26
2022-10-19,51.5791,14660.68,11614.68
2022-10-20,51.4843,14621.02,11628.45
2022-10-21,51.5748,14535.35,11579.01
2022-10-25,52.2518,14636.91,11667.25
2022-10-27,52.1107,14728.33,11713.63
2022-10-28,51.5216,14633.09,11642.84
2022-10-31,51.9464,14824.43,11687.81
2022-11-01,51.9849,14949.53,11704.78
2022-11-02,51.7054,14946.95,11706.8
2022-11-03,51.3125,14971.61,11721.97
2022-11-04,50.9681,14963.58,11776.09
2022-11-07,51.4519,15073.71,11864.29
2022-11-09,51.7279,14980.28,11818.22
2022-11-10,51.2877,14844.0,11673.09
2022-11-11,52.2551,14864.96,11712.52
2022-11-14,52.3423,14858.79,11766.24
2022-11-15,52.3847,14852.1,11773.72
2022-11-16,52.5302,14762.55,11734.96
2022-11-17,52.3356,14701.51,11721.34
2022-11-18,52.1584,14643.76,11668.61
2022-11-21,52.0208,14643.62,11682.03
2022-11-22,51.9944,14698.52,11673.93
2022-11-23,52.054,14733.06,11742.11
2022-11-24,52.4977,14792.57,11806.6
2022-11-25,52.5193,14925.02,11898.03
2022-11-28,52.5076,15027.98,12025.34
2022-11-29,52.2731,14974.4,11982.46
2022-11-30,52.5166,15112.4,12043.37
2022-12-01,53.0001,15227.01,12096.78
2022-12-02,52.8816,15357.42,12177.03
2022-12-05,52.8884,15368.54,12217.39
2022-12-06,52.6323,15294.58,12188.69
2022-12-07,52.236,15219.01,12141.55
2022-12-08,52.2439,15291.78,12208.76
2022-12-09,52.0462,15222.47,12082.27
2022-12-12,52.0796,15269.16,12146.43
2022-12-13,52.4048,15333.5,12215.65
2022-12-14,52.7428,15432.52,12295.44
2022-12-15,52.3737,15292.84,12242.77
2022-12-16,51.7298,15072.07,12145.56
2022-12-19,52.0402,15144.18,12181.94
2022-12-20,51.8258,15118.68,12156.75
2022-12-21,51.5514,14880.77,11905.57
2022-12-22,51.4078,14741.95,11698.23
2022-12-23,50.3658,14224.57,11184.91
2022-12-26,50.9555,14577.28,11559.53
2022-12-27,51.1004,14713.31,11702.2
2022-12-28,51.006,14760.88,11727.2
2022-12-29,51.0117,14782.15,11741.31
2022-12-30,51.0328,14852.77,11832.26
2023-01-02,51.0882,14958.43,11921.56
2023-01-03,51.2259,14991.07,11938.69
2023-01-04,51.031,14856.78,11831.81
2023-01-05,50.919,14914.16,11830.08
2023-01-06,50.5032,14811.36,11739.3
2023-01-09,51.0789,14934.19,11785.94
2023-01-10,50.9772,14872.51,11728.37
2023-01-11,50.9837,14826.65,11734.87
2023-01-12,51.3246,14793.62,11742.6
2023-01-13,51.6212,14786.11,11776.12
2023-01-16,51.5313,14748.48,11769.89
2023-01-17,51.6338,14740.11,11753.25
2023-01-18,51.75,14802.71,11760.89
2023-01-19,51.7515,14788.53,11726.97
2023-01-20,51.731,14684.29,11662.19
2023-01-23,52.4271,14711.92,11645.85
2023-01-24,52.5474,14660.47,11599.7
2023-01-25,51.9664,14479.04,11496.66
2023-01-27,51.856,14299.54,11286.79
2023-01-30,52.0371,14277.94,11264.03
2023-01-31,51.969,14495.89,11560.07
2023-02-01,52.3241,14372.13,11428.21
2023-02-02,52.5869,14398.62,11478.31
2023-02-03,53.6078,14382.51,11436.68
2023-02-06,53.2821,14506.51,11466.14
2023-02-07,53.0658,14505.73,11425.32
2023-02-08,53.4666,14628.33,11514.08
2023-02-09,52.9848,14640.97,11485.25
2023-02-10,52.6782,14677.07,11542.88
2023-02-13,52.4751,14486.28,11406.13
2023-02-14,52.8227,14423.96,11346.64
2023-02-15,52.8794,14493.36,11392.68
2023-02-16,53.0012,14604.44,11484.69
2023-02-17,52.7128,14516.62,11446.12
2023-02-20,52.5665,14517.33,11410.34
2023-02-21,52.5544,14479.97,11370.49
2023-02-22,52.0666,14334.98,11242.71
2023-02-23,52.0787,14300.01,11263.59
2023-02-24,52.1252,14265.08,11245.2
2023-02-27,51.9471,14185.63,11112.98
2023-02-28,51.9826,14274.97,11151.53
2023-03-01,52.3198,14476.29,11290.11
2023-03-02,52.1887,14444.83,11280.17
2023-03-03,52.5275,14517.61,11359.6
2023-03-06,53.1254,14619.81,11476.38
2023-03-08,53.181,14666.96,11507.23
2023-03-09,52.9241,14586.16,11469.03
2023-03-10,52.5308,14488.75,11386.82
2023-03-13,51.8989,14229.89,11149.91
2023-03-14,51.9571,14141.69,11050.18
2023-03-15,52.1662,14147.61,11070.43
2023-03-16,52.437,14143.11,10993.03
2023-03-17,52.8102,14204.45,11065.91
2023-03-20,52.6068,14068.52,10971.18
2023-03-21,52.6837,14146.88,11022.08
2023-03-22,52.9187,14185.82,11083.56
2023-03-23,52.6859,14131.52,11049.68
2023-03-24,52.5501,13968.62,10882.04
2023-03-27,52.4353,13890.37,10719.34
2023-03-28,52.2485,13844.78,10634.51
2023-03-29,52.3695,14076.33,10815.74
2023-03-31,53.0485,14203.8,10982.49
2023-04-03,53.4035,14269.03,11069.19
2023-04-05,53.796,14283.3,11143.67
2023-04-06,53.8142,14377.7,11226.49
2023-04-10,54.1678,14429.77,11245.93
2023-04-11,54.3747,14493.09,11297.62
2023-04-12,54.3566,14580.07,11340.66
2023-04-13,54.2611,14603.7,11375.83
2023-04-17,54.6034,14657.85,11393.69
2023-04-18,54.6757,14744.06,11401.85
2023-04-19,54.5254,14719.77,11401.95
2023-04-20,54.5813,14709.79,11433.08
2023-04-21,54.651,14649.23,11411.7
2023-04-24,54.9557,14688.04,11465.8
2023-04-25,54.8765,14678.03,11504.47
2023-04-26,54.7723,14693.68,11567.62
2023-04-27,55.2039,14779.29,11624.23
2023-04-28,55.9938,14944.49,11739.54
2023-05-02,56.0465,15061.63,11814.83
2023-05-03,55.9965,15098.68,11830.96
2023-05-04,56.0905,15197.36,11932.39
2023-05-05,55.816,15097.89,11866.58
2023-05-08,56.1744,15237.64,11954.23
2023-05-09,56.2813,15246.72,11903.79
2023-05-10,56.3903,15260.49,11964.22
2023-05-11,56.6883,15307.63,12049.94
2023-05-12,56.7739,15261.6,12004.66
2023-05-15,56.7543,15347.42,12092.13
2023-05-16,56.6606,15383.21,12096.73
2023-05-17,56.6016,15372.31,12148.41
2023-05-18,56.5473,15284.01,12098.73
2023-05-19,56.7787,15264.82,12094.92
2023-05-22,56.9716,15347.68,12143.28
2023-05-23,57.2695,15436.51,12158.17
2023-05-24,57.2893,15459.36,12164.95
2023-05-25,57.3694,15507.92,12202.13
2023-05-26,57.8775,15626.47,12258.38
2023-05-29,58.3159,15681.29,12293.14
2023-05-30,58.403,15738.77,12299.83
2023-05-31,58.3362,15797.26,12395.45
2023-06-01,57.9777,15828.39,12497.92
2023-06-02,58.2626,15901.01,12558.38
2023-06-05,58.4147,15948.51,12593.2
2023-06-06,58.5154,15966.08,12661.26
2023-06-07,58.7393,16145.56,12803.18
2023-06-08,58.0973,16058.68,12717.63
2023-06-09,57.9511,16039.64,12709.52
2023-06-12,58.0131,16134.52,12793.22
2023-06-13,58.5135,16324.24,12887.1
2023-06-14,58.5809,16372.3,12924.0
2023-06-15,58.6131,16399.97,12964.37
2023-06-16,59.0057,16520.41,13068.86
2023-06-19,58.7729,16523.07,13109.5
2023-06-20,58.997,16599.27,13163.28
2023-06-21,59.0944,16723.5,13171.96
2023-06-22,58.7528,16585.63,13075.39
2023-06-23,58.7926,16381.77,12938.93
2023-06-26,58.9582,16521.71,13027.19
2023-06-27,58.8569,16600.69,13099.76
2023-06-28,59.2879,16683.97,13124.15
2023-06-30,59.632,16791.34,13188.32
2023-07-03,59.9238,16824.11,13306.16
2023-07-04,60.0167,16796.2,13324.41
2023-07-05,60.3683,16892.78,13407.62
2023-07-06,60.5029,17032.44,13521.61
2023-07-07,60.0604,16911.71,13482.68
2023-07-10,59.6766,16839.98,13438.88
2023-07-11,59.8609,16967.59,13565.98
2023-07-12,60.1577,17050.3,13632.94
2023-07-13,60.336,16953.0,13536.45
2023-07-14,60.6356,17125.68,13715.34
2023-07-17,60.8153,17190.45,13823.43
2023-07-18,60.8571,17164.72,13724.15
2023-07-19,61.0734,17267.21,13825.02
2023-07-20,61.0591,17305.21,13862.52
2023-07-21,60.6482,17275.03,13905.94
2023-07-24,60.5348,17261.69,13940.07
2023-07-25,60.746,17345.65,13947.13
2023-07-26,61.0311,17402.83,13993.43
2023-07-27,60.9991,17435.37,14012.67
2023-07-28,61.3175,17533.65,14073.98
2023-07-31,61.6034,17739.41,14219.45
2023-08-01,61.5998,17753.58,14249.01
2023-08-02,60.8634,17533.21,14067.17
2023-08-03,60.649,17540.34,14087.5
2023-08-04,61.0688,17668.16,14176.88
2023-08-07,61.3507,17756.82,14221.48
2023-08-08,61.1877,17802.31,14245.13
2023-08-09,61.1579,17858.25,14325.78
2023-08-10,60.9562,17856.93,14290.2
2023-08-11,60.8213,17813.6,14253.66
2023-08-14,61.0184,17771.16,14165.59
2023-08-16,60.853,17794.58,14224.93
2023-08-17,60.3775,17848.45,14251.63
2023-08-18,60.0775,17823.64,14211.95
2023-08-21,60.5781,17960.14,14331.64
2023-08-22,60.7055,18152.4,14429.06
2023-08-23,61.07,18221.03,14532.26
2023-08-24,60.7503,18270.14,14513.98
2023-08-25,60.5096,18135.51,14483.33
2023-08-28,60.8243,18213.3,14581.66
2023-08-29,61.1517,18284.5,14680.22
2023-08-30,61.2453,18404.05,14809.36
2023-08-31,61.3231,18453.64,14964.03
2023-09-01,61.8175,18600.63,15074.43
2023-09-04,62.1717,18757.46,15228.35
2023-09-05,62.4303,18965.76,15324.18
2023-09-06,62.3722,18969.93,15333.09
2023-09-07,62.8153,19090.52,15419.25
2023-09-08,63.0884,19268.84,15513.95
2023-09-11,63.7631,19475.59,15665.54
2023-09-12,63.2095,18898.57,15057.64
2023-09-13,63.5877,18921.73,15206.04
2023-09-14,63.8545,19098.53,15392.76
2023-09-15,63.7866,19122.22,15436.47
2023-09-18,63.8768,19054.79,15362.25
2023-09-20,63.3339,18995.63,15275.83
2023-09-21,62.7308,18832.46,15107.17
2023-09-22,62.5902,18813.23,15110.9
2023-09-25,62.7359,18912.95,15124.08
2023-09-26,62.5158,18901.35,15189.11
2023-09-27,62.7658,19042.9,15299.19
2023-09-29,62.8402,19021.23,15351.8
2023-10-03,62.4944,19070.75,15449.15
2023-10-04,62.1734,18825.13,15274.35
2023-10-05,62.2562,18813.49,15362.03
2023-10-06,62.7456,18923.82,15460.21
2023-10-09,62.5967,18670.03,15208.76
2023-10-10,63.1718,18902.35,15379.25
2023-10-11,63.5284,18996.71,15485.41
2023-10-12,63.6946,19042.64,15596.35
2023-10-13,63.5264,19021.6,15574.08
2023-10-16,63.8978,19054.37,15623.4
2023-10-17,64.2079,19138.47,15728.4
2023-10-18,63.8014,19001.99,15668.06
2023-10-19,63.6554,18978.41,15690.97
2023-10-20,63.2921,18797.94,15565.84
2023-10-23,62.8266,18287.92,14976.01
2023-10-25,62.2623,18178.81,14879.7
2023-10-26,61.5627,17971.51,14808.77
2023-10-27,62.3608,18235.03,15094.61
2023-10-30,62.7132,18259.79,15106.05
2023-10-31,62.8072,18301.37,15093.39
2023-11-01,62.7192,18274.75,15065.5
2023-11-02,63.0959,18494.14,15228.45
2023-11-03,63.5111,18620.49,15383.34
2023-11-06,64.0403,18789.69,15547.68
2023-11-07,64.2861,18840.83,15638.69
2023-11-08,64.4866,19022.74,15734.02
2023-11-09,64.4416,19027.87,15689.56
2023-11-10,64.9027,19100.14,15756.89
2023-11-13,65.387,19220.73,15995.09
2023-11-15,65.9372,19389.17,16173.38
2023-11-16,66.0779,19525.95,16243.52
2023-11-17,66.0247,19593.33,16298.52
2023-11-20,66.0121,19598.96,16305.16
2023-11-21,66.0704,19606.04,16337.97
2023-11-22,66.2382,19646.23,16201.0
2023-11-23,66.3622,19666.04,16284.69
2023-11-24,66.3522,19711.61,16313.73
2023-11-28,66.6512,19788.18,16350.12
2023-11-29,66.9516,19919.58,16473.48
2023-11-30,67.0067,20076.04,16649.27
2023-12-01,67.1793,20254.06,16742.96
2023-12-04,67.9811,20502.65,16947.04
2023-12-05,68.3237,20580.14,16972.19
2023-12-06,68.3887,20611.56,17017.89
2023-12-07,68.9912,20725.72,17069.09
2023-12-08,68.9547,20685.59,16924.15
2023-12-11,68.7782,20827.17,17019.05
2023-12-12,68.7156,20739.12,16997.98
2023-12-13,69.1475,20914.02,17107.46
2023-12-14,69.4422,21146.92,17240.69
2023-12-15,69.5862,21192.58,17363.41
2023-12-18,69.6142,21258.51,17435.56
2023-12-19,69.8439,21175.87,17449.55
2023-12-20,68.9027,20530.85,16867.0
2023-12-21,69.2775,20828.63,17152.5
2023-12-22,69.6049,20995.15,17327.72
2023-12-26,69.8354,21113.39,17379.28
2023-12-27,70.0497,21195.75,17431.25
2023-12-28,70.3524,21297.96,17534.45
2023-12-29,70.2435,21478.21,17641.14
2024-01-01,70.4621,21600.17,17752.2
2024-01-02,70.3278,21567.59,17745.36
2024-01-03,70.2262,21620.19,17766.45
2024-01-04,70.4573,21939.42,17948.96
2024-01-05,70.4903,22009.73,18069.74
2024-01-08,70.3416,21822.17,17963.9
2024-01-09,70.5527,21861.73,18030.16
2024-01-10,70.7891,21916.26,18066.52
2024-01-11,71.0366,22010.79,18215.63
2024-01-12,71.2789,22090.46,18283.72
2024-01-15,71.8577,22206.83,18329.3
2024-01-16,71.6219,22135.7,18279.1
2024-01-17,70.5289,21900.92,18087.55
2024-01-18,70.3466,21896.29,18085.45
2024-01-19,71.315,22225.07,18278.45
2024-01-23,70.4662,21638.3,17863.18
2024-01-24,71.391,22004.54,18177.24
2024-01-25,71.2065,21901.66,18274.36
2024-01-29,72.1704,22223.59,18510.5
2024-01-30,71.7106,22146.28,18535.27
2024-01-31,71.9746,22495.94,18929.24
2024-02-01,72.5346,22367.76,18955.35
2024-02-02,73.7564,22482.1,19072.06
2024-02-05,73.6952,22482.0,19064.01
2024-02-06,74.0825,22746.77,19242.83
2024-02-07,74.3294,22900.29,19343.94
2024-02-08,74.1961,22849.02,19260.33
2024-02-09,74.2799,22649.63,19017.2
2024-02-12,73.4745,22107.68,18341.41
2024-02-13,73.7502,22171.82,18406.88
2024-02-14,74.365,22362.58,18643.65
2024-02-15,74.7137,22573.97,18861.1
2024-02-16,74.8005,22755.04,18987.72
2024-02-19,74.8544,22861.95,19078.38
2024-02-20,75.0243,22830.89,19002.59
2024-02-21,74.3969,22583.77,18854.99
2024-02-22,75.1418,22767.46,18969.98
2024-02-23,75.1258,22851.5,19080.69
2024-02-26,74.8684,22780.87,19048.11
2024-02-27,75.0318,22757.35,19096.61
2024-02-28,74.1358,22347.79,18735.97
2024-02-29,74.7901,22451.13,18823.79
2024-03-01,75.431,22631.9,18944.92
2024-03-04,75.6458,22802.38,18964.71
2024-03-05,75.289,22745.91,18842.06
2024-03-06,75.3257,22600.85,18470.74
2024-03-07,75.4666,22658.4,18620.98
2024-03-11,74.6367,22552.71,18248.59
2024-03-12,74.8438,22267.95,17873.11
2024-03-13,73.6481,21339.54,16947.96
2024-03-14,74.0899,21793.47,17475.66
2024-03-15,73.6088,21724.77,17512.97
2024-03-18,73.8482,21678.98,17462.5
2024-03-19,73.4526,21435.74,17256.64
2024-03-20,73.79,21422.01,17275.7
2024-03-21,74.4738,21906.71,17670.42
2024-03-22,74.8984,22044.43,17813.92
2024-03-26,74.5943,22247.91,17822.06
2024-03-27,74.4617,22274.99,17967.65
2024-03-28,74.8659,22376.46,18027.57
2024-04-01,75.7331,22777.89,18570.61
2024-04-02,75.6672,23032.19,18754.41
2024-04-03,75.7476,23148.4,18952.0
2024-04-04,75.7866,23157.64,19070.15
2024-04-05,76.3282,23267.62,19182.05
2024-04-08,76.7286,23315.57,19230.24
2024-04-09,76.9761,23258.12,19238.91
2024-04-10,77.2477,23459.46,19353.49
2024-04-12,76.7069,23345.2,19275.06
2024-04-15,75.8301,23028.44,18978.8
2024-04-16,75.7907,22999.94,19100.86
2024-04-18,75.329,22918.17,19097.01
2024-04-19,75.4004,22812.74,19073.82
2024-04-22,76.0642,22967.75,19295.21
2024-04-23,76.5885,23199.02,19481.35
2024-04-24,76.8651,23388.45,19636.34
2024-04-25,76.989,23482.86,19799.85
2024-04-26,77.4182,23658.24,19894.61
2024-04-29,77.3108,23739.5,19907.29
2024-04-30,76.9642,23797.41,19918.39
2024-05-02,77.5363,23901.0,19937.79
2024-05-03,77.6579,23816.07,19869.77
2024-05-06,77.7623,23707.27,19648.19
2024-05-07,77.2593,23267.09,19298.54
2024-05-08,77.4499,23389.21,19393.71
2024-05-09,76.4133,22981.92,18879.71
2024-05-10,76.8,23206.03,19004.04
2024-05-13,76.9965,23323.76,18935.89
2024-05-14,77.2781,23542.11,19268.92
2024-05-15,77.6977,23763.63,19415.36
2024-05-16,77.827,23994.89,19559.47
2024-05-17,78.1173,24247.32,19870.58
2024-05-21,78.5887,24453.95,19964.74
2024-05-22,78.6082,24524.82,19940.03
2024-05-23,78.9077,24642.25,19988.85
2024-05-24,78.9749,24630.42,19963.43
2024-05-27,78.9329,24722.05,20051.38
2024-05-28,78.6572,24531.91,19847.46
2024-05-29,78.3817,24464.18,19864.0
2024-05-30,77.7259,24181.39,19569.19
2024-05-31,77.7696,24327.24,19664.65
2024-06-03,79.3574,25059.73,20070.23
2024-06-04,76.0338,23278.67,18575.64
2024-06-05,78.0896,24177.69,19191.54
2024-06-06,78.8155,24703.61,19815.64
2024-06-07,79.7653,25054.14,20262.3
2024-06-10,80.15,25145.52,20529.75
2024-06-11,80.2586,25350.75,20657.62
2024-06-12,80.7448,25606.79,20851.5
2024-06-13,80.5839,25807.47,21021.5
2024-06-14,80.7598,26086.35,21203.05
2024-06-18,80.9622,26234.33,21407.8
2024-06-19,81.0075,25959.73,21326.3
2024-06-20,81.3351,26180.42,21466.27
2024-06-21,81.2542,26142.53,21459.1
2024-06-24,81.4983,26204.21,21461.06
2024-06-25,81.7742,26144.92,21476.2
2024-06-26,81.769,26077.01,21521.88
2024-06-27,82.0557,26130.55,21400.88
2024-06-28,81.9385,26267.88,21545.32
2024-07-01,82.5054,26519.11,21868.42
2024-07-02,82.5255,26367.76,21832.82
2024-07-03,83.2879,26573.14,22029.01
2024-07-04,83.819,26753.08,22151.59
2024-07-05,83.9205,26931.35,22303.63
2024-07-08,83.9784,26851.67,22245.93
2024-07-09,84.364,26928.38,22298.84
2024-07-10,84.1974,26826.3,22147.62
2024-07-11,84.0095,26883.8,22282.09
2024-07-12,84.1068,26871.68,22267.11
2024-07-15,84.3118,27059.39,22348.41
2024-07-16,84.3059,27071.31,22392.36
2024-07-18,84.0002,26817.81,22146.46
2024-07-19,83.2619,26262.64,21627.58
2024-07-22,83.7829,26550.74,21822.33
2024-07-23,83.8404,26434.06,21690.59
2024-07-24,83.3111,26668.81,22095.1
2024-07-25,82.9565,26603.02,22034.07
2024-07-26,84.0106,27060.41,22243.81
2024-07-29,84.2303,27316.32,22482.62
2024-07-30,84.4549,27448.41,22668.48
2024-07-31,84.9013,27590.73,22624.73
2024-08-01,85.3407,27396.26,22472.05
2024-08-02,84.4466,27126.96,22287.45
2024-08-05,82.2479,26171.16,21355.37
2024-08-06,82.1857,26015.27,21272.65
2024-08-07,83.4186,26586.45,21784.24
2024-08-08,83.283,26494.74,21723.0
2024-08-09,83.8388,26699.0,21867.51
2024-08-12,83.7172,26773.07,21939.08
2024-08-13,83.1029,26567.41,21669.36
2024-08-14,82.9981,26407.94,21550.87
2024-08-16,84.3808,26892.8,21918.7
2024-08-19,84.6819,26959.75,22254.24
2024-08-20,85.1607,27186.36,22376.64
2024-08-21,85.3124,27298.27,22623.4
2024-08-22,85.2776,27478.4,22695.3
2024-08-23,85.4119,27339.45,22725.25
2024-08-26,85.7622,27481.93,22820.05
2024-08-27,85.7119,27622.49,22994.76
2024-08-28,85.5251,27583.26,22945.49
2024-08-29,85.6244,27460.3,22815.26
2024-08-30,85.8868,27694.85,22934.49
2024-09-02,86.3868,27615.83,22918.64
2024-09-03,86.4139,27680.18,23053.88
2024-09-04,86.2083,27656.86,23124.96
2024-09-05,86.2323,27759.88,23346.43
2024-09-06,85.1393,27380.02,23113.65
2024-09-09,85.0535,27312.11,22922.98
2024-09-10,85.6503,27605.34,23209.78
2024-09-11,85.7029,27536.34,23028.62
2024-09-12,86.6981,27850.97,23209.03
2024-09-13,86.6894,28032.57,23415.65
2024-09-16,87.0366,28126.53,23453.23
2024-09-17,87.0823,28091.52,23411.6
2024-09-18,87.2969,27895.16,23332.66
2024-09-19,87.5326,27752.47,23074.31
2024-09-20,88.7115,28120.23,23323.86
2024-09-23,88.969,28333.18,23524.82
2024-09-24,88.9023,28421.39,23474.51
2024-09-25,89.1877,28249.45,23392.12
2024-09-26,89.5987,28262.65,23287.12
2024-09-27,89.1507,28253.79,23242.76
2024-09-30,88.6165,28192.01,23256.45
2024-10-01,88.6465,28277.68,23409.41
2024-10-03,87.4673,27677.44,22964.06
2024-10-04,87.0233,27432.2,22765.03
2024-10-07,85.9761,26868.49,22124.55
2024-10-08,86.6821,27400.64,22589.83
2024-10-09,86.9591,27694.62,22869.11
2024-10-10,87.4292,27653.34,22898.67
2024-10-11,87.5377,27772.52,23006.92
2024-10-14,87.8732,27873.16,23072.73
2024-10-15,88.092,27961.43,23328.56
2024-10-16,87.7578,27906.39,23376.96
2024-10-17,87.2415,27443.15,23046.43
2024-10-18,87.6683,27490.06,23037.1
2024-10-21,87.3748,27078.49,22657.48
2024-10-22,86.6405,26382.91,21823.05
2024-10-23,86.4885,26516.6,22051.01
2024-10-24,86.4618,26450.31,21919.67
2024-10-25,86.1527,25984.56,21419.26
2024-10-28,86.3152,26151.21,21666.28
2024-10-29,86.8599,26368.32,21826.31
2024-10-30,86.5263,26432.02,22085.49
2024-10-31,85.9814,26381.69,22424.5
2024-11-04,85.7645,26246.88,22245.98
2024-11-05,86.3781,26366.59,22353.8
2024-11-06,87.0848,26920.14,22775.3
2024-11-07,86.8705,26789.57,22634.01
2024-11-08,86.7847,26442.2,22282.26
2024-11-11,87.2638,26227.35,22016.49
2024-11-12,86.5864,25989.54,21729.02
2024-11-13,85.5923,25294.53,21064.28
2024-11-14,85.7371,25417.32,21231.61
2024-11-18,85.2443,25371.84,21095.49
2024-11-19,85.5699,25614.67,21289.19
2024-11-21,85.2303,25517.07,21166.06
2024-11-22,86.2203,25810.08,21373.93
2024-11-25,86.9296,26205.9,21825.83
2024-11-26,86.9017,26218.11,21960.17
2024-11-27,86.9216,26348.67,22184.43
2024-11-28,86.4025,26351.73,22216.29
2024-11-29,86.7639,26436.15,22396.2
2024-12-02,87.2842,26688.15,22552.51
2024-12-03,87.8085,26922.62,22764.13
2024-12-04,87.856,27167.68,22936.66
2024-12-05,88.384,27284.64,23046.47
2024-12-06,88.6888,27395.59,23171.08
2024-12-09,88.7982,27500.64,23256.39
2024-12-10,88.9747,27577.27,23324.82
2024-12-11,89.405,27666.35,23390.65
2024-12-12,89.1992,27527.93,23172.77
2024-12-13,89.4327,27500.16,23088.61
2024-12-16,89.6441,27690.73,23190.08
2024-12-17,89.1389,27507.72,23061.18
2024-12-18,88.1624,27342.13,22905.13
2024-12-19,87.9504,27276.63,22827.49
2024-12-20,86.8824,26618.21,22367.9
2024-12-23,87.4345,26650.5,22272.43
2024-12-24,87.4392,26656.27,22341.14
2024-12-26,87.5536,26676.67,22334.78
2024-12-27,87.6015,26645.08,22395.19
2024-12-30,87.9604,26692.33,22297.75
2024-12-31,87.673,26732.77,22442.03
2025-01-01,87.9456,26865.92,22639.89
2025-01-02,89.0106,27152.47,22765.23
2025-01-03,88.499,27084.39,22721.16
2025-01-06,87.3465,26402.02,22067.12
2025-01-07,87.2939,26631.09,22379.17
2025-01-08,87.3422,26352.27,22069.9
2025-01-09,86.9907,26142.28,21812.55
2025-01-10,86.2777,25609.55,21280.42
2025-01-13,85.0944,24604.76,20429.01
2025-01-14,85.3784,25142.23,20761.31
2025-01-15,86.0188,25233.31,20870.2
2025-01-16,86.0419,25508.04,21122.85
2025-01-17,85.9236,25537.41,21113.52
2025-01-20,86.3561,25733.44,21291.62
2025-01-21,85.7245,25221.8,20840.68
2025-01-22,86.2997,24906.42,20507.82
2025-01-23,86.4111,25350.37,20674.68
2025-01-24,86.1202,24921.87,20230.87
2025-01-27,85.2707,24217.94,19491.3
2025-01-28,85.6737,24049.77,19136.03
2025-01-29,86.3242,24634.76,19740.69
2025-01-30,86.4548,24677.91,19706.05
2025-01-31,87.4349,25105.36,20043.67
2025-02-03,87.379,24761.7,19826.34
2025-02-04,87.9923,25104.43,20051.83
2025-02-05,87.7154,25290.85,20366.25
2025-02-06,87.7441,25036.5,20359.23
2025-02-07,87.236,25072.43,20282.19
2025-02-10,86.8683,24550.4,19850.43
2025-02-11,85.9313,23829.4,19171.65
2025-02-12,85.9582,23743.08,19037.15
2025-02-13,86.1979,23781.87,18970.46
2025-02-14,85.811,23216.87,18344.37
2025-02-17,85.972,23297.89,18302.76
2025-02-18,85.8927,23257.28,18050.79
2025-02-19,85.7517,23597.75,18456.53
2025-02-20,85.9271,23907.3,18682.5
2025-02-21,85.1573,23645.34,18578.94
2025-02-24,84.5628,23420.75,18355.02
2025-02-25,84.2928,23300.93,18273.12
2025-02-27,84.1972,23007.39,17967.56
2025-02-28,83.4913,22467.8,17517.56
2025-03-03,82.891,22503.24,17405.4
2025-03-04,82.6843,22539.64,17605.54
2025-03-05,83.7353,23087.47,18082.51
2025-03-06,83.8674,23215.17,18351.06
2025-03-07,83.8166,23151.87,18477.12
2025-03-10,83.337,22823.39,18125.65
2025-03-11,83.2603,22919.31,18007.8
2025-03-12,83.5579,22802.06,17959.29
2025-03-13,83.0488,22660.54,17835.56
2025-03-17,83.7786,22831.73,17893.88
2025-03-18,84.2963,23301.59,18369.54
2025-03-19,84.7678,23853.48,18735.68
2025-03-20,85.2293,23985.19,18882.37
2025-03-21,85.8483,24308.41,19287.23
2025-03-24,86.9302,24580.57,19477.16
2025-03-25,86.9378,24340.09,19214.05
2025-03-26,86.3858,24186.09,18942.67
2025-03-27,86.4471,24273.06,19122.0
2025-03-28,85.8371,24204.03,19112.41
2025-04-01,84.9643,23964.87,19018.8
2025-04-02,85.1159,24305.83,19208.24
2025-04-03,84.5849,24353.47,19342.03
2025-04-04,83.6171,23640.66,18703.06
2025-04-07,82.0594,22792.31,17956.13
2025-04-08,82.6208,23275.81,18346.1
2025-04-09,83.5909,23131.11,18152.89
2025-04-11,84.3987,23563.78,18710.42
2025-04-15,85.4091,24278.15,19282.56
2025-04-16,85.2456,24458.22,19464.74
2025-04-17,85.9851,24601.03,19552.91
2025-04-21,86.6029,25145.65,19932.22
2025-04-22,87.1201,25359.12,20091.92
2025-04-23,87.7517,25609.05,20149.01
2025-04-24,87.8632,25565.2,20138.96
2025-04-25,87.2934,24934.94,19644.06
2025-04-28,87.8113,25279.15,19749.07
2025-04-29,87.5196,25333.47,19790.29
2025-04-30,87.4119,25161.44,19436.17
2025-05-02,87.9847,24990.45,19429.72
2025-05-05,88.0615,25384.45,19649.84
2025-05-06,87.785,24874.23,19210.92
2025-05-07,88.0446,25251.0,19440.81
2025-05-08,87.831,24805.52,19210.37
2025-05-09,86.8646,24812.11,19084.76
2025-05-12,89.5367,25743.05,19848.82
2025-05-13,88.874,25803.61,20014.88
2025-05-14,89.2176,26133.45,20296.89
2025-05-15,89.996,26314.81,20451.2
2025-05-16,90.2896,26541.5,20765.02
2025-05-19,90.6981,26582.83,20905.61
2025-05-20,89.6835,26168.05,20718.1
2025-05-21,89.8657,26376.08,20804.76
2025-05-22,89.4835,26284.73,20803.94
2025-05-23,90.0638,26438.87,20926.24
2025-05-26,90.3489,26586.67,21035.24
2025-05-27,90.1335,26643.36,21059.67
2025-05-28,89.8449,26658.68,21146.36
2025-05-29,89.9176,26809.12,21239.0
2025-05-30,89.7841,26763.04,21308.95
2025-06-02,89.9823,26909.02,21461.78
2025-06-03,89.4701,26812.68,21485.06
2025-06-04,89.8926,27027.85,21598.48
2025-06-05,90.2215,27207.58,21741.65
2025-06-06,91.4036,27478.33,21884.14
2025-06-09,91.8572,27756.74,22174.62
2025-06-10,91.9973,27766.54,22211.51
2025-06-11,91.8034,27680.02,22192.04
2025-06-12,91.0594,27253.84,21874.89
2025-06-13,90.6725,27157.18,21792.49
2025-06-16,91.2972,27363.28,21901.28
2025-06-17,91.0434,27196.94,21750.61
2025-06-18,90.9944,27067.09,21707.92
2025-06-19,90.8546,26644.08,21289.6
2025-06-20,91.4295,26979.21,21421.19
2025-06-23,91.2091,27088.78,21589.11
2025-06-24,91.4839,27282.47,21756.79
2025-06-25,91.9789,27431.59,22105.71
2025-06-26,92.6711,27574.15,22162.56
2025-06-27,93.166,27684.69,22342.93
2025-06-30,92.903,27872.86,22539.86
2025-07-01,92.6786,27825.39,22494.94
2025-07-02,92.5393,27811.58,22407.63
2025-07-03,92.4553,27858.57,22489.9
2025-07-04,92.612,27860.59,22497.36
2025-07-07,92.6536,27788.52,22451.92
2025-07-08,92.484,27750.96,22399.3
2025-07-09,92.744,27742.5,22523.01
2025-07-10,92.4306,27666.04,22508.01
2025-07-11,92.1021,27440.39,22352.01
2025-07-14,92.3162,27616.04,22558.94
2025-07-15,92.4187,27870.97,22741.86
2025-07-16,92.4085,27898.1,22781.78
2025-07-17,92.3343,27911.53,22843.59
2025-07-18,91.9428,27730.28,22692.65
2025-07-21,92.5354,27905.57,22668.52
2025-07-22,92.4745,27762.27,22591.28
2025-07-23,92.8129,27845.15,22622.28
2025-07-24,92.5071,27727.09,22474.98
2025-07-25,92.0559,27283.81,22028.83
2025-07-28,91.5833,27047.77,21754.29
2025-07-29,91.8916,27285.08,21952.49
2025-07-30,91.9115,27334.9,21930.88
2025-07-31,92.1602,27109.61,21734.93
2025-08-01,91.3302,26767.16,21383.66
2025-08-04,91.6751,27073.18,21594.29
2025-08-05,91.5126,27022.72,21526.53
2025-08-06,91.368,26778.79,21268.92
2025-08-07,91.5052,26849.93,21254.06
2025-08-08,91.1563,26465.55,20989.35
2025-08-11,91.6273,26637.61,21086.56
2025-08-12,91.7307,26575.9,21092.11
2025-08-13,92.015,26745.15,21228.36
2025-08-14,92.2337,26687.97,21142.3
2025-08-18,92.9416,27005.46,21424.25
2025-08-19,92.4207,27259.12,21586.78
2025-08-20,92.3051,27385.16,21660.44
2025-08-21,92.3056,27271.76,21677.19
2025-08-22,92.1604,27230.05,21644.61
2025-08-25,92.2707,27222.61,21657.97
2025-08-26,91.5915,26825.05,21256.13
2025-08-28,91.1734,26501.73,21023.49
2025-08-29,91.0737,26356.47,20956.89
2025-09-01,91.5207,26815.68,21252.36
2025-09-02,91.3431,26863.75,21379.44
2025-09-03,92.1782,27045.22,21559.37
2025-09-04,92.4828,26877.3,21416.04
2025-09-05,92.513,26895.97,21466.31
2025-09-08,92.529,27001.61,21506.53
2025-09-09,93.063,27054.71,21563.16
2025-09-10,93.0835,27311.91,21707.88
2025-09-11,93.3468,27323.85,21706.21
2025-09-12,93.617,27399.52,21777.45
2025-09-15,93.7345,27515.59,21916.48
2025-09-16,94.3948,27685.76,22079.03
2025-09-17,94.5223,27736.45,22191.9
2025-09-18,94.7084,27822.67,22206.38
2025-09-19,94.376,27827.27,22237.55
2025-09-22,94.0936,27670.9,22034.45
2025-09-23,94.0097,27589.72,21920.59
2025-09-24,93.797,27347.98,21800.98
2025-09-25,93.1763,27167.76,21656.8
2025-09-26,92.6094,26642.03,21192.48
2025-09-29,92.3638,26708.44,21170.94
2025-09-30,92.0956,26732.2,21204.77
2025-10-01,92.4742,26963.11,21429.13
2025-10-03,92.6404,27191.96,21614.49
2025-10-06,93.0072,27383.49,21633.35
2025-10-07,93.1978,27491.32,21657.08
2025-10-08,93.0302,27290.48,21539.86
2025-10-09,93.1663,27516.68,21604.94
2025-10-10,93.2169,27629.15,21738.49
2025-10-13,93.3867,27632.73,21675.4
2025-10-14,93.2029,27441.08,21485.24
2025-10-15,93.4655,27695.9,21661.3
2025-10-16,94.126,27828.56,21744.16
2025-10-17,94.5532,27678.5,21692.76
2025-10-20,94.8065,27859.21,21808.19
2025-10-23,95.3362,27878.48,21907.48
2025-10-24,95.2526,27816.41,21875.87
2025-10-27,95.7732,28038.88,22018.46
2025-10-28,95.5012,28036.82,22039.07
2025-10-29,95.6324,28198.83,22137.15
2025-10-30,94.8012,28153.03,22121.86
2025-10-31,94.4065,28016.13,21998.15
2025-11-03,94.4577,28237.53,22151.94
2025-11-04,93.8341,28135.61,22007.04
2025-11-06,93.779,27869.84,21678.33
2025-11-07,93.5428,28002.59,21627.94
2025-11-10,94.0765,28131.39,21626.99
2025-11-11,94.1798,28255.85,21597.51
2025-11-12,94.1707,28472.05,21757.89
2025-11-13,94.0058,28380.94,21671.57
2025-11-14,94.2899,28394.78,21714.05
2025-11-17,94.5101,28587.0,21862.49
2025-11-18,94.0629,28411.77,21639.88
2025-11-19,94.3086,28504.32,21549.14
2025-11-20,94.418,28494.94,21528.95
2025-11-21,94.4109,28172.43,21261.29
2025-11-24,94.4233,28081.17,21124.13
2025-11-25,94.3884,28153.7,21146.48
2025-11-26,94.9954,28513.18,21396.16
2025-11-27,94.8564,28514.44,21320.16
2025-11-28,95.0019,28483.02,21272.59
2025-12-01,94.9398,28453.67,21320.85
2025-12-02,94.7524,28397.14,21226.62
2025-12-03,94.8473,28145.67,21132.81
2025-12-04,94.946,28133.74,21082.57
2025-12-05,95.3718,28244.59,20970.69
2025-12-08,94.8059,27763.97,20494.05
2025-12-09,94.5666,27866.99,20702.08
2025-12-10,94.5178,27608.64,20555.05
2025-12-11,94.735,27844.38,20673.75
2025-12-12,94.7577,28173.64,20846.02
2025-12-15,94.6742,28154.16,20920.53
2025-12-16,94.4339,27937.14,20758.78
2025-12-17,94.1026,27784.6,20609.32
2025-12-18,94.1703,27843.75,20585.79
2025-12-19,94.4162,28166.03,20860.45
2025-12-22,94.9471,28398.52,21061.3
2025-12-23,95.3305,28429.77,21149.42
2025-12-24,95.3441,28294.73,21161.84
2025-12-26,95.0482,28222.74,21122.77
2025-12-29,94.7304,28108.56,21010.36
2025-12-30,94.6116,28058.88,20967.51
2025-12-31,95.1709,28332.35,21212.7
2026-01-01,94.9335,28449.64,21191.27
2026-01-02,95.2985,28716.65,21353.78
2026-01-05,95.3229,28686.63,21414.31
2026-01-06,95.3244,28629.58,21348.39
2026-01-07,95.1942,28751.51,21379.54
2026-01-08,94.7123,28209.8,20963.88
2026-01-09,94.1439,27962.24,20608.4
2026-01-12,94.329,27915.12,20471.0
2026-01-13,94.1783,27876.76,20603.04
2026-01-14,93.8527,27936.2,20702.67
2026-01-16,93.8469,27948.48,20605.64
2026-01-19,93.8504,27825.57,20372.66
2026-01-20,92.76,27136.28,19827.41
2026-01-21,92.664,26861.32,19680.99
2026-01-22,93.3387,27188.94,19859.02
2026-01-23,92.9409,26721.69,19472.58
2026-01-27,93.1653,26864.64,19511.91
2026-01-28,93.7598,27299.71,19885.77
2026-01-29,93.9598,27328.77,19875.29
2026-01-30,93.5212,27340.18,20045.46
2026-02-02,93.1373,27033.18,19719.72
2026-02-03,94.1941,27822.75,20298.91
2026-02-04,94.0867,27991.96,20456.03
2026-02-05,93.5631,27903.6,20246.49
2026-02-06,93.7911,27901.9,20177.52
2026-02-09,94.1506,28342.24,20692.02
2026-02-10,94.1421,28458.19,20796.39
2026-02-11,93.8017,28477.65,20823.64
2026-02-12,93.0507,28335.09,20671.56
2026-02-13,92.0658,27866.6,20340.44
2026-02-16,92.9584,27987.37,20331.37
2026-02-17,93.1314,28066.98,20483.05
2026-02-18,93.4081,28225.12,20586.86
2026-02-19,92.5092,27783.68,20341.55
2026-02-20,92.9299,27920.42,20306.87
2026-02-23,93.2424,27874.76,20394.88
2026-02-24,92.6094,27795.88,20274.13
2026-02-25,93.0828,27972.73,20404.86
2026-02-26,92.7718,28135.97,20419.85
2026-02-27,91.9544,27830.49,20208.09
2026-03-02,91.422,27357.74,19825.52
2026-03-04,91.0398,26757.34,19405.87
2026-03-05,91.5897,27166.37,19679.65
2026-03-06,90.7461,26982.66,19624.68
2026-03-09,89.7713,26431.91,19168.18
2026-03-10,90.4288,26852.63,19578.45
2026-03-11,89.727,26546.96,19502.98
2026-03-12,89.2729,26485.24,19426.62
2026-03-13,88.1632,25774.53,18906.31
2026-03-16,88.7044,25679.57,18839.08
2026-03-17,89.0865,25945.16,18947.03
2026-03-18,89.3756,26429.07,19283.01
2026-03-19,87.7072,25616.5,18773.62
2026-03-20,87.7908,25766.8,18822.88
2026-03-23,86.5918,24771.69,18111.42
2026-03-24,87.0006,25390.47,18545.86
2026-03-25,87.841,25984.42,19007.7
2026-03-27,86.4452,25418.01,18650.26
2026-03-30,85.2599,24753.21,18183.31
2026-04-01,86.3439,25311.44,18769.58
2026-04-02,86.5155,25231.26,18739.42
2026-04-06,87.4905,25594.45,18939.74
2026-04-07,88.0544,25620.29,18964.06
2026-04-08,90.1325,26637.64,19705.42
2026-04-09,90.0737,26709.04,19731.19
2026-04-10,90.4425,27135.53,20048.48
2026-04-13,90.1521,26979.25,19965.6
2026-04-15,91.5729,27573.97,20428.19
2026-04-16,91.4449,27747.32,20616.37
2026-04-17,91.9852,28084.54,20921.76
2026-04-20,91.6716,28058.97,20845.73
2026-04-21,92.1913,28207.35,21015.9
2026-04-22,91.483,28270.31,21232.57
2026-04-23,91.0785,28154.63,21116.75
2026-04-24,90.56,27870.47,20890.47
2026-04-27,91.0418,28282.5,21270.86
2026-04-28,90.7264,28310.91,21281.45
2026-04-29,91.4026,28300.16,21386.53
2026-04-30,91.2902,28029.72,21293.37
2026-05-04,91.2571,28227.73,21503.56
2026-05-05,91.157,28260.16,21544.58
2026-05-06,91.9367,28739.56,21933.61
2026-05-07,91.8067,29056.13,22156.53
2026-05-08,91.5245,29016.36,22193.53
2026-05-11,90.8306,28703.15,21959.6
2026-05-12,89.6375,27978.17,21300.72
2026-05-13,89.7575,28155.13,21362.08
2026-05-14,90.3636,28487.39,21368.43
2026-05-15,90.6464,28360.97,21288.41
2026-05-18,90.6579,28291.64,20971.13
2026-05-19,90.5973,28509.83,21214.2
2026-05-20,90.7862,28615.11,21232.58
2026-05-21,90.614,28643.62,21383.13
2026-05-22,90.3927,28679.12,21357.09
2026-05-25,91.1502,28921.46,21613.08
2026-05-26,90.9189,29050.33,21655.48
2026-05-27,90.9863,29164.97,21775.07
2026-05-29,90.0589,28766.84,21635.09
2026-06-01,89.6775,28378.9,21463.2
2026-06-02,89.7887,28430.71,21577.18
2026-06-03,89.3389,28326.99,21587.15
2026-06-04,89.6595,28448.68,21712.27
2026-06-05,89.1488,28369.92,21714.66
2026-06-08,88.6324,27955.1,21325.53
2026-06-09,88.8675,28324.57,21616.58
2026-06-10,88.5447,27949.3,21370.76
2026-06-11,88.484,27710.66,21192.19
2026-06-12,89.2945,28382.92,21750.66
2026-06-15,90.043,28800.12,22022.69
2026-06-16,90.5605,28910.18,22120.38
2026-06-17,90.2928,29056.67,22281.48
2026-06-18,90.522,29193.51,22432.42
2026-06-19,90.1404,29299.5,22561.31
2026-06-22,90.0922,29427.17,22734.45
2026-06-23,89.5746,29147.49,22604.44
2026-06-24,89.933,29171.7,22651.53
2026-06-25,89.7127,29020.31,22551.49
2026-06-29,90.043,28929.27,22444.43
2026-06-30,89.839,29049.9,22573.38
2026-07-01,90.3012,29112.75,22676.88
2026-07-02,90.8648,29254.84,22908.51
2026-07-03,91.2957,29193.83,22926.55
2026-07-06,91.4093,29308.55,23031.48
2026-07-07,91.519,29230.66,22871.59
2026-07-08,90.0327,28752.93,22419.09
2026-07-09,90.3358,29158.54,22773.0
2026-07-10,90.9438,29559.27,23086.09
2026-07-13,91.3166,29560.43,23153.56
2026-07-14,90.866,29415.26,22904.84
2026-07-15,91.1262,29542.57,23063.2
2026-07-16,91.0281,29423.61,23077.68
2026-07-17,91.4603,29318.2,22949.9
2026-07-20,91.2168,29469.16,22976.51
2026-07-21,90.9743,29577.0,23075.64
2026-07-22,90.3863,29264.33,22773.52
2026-07-23,89.8009,28983.25,22502.92
2026-07-24,89.7804,28966.52,22446.21
2026-07-27,90.3512,29284.53,22732.2
2026-07-28,90.3755,29283.92,22626.27
2026-07-29,91.0119,29529.43,22927.99
2026-07-30,91.3427,29412.92,22760.31
2026-07-31,92.0527,29551.89,22862.22
2026-08-03,93.6064,29911.1,23177.0
2026-08-04,93.3575,29820.83,23213.21
2026-08-05,92.8329,29893.7,23377.49
2026-08-06,92.3083,29775.25,23424.28
2026-08-07,92.3269,29845.46,23425.64
2026-08-10,92.4138,29983.42,23411.81
2026-08-11,92.1535,29970.23,23460.82
2026-08-12,91.7457,30050.2,23402.64
2026-08-13,91.7971,30073.27,23442.45
2026-08-14,91.6834,29923.11,23333.72
2026-08-17,91.054,29968.3,23378.56
2026-08-18,90.4982,29853.57,23424.41
2026-08-19,90.4028,29778.65,23277.92
2026-08-20,90.7427,29884.95,23414.18
2026-08-21,90.8656,29913.44,23511.13
2026-08-24,90.9964,29934.7,23462.09
