variant,filter,train_trades,train_win_rate,train_pf,train_exp,train_dd,train_dur,test_trades,test_win_rate,test_pf,test_exp,test_dd,test_dur
ema_structure_break|or15|end=14:15|rr=1.5|atr=1.0|vol=0.8|vwap=0|ema=0|macro=none|band=1.2,or_size=small_or & gap_direction=gap_up,20,85.0,8.186274509804072,1.0779411764705966,-1.0000000000000178,41.2,1,0.0,0.0,-0.99999999999998,0.0,9.0
ema_structure_break|or15|end=14:15|rr=1.5|atr=1.0|vol=0.8|vwap=1|ema=0|macro=none|band=1.2,or_size=small_or & gap_direction=gap_up,20,85.0,8.186274509804072,1.0779411764705966,-1.0000000000000178,41.2,1,0.0,0.0,-0.99999999999998,0.0,9.0
ema_structure_break|or15|end=11:30|rr=1.5|atr=1.0|vol=0.8|vwap=0|ema=0|macro=none|band=1.2,or_size=small_or & gap_direction=gap_up,16,81.25,6.186274509804032,0.972426470588243,-1.0000000000000178,44.125,1,0.0,0.0,-0.99999999999998,0.0,9.0
ema_structure_break|or15|end=11:30|rr=1.5|atr=1.0|vol=0.8|vwap=1|ema=0|macro=none|band=1.2,or_size=small_or & gap_direction=gap_up,16,81.25,6.186274509804032,0.972426470588243,-1.0000000000000178,44.125,1,0.0,0.0,-0.99999999999998,0.0,9.0
breakout_retest|or15|end=10:30|rr=2.0|atr=1.0|vol=0.8|vwap=0|ema=0|macro=none|band=1.2,signal_bucket=10:00-10:30 & macro_alignment=aligned_1d_1w,18,72.22222222222221,5.200000000000088,1.166666666666675,-1.9999999999999876,37.27777777777778,1,100.0,999.0,2.0,0.0,95.0
breakout_retest|or15|end=11:30|rr=2.0|atr=1.0|vol=0.8|vwap=0|ema=0|macro=none|band=1.2,signal_bucket=10:00-10:30 & macro_alignment=aligned_1d_1w,18,72.22222222222221,5.200000000000088,1.166666666666675,-1.9999999999999876,37.27777777777778,1,100.0,999.0,2.0,0.0,95.0
ema_structure_break|or15|end=11:30|rr=2.0|atr=1.0|vol=0.8|vwap=1|ema=0|macro=none|band=1.2,macro_alignment=aligned_1d_1w & or_size=small_or,17,70.58823529411765,4.511764705882446,1.0328719723183486,-2.0000000000000036,48.1764705882353,0,0.0,0.0,0.0,0.0,0.0
ema_structure_break|or15|end=11:30|rr=2.0|atr=1.0|vol=0.8|vwap=1|ema=0|macro=not_both_against|band=1.2,macro_alignment=aligned_1d_1w & or_size=small_or,17,70.58823529411765,4.511764705882446,1.0328719723183486,-2.0000000000000036,48.1764705882353,0,0.0,0.0,0.0,0.0,0.0
ema_structure_break|or15|end=11:30|rr=2.0|atr=1.0|vol=0.8|vwap=0|ema=0|macro=none|band=1.2,macro_alignment=aligned_1d_1w & or_size=small_or,17,70.58823529411765,4.511764705882439,1.0328719723183482,-2.0000000000000036,49.76470588235294,0,0.0,0.0,0.0,0.0,0.0
ema_structure_break|or15|end=11:30|rr=2.0|atr=1.0|vol=0.8|vwap=0|ema=0|macro=not_both_against|band=1.2,macro_alignment=aligned_1d_1w & or_size=small_or,17,70.58823529411765,4.511764705882439,1.0328719723183482,-2.0000000000000036,49.76470588235294,0,0.0,0.0,0.0,0.0,0.0
breakout_close|or30|end=10:30|rr=1.5|atr=1.0|vol=1.2|vwap=0|ema=0|macro=none|band=1.2,direction=LONG & or_size=small_or,20,75.0,4.500000000000082,0.8750000000000112,-1.0000000000000213,40.0,0,0.0,0.0,0.0,0.0,0.0
breakout_close|or15|end=10:30|rr=2.0|atr=1.0|vol=0.8|vwap=0|ema=0|macro=none|band=1.2,signal_bucket=10:00-10:30 & macro_alignment=aligned_1d_1w,19,68.42105263157895,4.149659863945646,0.9946294307196624,-1.9999999999999876,51.1578947368421,2,50.0,1.999999999999993,0.4999999999999982,-1.0000000000000036,88.0
breakout_close|or15|end=11:30|rr=2.0|atr=1.0|vol=0.8|vwap=0|ema=0|macro=none|band=1.2,signal_bucket=10:00-10:30 & macro_alignment=aligned_1d_1w,19,68.42105263157895,4.149659863945646,0.9946294307196624,-1.9999999999999876,51.1578947368421,2,50.0,1.999999999999993,0.4999999999999982,-1.0000000000000036,88.0
breakout_retest|or15|end=10:30|rr=1.5|atr=1.0|vol=1.2|vwap=0|ema=0|macro=none|band=1.2,macro_alignment=mixed_or_neutral & or_size=small_or,15,73.33333333333333,4.125000000000113,0.8333333333333506,-1.000000000000007,47.266666666666666,1,0.0,0.0,-0.999999999999976,0.0,14.0
ema_structure_break|or15|end=11:30|rr=2.0|atr=1.0|vol=0.8|vwap=0|ema=0|macro=none|band=1.2,or_size=small_or & gap_direction=gap_up,16,68.75,4.1117647058824485,0.9724264705882526,-3.0,72.3125,1,0.0,0.0,-0.99999999999998,0.0,9.0
ema_structure_break|or15|end=11:30|rr=2.0|atr=1.0|vol=0.8|vwap=1|ema=0|macro=none|band=1.2,or_size=small_or & gap_direction=gap_up,16,68.75,4.1117647058824485,0.9724264705882526,-3.0,72.3125,1,0.0,0.0,-0.99999999999998,0.0,9.0
ema_structure_break|or15|end=14:15|rr=1.5|atr=1.0|vol=1.2|vwap=0|ema=0|macro=none|band=1.2,or_size=small_or & gap_direction=gap_up,19,73.68421052631578,4.0117647058824515,0.7925696594427358,-2.999999999999961,38.21052631578947,1,0.0,0.0,-0.99999999999998,0.0,9.0
ema_structure_break|or15|end=14:15|rr=1.5|atr=1.0|vol=1.2|vwap=1|ema=0|macro=none|band=1.2,or_size=small_or & gap_direction=gap_up,19,73.68421052631578,4.0117647058824515,0.7925696594427358,-2.999999999999961,38.21052631578947,1,0.0,0.0,-0.99999999999998,0.0,9.0
fakeout_reversion|or15|end=11:30|rr=1.5|atr=1.0|vol=0.8|vwap=0|ema=0|macro=none|band=1.2,direction=SHORT & or_size=small_or,20,70.0,4.000000000000058,0.7875000000000101,-1.000000000000039,44.3,0,0.0,0.0,0.0,0.0,0.0
breakout_close|or30|end=10:30|rr=2.0|atr=1.0|vol=0.8|vwap=0|ema=0|macro=none|band=1.2,macro_alignment=aligned_1d_1w & or_size=small_or,18,66.66666666666666,4.000000000000048,1.0000000000000053,-1.9999999999999893,42.333333333333336,0,0.0,0.0,0.0,0.0,0.0
breakout_retest|or30|end=10:30|rr=2.0|atr=1.0|vol=0.8|vwap=0|ema=0|macro=none|band=1.2,macro_alignment=aligned_1d_1w & or_size=small_or,18,66.66666666666666,4.000000000000048,1.0000000000000053,-1.9999999999999893,42.333333333333336,0,0.0,0.0,0.0,0.0,0.0
breakout_retest|or15|end=11:30|rr=1.5|atr=1.0|vol=1.2|vwap=0|ema=0|macro=none|band=1.2,macro_alignment=mixed_or_neutral & or_size=small_or,18,72.22222222222221,3.9000000000000807,0.8055555555555705,-2.0000000000000195,42.333333333333336,1,0.0,0.0,-0.999999999999976,0.0,14.0
breakout_retest|or15|end=10:30|rr=1.5|atr=1.0|vol=0.8|vwap=0|ema=0|macro=none|band=1.2,signal_bucket=10:00-10:30 & macro_alignment=aligned_1d_1w,18,72.22222222222221,3.9000000000000528,0.8055555555555591,-1.9999999999999876,28.72222222222222,1,100.0,999.0,1.4999999999999865,0.0,93.0
breakout_retest|or15|end=11:30|rr=1.5|atr=1.0|vol=0.8|vwap=0|ema=0|macro=none|band=1.2,signal_bucket=10:00-10:30 & macro_alignment=aligned_1d_1w,18,72.22222222222221,3.9000000000000528,0.8055555555555591,-1.9999999999999876,28.72222222222222,1,100.0,999.0,1.4999999999999865,0.0,93.0
breakout_close|or30|end=11:30|rr=1.5|atr=1.0|vol=1.2|vwap=0|ema=0|macro=none|band=1.2,direction=LONG & or_size=small_or,25,72.0,3.7226890756303406,0.7623529411764842,-1.0000000000000213,45.32,1,0.0,0.0,-0.99999999999998,0.0,9.0
ema_structure_break|or15|end=14:15|rr=1.5|atr=1.0|vol=0.8|vwap=1|ema=0|macro=none|band=1.2,macro_alignment=aligned_1d_1w & or_size=small_or,22,72.72727272727273,3.694586530264385,0.7348872355266356,-1.3913043478261002,49.5,0,0.0,0.0,0.0,0.0,0.0
ema_structure_break|or15|end=14:15|rr=1.5|atr=1.0|vol=0.8|vwap=0|ema=0|macro=none|band=1.2,macro_alignment=aligned_1d_1w & or_size=small_or,22,72.72727272727273,3.69458653026438,0.7348872355266352,-1.3913043478261002,50.72727272727273,0,0.0,0.0,0.0,0.0,0.0
ema_structure_break|or15|end=14:15|rr=1.5|atr=1.0|vol=0.8|vwap=1|ema=0|macro=not_both_against|band=1.2,macro_alignment=aligned_1d_1w & or_size=small_or,25,72.0,3.595359883083767,0.726700767263441,-2.391304347826093,45.8,0,0.0,0.0,0.0,0.0,0.0
ema_structure_break|or15|end=14:15|rr=1.5|atr=1.0|vol=0.8|vwap=0|ema=0|macro=not_both_against|band=1.2,macro_alignment=aligned_1d_1w & or_size=small_or,25,72.0,3.595359883083763,0.7267007672634408,-2.391304347826093,46.88,0,0.0,0.0,0.0,0.0,0.0
breakout_retest|or30|end=11:30|rr=1.5|atr=1.0|vol=1.2|vwap=0|ema=0|macro=none|band=1.2,direction=LONG & or_size=small_or,21,71.42857142857143,3.593137254902034,0.7408963585434296,-2.0000000000000266,44.38095238095238,0,0.0,0.0,0.0,0.0,0.0
breakout_retest|or30|end=10:30|rr=2.0|atr=1.0|vol=0.8|vwap=0|ema=0|macro=none|band=1.2,signal_bucket=10:00-10:30 & macro_alignment=aligned_1d_1w,20,65.0,3.556851311953392,0.894897959183678,-2.999999999999953,58.55,2,50.0,2.0000000000000644,0.5000000000000161,-0.9999999999999678,72.5
breakout_retest|or30|end=11:30|rr=2.0|atr=1.0|vol=0.8|vwap=0|ema=0|macro=none|band=1.2,signal_bucket=10:00-10:30 & macro_alignment=aligned_1d_1w,20,65.0,3.556851311953392,0.894897959183678,-2.999999999999953,58.55,2,50.0,2.0000000000000644,0.5000000000000161,-0.9999999999999678,72.5
ema_structure_break|or15|end=14:15|rr=2.0|atr=1.0|vol=0.8|vwap=0|ema=0|macro=none|band=1.2,or_size=small_or & gap_direction=gap_up,20,65.0,3.508403361344631,0.8779411764706063,-3.0,70.4,1,0.0,0.0,-0.99999999999998,0.0,9.0
ema_structure_break|or15|end=14:15|rr=2.0|atr=1.0|vol=0.8|vwap=1|ema=0|macro=none|band=1.2,or_size=small_or & gap_direction=gap_up,20,65.0,3.508403361344631,0.8779411764706063,-3.0,70.4,1,0.0,0.0,-0.99999999999998,0.0,9.0
breakout_close|or30|end=11:30|rr=2.0|atr=1.0|vol=0.8|vwap=0|ema=0|macro=none|band=1.2,macro_alignment=aligned_1d_1w & or_size=small_or,20,65.0,3.5084033613445933,0.8779411764705964,-1.9999999999999893,53.2,0,0.0,0.0,0.0,0.0,0.0
breakout_retest|or30|end=11:30|rr=2.0|atr=1.0|vol=0.8|vwap=0|ema=0|macro=none|band=1.2,macro_alignment=aligned_1d_1w & or_size=small_or,20,65.0,3.5084033613445933,0.8779411764705964,-1.9999999999999893,53.2,0,0.0,0.0,0.0,0.0,0.0
ema_structure_break|or15|end=11:30|rr=1.5|atr=1.0|vol=0.8|vwap=1|ema=0|macro=none|band=1.2,macro_alignment=aligned_1d_1w & or_size=small_or,17,70.58823529411765,3.4117647058824416,0.7093425605536469,-2.0000000000000053,41.0,0,0.0,0.0,0.0,0.0,0.0
ema_structure_break|or15|end=11:30|rr=1.5|atr=1.0|vol=0.8|vwap=1|ema=0|macro=not_both_against|band=1.2,macro_alignment=aligned_1d_1w & or_size=small_or,17,70.58823529411765,3.4117647058824416,0.7093425605536469,-2.0000000000000053,41.0,0,0.0,0.0,0.0,0.0,0.0
breakout_close|or30|end=11:30|rr=1.5|atr=1.0|vol=1.2|vwap=0|ema=0|macro=none|band=1.2,macro_alignment=aligned_1d_1w & or_size=small_or,17,70.58823529411765,3.4117647058824367,0.7093425605536443,-1.0,60.0,0,0.0,0.0,0.0,0.0,0.0
ema_structure_break|or15|end=11:30|rr=1.5|atr=1.0|vol=0.8|vwap=0|ema=0|macro=none|band=1.2,macro_alignment=aligned_1d_1w & or_size=small_or,17,70.58823529411765,3.411764705882436,0.7093425605536465,-2.0000000000000053,42.588235294117645,0,0.0,0.0,0.0,0.0,0.0
ema_structure_break|or15|end=11:30|rr=1.5|atr=1.0|vol=0.8|vwap=0|ema=0|macro=not_both_against|band=1.2,macro_alignment=aligned_1d_1w & or_size=small_or,17,70.58823529411765,3.411764705882436,0.7093425605536465,-2.0000000000000053,42.588235294117645,0,0.0,0.0,0.0,0.0,0.0
breakout_close|or15|end=10:30|rr=1.5|atr=1.0|vol=1.2|vwap=0|ema=0|macro=none|band=1.2,macro_alignment=mixed_or_neutral & or_size=small_or,16,68.75,3.3000000000000647,0.7187500000000147,-2.0000000000000284,48.6875,1,0.0,0.0,-0.999999999999976,0.0,14.0
ema_structure_break|or15|end=14:15|rr=2.0|atr=1.0|vol=0.8|vwap=1|ema=0|macro=not_both_against|band=1.2,macro_alignment=aligned_1d_1w & or_size=small_or,25,64.0,3.240835464620708,0.8067007672634385,-2.9999999999999325,54.64,0,0.0,0.0,0.0,0.0,0.0
ema_structure_break|or15|end=14:15|rr=2.0|atr=1.0|vol=0.8|vwap=0|ema=0|macro=not_both_against|band=1.2,macro_alignment=aligned_1d_1w & or_size=small_or,25,64.0,3.2408354646207047,0.8067007672634382,-2.9999999999999325,55.72,0,0.0,0.0,0.0,0.0,0.0
breakout_close|or15|end=10:30|rr=1.5|atr=1.0|vol=0.8|vwap=0|ema=0|macro=none|band=1.2,signal_bucket=10:00-10:30 & macro_alignment=aligned_1d_1w,19,68.42105263157895,3.1496598639456144,0.6788399570354464,-1.9999999999999876,43.31578947368421,2,50.0,1.4999999999999811,0.24999999999999145,-1.0000000000000036,87.0
breakout_close|or15|end=11:30|rr=1.5|atr=1.0|vol=0.8|vwap=0|ema=0|macro=none|band=1.2,signal_bucket=10:00-10:30 & macro_alignment=aligned_1d_1w,19,68.42105263157895,3.1496598639456144,0.6788399570354464,-1.9999999999999876,43.31578947368421,2,50.0,1.4999999999999811,0.24999999999999145,-1.0000000000000036,87.0
ema_structure_break|or15|end=14:15|rr=2.0|atr=1.0|vol=0.8|vwap=1|ema=0|macro=none|band=1.2,macro_alignment=aligned_1d_1w & or_size=small_or,22,63.63636363636363,3.145939897698286,0.7803417809811783,-2.9999999999999325,59.40909090909091,0,0.0,0.0,0.0,0.0,0.0
ema_structure_break|or15|end=14:15|rr=2.0|atr=1.0|vol=0.8|vwap=0|ema=0|macro=none|band=1.2,macro_alignment=aligned_1d_1w & or_size=small_or,22,63.63636363636363,3.145939897698283,0.780341780981178,-2.9999999999999325,60.63636363636363,0,0.0,0.0,0.0,0.0,0.0
breakout_retest|or15|end=11:30|rr=2.0|atr=1.0|vol=1.2|vwap=0|ema=0|macro=none|band=1.2,macro_alignment=mixed_or_neutral & or_size=small_or,18,61.111111111111114,3.1428571428571934,0.8333333333333459,-2.0000000000000195,62.77777777777778,1,0.0,0.0,-0.999999999999976,0.0,14.0
breakout_close|or30|end=10:30|rr=2.0|atr=1.0|vol=0.8|vwap=0|ema=0|macro=none|band=1.2,signal_bucket=10:00-10:30 & macro_alignment=aligned_1d_1w,21,61.904761904761905,3.112244897959224,0.8046647230320756,-2.999999999999953,56.333333333333336,3,33.33333333333333,1.0000000000000144,9.547918011776346e-15,-1.9999999999999714,75.33333333333333
breakout_close|or30|end=11:30|rr=2.0|atr=1.0|vol=0.8|vwap=0|ema=0|macro=none|band=1.2,signal_bucket=10:00-10:30 & macro_alignment=aligned_1d_1w,21,61.904761904761905,3.112244897959224,0.8046647230320756,-2.999999999999953,56.333333333333336,3,33.33333333333333,1.0000000000000144,9.547918011776346e-15,-1.9999999999999714,75.33333333333333
breakout_retest|or30|end=11:30|rr=2.0|atr=1.0|vol=1.2|vwap=0|ema=0|macro=none|band=1.2,direction=LONG & or_size=small_or,21,61.904761904761905,3.069852941176535,0.7885154061624808,-2.9999999999999085,57.095238095238095,0,0.0,0.0,0.0,0.0,0.0
breakout_close|or30|end=10:30|rr=1.5|atr=1.0|vol=0.8|vwap=0|ema=0|macro=none|band=1.2,direction=LONG & or_size=small_or,27,66.66666666666666,3.000000000000074,0.666666666666679,-2.4999999999999254,29.85185185185185,0,0.0,0.0,0.0,0.0,0.0
breakout_retest|or30|end=10:30|rr=1.5|atr=1.0|vol=0.8|vwap=0|ema=0|macro=none|band=1.2,direction=LONG & or_size=small_or,27,66.66666666666666,3.000000000000074,0.666666666666679,-2.4999999999999254,29.85185185185185,0,0.0,0.0,0.0,0.0,0.0
breakout_close|or15|end=10:30|rr=1.5|atr=1.0|vol=1.2|vwap=0|ema=0|macro=none|band=1.2,macro_alignment=mixed_or_neutral & gap_direction=no_gap,15,66.66666666666666,3.000000000000067,0.6666666666666832,-2.0000000000000284,52.266666666666666,9,22.22222222222222,0.42857142857143304,-0.44444444444443615,-3.9999999999999503,18.444444444444443
breakout_retest|or15|end=10:30|rr=1.5|atr=1.0|vol=0.8|vwap=0|ema=0|macro=none|band=1.2,direction=LONG & signal_bucket=10:00-10:30,24,66.66666666666666,3.000000000000059,0.6666666666666748,-1.9999999999999876,28.625,3,33.33333333333333,0.7499999999999846,-0.16666666666667895,-2.000000000000023,31.666666666666668
breakout_retest|or15|end=11:30|rr=1.5|atr=1.0|vol=0.8|vwap=0|ema=0|macro=none|band=1.2,direction=LONG & signal_bucket=10:00-10:30,24,66.66666666666666,3.000000000000059,0.6666666666666748,-1.9999999999999876,28.625,3,33.33333333333333,0.7499999999999846,-0.16666666666667895,-2.000000000000023,31.666666666666668
breakout_retest|or15|end=10:30|rr=2.0|atr=1.0|vol=1.2|vwap=0|ema=0|macro=none|band=1.2,macro_alignment=mixed_or_neutral & or_size=small_or,15,60.0,3.0000000000000546,0.8000000000000119,-2.000000000000008,68.26666666666667,1,0.0,0.0,-0.999999999999976,0.0,14.0
breakout_close|or30|end=10:30|rr=1.5|atr=1.0|vol=0.8|vwap=0|ema=0|macro=none|band=1.2,macro_alignment=aligned_1d_1w & or_size=small_or,18,66.66666666666666,3.000000000000044,0.6666666666666744,-2.49999999999992,33.166666666666664,0,0.0,0.0,0.0,0.0,0.0
breakout_retest|or30|end=10:30|rr=1.5|atr=1.0|vol=0.8|vwap=0|ema=0|macro=none|band=1.2,macro_alignment=aligned_1d_1w & or_size=small_or,18,66.66666666666666,3.000000000000044,0.6666666666666744,-2.49999999999992,33.166666666666664,0,0.0,0.0,0.0,0.0,0.0
breakout_retest|or30|end=11:30|rr=1.5|atr=1.0|vol=1.2|vwap=0|ema=0|macro=none|band=1.2,macro_alignment=mixed_or_neutral & or_size=small_or,15,66.66666666666666,3.0000000000000386,0.6666666666666772,-2.000000000000023,18.266666666666666,1,0.0,0.0,-0.999999999999976,0.0,14.0
breakout_close|or15|end=11:30|rr=1.5|atr=1.0|vol=1.2|vwap=0|ema=0|macro=none|band=1.2,macro_alignment=mixed_or_neutral & or_size=small_or,21,66.66666666666666,3.0000000000000258,0.6666666666666776,-3.000000000000041,39.476190476190474,2,0.0,0.0,-0.999999999999978,-0.999999999999976,11.5
ema_structure_break|or15|end=11:30|rr=1.5|atr=1.0|vol=1.2|vwap=0|ema=0|macro=not_both_against|band=1.2,gap_direction=gap_up,22,68.18181818181817,2.993826101869343,0.6343992142311511,-1.9999999999999947,46.31818181818182,8,25.0,0.5000000000000151,-0.3749999999999807,-3.999999999999936,38.375
ema_structure_break|or15|end=11:30|rr=1.5|atr=1.0|vol=1.2|vwap=1|ema=0|macro=not_both_against|band=1.2,gap_direction=gap_up,22,68.18181818181817,2.993826101869343,0.6343992142311511,-1.9999999999999947,46.31818181818182,8,25.0,0.5000000000000151,-0.3749999999999807,-3.999999999999936,38.375
vwap_pullback|or15|end=11:30|rr=1.5|atr=1.0|vol=1.2|vwap=0|ema=0|macro=none|band=1.2,macro_alignment=opposed_1d_1w & gap_direction=no_gap,16,62.5,2.9210526315789687,0.616554054054057,-3.135135135135114,37.5,0,0.0,0.0,0.0,0.0,0.0
fakeout_reversion|or30|end=11:30|rr=1.5|atr=1.0|vol=0.8|vwap=0|ema=0|macro=none|band=1.2,direction=SHORT & or_size=small_or,16,62.5,2.857142857142895,0.6093750000000089,-1.9999999999999623,55.625,1,0.0,0.0,-0.9999999999999668,0.0,64.0
breakout_retest|or15|end=10:30|rr=2.0|atr=1.0|vol=1.2|vwap=0|ema=0|macro=none|band=1.2,direction=SHORT & signal_bucket=09:30-10:00,15,60.0,2.850000000000036,0.7400000000000071,-2.9999999999999734,92.33333333333333,10,30.0,0.8571428571428619,-0.09999999999999572,-3.9999999999999227,92.1
breakout_retest|or15|end=11:30|rr=2.0|atr=1.0|vol=1.2|vwap=0|ema=0|macro=none|band=1.2,direction=SHORT & signal_bucket=09:30-10:00,15,60.0,2.850000000000036,0.7400000000000071,-2.9999999999999734,92.33333333333333,10,30.0,0.8571428571428619,-0.09999999999999572,-3.9999999999999227,92.1
breakout_retest|or30|end=10:30|rr=2.0|atr=1.0|vol=1.2|vwap=0|ema=0|macro=none|band=1.2,signal_bucket=10:00-10:30 & macro_alignment=aligned_1d_1w,15,60.0,2.8163265306122707,0.7265306122449025,-2.000000000000016,73.33333333333333,1,0.0,0.0,-0.9999999999999678,0.0,50.0
breakout_retest|or30|end=11:30|rr=2.0|atr=1.0|vol=1.2|vwap=0|ema=0|macro=none|band=1.2,signal_bucket=10:00-10:30 & macro_alignment=aligned_1d_1w,15,60.0,2.8163265306122707,0.7265306122449025,-2.000000000000016,73.33333333333333,1,0.0,0.0,-0.9999999999999678,0.0,50.0
ema_structure_break|or15|end=11:30|rr=1.5|atr=1.0|vol=1.2|vwap=0|ema=0|macro=none|band=1.2,macro_alignment=aligned_1d_1w & or_size=small_or,15,66.66666666666666,2.811764705882392,0.6039215686274607,-3.0000000000000107,46.86666666666667,0,0.0,0.0,0.0,0.0,0.0
ema_structure_break|or15|end=11:30|rr=1.5|atr=1.0|vol=1.2|vwap=0|ema=0|macro=not_both_against|band=1.2,macro_alignment=aligned_1d_1w & or_size=small_or,15,66.66666666666666,2.811764705882392,0.6039215686274607,-3.0000000000000107,46.86666666666667,0,0.0,0.0,0.0,0.0,0.0
ema_structure_break|or15|end=11:30|rr=1.5|atr=1.0|vol=1.2|vwap=1|ema=0|macro=none|band=1.2,macro_alignment=aligned_1d_1w & or_size=small_or,15,66.66666666666666,2.811764705882392,0.6039215686274607,-3.0000000000000107,46.86666666666667,0,0.0,0.0,0.0,0.0,0.0
ema_structure_break|or15|end=11:30|rr=1.5|atr=1.0|vol=1.2|vwap=1|ema=0|macro=not_both_against|band=1.2,macro_alignment=aligned_1d_1w & or_size=small_or,15,66.66666666666666,2.811764705882392,0.6039215686274607,-3.0000000000000107,46.86666666666667,0,0.0,0.0,0.0,0.0,0.0
breakout_retest|or15|end=10:30|rr=2.0|atr=1.0|vol=0.8|vwap=0|ema=0|macro=none|band=1.2,direction=LONG & signal_bucket=10:00-10:30,24,58.333333333333336,2.8000000000000664,0.7500000000000121,-4.999999999999866,44.125,3,33.33333333333333,0.9999999999999885,-7.771561172376096e-15,-2.000000000000023,32.333333333333336
breakout_retest|or15|end=11:30|rr=2.0|atr=1.0|vol=0.8|vwap=0|ema=0|macro=none|band=1.2,direction=LONG & signal_bucket=10:00-10:30,24,58.333333333333336,2.8000000000000664,0.7500000000000121,-4.999999999999866,44.125,3,33.33333333333333,0.9999999999999885,-7.771561172376096e-15,-2.000000000000023,32.333333333333336
breakout_close|or15|end=10:30|rr=1.5|atr=1.0|vol=1.2|vwap=0|ema=0|macro=none|band=1.2,signal_bucket=10:00-10:30 & or_size=small_or,20,65.0,2.785714285714351,0.6250000000000129,-1.9999999999999556,42.9,1,0.0,0.0,-0.999999999999976,0.0,14.0
breakout_close|or15|end=11:30|rr=1.5|atr=1.0|vol=1.2|vwap=0|ema=0|macro=none|band=1.2,signal_bucket=10:00-10:30 & or_size=small_or,20,65.0,2.785714285714351,0.6250000000000129,-1.9999999999999556,42.9,1,0.0,0.0,-0.999999999999976,0.0,14.0
ema_structure_break|or15|end=11:30|rr=2.0|atr=1.0|vol=1.2|vwap=0|ema=0|macro=none|band=1.2,macro_alignment=aligned_1d_1w & or_size=small_or,15,60.0,2.759803921568654,0.7039215686274579,-3.0000000000000107,55.4,0,0.0,0.0,0.0,0.0,0.0
ema_structure_break|or15|end=11:30|rr=2.0|atr=1.0|vol=1.2|vwap=0|ema=0|macro=not_both_against|band=1.2,macro_alignment=aligned_1d_1w & or_size=small_or,15,60.0,2.759803921568654,0.7039215686274579,-3.0000000000000107,55.4,0,0.0,0.0,0.0,0.0,0.0
ema_structure_break|or15|end=11:30|rr=2.0|atr=1.0|vol=1.2|vwap=1|ema=0|macro=none|band=1.2,macro_alignment=aligned_1d_1w & or_size=small_or,15,60.0,2.759803921568654,0.7039215686274579,-3.0000000000000107,55.4,0,0.0,0.0,0.0,0.0,0.0
ema_structure_break|or15|end=11:30|rr=2.0|atr=1.0|vol=1.2|vwap=1|ema=0|macro=not_both_against|band=1.2,macro_alignment=aligned_1d_1w & or_size=small_or,15,60.0,2.759803921568654,0.7039215686274579,-3.0000000000000107,55.4,0,0.0,0.0,0.0,0.0,0.0
breakout_retest|or30|end=10:30|rr=1.5|atr=1.0|vol=0.8|vwap=1|ema=1|macro=not_both_against|band=1.2,direction=LONG & or_size=small_or,17,64.70588235294117,2.750000000000072,0.6176470588235426,-2.999999999999961,20.176470588235293,0,0.0,0.0,0.0,0.0,0.0
breakout_close|or30|end=10:30|rr=1.5|atr=1.0|vol=1.2|vwap=1|ema=1|macro=not_both_against|band=1.2,direction=LONG & or_size=small_or,17,64.70588235294117,2.750000000000032,0.6176470588235371,-1.9999999999999876,25.647058823529413,0,0.0,0.0,0.0,0.0,0.0
vwap_pullback|or15|end=11:30|rr=1.5|atr=1.0|vol=0.8|vwap=0|ema=0|macro=none|band=1.2,macro_alignment=opposed_1d_1w & gap_direction=no_gap,21,61.904761904761905,2.732954545454576,0.5888030888030938,-4.1351351351350925,37.61904761904762,1,0.0,0.0,-0.999999999999986,0.0,5.0
breakout_retest|or15|end=10:30|rr=2.0|atr=1.0|vol=1.2|vwap=0|ema=0|macro=none|band=1.2,direction=LONG & signal_bucket=10:00-10:30,17,58.82352941176471,2.699708454810549,0.6998799519808016,-2.9999999999999165,58.94117647058823,3,0.0,0.0,-0.999999999999987,-1.9999999999999711,43.333333333333336
breakout_retest|or15|end=11:30|rr=2.0|atr=1.0|vol=1.2|vwap=0|ema=0|macro=none|band=1.2,direction=LONG & signal_bucket=10:00-10:30,17,58.82352941176471,2.699708454810549,0.6998799519808016,-2.9999999999999165,58.94117647058823,3,0.0,0.0,-0.999999999999987,-1.9999999999999711,43.333333333333336
breakout_retest|or30|end=10:30|rr=1.5|atr=1.0|vol=0.8|vwap=0|ema=0|macro=none|band=1.2,signal_bucket=10:00-10:30 & macro_alignment=aligned_1d_1w,20,65.0,2.699708454810512,0.5948979591836732,-2.999999999999954,51.1,2,100.0,999.0,1.4999999999999878,0.0,47.5
breakout_retest|or30|end=11:30|rr=1.5|atr=1.0|vol=0.8|vwap=0|ema=0|macro=none|band=1.2,signal_bucket=10:00-10:30 & macro_alignment=aligned_1d_1w,20,65.0,2.699708454810512,0.5948979591836732,-2.999999999999954,51.1,2,100.0,999.0,1.4999999999999878,0.0,47.5
ema_structure_break|or15|end=11:30|rr=1.5|atr=1.0|vol=0.8|vwap=0|ema=0|macro=not_both_against|band=1.2,gap_direction=gap_up,26,65.38461538461539,2.6618647458983973,0.5752608735802076,-1.999999999999977,51.73076923076923,11,36.36363636363637,0.8571428571428747,-0.09090909090907749,-3.999999999999912,35.27272727272727
ema_structure_break|or15|end=11:30|rr=1.5|atr=1.0|vol=0.8|vwap=1|ema=0|macro=not_both_against|band=1.2,gap_direction=gap_up,26,65.38461538461539,2.6618647458983973,0.5752608735802076,-1.999999999999977,51.73076923076923,11,36.36363636363637,0.8571428571428747,-0.09090909090907749,-3.999999999999912,35.27272727272727
breakout_close|or30|end=11:30|rr=1.5|atr=1.0|vol=0.8|vwap=0|ema=0|macro=none|band=1.2,macro_alignment=aligned_1d_1w & or_size=small_or,20,65.0,2.6512605042017303,0.5779411764705985,-2.49999999999992,44.95,0,0.0,0.0,0.0,0.0,0.0
breakout_retest|or30|end=11:30|rr=1.5|atr=1.0|vol=0.8|vwap=0|ema=0|macro=none|band=1.2,macro_alignment=aligned_1d_1w & or_size=small_or,20,65.0,2.6512605042017303,0.5779411764705985,-2.49999999999992,44.95,0,0.0,0.0,0.0,0.0,0.0
breakout_retest|or15|end=10:30|rr=1.5|atr=1.0|vol=1.2|vwap=0|ema=0|macro=none|band=1.2,direction=LONG & signal_bucket=10:00-10:30,17,64.70588235294117,2.6496598639456215,0.58223289315727,-1.9999999999999594,47.294117647058826,3,33.33333333333333,0.7499999999999972,-0.16666666666666793,-1.000000000000003,27.333333333333332
breakout_retest|or15|end=11:30|rr=1.5|atr=1.0|vol=1.2|vwap=0|ema=0|macro=none|band=1.2,direction=LONG & signal_bucket=10:00-10:30,17,64.70588235294117,2.6496598639456215,0.58223289315727,-1.9999999999999594,47.294117647058826,3,33.33333333333333,0.7499999999999972,-0.16666666666666793,-1.000000000000003,27.333333333333332
breakout_close|or30|end=11:30|rr=1.5|atr=1.0|vol=0.8|vwap=0|ema=0|macro=none|band=1.2,direction=LONG & or_size=small_or,31,64.51612903225806,2.641711229946599,0.5825426944971684,-2.4999999999999254,37.03225806451613,1,0.0,0.0,-0.99999999999998,0.0,9.0
breakout_retest|or30|end=11:30|rr=1.5|atr=1.0|vol=0.8|vwap=0|ema=0|macro=none|band=1.2,direction=LONG & or_size=small_or,31,64.51612903225806,2.641711229946599,0.5825426944971684,-2.4999999999999254,37.03225806451613,1,0.0,0.0,-0.999999999999982,0.0,22.0
breakout_retest|or15|end=10:30|rr=1.5|atr=1.0|vol=0.8|vwap=0|ema=0|macro=none|band=1.2,macro_alignment=mixed_or_neutral & or_size=small_or,22,63.63636363636363,2.6250000000000564,0.5909090909091022,-1.9999999999999414,43.09090909090909,2,50.0,1.5000000000000184,0.2500000000000032,-0.999999999999976,140.5
breakout_retest|or15|end=10:30|rr=1.5|atr=1.0|vol=0.8|vwap=0|ema=0|macro=none|band=1.2,signal_bucket=10:00-10:30 & gap_direction=no_gap,22,63.63636363636363,2.62500000000003,0.5909090909090934,-2.999999999999938,30.727272727272727,3,33.33333333333333,0.7500000000000011,-0.16666666666666421,-0.999999999999976,16.333333333333332
breakout_retest|or15|end=11:30|rr=1.5|atr=1.0|vol=0.8|vwap=0|ema=0|macro=none|band=1.2,signal_bucket=10:00-10:30 & gap_direction=no_gap,22,63.63636363636363,2.62500000000003,0.5909090909090934,-2.999999999999938,30.727272727272727,3,33.33333333333333,0.7500000000000011,-0.16666666666666421,-0.999999999999976,16.333333333333332
breakout_retest|or30|end=10:30|rr=1.5|atr=1.0|vol=1.2|vwap=0|ema=0|macro=none|band=1.2,or_size=small_or,25,64.0,2.622222222222267,0.5840000000000112,-2.999999999999993,42.2,1,0.0,0.0,-0.999999999999976,0.0,14.0
ema_structure_break|or15|end=11:30|rr=2.0|atr=1.0|vol=1.2|vwap=0|ema=0|macro=not_both_against|band=1.2,gap_direction=gap_up,22,59.09090909090909,2.606309190342847,0.6571264869584298,-1.9999999999999947,56.36363636363637,8,12.5,0.2857142857142925,-0.6249999999999817,-5.999999999999858,52.375
ema_structure_break|or15|end=11:30|rr=2.0|atr=1.0|vol=1.2|vwap=1|ema=0|macro=not_both_against|band=1.2,gap_direction=gap_up,22,59.09090909090909,2.606309190342847,0.6571264869584298,-1.9999999999999947,56.36363636363637,8,12.5,0.2857142857142925,-0.6249999999999817,-5.999999999999858,52.375
breakout_close|or15|end=10:30|rr=1.5|atr=1.0|vol=0.8|vwap=0|ema=0|macro=none|band=1.2,direction=LONG & signal_bucket=10:00-10:30,25,64.0,2.5997732426304307,0.5759183673469446,-1.9999999999999876,39.72,4,25.0,0.49999999999999606,-0.3750000000000025,-2.9999999999999964,63.5
breakout_close|or15|end=11:30|rr=1.5|atr=1.0|vol=0.8|vwap=0|ema=0|macro=none|band=1.2,direction=LONG & signal_bucket=10:00-10:30,25,64.0,2.5997732426304307,0.5759183673469446,-1.9999999999999876,39.72,4,25.0,0.49999999999999606,-0.3750000000000025,-2.9999999999999964,63.5
breakout_retest|or15|end=10:30|rr=1.5|atr=1.0|vol=1.2|vwap=0|ema=0|macro=none|band=1.2,macro_alignment=mixed_or_neutral,19,63.1578947368421,2.5714285714286444,0.5789473684210701,-1.9999999999999547,40.31578947368421,19,26.31578947368421,0.5357142857142901,-0.3421052631578884,-6.999999999999928,46.89473684210526
breakout_retest|or15|end=10:30|rr=1.5|atr=1.0|vol=0.8|vwap=0|ema=0|macro=none|band=1.2,macro_alignment=mixed_or_neutral & gap_direction=no_gap,19,63.1578947368421,2.5714285714286285,0.5789473684210641,-1.999999999999955,48.473684210526315,10,30.0,0.6428571428571489,-0.24999999999999306,-2.999999999999974,18.1
ema_structure_break|or15|end=14:15|rr=2.0|atr=1.0|vol=1.2|vwap=0|ema=0|macro=none|band=1.2,or_size=small_or & gap_direction=gap_up,19,57.89473684210527,2.569852941176534,0.6609907120743193,-3.4411764705881485,51.36842105263158,1,0.0,0.0,-0.99999999999998,0.0,9.0
ema_structure_break|or15|end=14:15|rr=2.0|atr=1.0|vol=1.2|vwap=1|ema=0|macro=none|band=1.2,or_size=small_or & gap_direction=gap_up,19,57.89473684210527,2.569852941176534,0.6609907120743193,-3.4411764705881485,51.36842105263158,1,0.0,0.0,-0.99999999999998,0.0,9.0
ema_structure_break|or15|end=11:30|rr=1.5|atr=1.0|vol=1.2|vwap=0|ema=0|macro=none|band=1.2,direction=LONG & or_size=small_or,22,63.63636363636363,2.5073529411765003,0.548128342245998,-3.0000000000000107,45.18181818181818,2,0.0,0.0,-1.0000000000000058,-1.0000000000000315,10.0
ema_structure_break|or15|end=11:30|rr=1.5|atr=1.0|vol=1.2|vwap=0|ema=0|macro=not_both_against|band=1.2,direction=LONG & or_size=small_or,22,63.63636363636363,2.5073529411765003,0.548128342245998,-3.0000000000000107,45.18181818181818,2,0.0,0.0,-1.0000000000000058,-1.0000000000000315,10.0
ema_structure_break|or15|end=11:30|rr=1.5|atr=1.0|vol=1.2|vwap=1|ema=0|macro=none|band=1.2,direction=LONG & or_size=small_or,22,63.63636363636363,2.5073529411765003,0.548128342245998,-3.0000000000000107,45.18181818181818,2,0.0,0.0,-1.0000000000000058,-1.0000000000000315,10.0
ema_structure_break|or15|end=11:30|rr=1.5|atr=1.0|vol=1.2|vwap=1|ema=0|macro=not_both_against|band=1.2,direction=LONG & or_size=small_or,22,63.63636363636363,2.5073529411765003,0.548128342245998,-3.0000000000000107,45.18181818181818,2,0.0,0.0,-1.0000000000000058,-1.0000000000000315,10.0
breakout_retest|or15|end=10:30|rr=1.5|atr=1.0|vol=1.2|vwap=1|ema=1|macro=not_both_against|band=1.2,or_size=small_or,16,62.5,2.5000000000000706,0.5625000000000169,-1.9999999999999645,47.125,0,0.0,0.0,0.0,0.0,0.0
breakout_retest|or15|end=11:30|rr=1.5|atr=1.0|vol=1.2|vwap=0|ema=0|macro=none|band=1.2,macro_alignment=mixed_or_neutral & gap_direction=no_gap,16,62.5,2.500000000000055,0.5625000000000144,-2.00000000000002,47.5,12,25.0,0.5000000000000026,-0.3749999999999946,-5.9999999999999405,21.5
fakeout_reversion|or15|end=11:30|rr=1.5|atr=1.0|vol=0.8|vwap=0|ema=0|macro=none|band=1.2,macro_alignment=aligned_1d_1w & or_size=small_or,16,62.5,2.5000000000000377,0.5625000000000069,-2.0000000000000355,19.25,0,0.0,0.0,0.0,0.0,0.0
breakout_retest|or15|end=10:30|rr=1.5|atr=1.0|vol=0.8|vwap=0|ema=0|macro=none|band=1.2,signal_bucket=10:00-10:30 & or_size=small_or,24,62.5,2.5000000000000333,0.5625000000000048,-2.4999999999999183,37.875,1,0.0,0.0,-0.999999999999976,0.0,14.0
breakout_retest|or15|end=11:30|rr=1.5|atr=1.0|vol=0.8|vwap=0|ema=0|macro=none|band=1.2,signal_bucket=10:00-10:30 & or_size=small_or,24,62.5,2.5000000000000333,0.5625000000000048,-2.4999999999999183,37.875,1,0.0,0.0,-0.999999999999976,0.0,14.0
ema_structure_break|or15|end=11:30|rr=2.0|atr=1.0|vol=0.8|vwap=0|ema=0|macro=not_both_against|band=1.2,gap_direction=gap_up,26,57.692307692307686,2.4960711557350805,0.6329531812725235,-2.1020408163265643,65.34615384615384,11,18.181818181818183,0.44444444444445297,-0.45454545454544,-6.99999999999984,46.18181818181818
ema_structure_break|or15|end=11:30|rr=2.0|atr=1.0|vol=0.8|vwap=1|ema=0|macro=not_both_against|band=1.2,gap_direction=gap_up,26,57.692307692307686,2.4960711557350805,0.6329531812725235,-2.1020408163265643,65.34615384615384,11,18.181818181818183,0.44444444444445297,-0.45454545454544,-6.99999999999984,46.18181818181818
breakout_retest|or30|end=11:30|rr=2.0|atr=1.0|vol=1.2|vwap=1|ema=1|macro=not_both_against|band=1.2,gap_direction=gap_up,17,58.82352941176471,2.493826101869322,0.6151048654756026,-2.441176470588191,64.05882352941177,4,25.0,0.666666666666675,-0.24999999999999178,-1.9999999999999707,89.0
breakout_close|or15|end=10:30|rr=2.0|atr=1.0|vol=0.8|vwap=0|ema=0|macro=none|band=1.2,direction=LONG & signal_bucket=10:00-10:30,25,56.00000000000001,2.4452690166976416,0.6359183673469491,-4.999999999999866,54.4,4,25.0,0.6666666666666674,-0.2499999999999991,-2.9999999999999964,64.0
breakout_close|or15|end=11:30|rr=2.0|atr=1.0|vol=0.8|vwap=0|ema=0|macro=none|band=1.2,direction=LONG & signal_bucket=10:00-10:30,25,56.00000000000001,2.4452690166976416,0.6359183673469491,-4.999999999999866,54.4,4,25.0,0.6666666666666674,-0.2499999999999991,-2.9999999999999964,64.0
breakout_close|or30|end=10:30|rr=2.0|atr=1.0|vol=0.8|vwap=0|ema=0|macro=none|band=1.2,signal_bucket=09:30-10:00 & or_size=small_or,16,56.25,2.4428571428571906,0.6312500000000094,-2.0000000000000036,60.5625,0,0.0,0.0,0.0,0.0,0.0
breakout_close|or30|end=11:30|rr=2.0|atr=1.0|vol=0.8|vwap=0|ema=0|macro=none|band=1.2,signal_bucket=09:30-10:00 & or_size=small_or,16,56.25,2.4428571428571906,0.6312500000000094,-2.0000000000000036,60.5625,0,0.0,0.0,0.0,0.0,0.0
breakout_retest|or30|end=10:30|rr=2.0|atr=1.0|vol=0.8|vwap=0|ema=0|macro=none|band=1.2,signal_bucket=09:30-10:00 & or_size=small_or,16,56.25,2.4428571428571906,0.6312500000000094,-2.0000000000000036,60.5625,0,0.0,0.0,0.0,0.0,0.0
breakout_retest|or30|end=11:30|rr=2.0|atr=1.0|vol=0.8|vwap=0|ema=0|macro=none|band=1.2,signal_bucket=09:30-10:00 & or_size=small_or,16,56.25,2.4428571428571906,0.6312500000000094,-2.0000000000000036,60.5625,0,0.0,0.0,0.0,0.0,0.0
breakout_close|or30|end=10:30|rr=1.5|atr=1.0|vol=1.2|vwap=0|ema=0|macro=none|band=1.2,or_size=small_or,37,62.16216216216216,2.435714285714323,0.5432432432432525,-3.0000000000000018,47.54054054054054,1,0.0,0.0,-0.999999999999976,0.0,14.0
breakout_close|or30|end=10:30|rr=1.5|atr=1.0|vol=0.8|vwap=0|ema=0|macro=none|band=1.2,signal_bucket=09:30-10:00 & or_size=small_or,16,62.5,2.4333333333333664,0.5375000000000053,-2.0000000000000036,50.9375,0,0.0,0.0,0.0,0.0,0.0
breakout_close|or30|end=11:30|rr=1.5|atr=1.0|vol=0.8|vwap=0|ema=0|macro=none|band=1.2,signal_bucket=09:30-10:00 & or_size=small_or,16,62.5,2.4333333333333664,0.5375000000000053,-2.0000000000000036,50.9375,0,0.0,0.0,0.0,0.0,0.0
breakout_retest|or30|end=10:30|rr=1.5|atr=1.0|vol=0.8|vwap=0|ema=0|macro=none|band=1.2,signal_bucket=09:30-10:00 & or_size=small_or,16,62.5,2.4333333333333664,0.5375000000000053,-2.0000000000000036,50.9375,0,0.0,0.0,0.0,0.0,0.0
breakout_retest|or30|end=11:30|rr=1.5|atr=1.0|vol=0.8|vwap=0|ema=0|macro=none|band=1.2,signal_bucket=09:30-10:00 & or_size=small_or,16,62.5,2.4333333333333664,0.5375000000000053,-2.0000000000000036,50.9375,0,0.0,0.0,0.0,0.0,0.0
fakeout_reversion|or15|end=10:30|rr=1.5|atr=1.0|vol=0.8|vwap=0|ema=0|macro=none|band=1.2,signal_bucket=09:30-10:00 & or_size=small_or,26,61.53846153846154,2.4000000000000346,0.5384615384615478,-2.999999999999942,31.807692307692307,1,100.0,999.0,1.4999999999999978,0.0,273.0
fakeout_reversion|or15|end=11:30|rr=1.5|atr=1.0|vol=0.8|vwap=0|ema=0|macro=none|band=1.2,signal_bucket=09:30-10:00 & or_size=small_or,26,61.53846153846154,2.4000000000000346,0.5384615384615478,-2.999999999999942,31.807692307692307,1,100.0,999.0,1.4999999999999978,0.0,273.0
breakout_close|or15|end=10:30|rr=1.5|atr=1.0|vol=0.8|vwap=0|ema=0|macro=none|band=1.2,signal_bucket=10:00-10:30 & gap_direction=no_gap,26,61.53846153846154,2.4000000000000226,0.5384615384615414,-2.999999999999938,33.96153846153846,2,0.0,0.0,-0.9999999999999896,-0.999999999999976,8.0
breakout_close|or15|end=11:30|rr=1.5|atr=1.0|vol=0.8|vwap=0|ema=0|macro=none|band=1.2,signal_bucket=10:00-10:30 & gap_direction=no_gap,26,61.53846153846154,2.4000000000000226,0.5384615384615414,-2.999999999999938,33.96153846153846,2,0.0,0.0,-0.9999999999999896,-0.999999999999976,8.0
ema_structure_break|or15|end=14:15|rr=1.5|atr=1.0|vol=0.8|vwap=1|ema=0|macro=not_both_against|band=1.2,direction=LONG & or_size=small_or,40,62.5,2.377834612105746,0.516687979539651,-3.9999999999999347,41.65,2,0.0,0.0,-0.9999999999999859,-0.9999999999999918,6.5
ema_structure_break|or15|end=14:15|rr=1.5|atr=1.0|vol=0.8|vwap=0|ema=0|macro=not_both_against|band=1.2,direction=LONG & or_size=small_or,40,62.5,2.3778346121057448,0.5166879795396507,-3.9999999999999347,42.325,2,0.0,0.0,-0.9999999999999859,-0.9999999999999918,6.5
vwap_pullback|or15|end=14:15|rr=1.5|atr=1.0|vol=1.2|vwap=0|ema=0|macro=none|band=1.2,macro_alignment=opposed_1d_1w & gap_direction=no_gap,27,59.25925925925925,2.368000000000025,0.5135135135135178,-4.000000000000003,33.074074074074076,1,0.0,0.0,-0.9999999999999276,0.0,15.0
breakout_close|or30|end=10:30|rr=1.5|atr=1.0|vol=0.8|vwap=0|ema=0|macro=none|band=1.2,signal_bucket=10:00-10:30 & macro_alignment=aligned_1d_1w,21,61.904761904761905,2.362244897959203,0.5189504373177851,-2.999999999999954,49.23809523809524,3,66.66666666666666,2.999999999999965,0.6666666666666573,-1.0000000000000036,58.666666666666664
breakout_close|or30|end=11:30|rr=1.5|atr=1.0|vol=0.8|vwap=0|ema=0|macro=none|band=1.2,signal_bucket=10:00-10:30 & macro_alignment=aligned_1d_1w,21,61.904761904761905,2.362244897959203,0.5189504373177851,-2.999999999999954,49.23809523809524,3,66.66666666666666,2.999999999999965,0.6666666666666573,-1.0000000000000036,58.666666666666664
breakout_close|or15|end=10:30|rr=1.5|atr=1.0|vol=1.2|vwap=0|ema=0|macro=none|band=1.2,macro_alignment=aligned_1d_1w & or_size=small_or,18,61.111111111111114,2.3571428571429034,0.527777777777787,-1.0,46.888888888888886,0,0.0,0.0,0.0,0.0,0.0
breakout_close|or15|end=11:30|rr=1.5|atr=1.0|vol=1.2|vwap=1|ema=1|macro=not_both_against|band=1.2,macro_alignment=mixed_or_neutral & or_size=small_or,18,61.111111111111114,2.357142857142873,0.527777777777785,-3.000000000000009,38.666666666666664,2,0.0,0.0,-1.0000000000000058,-1.0000000000000315,10.0
vwap_atr_reversion|or15|end=11:30|rr=1.5|atr=1.0|vol=0.8|vwap=0|ema=0|macro=none|band=1.0,or_size=small_or & gap_direction=gap_up,18,61.111111111111114,2.3571428571428394,0.527777777777776,-3.0000000000000497,46.166666666666664,1,100.0,999.0,1.4999999999999978,0.0,273.0
ema_structure_break|or15|end=11:30|rr=1.5|atr=1.0|vol=1.2|vwap=0|ema=0|macro=none|band=1.2,direction=LONG & gap_direction=gap_up,19,63.1578947368421,2.3509689590122007,0.49772540595186077,-2.0000000000000018,51.578947368421055,5,0.0,0.0,-0.9999999999999764,-3.999999999999877,24.0
ema_structure_break|or15|end=11:30|rr=1.5|atr=1.0|vol=1.2|vwap=0|ema=0|macro=not_both_against|band=1.2,direction=LONG & gap_direction=gap_up,19,63.1578947368421,2.3509689590122007,0.49772540595186077,-2.0000000000000018,51.578947368421055,5,0.0,0.0,-0.9999999999999764,-3.999999999999877,24.0
ema_structure_break|or15|end=11:30|rr=1.5|atr=1.0|vol=1.2|vwap=1|ema=0|macro=none|band=1.2,direction=LONG & gap_direction=gap_up,19,63.1578947368421,2.3509689590122007,0.49772540595186077,-2.0000000000000018,51.578947368421055,5,0.0,0.0,-0.9999999999999764,-3.999999999999877,24.0
ema_structure_break|or15|end=11:30|rr=1.5|atr=1.0|vol=1.2|vwap=1|ema=0|macro=not_both_against|band=1.2,direction=LONG & gap_direction=gap_up,19,63.1578947368421,2.3509689590122007,0.49772540595186077,-2.0000000000000018,51.578947368421055,5,0.0,0.0,-0.9999999999999764,-3.999999999999877,24.0
breakout_retest|or15|end=11:30|rr=1.5|atr=1.0|vol=1.2|vwap=1|ema=1|macro=not_both_against|band=1.2,direction=LONG & or_size=small_or,16,62.5,2.3431372549020266,0.5036764705882508,-1.9999999999999698,54.0,1,0.0,0.0,-1.0000000000000318,0.0,11.0
breakout_retest|or30|end=10:30|rr=1.5|atr=1.0|vol=0.8|vwap=0|ema=0|macro=none|band=1.2,direction=LONG & signal_bucket=10:00-10:30,26,61.53846153846154,2.3397959183673787,0.5153061224489843,-2.999999999999953,45.84615384615385,4,50.0,1.4999999999999818,0.2499999999999919,-1.0000000000000049,33.5
breakout_retest|or30|end=11:30|rr=1.5|atr=1.0|vol=0.8|vwap=0|ema=0|macro=none|band=1.2,direction=LONG & signal_bucket=10:00-10:30,26,61.53846153846154,2.3397959183673787,0.5153061224489843,-2.999999999999953,45.84615384615385,4,50.0,1.4999999999999818,0.2499999999999919,-1.0000000000000049,33.5
ema_structure_break|or15|end=14:15|rr=1.5|atr=1.0|vol=0.8|vwap=1|ema=0|macro=none|band=1.2,direction=LONG & or_size=small_or,37,62.16216216216216,2.333394227256152,0.5045275454482699,-3.9999999999999347,43.513513513513516,2,0.0,0.0,-0.9999999999999859,-0.9999999999999918,6.5
ema_structure_break|or15|end=14:15|rr=1.5|atr=1.0|vol=0.8|vwap=0|ema=0|macro=none|band=1.2,direction=LONG & or_size=small_or,37,62.16216216216216,2.3333942272561505,0.5045275454482696,-3.9999999999999347,44.24324324324324,2,0.0,0.0,-0.9999999999999859,-0.9999999999999918,6.5
breakout_retest|or15|end=11:30|rr=1.5|atr=1.0|vol=1.2|vwap=0|ema=0|macro=none|band=1.2,macro_alignment=mixed_or_neutral,23,60.86956521739131,2.3333333333333894,0.521739130434798,-2.0000000000000195,36.82608695652174,27,33.33333333333333,0.7500000000000047,-0.166666666666662,-9.9999999999999,46.925925925925924
fakeout_reversion|or15|end=10:30|rr=1.5|atr=1.0|vol=0.8|vwap=0|ema=0|macro=not_both_against|band=1.2,signal_bucket=09:30-10:00 & or_size=small_or,23,60.86956521739131,2.333333333333369,0.5217391304347916,-2.999999999999942,34.30434782608695,1,100.0,999.0,1.4999999999999978,0.0,273.0
fakeout_reversion|or15|end=11:30|rr=1.5|atr=1.0|vol=0.8|vwap=0|ema=0|macro=not_both_against|band=1.2,signal_bucket=09:30-10:00 & or_size=small_or,23,60.86956521739131,2.333333333333369,0.5217391304347916,-2.999999999999942,34.30434782608695,1,100.0,999.0,1.4999999999999978,0.0,273.0
breakout_close|or30|end=10:30|rr=1.5|atr=1.0|vol=1.2|vwap=0|ema=0|macro=none|band=1.2,signal_bucket=10:00-10:30 & or_size=small_or,23,60.86956521739131,2.3333333333333655,0.5217391304347906,-2.000000000000022,38.73913043478261,1,0.0,0.0,-0.999999999999976,0.0,14.0
breakout_close|or30|end=11:30|rr=1.5|atr=1.0|vol=1.2|vwap=0|ema=0|macro=none|band=1.2,signal_bucket=10:00-10:30 & or_size=small_or,23,60.86956521739131,2.3333333333333655,0.5217391304347906,-2.000000000000022,38.73913043478261,1,0.0,0.0,-0.999999999999976,0.0,14.0
ema_structure_break|or15|end=14:15|rr=1.5|atr=1.0|vol=0.8|vwap=0|ema=0|macro=none|band=1.2,direction=SHORT & gap_direction=gap_up,23,60.86956521739131,2.333333333333332,0.5217391304347822,-1.999999999999968,36.82608695652174,6,50.0,1.5000000000000335,0.25000000000001216,-0.9999999999999822,29.666666666666668
ema_structure_break|or15|end=14:15|rr=1.5|atr=1.0|vol=0.8|vwap=1|ema=0|macro=none|band=1.2,direction=SHORT & gap_direction=gap_up,23,60.86956521739131,2.333333333333332,0.5217391304347822,-1.999999999999968,36.82608695652174,6,50.0,1.5000000000000335,0.25000000000001216,-0.9999999999999822,29.666666666666668
breakout_close|or30|end=11:30|rr=2.0|atr=1.0|vol=0.8|vwap=0|ema=0|macro=none|band=1.2,or_size=small_or & gap_direction=gap_up,18,55.55555555555556,2.319852941176513,0.5866013071895548,-2.999999999999984,58.888888888888886,1,0.0,0.0,-0.99999999999998,0.0,9.0
breakout_retest|or30|end=11:30|rr=2.0|atr=1.0|vol=0.8|vwap=0|ema=0|macro=none|band=1.2,or_size=small_or & gap_direction=gap_up,18,55.55555555555556,2.319852941176513,0.5866013071895548,-2.999999999999984,58.888888888888886,1,0.0,0.0,-0.999999999999982,0.0,22.0
breakout_close|or30|end=11:30|rr=1.5|atr=1.0|vol=1.2|vwap=1|ema=1|macro=not_both_against|band=1.2,direction=LONG & or_size=small_or,21,61.904761904761905,2.3198529411764963,0.502801120448187,-3.0000000000000107,36.19047619047619,2,0.0,0.0,-1.0000000000000058,-1.0000000000000315,10.0
breakout_retest|or30|end=11:30|rr=1.5|atr=1.0|vol=1.2|vwap=1|ema=1|macro=not_both_against|band=1.2,or_size=small_or,21,61.904761904761905,2.3198529411764923,0.5028011204481865,-2.9999999999999964,31.571428571428573,1,0.0,0.0,-1.0000000000000318,0.0,11.0
breakout_close|or15|end=11:30|rr=1.5|atr=1.0|vol=1.2|vwap=0|ema=0|macro=none|band=1.2,macro_alignment=mixed_or_neutral,28,60.71428571428571,2.31818181818185,0.5178571428571531,-3.000000000000041,33.0,33,33.33333333333333,0.7500000000000074,-0.1666666666666599,-11.99999999999988,46.18181818181818
breakout_close|or15|end=10:30|rr=1.5|atr=1.0|vol=0.8|vwap=0|ema=0|macro=none|band=1.2,signal_bucket=10:00-10:30 & or_size=small_or,28,60.71428571428571,2.3181818181818454,0.5178571428571481,-2.49999999999992,39.32142857142857,1,0.0,0.0,-0.999999999999976,0.0,14.0
breakout_close|or15|end=11:30|rr=1.5|atr=1.0|vol=0.8|vwap=0|ema=0|macro=none|band=1.2,signal_bucket=10:00-10:30 & or_size=small_or,28,60.71428571428571,2.3181818181818454,0.5178571428571481,-2.49999999999992,39.32142857142857,1,0.0,0.0,-0.999999999999976,0.0,14.0
fakeout_reversion|or15|end=10:30|rr=1.5|atr=1.0|vol=0.8|vwap=0|ema=0|macro=none|band=1.2,or_size=small_or,37,59.45945945945946,2.315789473684241,0.5067567567567659,-4.499999999999915,37.78378378378378,2,100.0,999.0,1.5000000000000093,0.0,143.5
ema_structure_break|or15|end=14:15|rr=1.5|atr=1.0|vol=1.2|vwap=0|ema=0|macro=not_both_against|band=1.2,macro_alignment=aligned_1d_1w & or_size=small_or,24,62.5,2.296391020176201,0.48614663256607576,-2.000000000000036,46.125,0,0.0,0.0,0.0,0.0,0.0
ema_structure_break|or15|end=14:15|rr=1.5|atr=1.0|vol=1.2|vwap=1|ema=0|macro=not_both_against|band=1.2,macro_alignment=aligned_1d_1w & or_size=small_or,24,62.5,2.296391020176201,0.48614663256607576,-2.000000000000036,46.125,0,0.0,0.0,0.0,0.0,0.0
breakout_close|or30|end=10:30|rr=1.5|atr=1.0|vol=1.2|vwap=0|ema=0|macro=none|band=1.2,or_size=small_or & gap_direction=no_gap,23,60.86956521739131,2.2888888888889265,0.5043478260869668,-2.9999999999999343,59.95652173913044,1,0.0,0.0,-0.999999999999976,0.0,14.0
fakeout_reversion|or15|end=11:30|rr=1.5|atr=1.0|vol=0.8|vwap=0|ema=0|macro=none|band=1.2,or_size=small_or,49,59.183673469387756,2.2597402597402887,0.4948979591836805,-3.0000000000000746,37.83673469387755,2,100.0,999.0,1.5000000000000093,0.0,143.5
breakout_retest|or30|end=11:30|rr=1.5|atr=1.0|vol=0.8|vwap=0|ema=0|macro=none|band=1.2,direction=LONG & macro_alignment=mixed_or_neutral,15,60.0,2.25000000000009,0.500000000000023,-1.9999999999999432,20.866666666666667,9,33.33333333333333,0.5847953216374322,-0.27680311890837545,-3.4912280701753873,55.111111111111114
breakout_close|or30|end=11:30|rr=1.5|atr=1.0|vol=0.8|vwap=0|ema=0|macro=none|band=1.2,direction=LONG & macro_alignment=mixed_or_neutral,15,60.0,2.2500000000000804,0.5000000000000189,-1.9999999999999432,20.266666666666666,10,40.0,0.8347953216374314,-0.09912280701753999,-3.4912280701753877,52.2
breakout_close|or15|end=10:30|rr=1.5|atr=1.0|vol=1.2|vwap=0|ema=0|macro=none|band=1.2,macro_alignment=mixed_or_neutral,20,60.0,2.250000000000053,0.5000000000000153,-2.0000000000000284,41.8,21,23.809523809523807,0.4687500000000045,-0.4047619047618979,-8.999999999999918,50.714285714285715
fakeout_reversion|or15|end=10:30|rr=1.5|atr=1.0|vol=0.8|vwap=0|ema=0|macro=not_both_against|band=1.2,macro_alignment=aligned_1d_1w & or_size=small_or,15,60.0,2.250000000000038,0.500000000000009,-2.0000000000000338,23.133333333333333,0,0.0,0.0,0.0,0.0,0.0
breakout_retest|or30|end=11:30|rr=1.5|atr=1.0|vol=1.2|vwap=0|ema=0|macro=none|band=1.2,macro_alignment=mixed_or_neutral,20,60.0,2.250000000000037,0.5000000000000104,-2.000000000000023,18.3,19,42.10526315789473,1.0909090909091048,0.0526315789473759,-6.999999999999902,39.26315789473684
breakout_retest|or30|end=10:30|rr=1.5|atr=1.0|vol=1.2|vwap=0|ema=0|macro=none|band=1.2,signal_bucket=10:00-10:30 & or_size=small_or,15,60.0,2.250000000000032,0.5000000000000102,-2.000000000000022,25.2,1,0.0,0.0,-0.999999999999976,0.0,14.0
breakout_retest|or30|end=11:30|rr=1.5|atr=1.0|vol=1.2|vwap=0|ema=0|macro=none|band=1.2,signal_bucket=10:00-10:30 & or_size=small_or,15,60.0,2.250000000000032,0.5000000000000102,-2.000000000000022,25.2,1,0.0,0.0,-0.999999999999976,0.0,14.0
breakout_retest|or30|end=10:30|rr=1.5|atr=1.0|vol=0.8|vwap=0|ema=0|macro=none|band=1.2,macro_alignment=mixed_or_neutral & or_size=small_or,15,60.0,2.2500000000000306,0.5000000000000075,-1.9999999999999432,25.8,1,0.0,0.0,-0.999999999999976,0.0,14.0
vwap_atr_reversion|or15|end=11:30|rr=1.5|atr=1.0|vol=0.8|vwap=0|ema=0|macro=none|band=1.4,or_size=small_or & gap_direction=gap_up,15,60.0,2.250000000000011,0.5000000000000059,-2.9999999999999623,27.733333333333334,1,100.0,999.0,1.5000000000000044,0.0,50.0
vwap_pullback|or15|end=14:15|rr=1.5|atr=1.0|vol=1.2|vwap=0|ema=0|macro=none|band=1.2,direction=SHORT & or_size=wide_or,20,60.0,2.25000000000001,0.5000000000000017,-1.9999999999999405,26.0,11,63.63636363636363,2.624999999999983,0.5909090909090893,-2.000000000000007,97.18181818181819
ema_structure_break|or15|end=11:30|rr=1.5|atr=1.0|vol=0.8|vwap=0|ema=0|macro=none|band=1.2,macro_alignment=aligned_1d_1w & gap_direction=gap_up,16,62.5,2.24279711884757,0.4660489195678333,-1.999999999999977,72.25,1,100.0,999.0,1.4999999999999865,0.0,93.0
ema_structure_break|or15|end=11:30|rr=1.5|atr=1.0|vol=0.8|vwap=0|ema=0|macro=not_both_against|band=1.2,macro_alignment=aligned_1d_1w & gap_direction=gap_up,16,62.5,2.24279711884757,0.4660489195678333,-1.999999999999977,72.25,1,100.0,999.0,1.4999999999999865,0.0,93.0
ema_structure_break|or15|end=11:30|rr=1.5|atr=1.0|vol=0.8|vwap=1|ema=0|macro=none|band=1.2,macro_alignment=aligned_1d_1w & gap_direction=gap_up,16,62.5,2.24279711884757,0.4660489195678333,-1.999999999999977,72.25,1,100.0,999.0,1.4999999999999865,0.0,93.0
ema_structure_break|or15|end=11:30|rr=1.5|atr=1.0|vol=0.8|vwap=1|ema=0|macro=not_both_against|band=1.2,macro_alignment=aligned_1d_1w & gap_direction=gap_up,16,62.5,2.24279711884757,0.4660489195678333,-1.999999999999977,72.25,1,100.0,999.0,1.4999999999999865,0.0,93.0
ema_structure_break|or15|end=11:30|rr=1.5|atr=1.0|vol=0.8|vwap=1|ema=0|macro=none|band=1.2,direction=LONG & or_size=small_or,28,60.71428571428571,2.232620320855661,0.48424369747900287,-2.9999999999999156,41.285714285714285,2,0.0,0.0,-0.9999999999999859,-0.9999999999999918,6.5
ema_structure_break|or15|end=11:30|rr=1.5|atr=1.0|vol=0.8|vwap=1|ema=0|macro=not_both_against|band=1.2,direction=LONG & or_size=small_or,28,60.71428571428571,2.232620320855661,0.48424369747900287,-2.9999999999999156,41.285714285714285,2,0.0,0.0,-0.9999999999999859,-0.9999999999999918,6.5
ema_structure_break|or15|end=11:30|rr=1.5|atr=1.0|vol=0.8|vwap=0|ema=0|macro=none|band=1.2,direction=LONG & or_size=small_or,28,60.71428571428571,2.232620320855659,0.4842436974790026,-2.9999999999999156,42.25,2,0.0,0.0,-0.9999999999999859,-0.9999999999999918,6.5
ema_structure_break|or15|end=11:30|rr=1.5|atr=1.0|vol=0.8|vwap=0|ema=0|macro=not_both_against|band=1.2,direction=LONG & or_size=small_or,28,60.71428571428571,2.232620320855659,0.4842436974790026,-2.9999999999999156,42.25,2,0.0,0.0,-0.9999999999999859,-0.9999999999999918,6.5
breakout_close|or30|end=11:30|rr=1.5|atr=1.0|vol=0.8|vwap=0|ema=0|macro=none|band=1.2,or_size=small_or & gap_direction=gap_up,18,61.111111111111114,2.222689075630292,0.4754901960784425,-2.9999999999999822,46.22222222222222,1,0.0,0.0,-0.99999999999998,0.0,9.0
breakout_retest|or30|end=11:30|rr=1.5|atr=1.0|vol=0.8|vwap=0|ema=0|macro=none|band=1.2,or_size=small_or & gap_direction=gap_up,18,61.111111111111114,2.222689075630292,0.4754901960784425,-2.9999999999999822,46.22222222222222,1,0.0,0.0,-0.999999999999982,0.0,22.0
breakout_retest|or30|end=11:30|rr=1.5|atr=1.0|vol=1.2|vwap=0|ema=0|macro=none|band=1.2,or_size=small_or,38,60.526315789473685,2.210588235294152,0.47786377708979255,-3.0000000000000036,44.68421052631579,1,0.0,0.0,-0.999999999999976,0.0,14.0
ema_structure_break|or15|end=11:30|rr=2.0|atr=1.0|vol=0.8|vwap=0|ema=0|macro=none|band=1.2,macro_alignment=aligned_1d_1w & gap_direction=gap_up,16,56.25,2.20811181615507,0.5285489195678366,-2.102040816326565,84.3125,1,100.0,999.0,2.0,0.0,95.0
ema_structure_break|or15|end=11:30|rr=2.0|atr=1.0|vol=0.8|vwap=0|ema=0|macro=not_both_against|band=1.2,macro_alignment=aligned_1d_1w & gap_direction=gap_up,16,56.25,2.20811181615507,0.5285489195678366,-2.102040816326565,84.3125,1,100.0,999.0,2.0,0.0,95.0
ema_structure_break|or15|end=11:30|rr=2.0|atr=1.0|vol=0.8|vwap=1|ema=0|macro=none|band=1.2,macro_alignment=aligned_1d_1w & gap_direction=gap_up,16,56.25,2.20811181615507,0.5285489195678366,-2.102040816326565,84.3125,1,100.0,999.0,2.0,0.0,95.0
ema_structure_break|or15|end=11:30|rr=2.0|atr=1.0|vol=0.8|vwap=1|ema=0|macro=not_both_against|band=1.2,macro_alignment=aligned_1d_1w & gap_direction=gap_up,16,56.25,2.20811181615507,0.5285489195678366,-2.102040816326565,84.3125,1,100.0,999.0,2.0,0.0,95.0
breakout_retest|or30|end=11:30|rr=2.0|atr=1.0|vol=1.2|vwap=1|ema=1|macro=not_both_against|band=1.2,direction=LONG & gap_direction=gap_up,16,56.25,2.208111816155033,0.5285489195678266,-2.441176470588193,67.0,2,0.0,0.0,-0.9999999999999925,-0.99999999999998,43.0
breakout_retest|or30|end=11:30|rr=2.0|atr=1.0|vol=1.2|vwap=0|ema=0|macro=none|band=1.2,direction=LONG & gap_direction=gap_up,16,56.25,2.2081118161550313,0.5285489195678261,-2.4411764705882,69.375,2,0.0,0.0,-0.9999999999999925,-0.99999999999998,43.0
breakout_close|or15|end=10:30|rr=1.5|atr=1.0|vol=1.2|vwap=0|ema=0|macro=none|band=1.2,signal_bucket=10:00-10:30 & macro_alignment=aligned_1d_1w,23,60.86956521739131,2.20181405895692,0.47027506654835827,-3.9999999999999307,63.0,1,100.0,999.0,1.4999999999999891,0.0,2.0
breakout_close|or15|end=11:30|rr=1.5|atr=1.0|vol=1.2|vwap=0|ema=0|macro=none|band=1.2,signal_bucket=10:00-10:30 & macro_alignment=aligned_1d_1w,23,60.86956521739131,2.20181405895692,0.47027506654835827,-3.9999999999999307,63.0,1,100.0,999.0,1.4999999999999891,0.0,2.0
breakout_retest|or30|end=10:30|rr=1.5|atr=1.0|vol=0.8|vwap=0|ema=0|macro=none|band=1.2,or_size=small_or,47,59.57446808510638,2.1894736842105553,0.48085106382979376,-4.499999999999886,37.255319148936174,1,0.0,0.0,-0.999999999999976,0.0,14.0
breakout_close|or30|end=10:30|rr=2.0|atr=1.0|vol=0.8|vwap=0|ema=0|macro=none|band=1.2,signal_bucket=10:00-10:30 & or_size=normal_or,16,56.25,2.186721441823515,0.5191906307977816,-2.590909090909032,71.25,4,0.0,0.0,-0.9999999999999929,-2.999999999999968,33.5
breakout_close|or30|end=11:30|rr=2.0|atr=1.0|vol=0.8|vwap=0|ema=0|macro=none|band=1.2,signal_bucket=10:00-10:30 & or_size=normal_or,16,56.25,2.186721441823515,0.5191906307977816,-2.590909090909032,71.25,4,0.0,0.0,-0.9999999999999929,-2.999999999999968,33.5
breakout_retest|or15|end=10:30|rr=1.5|atr=1.0|vol=1.2|vwap=0|ema=0|macro=none|band=1.2,direction=SHORT & signal_bucket=09:30-10:00,15,60.0,2.183333333333365,0.4733333333333411,-2.9999999999999734,69.4,10,50.0,1.500000000000016,0.25000000000000533,-2.999999999999967,75.0
breakout_retest|or15|end=11:30|rr=1.5|atr=1.0|vol=1.2|vwap=0|ema=0|macro=none|band=1.2,direction=SHORT & signal_bucket=09:30-10:00,15,60.0,2.183333333333365,0.4733333333333411,-2.9999999999999734,69.4,10,50.0,1.500000000000016,0.25000000000000533,-2.999999999999967,75.0
breakout_close|or15|end=10:30|rr=1.5|atr=1.0|vol=1.2|vwap=0|ema=0|macro=none|band=1.2,direction=LONG & or_size=small_or,27,59.25925925925925,2.1818181818182243,0.48148148148149256,-2.0000000000000284,44.7037037037037,0,0.0,0.0,0.0,0.0,0.0
breakout_retest|or30|end=10:30|rr=1.5|atr=1.0|vol=0.8|vwap=0|ema=0|macro=none|band=1.2,signal_bucket=10:00-10:30 & or_size=small_or,27,59.25925925925925,2.181818181818199,0.4814814814814853,-2.4999999999999183,32.51851851851852,1,0.0,0.0,-0.999999999999976,0.0,14.0
breakout_retest|or30|end=11:30|rr=1.5|atr=1.0|vol=0.8|vwap=0|ema=0|macro=none|band=1.2,signal_bucket=10:00-10:30 & or_size=small_or,27,59.25925925925925,2.181818181818199,0.4814814814814853,-2.4999999999999183,32.51851851851852,1,0.0,0.0,-0.999999999999976,0.0,14.0
breakout_close|or30|end=10:30|rr=1.5|atr=1.0|vol=0.8|vwap=1|ema=1|macro=not_both_against|band=1.2,direction=LONG & or_size=small_or,22,59.09090909090909,2.166666666666707,0.4772727272727373,-3.999999999999975,20.454545454545453,0,0.0,0.0,0.0,0.0,0.0
breakout_retest|or30|end=10:30|rr=1.5|atr=1.0|vol=0.8|vwap=1|ema=1|macro=not_both_against|band=1.2,or_size=small_or,22,59.09090909090909,2.166666666666693,0.47727272727273423,-2.999999999999961,20.90909090909091,0,0.0,0.0,0.0,0.0,0.0
breakout_close|or30|end=10:30|rr=1.5|atr=1.0|vol=1.2|vwap=1|ema=1|macro=not_both_against|band=1.2,or_size=small_or,22,59.09090909090909,2.166666666666681,0.477272727272732,-3.0000000000000018,25.318181818181817,0,0.0,0.0,0.0,0.0,0.0
ema_structure_break|or15|end=11:30|rr=1.5|atr=1.0|vol=0.8|vwap=0|ema=0|macro=none|band=1.2,direction=LONG & gap_direction=gap_up,23,60.86956521739131,2.1618647458983946,0.4546427266558882,-2.9999999999999623,56.78260869565217,8,25.0,0.5000000000000081,-0.37499999999998435,-5.999999999999847,29.625
ema_structure_break|or15|end=11:30|rr=1.5|atr=1.0|vol=0.8|vwap=0|ema=0|macro=not_both_against|band=1.2,direction=LONG & gap_direction=gap_up,23,60.86956521739131,2.1618647458983946,0.4546427266558882,-2.9999999999999623,56.78260869565217,8,25.0,0.5000000000000081,-0.37499999999998435,-5.999999999999847,29.625
ema_structure_break|or15|end=11:30|rr=1.5|atr=1.0|vol=0.8|vwap=1|ema=0|macro=none|band=1.2,direction=LONG & gap_direction=gap_up,23,60.86956521739131,2.1618647458983946,0.4546427266558882,-2.9999999999999623,56.78260869565217,8,25.0,0.5000000000000081,-0.37499999999998435,-5.999999999999847,29.625
ema_structure_break|or15|end=11:30|rr=1.5|atr=1.0|vol=0.8|vwap=1|ema=0|macro=not_both_against|band=1.2,direction=LONG & gap_direction=gap_up,23,60.86956521739131,2.1618647458983946,0.4546427266558882,-2.9999999999999623,56.78260869565217,8,25.0,0.5000000000000081,-0.37499999999998435,-5.999999999999847,29.625
breakout_close|or30|end=11:30|rr=2.0|atr=1.0|vol=1.2|vwap=1|ema=1|macro=not_both_against|band=1.2,gap_direction=gap_up,20,55.00000000000001,2.1618647458983733,0.5228391356542643,-2.9999999999999893,57.8,7,28.57142857142857,0.800000000000002,-0.14285714285713982,-4.999999999999945,58.42857142857143
fakeout_reversion|or15|end=11:30|rr=1.5|atr=1.0|vol=0.8|vwap=0|ema=0|macro=none|band=1.2,direction=SHORT & macro_alignment=mixed_or_neutral,16,56.25,2.1600000000000534,0.45312500000001066,-1.9999999999999236,56.4375,9,22.22222222222222,0.47392384105960594,-0.37001455604075306,-4.83013100436679,107.44444444444444
fakeout_reversion|or15|end=11:30|rr=1.5|atr=1.0|vol=0.8|vwap=0|ema=0|macro=not_both_against|band=1.2,direction=SHORT,16,56.25,2.1600000000000534,0.45312500000001066,-1.9999999999999236,56.4375,9,22.22222222222222,0.47392384105960594,-0.37001455604075306,-4.83013100436679,107.44444444444444
fakeout_reversion|or15|end=11:30|rr=1.5|atr=1.0|vol=0.8|vwap=0|ema=0|macro=not_both_against|band=1.2,direction=SHORT & macro_alignment=mixed_or_neutral,16,56.25,2.1600000000000534,0.45312500000001066,-1.9999999999999236,56.4375,9,22.22222222222222,0.47392384105960594,-0.37001455604075306,-4.83013100436679,107.44444444444444
breakout_retest|or15|end=11:30|rr=1.5|atr=1.0|vol=1.2|vwap=0|ema=0|macro=none|band=1.2,direction=LONG & or_size=small_or,25,60.0,2.1558823529412305,0.46235294117648457,-1.9999999999999636,51.16,0,0.0,0.0,0.0,0.0,0.0
breakout_retest|or30|end=10:30|rr=1.5|atr=1.0|vol=1.2|vwap=0|ema=0|macro=none|band=1.2,signal_bucket=10:00-10:30 & macro_alignment=aligned_1d_1w,15,60.0,2.149659863945591,0.45986394557823274,-2.4999999999999893,65.8,1,100.0,999.0,1.4999999999999891,0.0,2.0
breakout_retest|or30|end=11:30|rr=1.5|atr=1.0|vol=1.2|vwap=0|ema=0|macro=none|band=1.2,signal_bucket=10:00-10:30 & macro_alignment=aligned_1d_1w,15,60.0,2.149659863945591,0.45986394557823274,-2.4999999999999893,65.8,1,100.0,999.0,1.4999999999999891,0.0,2.0
breakout_close|or15|end=10:30|rr=1.5|atr=1.0|vol=1.2|vwap=1|ema=1|macro=not_both_against|band=1.2,macro_alignment=mixed_or_neutral,17,58.82352941176471,2.142857142857187,0.4705882352941303,-1.999999999999955,42.294117647058826,11,18.181818181818183,0.3333333333333337,-0.5454545454545423,-6.499999999999954,55.81818181818182
fakeout_reversion|or15|end=11:30|rr=1.5|atr=1.0|vol=0.8|vwap=0|ema=0|macro=none|band=1.2,signal_bucket=10:30-11:00,17,58.82352941176471,2.1428571428571717,0.47058823529412097,-2.000000000000017,57.588235294117645,8,25.0,0.500000000000005,-0.37499999999999023,-3.4999999999998943,52.875
vwap_atr_reversion|or15|end=10:30|rr=1.5|atr=1.0|vol=0.8|vwap=0|ema=0|macro=none|band=1.4,or_size=normal_or & gap_direction=no_gap,17,58.82352941176471,2.1428571428571628,0.4705882352941226,-2.4999999999999805,40.35294117647059,5,60.0,2.2500000000000386,0.5000000000000101,-1.0000000000000078,21.2
ema_structure_break|or15|end=14:15|rr=1.5|atr=1.0|vol=1.2|vwap=0|ema=0|macro=none|band=1.2,macro_alignment=aligned_1d_1w & or_size=small_or,23,60.86956521739131,2.1297243535095296,0.44206605137329463,-3.39130434782607,47.04347826086956,0,0.0,0.0,0.0,0.0,0.0
ema_structure_break|or15|end=14:15|rr=1.5|atr=1.0|vol=1.2|vwap=1|ema=0|macro=none|band=1.2,macro_alignment=aligned_1d_1w & or_size=small_or,23,60.86956521739131,2.1297243535095296,0.44206605137329463,-3.39130434782607,47.04347826086956,0,0.0,0.0,0.0,0.0,0.0
breakout_close|or30|end=10:30|rr=1.5|atr=1.0|vol=0.8|vwap=0|ema=0|macro=none|band=1.2,direction=LONG & signal_bucket=10:00-10:30,27,59.25925925925925,2.1270871985158006,0.4591836734693932,-2.999999999999953,44.592592592592595,6,50.0,1.4999999999999785,0.24999999999999023,-1.0000000000000049,42.333333333333336
breakout_close|or30|end=11:30|rr=1.5|atr=1.0|vol=0.8|vwap=0|ema=0|macro=none|band=1.2,direction=LONG & signal_bucket=10:00-10:30,27,59.25925925925925,2.1270871985158006,0.4591836734693932,-2.999999999999953,44.592592592592595,6,50.0,1.4999999999999785,0.24999999999999023,-1.0000000000000049,42.333333333333336
breakout_retest|or15|end=10:30|rr=1.5|atr=1.0|vol=1.2|vwap=0|ema=0|macro=none|band=1.2,or_size=small_or & gap_direction=no_gap,22,59.09090909090909,2.1222222222222795,0.4590909090909248,-2.9999999999999343,64.13636363636364,1,0.0,0.0,-0.999999999999976,0.0,14.0
breakout_retest|or30|end=11:30|rr=1.5|atr=1.0|vol=1.2|vwap=0|ema=0|macro=none|band=1.2,or_size=small_or & gap_direction=no_gap,22,59.09090909090909,2.1222222222222533,0.4590909090909166,-2.0000000000000213,47.90909090909091,1,0.0,0.0,-0.999999999999976,0.0,14.0
vwap_pullback|or15|end=14:15|rr=1.5|atr=1.0|vol=1.2|vwap=0|ema=0|macro=not_both_against|band=1.2,or_size=normal_or & gap_direction=gap_up,16,62.5,2.121407279787802,0.42052772992042264,-1.702928870292891,36.0,11,36.36363636363637,0.8571428571428563,-0.09090909090909144,-2.9999999999999902,48.0
breakout_close|or15|end=11:30|rr=1.5|atr=1.0|vol=1.2|vwap=0|ema=0|macro=none|band=1.2,direction=LONG & or_size=small_or,32,59.375,2.119909502262492,0.4549632352941307,-2.0000000000000284,48.125,1,0.0,0.0,-0.99999999999998,0.0,9.0
breakout_close|or30|end=11:30|rr=1.5|atr=1.0|vol=1.2|vwap=0|ema=0|macro=none|band=1.2,or_size=small_or & gap_direction=gap_up,15,60.0,2.093137254902018,0.4372549019607995,-2.999999999999969,44.06666666666667,1,0.0,0.0,-0.99999999999998,0.0,9.0
ema_structure_break|or15|end=14:15|rr=1.5|atr=1.0|vol=1.2|vwap=0|ema=0|macro=not_both_against|band=1.2,direction=LONG & or_size=small_or,37,59.45945945945946,2.077834612105734,0.4369599778807015,-4.0000000000000115,41.7027027027027,2,0.0,0.0,-1.0000000000000058,-1.0000000000000315,10.0
ema_structure_break|or15|end=14:15|rr=1.5|atr=1.0|vol=1.2|vwap=1|ema=0|macro=not_both_against|band=1.2,direction=LONG & or_size=small_or,37,59.45945945945946,2.077834612105734,0.4369599778807015,-4.0000000000000115,41.7027027027027,2,0.0,0.0,-1.0000000000000058,-1.0000000000000315,10.0
breakout_close|or15|end=10:30|rr=1.5|atr=1.0|vol=1.2|vwap=0|ema=0|macro=none|band=1.2,direction=LONG & signal_bucket=10:00-10:30,27,59.25925925925925,2.0742115027829477,0.4376417233560128,-3.9999999999999307,54.7037037037037,4,25.0,0.4999999999999987,-0.3749999999999991,-1.9999999999999958,66.25
breakout_close|or15|end=11:30|rr=1.5|atr=1.0|vol=1.2|vwap=0|ema=0|macro=none|band=1.2,direction=LONG & signal_bucket=10:00-10:30,27,59.25925925925925,2.0742115027829477,0.4376417233560128,-3.9999999999999307,54.7037037037037,4,25.0,0.4999999999999987,-0.3749999999999991,-1.9999999999999958,66.25
breakout_retest|or15|end=10:30|rr=1.5|atr=1.0|vol=1.2|vwap=0|ema=0|macro=none|band=1.2,direction=LONG & or_size=small_or,19,57.89473684210527,2.062500000000053,0.447368421052647,-1.999999999999976,42.21052631578947,0,0.0,0.0,0.0,0.0,0.0
ema_structure_break|or15|end=11:30|rr=1.5|atr=1.0|vol=0.8|vwap=0|ema=0|macro=none|band=1.2,direction=LONG & signal_bucket=09:30-10:00,19,57.89473684210527,2.0625000000000293,0.44736842105263785,-4.9999999999999325,38.31578947368421,2,50.0,0.5087719298245666,-0.24561403508771318,-0.9999999999999858,174.0
ema_structure_break|or15|end=11:30|rr=1.5|atr=1.0|vol=0.8|vwap=0|ema=0|macro=not_both_against|band=1.2,signal_bucket=09:30-10:00,19,57.89473684210527,2.0625000000000293,0.44736842105263785,-4.9999999999999325,38.31578947368421,4,50.0,1.0043859649122922,0.0021929824561459643,-0.9999999999999858,89.25
ema_structure_break|or15|end=11:30|rr=1.5|atr=1.0|vol=0.8|vwap=0|ema=0|macro=not_both_against|band=1.2,direction=LONG & signal_bucket=09:30-10:00,19,57.89473684210527,2.0625000000000293,0.44736842105263785,-4.9999999999999325,38.31578947368421,2,50.0,0.5087719298245666,-0.24561403508771318,-0.9999999999999858,174.0
ema_structure_break|or15|end=11:30|rr=1.5|atr=1.0|vol=0.8|vwap=1|ema=0|macro=none|band=1.2,direction=LONG & signal_bucket=09:30-10:00,19,57.89473684210527,2.0625000000000293,0.44736842105263785,-4.9999999999999325,38.31578947368421,2,50.0,0.5087719298245666,-0.24561403508771318,-0.9999999999999858,174.0
ema_structure_break|or15|end=11:30|rr=1.5|atr=1.0|vol=0.8|vwap=1|ema=0|macro=not_both_against|band=1.2,signal_bucket=09:30-10:00,19,57.89473684210527,2.0625000000000293,0.44736842105263785,-4.9999999999999325,38.31578947368421,4,50.0,1.0043859649122922,0.0021929824561459643,-0.9999999999999858,89.25
ema_structure_break|or15|end=11:30|rr=1.5|atr=1.0|vol=0.8|vwap=1|ema=0|macro=not_both_against|band=1.2,direction=LONG & signal_bucket=09:30-10:00,19,57.89473684210527,2.0625000000000293,0.44736842105263785,-4.9999999999999325,38.31578947368421,2,50.0,0.5087719298245666,-0.24561403508771318,-0.9999999999999858,174.0
ema_structure_break|or15|end=14:15|rr=1.5|atr=1.0|vol=0.8|vwap=0|ema=0|macro=none|band=1.2,direction=LONG & signal_bucket=09:30-10:00,19,57.89473684210527,2.0625000000000293,0.44736842105263785,-4.9999999999999325,38.31578947368421,2,50.0,0.5087719298245666,-0.24561403508771318,-0.9999999999999858,174.0
ema_structure_break|or15|end=14:15|rr=1.5|atr=1.0|vol=0.8|vwap=0|ema=0|macro=not_both_against|band=1.2,signal_bucket=09:30-10:00,19,57.89473684210527,2.0625000000000293,0.44736842105263785,-4.9999999999999325,38.31578947368421,4,50.0,1.0043859649122922,0.0021929824561459643,-0.9999999999999858,89.25
ema_structure_break|or15|end=14:15|rr=1.5|atr=1.0|vol=0.8|vwap=0|ema=0|macro=not_both_against|band=1.2,direction=LONG & signal_bucket=09:30-10:00,19,57.89473684210527,2.0625000000000293,0.44736842105263785,-4.9999999999999325,38.31578947368421,2,50.0,0.5087719298245666,-0.24561403508771318,-0.9999999999999858,174.0
ema_structure_break|or15|end=14:15|rr=1.5|atr=1.0|vol=0.8|vwap=1|ema=0|macro=none|band=1.2,direction=LONG & signal_bucket=09:30-10:00,19,57.89473684210527,2.0625000000000293,0.44736842105263785,-4.9999999999999325,38.31578947368421,2,50.0,0.5087719298245666,-0.24561403508771318,-0.9999999999999858,174.0
ema_structure_break|or15|end=14:15|rr=1.5|atr=1.0|vol=0.8|vwap=1|ema=0|macro=not_both_against|band=1.2,signal_bucket=09:30-10:00,19,57.89473684210527,2.0625000000000293,0.44736842105263785,-4.9999999999999325,38.31578947368421,4,50.0,1.0043859649122922,0.0021929824561459643,-0.9999999999999858,89.25
ema_structure_break|or15|end=14:15|rr=1.5|atr=1.0|vol=0.8|vwap=1|ema=0|macro=not_both_against|band=1.2,direction=LONG & signal_bucket=09:30-10:00,19,57.89473684210527,2.0625000000000293,0.44736842105263785,-4.9999999999999325,38.31578947368421,2,50.0,0.5087719298245666,-0.24561403508771318,-0.9999999999999858,174.0
breakout_close|or30|end=10:30|rr=1.5|atr=1.0|vol=0.8|vwap=1|ema=1|macro=not_both_against|band=1.2,signal_bucket=09:30-10:00,19,57.89473684210527,2.0625000000000253,0.44736842105263597,-3.999999999999929,32.63157894736842,4,50.0,1.0043859649122922,0.0021929824561459643,-0.9999999999999858,89.25
breakout_close|or30|end=10:30|rr=1.5|atr=1.0|vol=0.8|vwap=1|ema=1|macro=not_both_against|band=1.2,direction=LONG & signal_bucket=09:30-10:00,19,57.89473684210527,2.0625000000000253,0.44736842105263597,-3.999999999999929,32.63157894736842,2,50.0,0.5087719298245666,-0.24561403508771318,-0.9999999999999858,174.0
breakout_close|or30|end=11:30|rr=1.5|atr=1.0|vol=0.8|vwap=1|ema=1|macro=not_both_against|band=1.2,signal_bucket=09:30-10:00,19,57.89473684210527,2.0625000000000253,0.44736842105263597,-3.999999999999929,32.63157894736842,4,50.0,1.0043859649122922,0.0021929824561459643,-0.9999999999999858,89.25
breakout_close|or30|end=11:30|rr=1.5|atr=1.0|vol=0.8|vwap=1|ema=1|macro=not_both_against|band=1.2,direction=LONG & signal_bucket=09:30-10:00,19,57.89473684210527,2.0625000000000253,0.44736842105263597,-3.999999999999929,32.63157894736842,2,50.0,0.5087719298245666,-0.24561403508771318,-0.9999999999999858,174.0
breakout_close|or15|end=11:30|rr=1.5|atr=1.0|vol=1.2|vwap=0|ema=0|macro=none|band=1.2,macro_alignment=mixed_or_neutral & gap_direction=no_gap,19,57.89473684210527,2.062500000000023,0.4473684210526414,-3.000000000000041,43.31578947368421,13,23.076923076923077,0.4500000000000034,-0.4230769230769156,-6.9999999999999085,20.153846153846153
vwap_pullback|or15|end=14:15|rr=1.5|atr=1.0|vol=1.2|vwap=0|ema=0|macro=none|band=1.2,macro_alignment=opposed_1d_1w & or_size=wide_or,19,57.89473684210527,2.06250000000001,0.44736842105263375,-1.9999999999999405,25.526315789473685,2,100.0,999.0,1.4999999999999996,0.0,31.0
ema_structure_break|or15|end=11:30|rr=1.5|atr=1.0|vol=0.8|vwap=0|ema=0|macro=none|band=1.2,gap_direction=gap_up,39,58.97435897435898,2.0597989195678497,0.43478930033552415,-2.9999999999999343,48.46153846153846,12,33.33333333333333,0.7500000000000143,-0.16666666666665325,-3.999999999999912,33.583333333333336
ema_structure_break|or15|end=11:30|rr=1.5|atr=1.0|vol=0.8|vwap=1|ema=0|macro=none|band=1.2,gap_direction=gap_up,39,58.97435897435898,2.0597989195678497,0.43478930033552415,-2.9999999999999343,48.46153846153846,12,33.33333333333333,0.7500000000000143,-0.16666666666665325,-3.999999999999912,33.583333333333336
breakout_close|or30|end=11:30|rr=1.5|atr=1.0|vol=1.2|vwap=1|ema=1|macro=not_both_against|band=1.2,gap_direction=gap_up,20,60.0,2.057097839135671,0.42283913565426534,-2.9999999999999893,51.55,7,42.857142857142854,1.1250000000000235,0.07142857142858412,-2.9999999999999494,42.142857142857146
breakout_retest|or30|end=10:30|rr=1.5|atr=1.0|vol=0.8|vwap=0|ema=0|macro=none|band=1.2,direction=LONG & gap_direction=gap_up,17,58.82352941176471,2.0568513119533622,0.4351740696278523,-1.9999999999999876,50.88235294117647,2,50.0,1.4999999999999791,0.24999999999999079,-1.0000000000000049,65.0
breakout_retest|or15|end=10:30|rr=1.5|atr=1.0|vol=1.2|vwap=0|ema=0|macro=none|band=1.2,or_size=small_or,31,58.06451612903226,2.0461538461539,0.43870967741937,-3.499999999999904,53.774193548387096,1,0.0,0.0,-0.999999999999976,0.0,14.0
breakout_close|or15|end=10:30|rr=1.5|atr=1.0|vol=1.2|vwap=0|ema=0|macro=none|band=1.2,or_size=small_or & gap_direction=no_gap,31,58.06451612903226,2.0461538461538935,0.43870967741936845,-2.9999999999999343,64.19354838709677,1,0.0,0.0,-0.999999999999976,0.0,14.0
fakeout_reversion|or15|end=10:30|rr=1.5|atr=1.0|vol=0.8|vwap=0|ema=0|macro=none|band=1.2,direction=SHORT,32,56.25,2.0377358490566366,0.42968750000001155,-4.000000000000009,42.15625,13,30.76923076923077,0.7202767875864943,-0.17924084648975588,-4.330131004366791,88.23076923076923
breakout_close|or15|end=10:30|rr=1.5|atr=1.0|vol=1.2|vwap=0|ema=0|macro=none|band=1.2,or_size=small_or,45,57.77777777777777,2.031578947368464,0.4355555555555678,-2.4999999999999414,53.17777777777778,1,0.0,0.0,-0.999999999999976,0.0,14.0
breakout_close|or30|end=10:30|rr=1.5|atr=1.0|vol=0.8|vwap=0|ema=0|macro=none|band=1.2,or_size=small_or,52,57.692307692307686,2.027272727272751,0.4346153846153905,-4.499999999999886,38.5,1,0.0,0.0,-0.999999999999976,0.0,14.0
ema_structure_break|or15|end=11:30|rr=1.5|atr=1.0|vol=1.2|vwap=0|ema=0|macro=not_both_against|band=1.2,or_size=small_or,31,58.06451612903226,2.004524886877835,0.42125237191651244,-6.499999999999953,37.354838709677416,2,0.0,0.0,-1.0000000000000058,-1.0000000000000315,10.0
ema_structure_break|or15|end=11:30|rr=1.5|atr=1.0|vol=1.2|vwap=1|ema=0|macro=not_both_against|band=1.2,or_size=small_or,31,58.06451612903226,2.004524886877835,0.42125237191651244,-6.499999999999953,37.354838709677416,2,0.0,0.0,-1.0000000000000058,-1.0000000000000315,10.0
breakout_close|or15|end=10:30|rr=1.5|atr=1.0|vol=1.2|vwap=1|ema=1|macro=not_both_against|band=1.2,or_size=small_or,28,57.14285714285714,2.000000000000034,0.4285714285714385,-2.9999999999999716,40.392857142857146,0,0.0,0.0,0.0,0.0,0.0
fakeout_reversion|or15|end=10:30|rr=1.5|atr=1.0|vol=0.8|vwap=0|ema=0|macro=none|band=1.2,macro_alignment=opposed_1d_1w,21,57.14285714285714,2.000000000000022,0.42857142857143804,-4.000000000000008,30.333333333333332,4,50.0,1.4999999999999687,0.24999999999998784,-1.000000000000006,45.0
fakeout_reversion|or15|end=10:30|rr=1.5|atr=1.0|vol=0.8|vwap=0|ema=0|macro=none|band=1.2,direction=SHORT & macro_alignment=opposed_1d_1w,21,57.14285714285714,2.000000000000022,0.42857142857143804,-4.000000000000008,30.333333333333332,4,50.0,1.4999999999999687,0.24999999999998784,-1.000000000000006,45.0
ema_structure_break|or15|end=14:15|rr=1.5|atr=1.0|vol=1.2|vwap=0|ema=0|macro=none|band=1.2,direction=SHORT & gap_direction=gap_up,21,57.14285714285714,2.000000000000017,0.42857142857143227,-2.5000000000000213,35.333333333333336,4,75.0,4.500000000000088,0.8750000000000124,-0.9999999999999893,49.0
ema_structure_break|or15|end=14:15|rr=1.5|atr=1.0|vol=1.2|vwap=1|ema=0|macro=none|band=1.2,direction=SHORT & gap_direction=gap_up,21,57.14285714285714,2.000000000000017,0.42857142857143227,-2.5000000000000213,35.333333333333336,4,75.0,4.500000000000088,0.8750000000000124,-0.9999999999999893,49.0
breakout_retest|or30|end=10:30|rr=1.5|atr=1.0|vol=1.2|vwap=0|ema=0|macro=none|band=1.2,direction=LONG & signal_bucket=10:00-10:30,19,57.89473684210527,1.9872448979592103,0.4156820622986103,-2.4999999999999893,53.421052631578945,3,33.33333333333333,0.7499999999999916,-0.16666666666667296,-1.000000000000003,13.666666666666666
breakout_retest|or30|end=11:30|rr=1.5|atr=1.0|vol=1.2|vwap=0|ema=0|macro=none|band=1.2,direction=LONG & signal_bucket=10:00-10:30,19,57.89473684210527,1.9872448979592103,0.4156820622986103,-2.4999999999999893,53.421052631578945,3,33.33333333333333,0.7499999999999916,-0.16666666666667296,-1.000000000000003,13.666666666666666
ema_structure_break|or15|end=11:30|rr=1.5|atr=1.0|vol=0.8|vwap=0|ema=0|macro=none|band=1.2,signal_bucket=10:00-10:30 & macro_alignment=aligned_1d_1w,19,57.89473684210527,1.9872448979591932,0.41568206229860244,-3.999999999999934,46.421052631578945,1,100.0,999.0,1.4999999999999865,0.0,93.0
ema_structure_break|or15|end=11:30|rr=1.5|atr=1.0|vol=0.8|vwap=0|ema=0|macro=not_both_against|band=1.2,signal_bucket=10:00-10:30 & macro_alignment=aligned_1d_1w,19,57.89473684210527,1.9872448979591932,0.41568206229860244,-3.999999999999934,46.421052631578945,1,100.0,999.0,1.4999999999999865,0.0,93.0
ema_structure_break|or15|end=11:30|rr=1.5|atr=1.0|vol=0.8|vwap=1|ema=0|macro=none|band=1.2,signal_bucket=10:00-10:30 & macro_alignment=aligned_1d_1w,19,57.89473684210527,1.9872448979591932,0.41568206229860244,-3.999999999999934,46.421052631578945,1,100.0,999.0,1.4999999999999865,0.0,93.0
ema_structure_break|or15|end=11:30|rr=1.5|atr=1.0|vol=0.8|vwap=1|ema=0|macro=not_both_against|band=1.2,signal_bucket=10:00-10:30 & macro_alignment=aligned_1d_1w,19,57.89473684210527,1.9872448979591932,0.41568206229860244,-3.999999999999934,46.421052631578945,1,100.0,999.0,1.4999999999999865,0.0,93.0
ema_structure_break|or15|end=14:15|rr=1.5|atr=1.0|vol=0.8|vwap=0|ema=0|macro=none|band=1.2,signal_bucket=10:00-10:30 & macro_alignment=aligned_1d_1w,19,57.89473684210527,1.9872448979591932,0.41568206229860244,-3.999999999999934,46.421052631578945,1,100.0,999.0,1.4999999999999865,0.0,93.0
ema_structure_break|or15|end=14:15|rr=1.5|atr=1.0|vol=0.8|vwap=0|ema=0|macro=not_both_against|band=1.2,signal_bucket=10:00-10:30 & macro_alignment=aligned_1d_1w,19,57.89473684210527,1.9872448979591932,0.41568206229860244,-3.999999999999934,46.421052631578945,1,100.0,999.0,1.4999999999999865,0.0,93.0
ema_structure_break|or15|end=14:15|rr=1.5|atr=1.0|vol=0.8|vwap=1|ema=0|macro=none|band=1.2,signal_bucket=10:00-10:30 & macro_alignment=aligned_1d_1w,19,57.89473684210527,1.9872448979591932,0.41568206229860244,-3.999999999999934,46.421052631578945,1,100.0,999.0,1.4999999999999865,0.0,93.0
ema_structure_break|or15|end=14:15|rr=1.5|atr=1.0|vol=0.8|vwap=1|ema=0|macro=not_both_against|band=1.2,signal_bucket=10:00-10:30 & macro_alignment=aligned_1d_1w,19,57.89473684210527,1.9872448979591932,0.41568206229860244,-3.999999999999934,46.421052631578945,1,100.0,999.0,1.4999999999999865,0.0,93.0
breakout_close|or30|end=10:30|rr=1.5|atr=1.0|vol=1.2|vwap=0|ema=0|macro=none|band=1.2,signal_bucket=10:00-10:30 & macro_alignment=aligned_1d_1w,24,58.333333333333336,1.981632653061232,0.40901360544217763,-3.9999999999999307,67.75,1,100.0,999.0,1.4999999999999891,0.0,2.0
breakout_close|or30|end=11:30|rr=1.5|atr=1.0|vol=1.2|vwap=0|ema=0|macro=none|band=1.2,signal_bucket=10:00-10:30 & macro_alignment=aligned_1d_1w,24,58.333333333333336,1.981632653061232,0.40901360544217763,-3.9999999999999307,67.75,1,100.0,999.0,1.4999999999999891,0.0,2.0
ema_structure_break|or15|end=14:15|rr=1.5|atr=1.0|vol=1.2|vwap=0|ema=0|macro=none|band=1.2,direction=LONG & or_size=small_or,36,58.333333333333336,1.9778346121057306,0.4074310883773864,-4.0000000000000115,42.166666666666664,2,0.0,0.0,-1.0000000000000058,-1.0000000000000315,10.0
ema_structure_break|or15|end=14:15|rr=1.5|atr=1.0|vol=1.2|vwap=1|ema=0|macro=none|band=1.2,direction=LONG & or_size=small_or,36,58.333333333333336,1.9778346121057306,0.4074310883773864,-4.0000000000000115,42.166666666666664,2,0.0,0.0,-1.0000000000000058,-1.0000000000000315,10.0
breakout_close|or30|end=11:30|rr=1.5|atr=1.0|vol=0.8|vwap=1|ema=1|macro=not_both_against|band=1.2,gap_direction=gap_up,24,58.333333333333336,1.9456782713085436,0.3940326130452229,-2.999999999999968,50.125,8,37.5,0.9000000000000117,-0.06249999999999167,-3.99999999999992,42.875
fakeout_reversion|or30|end=11:30|rr=1.5|atr=1.0|vol=0.8|vwap=0|ema=0|macro=none|band=1.2,gap_direction=gap_up,26,57.692307692307686,1.9359165424739426,0.39596469104666465,-2.9999999999999796,52.92307692307692,11,18.181818181818183,0.24727668845316278,-0.6158645276292247,-7.274509803921454,99.54545454545455
breakout_retest|or30|end=10:30|rr=1.5|atr=1.0|vol=0.8|vwap=0|ema=0|macro=none|band=1.2,or_size=small_or & gap_direction=no_gap,30,56.666666666666664,1.9307692307692579,0.40333333333333987,-4.9999999999999005,40.56666666666667,1,0.0,0.0,-0.999999999999976,0.0,14.0
vwap_pullback|or15|end=14:15|rr=1.5|atr=1.0|vol=1.2|vwap=0|ema=0|macro=none|band=1.2,or_size=normal_or & gap_direction=gap_up,19,57.89473684210527,1.9289215686274703,0.3911248710010357,-1.9999999999999991,38.73684210526316,11,36.36363636363637,0.8571428571428563,-0.09090909090909144,-2.9999999999999902,48.0
breakout_close|or15|end=11:30|rr=1.5|atr=1.0|vol=0.8|vwap=1|ema=1|macro=not_both_against|band=1.2,direction=LONG & macro_alignment=mixed_or_neutral,16,56.25,1.9285714285714883,0.40625000000001665,-1.9999999999999716,28.4375,15,13.333333333333334,0.23076923076923034,-0.6666666666666642,-10.49999999999994,17.866666666666667
breakout_close|or15|end=11:30|rr=1.5|atr=1.0|vol=1.2|vwap=0|ema=0|macro=none|band=1.2,direction=LONG & macro_alignment=mixed_or_neutral,16,56.25,1.928571428571465,0.40625000000001243,-3.000000000000015,28.125,13,15.384615384615385,0.2727272727272746,-0.6153846153846086,-8.4999999999999,40.76923076923077
ema_structure_break|or15|end=11:30|rr=1.5|atr=1.0|vol=0.8|vwap=0|ema=0|macro=none|band=1.2,signal_bucket=09:30-10:00 & macro_alignment=aligned_1d_1w,16,56.25,1.9285714285714513,0.40625000000000633,-4.9999999999999325,44.125,0,0.0,0.0,0.0,0.0,0.0
ema_structure_break|or15|end=11:30|rr=1.5|atr=1.0|vol=0.8|vwap=0|ema=0|macro=not_both_against|band=1.2,signal_bucket=09:30-10:00 & macro_alignment=aligned_1d_1w,16,56.25,1.9285714285714513,0.40625000000000633,-4.9999999999999325,44.125,0,0.0,0.0,0.0,0.0,0.0
ema_structure_break|or15|end=11:30|rr=1.5|atr=1.0|vol=0.8|vwap=1|ema=0|macro=none|band=1.2,signal_bucket=09:30-10:00 & macro_alignment=aligned_1d_1w,16,56.25,1.9285714285714513,0.40625000000000633,-4.9999999999999325,44.125,0,0.0,0.0,0.0,0.0,0.0
ema_structure_break|or15|end=11:30|rr=1.5|atr=1.0|vol=0.8|vwap=1|ema=0|macro=not_both_against|band=1.2,signal_bucket=09:30-10:00 & macro_alignment=aligned_1d_1w,16,56.25,1.9285714285714513,0.40625000000000633,-4.9999999999999325,44.125,0,0.0,0.0,0.0,0.0,0.0
ema_structure_break|or15|end=14:15|rr=1.5|atr=1.0|vol=0.8|vwap=0|ema=0|macro=none|band=1.2,signal_bucket=09:30-10:00 & macro_alignment=aligned_1d_1w,16,56.25,1.9285714285714513,0.40625000000000633,-4.9999999999999325,44.125,0,0.0,0.0,0.0,0.0,0.0
ema_structure_break|or15|end=14:15|rr=1.5|atr=1.0|vol=0.8|vwap=0|ema=0|macro=not_both_against|band=1.2,signal_bucket=09:30-10:00 & macro_alignment=aligned_1d_1w,16,56.25,1.9285714285714513,0.40625000000000633,-4.9999999999999325,44.125,0,0.0,0.0,0.0,0.0,0.0
ema_structure_break|or15|end=14:15|rr=1.5|atr=1.0|vol=0.8|vwap=1|ema=0|macro=none|band=1.2,signal_bucket=09:30-10:00 & macro_alignment=aligned_1d_1w,16,56.25,1.9285714285714513,0.40625000000000633,-4.9999999999999325,44.125,0,0.0,0.0,0.0,0.0,0.0
ema_structure_break|or15|end=14:15|rr=1.5|atr=1.0|vol=0.8|vwap=1|ema=0|macro=not_both_against|band=1.2,signal_bucket=09:30-10:00 & macro_alignment=aligned_1d_1w,16,56.25,1.9285714285714513,0.40625000000000633,-4.9999999999999325,44.125,0,0.0,0.0,0.0,0.0,0.0
breakout_retest|or30|end=11:30|rr=1.5|atr=1.0|vol=1.2|vwap=1|ema=1|macro=not_both_against|band=1.2,macro_alignment=mixed_or_neutral,16,56.25,1.9285714285714501,0.406250000000007,-2.0000000000000213,15.375,15,40.0,1.0000000000000069,4.263256414560601e-15,-5.9999999999999325,46.666666666666664
fakeout_reversion|or15|end=10:30|rr=1.5|atr=1.0|vol=0.8|vwap=0|ema=0|macro=none|band=1.2,direction=SHORT & gap_direction=no_gap,16,56.25,1.9285714285714484,0.4062500000000079,-3.000000000000006,34.5,2,0.0,0.0,-1.0000000000000087,-1.000000000000011,56.5
breakout_close|or30|end=10:30|rr=1.5|atr=1.0|vol=0.8|vwap=0|ema=0|macro=none|band=1.2,signal_bucket=10:00-10:30 & or_size=small_or,32,56.25,1.9285714285714404,0.40625000000000316,-2.4999999999999183,35.28125,1,0.0,0.0,-0.999999999999976,0.0,14.0
breakout_close|or30|end=11:30|rr=1.5|atr=1.0|vol=0.8|vwap=0|ema=0|macro=none|band=1.2,signal_bucket=10:00-10:30 & or_size=small_or,32,56.25,1.9285714285714404,0.40625000000000316,-2.4999999999999183,35.28125,1,0.0,0.0,-0.999999999999976,0.0,14.0
ema_structure_break|or15|end=11:30|rr=1.5|atr=1.0|vol=0.8|vwap=0|ema=0|macro=none|band=1.2,direction=SHORT & gap_direction=gap_up,16,56.25,1.9285714285714355,0.40625000000000067,-4.000000000000007,36.5,4,50.0,1.500000000000026,0.2500000000000091,-0.9999999999999822,41.5
ema_structure_break|or15|end=11:30|rr=1.5|atr=1.0|vol=0.8|vwap=1|ema=0|macro=none|band=1.2,direction=SHORT & gap_direction=gap_up,16,56.25,1.9285714285714355,0.40625000000000067,-4.000000000000007,36.5,4,50.0,1.500000000000026,0.2500000000000091,-0.9999999999999822,41.5
ema_structure_break|or15|end=11:30|rr=1.5|atr=1.0|vol=1.2|vwap=0|ema=0|macro=none|band=1.2,gap_direction=gap_up,33,57.57575757575758,1.9254844795061035,0.39262977918440545,-5.9411764705881644,45.75757575757576,8,25.0,0.5000000000000151,-0.3749999999999807,-3.999999999999936,38.375
ema_structure_break|or15|end=11:30|rr=1.5|atr=1.0|vol=1.2|vwap=1|ema=0|macro=none|band=1.2,gap_direction=gap_up,33,57.57575757575758,1.9254844795061035,0.39262977918440545,-5.9411764705881644,45.75757575757576,8,25.0,0.5000000000000151,-0.3749999999999807,-3.999999999999936,38.375
ema_structure_break|or15|end=14:15|rr=1.5|atr=1.0|vol=0.8|vwap=1|ema=0|macro=not_both_against|band=1.2,gap_direction=gap_up,43,58.139534883720934,1.9235804102080307,0.3866150554359144,-5.499999999999927,45.48837209302326,18,33.33333333333333,0.8585088148031005,-0.08240520234457367,-4.49999999999989,38.94444444444444
breakout_retest|or30|end=11:30|rr=1.5|atr=1.0|vol=1.2|vwap=1|ema=1|macro=not_both_against|band=1.2,gap_direction=gap_up,17,58.82352941176471,1.922397530440754,0.37981074782854535,-2.9411764705881964,59.94117647058823,4,50.0,1.5000000000000242,0.25000000000001016,-0.99999999999998,61.0
breakout_retest|or15|end=10:30|rr=1.5|atr=1.0|vol=0.8|vwap=0|ema=0|macro=none|band=1.2,signal_bucket=10:00-10:30,41,56.09756097560976,1.9166666666666874,0.40243902439024865,-2.999999999999968,36.853658536585364,8,25.0,0.49999999999999784,-0.3749999999999998,-5.999999999999972,54.75
breakout_retest|or15|end=11:30|rr=1.5|atr=1.0|vol=0.8|vwap=0|ema=0|macro=none|band=1.2,signal_bucket=10:00-10:30,41,56.09756097560976,1.9166666666666874,0.40243902439024865,-2.999999999999968,36.853658536585364,8,25.0,0.49999999999999784,-0.3749999999999998,-5.999999999999972,54.75
breakout_close|or15|end=11:30|rr=1.5|atr=1.0|vol=1.2|vwap=1|ema=1|macro=not_both_against|band=1.2,macro_alignment=mixed_or_neutral,25,56.00000000000001,1.90909090909093,0.4000000000000074,-3.000000000000009,31.64,24,29.166666666666668,0.6176470588235329,-0.2708333333333292,-9.99999999999989,45.666666666666664
ema_structure_break|or15|end=14:15|rr=1.5|atr=1.0|vol=0.8|vwap=1|ema=0|macro=none|band=1.2,gap_direction=gap_up,60,56.666666666666664,1.9021839505033005,0.3909463785514267,-5.499999999999961,43.7,18,33.33333333333333,0.8585088148031041,-0.08240520234457122,-4.49999999999989,38.5
breakout_close|or30|end=10:30|rr=1.5|atr=1.0|vol=1.2|vwap=0|ema=0|macro=none|band=1.2,direction=LONG & signal_bucket=10:00-10:30,28,57.14285714285714,1.9013605442177048,0.3862973760932989,-3.9999999999999307,59.07142857142857,4,25.0,0.4999999999999962,-0.3750000000000029,-1.9999999999999958,56.0
breakout_close|or30|end=11:30|rr=1.5|atr=1.0|vol=1.2|vwap=0|ema=0|macro=none|band=1.2,direction=LONG & signal_bucket=10:00-10:30,28,57.14285714285714,1.9013605442177048,0.3862973760932989,-3.9999999999999307,59.07142857142857,4,25.0,0.4999999999999962,-0.3750000000000029,-1.9999999999999958,56.0
breakout_retest|or30|end=11:30|rr=1.5|atr=1.0|vol=0.8|vwap=1|ema=1|macro=not_both_against|band=1.2,direction=LONG & or_size=small_or,21,57.14285714285714,1.8954248366013615,0.3837535014005758,-2.999999999999961,32.904761904761905,2,0.0,0.0,-1.0000000000000069,-1.0000000000000318,16.5
breakout_retest|or15|end=11:30|rr=1.5|atr=1.0|vol=1.2|vwap=1|ema=1|macro=not_both_against|band=1.2,or_size=small_or,21,57.14285714285714,1.895424836601358,0.38375350140057596,-1.999999999999988,52.04761904761905,1,0.0,0.0,-1.0000000000000318,0.0,11.0
breakout_close|or15|end=11:30|rr=1.5|atr=1.0|vol=1.2|vwap=0|ema=0|macro=none|band=1.2,macro_alignment=aligned_1d_1w & or_size=small_or,21,57.14285714285714,1.8954248366013526,0.38375350140057257,-1.9999999999999587,54.666666666666664,0,0.0,0.0,0.0,0.0,0.0
breakout_retest|or15|end=10:30|rr=1.5|atr=1.0|vol=0.8|vwap=0|ema=0|macro=none|band=1.2,macro_alignment=mixed_or_neutral,27,55.55555555555556,1.8750000000000357,0.3888888888888997,-1.999999999999955,37.81481481481482,25,36.0,0.8437500000000044,-0.09999999999999647,-4.9999999999999165,49.64
fakeout_reversion|or30|end=10:30|rr=1.5|atr=1.0|vol=0.8|vwap=0|ema=0|macro=none|band=1.2,gap_direction=gap_up,18,55.55555555555556,1.875000000000033,0.38888888888890055,-2.9999999999999796,46.05555555555556,7,14.285714285714285,0.12091503267974256,-0.7535014005602116,-4.274509803921466,123.28571428571429
fakeout_reversion|or15|end=11:30|rr=1.5|atr=1.0|vol=0.8|vwap=0|ema=0|macro=not_both_against|band=1.2,macro_alignment=aligned_1d_1w & or_size=small_or,18,55.55555555555556,1.8750000000000326,0.3888888888888976,-2.9999999999999174,22.666666666666668,0,0.0,0.0,0.0,0.0,0.0
fakeout_reversion|or30|end=11:30|rr=1.5|atr=1.0|vol=0.8|vwap=0|ema=0|macro=none|band=1.2,signal_bucket=10:30-11:00,18,55.55555555555556,1.8750000000000302,0.38888888888889495,-2.9999999999999085,59.111111111111114,8,50.0,1.5000000000000207,0.25000000000000633,-2.999999999999944,43.875
breakout_retest|or30|end=10:30|rr=1.5|atr=1.0|vol=0.8|vwap=1|ema=1|macro=not_both_against|band=1.2,signal_bucket=09:30-10:00,18,55.55555555555556,1.8750000000000242,0.3888888888888944,-4.9999999999999325,38.166666666666664,4,50.0,1.0043859649122922,0.0021929824561459643,-0.9999999999999858,89.25
breakout_retest|or30|end=10:30|rr=1.5|atr=1.0|vol=0.8|vwap=1|ema=1|macro=not_both_against|band=1.2,direction=LONG & signal_bucket=09:30-10:00,18,55.55555555555556,1.8750000000000242,0.3888888888888944,-4.9999999999999325,38.166666666666664,2,50.0,0.5087719298245666,-0.24561403508771318,-0.9999999999999858,174.0
breakout_retest|or30|end=11:30|rr=1.5|atr=1.0|vol=0.8|vwap=1|ema=1|macro=not_both_against|band=1.2,signal_bucket=09:30-10:00,18,55.55555555555556,1.8750000000000242,0.3888888888888944,-4.9999999999999325,38.166666666666664,4,50.0,1.0043859649122922,0.0021929824561459643,-0.9999999999999858,89.25
breakout_retest|or30|end=11:30|rr=1.5|atr=1.0|vol=0.8|vwap=1|ema=1|macro=not_both_against|band=1.2,direction=LONG & signal_bucket=09:30-10:00,18,55.55555555555556,1.8750000000000242,0.3888888888888944,-4.9999999999999325,38.166666666666664,2,50.0,0.5087719298245666,-0.24561403508771318,-0.9999999999999858,174.0
fakeout_reversion|or15|end=10:30|rr=1.5|atr=1.0|vol=0.8|vwap=0|ema=0|macro=not_both_against|band=1.2,signal_bucket=09:30-10:00 & gap_direction=no_gap,18,55.55555555555556,1.875000000000023,0.3888888888888964,-2.9999999999999245,33.05555555555556,4,25.0,0.7141638225256193,-0.15008960573475028,-2.1003584229389953,27.25
fakeout_reversion|or15|end=11:30|rr=1.5|atr=1.0|vol=0.8|vwap=0|ema=0|macro=not_both_against|band=1.2,signal_bucket=09:30-10:00 & gap_direction=no_gap,18,55.55555555555556,1.875000000000023,0.3888888888888964,-2.9999999999999245,33.05555555555556,4,25.0,0.7141638225256193,-0.15008960573475028,-2.1003584229389953,27.25
breakout_close|or15|end=10:30|rr=1.5|atr=1.0|vol=0.8|vwap=1|ema=1|macro=not_both_against|band=1.2,macro_alignment=mixed_or_neutral & or_size=small_or,18,55.55555555555556,1.8750000000000229,0.3888888888888947,-2.9999999999999725,53.05555555555556,0,0.0,0.0,0.0,0.0,0.0
fakeout_reversion|or30|end=10:30|rr=1.5|atr=1.0|vol=0.8|vwap=0|ema=0|macro=none|band=1.2,macro_alignment=opposed_1d_1w,18,55.55555555555556,1.8750000000000155,0.3888888888888953,-5.499999999999988,33.77777777777778,2,50.0,1.4999999999999938,0.24999999999999845,0.0,62.5
fakeout_reversion|or30|end=10:30|rr=1.5|atr=1.0|vol=0.8|vwap=0|ema=0|macro=none|band=1.2,direction=SHORT & macro_alignment=opposed_1d_1w,18,55.55555555555556,1.8750000000000155,0.3888888888888953,-5.499999999999988,33.77777777777778,2,50.0,1.4999999999999938,0.24999999999999845,0.0,62.5
breakout_close|or30|end=10:30|rr=1.5|atr=1.0|vol=0.8|vwap=0|ema=0|macro=none|band=1.2,macro_alignment=mixed_or_neutral & or_size=small_or,18,55.55555555555556,1.8750000000000138,0.38888888888889334,-2.9999999999999725,26.0,1,0.0,0.0,-0.999999999999976,0.0,14.0
breakout_close|or30|end=11:30|rr=1.5|atr=1.0|vol=1.2|vwap=0|ema=0|macro=none|band=1.2,macro_alignment=mixed_or_neutral & or_size=small_or,18,55.55555555555556,1.8750000000000124,0.3888888888888965,-3.0000000000000746,18.333333333333332,2,0.0,0.0,-0.999999999999978,-0.999999999999976,11.5
breakout_close|or15|end=10:30|rr=1.5|atr=1.0|vol=0.8|vwap=0|ema=0|macro=none|band=1.2,signal_bucket=10:00-10:30 & gap_direction=gap_up,19,57.89473684210527,1.8508812615955774,0.3582657943560281,-2.499999999999911,69.10526315789474,4,25.0,0.5000000000000006,-0.37499999999999567,-2.999999999999969,49.5
breakout_close|or15|end=11:30|rr=1.5|atr=1.0|vol=0.8|vwap=0|ema=0|macro=none|band=1.2,signal_bucket=10:00-10:30 & gap_direction=gap_up,19,57.89473684210527,1.8508812615955774,0.3582657943560281,-2.499999999999911,69.10526315789474,4,25.0,0.5000000000000006,-0.37499999999999567,-2.999999999999969,49.5
breakout_retest|or15|end=10:30|rr=1.5|atr=1.0|vol=1.2|vwap=1|ema=1|macro=not_both_against|band=1.2,direction=LONG & signal_bucket=10:00-10:30,16,56.25,1.8425655976676594,0.36862244897959695,-2.999999999999969,49.0625,2,0.0,0.0,-0.9999999999999964,-1.000000000000003,40.0
breakout_retest|or15|end=11:30|rr=1.5|atr=1.0|vol=1.2|vwap=1|ema=1|macro=not_both_against|band=1.2,direction=LONG & signal_bucket=10:00-10:30,16,56.25,1.8425655976676594,0.36862244897959695,-2.999999999999969,49.0625,2,0.0,0.0,-0.9999999999999964,-1.000000000000003,40.0
breakout_retest|or30|end=10:30|rr=1.5|atr=1.0|vol=0.8|vwap=1|ema=1|macro=not_both_against|band=1.2,gap_direction=gap_up,16,56.25,1.842565597667646,0.3686224489795924,-2.499999999999945,49.125,3,33.33333333333333,0.749999999999998,-0.16666666666666688,-1.9999999999999871,52.0
breakout_retest|or30|end=10:30|rr=1.5|atr=1.0|vol=0.8|vwap=1|ema=1|macro=not_both_against|band=1.2,direction=LONG & gap_direction=gap_up,16,56.25,1.842565597667646,0.3686224489795924,-2.499999999999945,49.125,2,50.0,1.4999999999999791,0.24999999999999079,-1.0000000000000049,65.0
vwap_pullback|or15|end=11:30|rr=1.5|atr=1.0|vol=1.2|vwap=0|ema=0|macro=none|band=1.2,signal_bucket=09:30-10:00 & or_size=normal_or,20,55.00000000000001,1.8333333333333528,0.3750000000000048,-2.499999999999977,23.15,20,30.0,0.6870041039671672,-0.20501792114695294,-5.500000000000009,47.95
vwap_pullback|or15|end=14:15|rr=1.5|atr=1.0|vol=1.2|vwap=0|ema=0|macro=none|band=1.2,signal_bucket=09:30-10:00 & or_size=normal_or,20,55.00000000000001,1.8333333333333528,0.3750000000000048,-2.499999999999977,23.15,20,30.0,0.6870041039671672,-0.20501792114695294,-5.500000000000009,47.95
vwap_pullback|or15|end=14:15|rr=1.5|atr=1.0|vol=0.8|vwap=0|ema=0|macro=none|band=1.2,direction=SHORT & or_size=wide_or,20,55.00000000000001,1.8333333333333357,0.3750000000000012,-2.0000000000000466,28.75,12,66.66666666666666,2.9999999999999747,0.6666666666666634,-2.000000000000007,89.58333333333333
ema_structure_break|or15|end=14:15|rr=1.5|atr=1.0|vol=0.8|vwap=0|ema=0|macro=none|band=1.2,macro_alignment=opposed_1d_1w & gap_direction=gap_up,20,55.00000000000001,1.8333333333333357,0.375000000000001,-1.999999999999968,40.4,2,0.0,0.0,-0.9999999999999816,-0.9999999999999767,9.0
ema_structure_break|or15|end=14:15|rr=1.5|atr=1.0|vol=0.8|vwap=1|ema=0|macro=none|band=1.2,macro_alignment=opposed_1d_1w & gap_direction=gap_up,20,55.00000000000001,1.8333333333333357,0.375000000000001,-1.999999999999968,40.4,2,0.0,0.0,-0.9999999999999816,-0.9999999999999767,9.0
breakout_close|or15|end=10:30|rr=1.5|atr=1.0|vol=0.8|vwap=0|ema=0|macro=none|band=1.2,signal_bucket=10:00-10:30,50,56.00000000000001,1.8321386405802205,0.3661410018552931,-3.090909090909041,48.08,9,11.11111111111111,0.18749999999999967,-0.7222222222222172,-7.999999999999941,62.77777777777778
breakout_close|or15|end=11:30|rr=1.5|atr=1.0|vol=0.8|vwap=0|ema=0|macro=none|band=1.2,signal_bucket=10:00-10:30,50,56.00000000000001,1.8321386405802205,0.3661410018552931,-3.090909090909041,48.08,9,11.11111111111111,0.18749999999999967,-0.7222222222222172,-7.999999999999941,62.77777777777778
ema_structure_break|or15|end=14:15|rr=1.5|atr=1.0|vol=0.8|vwap=0|ema=0|macro=none|band=1.2,gap_direction=gap_up,61,55.73770491803278,1.8317326930772535,0.3681439789030431,-5.499999999999957,43.26229508196721,19,31.57894736842105,0.820256131767516,-0.1037990805837485,-4.49999999999989,41.73684210526316
breakout_close|or15|end=10:30|rr=1.5|atr=1.0|vol=1.2|vwap=0|ema=0|macro=none|band=1.2,direction=SHORT & or_size=small_or,18,55.55555555555556,1.8250000000000444,0.36666666666668074,-3.999999999999961,65.88888888888889,1,0.0,0.0,-0.999999999999976,0.0,14.0
ema_structure_break|or15|end=14:15|rr=1.5|atr=1.0|vol=0.8|vwap=0|ema=0|macro=not_both_against|band=1.2,gap_direction=gap_up,44,56.81818181818182,1.822339335986557,0.3551010769032806,-5.499999999999925,44.84090909090909,19,31.57894736842105,0.8202561317675127,-0.10379908058375086,-4.49999999999989,42.1578947368421
breakout_retest|or15|end=11:30|rr=1.5|atr=1.0|vol=1.2|vwap=0|ema=0|macro=none|band=1.2,or_size=small_or & gap_direction=no_gap,29,55.172413793103445,1.8153846153846553,0.3655172413793224,-2.9999999999999485,59.724137931034484,1,0.0,0.0,-0.999999999999976,0.0,14.0
vwap_pullback|or15|end=14:15|rr=1.5|atr=1.0|vol=1.2|vwap=0|ema=0|macro=none|band=1.2,signal_bucket=after_11:30 & or_size=normal_or,25,56.00000000000001,1.811942959001831,0.3572549019607979,-3.9999999999998748,34.36,3,66.66666666666666,3.000000000000236,0.6666666666666968,0.0,34.666666666666664
breakout_close|or30|end=10:30|rr=1.5|atr=1.0|vol=0.8|vwap=0|ema=0|macro=none|band=1.2,direction=LONG & gap_direction=gap_up,18,55.55555555555556,1.7997448979591961,0.35544217687075075,-1.9999999999999876,48.72222222222222,2,50.0,1.4999999999999791,0.24999999999999079,-1.0000000000000049,65.0
breakout_close|or30|end=10:30|rr=1.5|atr=1.0|vol=0.8|vwap=1|ema=1|macro=not_both_against|band=1.2,gap_direction=gap_up,18,55.55555555555556,1.7997448979591946,0.35544217687075014,-1.9999999999999876,45.5,3,33.33333333333333,0.749999999999998,-0.16666666666666688,-1.9999999999999871,52.0
breakout_close|or30|end=10:30|rr=1.5|atr=1.0|vol=0.8|vwap=1|ema=1|macro=not_both_against|band=1.2,direction=LONG & gap_direction=gap_up,18,55.55555555555556,1.7997448979591946,0.35544217687075014,-1.9999999999999876,45.5,2,50.0,1.4999999999999791,0.24999999999999079,-1.0000000000000049,65.0
ema_structure_break|or15|end=14:15|rr=1.5|atr=1.0|vol=0.8|vwap=1|ema=0|macro=none|band=1.2,or_size=normal_or & gap_direction=gap_up,18,55.55555555555556,1.7997448979591872,0.3554421768707489,-5.999999999999912,51.72222222222222,11,36.36363636363637,0.9911190053286274,-0.004887585532729913,-2.999999999999932,32.27272727272727
breakout_close|or30|end=11:30|rr=1.5|atr=1.0|vol=0.8|vwap=1|ema=1|macro=not_both_against|band=1.2,direction=LONG & or_size=small_or,27,55.55555555555556,1.7965686274510146,0.3540305010893351,-4.999999999999995,30.037037037037038,2,0.0,0.0,-1.0000000000000058,-1.0000000000000315,10.0
breakout_retest|or30|end=11:30|rr=1.5|atr=1.0|vol=0.8|vwap=0|ema=0|macro=none|band=1.2,or_size=small_or,58,55.172413793103445,1.7945701357466313,0.35618661257607254,-4.499999999999886,38.48275862068966,2,0.0,0.0,-0.999999999999979,-0.999999999999976,18.0
breakout_close|or15|end=11:30|rr=1.5|atr=1.0|vol=0.8|vwap=0|ema=0|macro=none|band=1.2,or_size=small_or & gap_direction=gap_up,18,55.55555555555556,1.7573529411765045,0.3366013071895532,-1.9999999999999876,57.5,1,100.0,999.0,1.4999999999999825,0.0,267.0
ema_structure_break|or15|end=14:15|rr=1.5|atr=1.0|vol=0.8|vwap=0|ema=0|macro=not_both_against|band=1.2,signal_bucket=after_11:30 & or_size=small_or,20,55.00000000000001,1.7342995169082347,0.33043478260870346,-3.9999999999999014,35.85,0,0.0,0.0,0.0,0.0,0.0
ema_structure_break|or15|end=14:15|rr=1.5|atr=1.0|vol=0.8|vwap=1|ema=0|macro=not_both_against|band=1.2,signal_bucket=after_11:30 & or_size=small_or,20,55.00000000000001,1.7342995169082347,0.33043478260870346,-3.9999999999999014,35.85,0,0.0,0.0,0.0,0.0,0.0
ema_structure_break|or15|end=14:15|rr=1.5|atr=1.0|vol=0.8|vwap=1|ema=0|macro=none|band=1.2,signal_bucket=after_11:30 & macro_alignment=aligned_1d_1w,25,56.00000000000001,1.7259552042161201,0.319420289855087,-2.9999999999999654,48.6,3,0.0,0.0,-0.49443121406749474,-1.4295302013422708,122.33333333333333
ema_structure_break|or15|end=14:15|rr=1.5|atr=1.0|vol=0.8|vwap=0|ema=0|macro=none|band=1.2,signal_bucket=after_11:30 & macro_alignment=aligned_1d_1w,25,56.00000000000001,1.7259552042161155,0.3194202898550853,-2.9999999999999654,50.88,3,0.0,0.0,-0.49443121406749474,-1.4295302013422708,122.33333333333333
breakout_retest|or30|end=11:30|rr=1.5|atr=1.0|vol=1.2|vwap=1|ema=1|macro=not_both_against|band=1.2,direction=LONG & gap_direction=gap_up,16,56.25,1.708111816155034,0.3097989195678271,-2.9411764705881964,62.9375,2,0.0,0.0,-0.9999999999999925,-0.99999999999998,43.0
breakout_retest|or30|end=11:30|rr=1.5|atr=1.0|vol=1.2|vwap=0|ema=0|macro=none|band=1.2,direction=LONG & gap_direction=gap_up,16,56.25,1.7081118161550324,0.3097989195678267,-2.9411764705882035,65.3125,2,0.0,0.0,-0.9999999999999925,-0.99999999999998,43.0
breakout_close|or30|end=10:30|rr=1.5|atr=1.0|vol=0.8|vwap=0|ema=0|macro=none|band=1.2,signal_bucket=10:00-10:30 & or_size=normal_or,16,56.25,1.6867214418235095,0.3004406307977817,-2.590909090909032,66.5625,4,25.0,0.4999999999999957,-0.37500000000000366,-2.0,21.5
breakout_close|or30|end=11:30|rr=1.5|atr=1.0|vol=0.8|vwap=0|ema=0|macro=none|band=1.2,signal_bucket=10:00-10:30 & or_size=normal_or,16,56.25,1.6867214418235095,0.3004406307977817,-2.590909090909032,66.5625,4,25.0,0.4999999999999957,-0.37500000000000366,-2.0,21.5
breakout_close|or30|end=11:30|rr=1.5|atr=1.0|vol=1.2|vwap=1|ema=1|macro=not_both_against|band=1.2,direction=LONG & gap_direction=gap_up,18,55.55555555555556,1.6820978391356647,0.30315459517140436,-2.9999999999999893,56.611111111111114,4,25.0,0.5000000000000117,-0.37499999999998684,-2.999999999999965,27.0
ema_structure_break|or15|end=14:15|rr=1.5|atr=1.0|vol=0.8|vwap=1|ema=0|macro=not_both_against|band=1.2,direction=LONG & gap_direction=gap_up,40,55.00000000000001,1.6735804102080285,0.3031111845936088,-5.499999999999925,47.925,14,21.428571428571427,0.47451868198767716,-0.3559495458715973,-7.483293642202328,38.642857142857146
breakout_close|or30|end=10:30|rr=1.5|atr=1.0|vol=0.8|vwap=0|ema=0|macro=none|band=1.2,signal_bucket=10:00-10:30 & gap_direction=gap_up,20,55.00000000000001,1.6452277880849544,0.290352504638227,-3.9999999999999822,63.7,5,20.0,0.3750000000000009,-0.4999999999999936,-2.999999999999984,54.6
breakout_close|or30|end=11:30|rr=1.5|atr=1.0|vol=0.8|vwap=0|ema=0|macro=none|band=1.2,signal_bucket=10:00-10:30 & gap_direction=gap_up,20,55.00000000000001,1.6452277880849544,0.290352504638227,-3.9999999999999822,63.7,5,20.0,0.3750000000000009,-0.4999999999999936,-2.999999999999984,54.6
vwap_pullback|or15|end=14:15|rr=1.5|atr=1.0|vol=0.8|vwap=0|ema=0|macro=not_both_against|band=1.2,or_size=normal_or & gap_direction=gap_up,16,56.25,1.6040633826752753,0.26427772992042864,-1.702928870292892,40.25,11,36.36363636363637,0.8571428571428563,-0.09090909090909144,-2.9999999999999902,48.0
